accept_ratio,acceptance_trend_slope,accepted_indices,accepted_len,attention_mass_covered,cloud_finish_ts_ms,cloud_guidance_generation_time_ms,cloud_receive_ts_ms,cloud_selected_count,cloud_selected_token_count,cloud_target_verify_time_ms,correction_token_id,cuda_memory_allocated_mb,draft_entropy,draft_tokens,draft_top1_confidence,draft_top1_top2_margin,draft_tree_actual_depth,draft_tree_max_depth,draft_tree_nodes,edge_finish_ts_ms,edge_start_ts_ms,full_kv_tokens,generated_token_offset,generation_phase,guidance_jaccard,kv_append_ms,kv_select_ms,method,network,network_time_ms,pipeline_built,pipeline_hit,pipeline_reuse,pipeline_wait_ms,previous_selected_chunk_ids,prompt_id,prompt_type,rejected_position,request_id,request_payload_bytes,response_payload_bytes,retrieval,retrieve_every_n_steps,retrieve_top_k,round,selected_chunk_ids,selected_full_ratio,tokens_since_guidance_update,top_attention_token_indices,tree_construct_ms,verify_elapsed_ms,working_kv_tokens
0.0,0.0,[],0,0.8904796242713928,1781071969594.6013,143.97154899961606,1781071969333.9158,16,1014,260.6863119999616,48035,12826.38916015625,1.2670491933822632,32,0.7654011845588684,0.7081956826150417,6,6,32,1781071969603.497,1781071969317.9434,4085,0,early,0.5238095238095238,323.33433799976774,3.8490269998874282,observability_fixed_R16_k16,good,24.864795999747002,0,False,False,0.0,"[48, 49, 50, 51, 52, 53, 54, 55, 56, 57, 58, 59, 60, 61, 62, 63]",1,pg19,0,bc240ef1-2e86-4634-bda9-791a6f33c26c,21248,965,True,16,16,0,"[0, 42, 43, 45, 46, 51, 52, 53, 56, 57, 58, 59, 60, 61, 62, 63]",0.12533659730722155,1,"[0, 4085, 4082, 4083, 4081, 4080, 4079, 4073, 4084, 4076, 2750, 4074, 4077, 4075, 2960, 3676]",202.23026600069716,285.5511079997086,512
0.0,0.0,[],0,,1781071969990.0789,0.0,1781071969881.03,0,0,109.04785999991873,18721,10458.96875,1.0915663242340088,32,0.539905309677124,0.16299068927764893,6,6,32,1781071969998.8647,1781071969866.302,4086,1,early,1.0,50.76439399999799,3.759730001547723,observability_fixed_R16_k16,good,23.512334000770352,0,False,False,0.0,"[0, 42, 43, 45, 46, 51, 52, 53, 56, 57, 58, 59, 60, 61, 62, 63]",1,pg19,0,bc240ef1-2e86-4634-bda9-791a6f33c26c,21226,764,False,16,16,1,"[0, 42, 43, 45, 46, 51, 52, 53, 56, 57, 58, 59, 60, 61, 62, 63]",0.13069016152716592,1,[],207.35286399940378,132.56019400068908,534
0.15625,5.0,"[0, 2, 8, 15, 22]",5,,1781071970441.4622,0.0,1781071970255.8296,0,0,185.63192799956596,1730,10458.96875,0.7149040699005127,32,0.752292811870575,0.5333631336688995,6,6,32,1781071970450.3008,1781071970240.4448,4087,2,early,1.0,30.702076999659766,0.05974499981675763,observability_fixed_R16_k16,good,24.221920999480062,0,False,False,0.0,"[0, 42, 43, 45, 46, 51, 52, 53, 56, 57, 58, 59, 60, 61, 62, 63]",1,pg19,5,bc240ef1-2e86-4634-bda9-791a6f33c26c,21239,785,False,16,16,2,"[0, 42, 43, 45, 46, 51, 52, 53, 56, 57, 58, 59, 60, 61, 62, 63]",0.1309028627355028,7,[],209.98721000069054,209.85384899904602,535
0.0625,0.33333333333333326,"[0, 6]",2,,1781071970887.0627,0.0,1781071970707.5024,0,0,179.5593339993502,11903,10461.86669921875,1.7430510520935059,32,0.5897127985954285,0.483983114361763,6,6,32,1781071970895.974,1781071970693.2527,4093,8,early,1.0,34.7139640016394,0.058163999710814096,observability_fixed_R16_k16,good,23.160271999586257,0,False,False,0.0,"[0, 42, 43, 45, 46, 51, 52, 53, 56, 57, 58, 59, 60, 61, 62, 63]",1,pg19,2,bc240ef1-2e86-4634-bda9-791a6f33c26c,21276,769,False,16,16,3,"[0, 42, 43, 45, 46, 51, 52, 53, 56, 57, 58, 59, 60, 61, 62, 63]",0.13217688736867822,10,[],207.31428100043559,202.71960599893646,541
0.125,2.25,"[0, 1, 13, 20]",4,,1781071971318.9504,0.0,1781071971146.919,0,0,172.0305439994263,970,10460.1279296875,0.005035439506173134,32,0.9994021654129028,0.9988044961355627,6,6,32,1781071971327.7507,1781071971132.9543,4096,11,early,1.0,32.49912600040261,0.06614199992327485,observability_fixed_R16_k16,good,22.763962000681204,0,False,False,0.0,"[0, 42, 43, 45, 46, 51, 52, 53, 56, 57, 58, 59, 60, 61, 62, 63]",1,pg19,4,bc240ef1-2e86-4634-bda9-791a6f33c26c,21283,776,False,16,16,4,"[0, 42, 43, 45, 46, 51, 52, 53, 56, 57, 58, 59, 60, 61, 62, 63]",0.1328125,15,[],203.61977399988973,194.7945060001075,544
0.0,-2.75,[],0,,1781071971763.916,0.0,1781071971586.3335,0,0,177.58103500091238,366,10461.287109375,1.8594261407852173,32,0.3626479506492615,0.03757241368293762,5,6,32,1781071971772.745,1781071971572.668,4101,16,early,0.9411764705882353,32.759257999714464,4.252996001014253,observability_fixed_R16_k16,good,22.493454998766538,0,False,False,0.0,"[0, 42, 43, 45, 46, 51, 52, 53, 56, 57, 58, 59, 60, 61, 62, 63, 64]",1,pg19,0,bc240ef1-2e86-4634-bda9-791a6f33c26c,21303,761,False,16,16,5,"[0, 42, 43, 45, 46, 51, 52, 53, 56, 57, 58, 59, 60, 61, 62, 63]",0.14167276274079493,16,[],207.11362499969255,200.07448999967892,581
0.0,-2.75,[],0,,1781071972199.8772,0.0,1781071972026.2197,0,0,173.65711800084682,54219,10458.96875,5.814512252807617,32,0.14915965497493744,0.09997201710939407,6,6,32,1781071972208.7532,1781071972012.231,4102,17,early,0.9411764705882353,31.14401099992392,0.06329999996523838,observability_fixed_R16_k16,good,22.86352799819724,0,False,False,0.0,"[0, 42, 43, 45, 46, 51, 52, 53, 56, 57, 58, 59, 60, 61, 62, 63, 64]",1,pg19,0,bc240ef1-2e86-4634-bda9-791a6f33c26c,21308,766,False,16,16,6,"[0, 42, 43, 45, 46, 51, 52, 53, 56, 57, 58, 59, 60, 61, 62, 63]",0.14188200877620674,17,[],207.4842029996944,196.52064599904406,582
0.03125,-0.5,[8],1,,1781071972635.5337,0.0,1781071972461.68,0,0,173.8532719991781,19,10458.96875,2.4201786518096924,32,0.4573204517364502,0.37272467464208603,3,6,32,1781071972644.221,1781071972447.7434,4103,18,early,0.9411764705882353,30.806470998868463,0.06660599865426775,observability_fixed_R16_k16,good,22.623033999479958,0,False,False,0.0,"[0, 42, 43, 45, 46, 51, 52, 53, 56, 57, 58, 59, 60, 61, 62, 63, 64]",1,pg19,1,bc240ef1-2e86-4634-bda9-791a6f33c26c,21289,757,False,16,16,7,"[0, 42, 43, 45, 46, 51, 52, 53, 56, 57, 58, 59, 60, 61, 62, 63]",0.14209115281501342,19,[],207.33242599999357,196.47630599865806,583
0.09375,1.75,"[0, 4, 18]",3,,1781071973077.2488,0.0,1781071972901.5935,0,0,175.65449899848318,33657,10459.54833984375,0.9655462503433228,32,0.5947943925857544,0.2611449658870697,5,6,32,1781071973086.0498,1781071972887.5962,4105,20,early,0.9411764705882353,32.97869699963485,0.06760199903510511,observability_fixed_R16_k16,good,22.797958999944967,0,False,False,0.0,"[0, 42, 43, 45, 46, 51, 52, 53, 56, 57, 58, 59, 60, 61, 62, 63, 64]",1,pg19,3,bc240ef1-2e86-4634-bda9-791a6f33c26c,21309,778,False,16,16,8,"[0, 42, 43, 45, 46, 51, 52, 53, 56, 57, 58, 59, 60, 61, 62, 63]",0.1425091352009744,23,[],209.5345339985215,198.45245799842814,585
0.09375,2.0,"[0, 5, 15]",3,,1781071973521.8901,0.0,1781071973346.2083,0,0,175.68044099971303,3381,10460.70751953125,1.6700937747955322,32,0.4645823836326599,0.25188106298446655,6,6,32,1781071973530.7427,1781071973332.032,4109,24,early,0.9411764705882353,32.890593000047375,0.06350800140353385,observability_fixed_R16_k16,good,23.028440000416595,0,False,False,0.0,"[0, 42, 43, 45, 46, 51, 52, 53, 56, 57, 58, 59, 60, 61, 62, 63, 64]",1,pg19,3,bc240ef1-2e86-4634-bda9-791a6f33c26c,21336,776,False,16,16,9,"[0, 42, 43, 45, 46, 51, 52, 53, 56, 57, 58, 59, 60, 61, 62, 63]",0.14334387928936482,27,[],212.18464499906986,198.70888100012962,589
0.03125,-0.75,[2],1,,1781071973962.7097,0.0,1781071973786.2341,0,0,176.4740039998287,1035,10460.70751953125,1.5378202199935913,32,0.48845669627189636,0.21870529651641846,6,6,32,1781071973971.354,1781071973772.4163,4113,28,early,0.9411764705882353,33.0460259992833,0.06911899981787428,observability_fixed_R16_k16,good,22.46248600022227,0,False,False,0.0,"[0, 42, 43, 45, 46, 51, 52, 53, 56, 57, 58, 59, 60, 61, 62, 63, 64]",1,pg19,1,bc240ef1-2e86-4634-bda9-791a6f33c26c,21357,763,False,16,16,10,"[0, 42, 43, 45, 46, 51, 52, 53, 56, 57, 58, 59, 60, 61, 62, 63]",0.14417699975686846,29,[],207.7533850006148,198.93649000005098,593
0.09375,1.0,"[1, 11, 17]",3,,1781071974400.408,0.0,1781071974225.4895,0,0,174.91654999867023,304,10459.54833984375,1.6836097240447998,32,0.6612594127655029,0.5882183909416199,5,6,32,1781071974409.4866,1781071974211.7139,4115,30,early,0.9411764705882353,32.65793300124642,0.06384900007105898,observability_fixed_R16_k16,good,22.853381002278184,0,False,False,0.0,"[0, 42, 43, 45, 46, 51, 52, 53, 56, 57, 58, 59, 60, 61, 62, 63, 64]",1,pg19,3,bc240ef1-2e86-4634-bda9-791a6f33c26c,21371,774,False,16,16,11,"[0, 42, 43, 45, 46, 51, 52, 53, 56, 57, 58, 59, 60, 61, 62, 63]",0.1445929526123937,33,[],206.86069300063537,197.76993100094842,595
0.09375,0.5,"[0, 1, 14]",3,,1781071974840.2166,0.0,1781071974665.3147,0,0,174.900935999176,6008,10460.70751953125,0.021215230226516724,32,0.9972570538520813,0.9950412095058709,6,6,32,1781071974849.0442,1781071974651.3096,4119,34,early,0.9411764705882353,33.24882599918055,0.06997799937380478,observability_fixed_R16_k16,good,22.831639002106385,0,False,False,0.0,"[0, 42, 43, 45, 46, 51, 52, 53, 56, 57, 58, 59, 60, 61, 62, 63, 64]",1,pg19,3,bc240ef1-2e86-4634-bda9-791a6f33c26c,21381,769,False,16,16,12,"[0, 42, 43, 45, 46, 51, 52, 53, 56, 57, 58, 59, 60, 61, 62, 63]",0.1454236465161447,37,[],207.58516100067936,197.73257500128238,599
0.1875,3.5,"[0, 1, 8, 19, 27, 31]",6,,1781071975284.3394,0.0,1781071975111.3042,0,0,173.03371600064565,311,10460.70751953125,0.002000141190364957,32,0.9998114705085754,0.9996672170382226,6,6,32,1781071975293.2317,1781071975097.0852,4123,38,early,0.9411764705882353,33.169999998790445,0.06702999962726608,observability_fixed_R16_k16,good,23.111087999495794,0,False,False,0.0,"[0, 42, 43, 45, 46, 51, 52, 53, 56, 57, 58, 59, 60, 61, 62, 63, 64]",1,pg19,6,bc240ef1-2e86-4634-bda9-791a6f33c26c,21390,790,False,16,16,13,"[0, 42, 43, 45, 46, 51, 52, 53, 56, 57, 58, 59, 60, 61, 62, 63]",0.14625272859568275,44,[],213.9495330011414,196.14480400014145,603
0.0,-3.25,[],0,,1781071975702.4448,0.0,1781071975559.889,0,0,142.5557819984533,3695,10462.4462890625,1.599381685256958,32,0.7059839963912964,0.6423376053571701,6,6,32,1781071975711.0889,1781071975544.4941,4130,45,early,0.9411764705882353,37.18578599909961,4.222965999360895,observability_fixed_R16_k16,good,24.037413000769448,0,False,False,0.0,"[0, 42, 43, 45, 46, 51, 52, 53, 56, 57, 58, 59, 60, 61, 62, 63, 64]",1,pg19,0,bc240ef1-2e86-4634-bda9-791a6f33c26c,21442,760,False,16,16,14,"[0, 42, 43, 45, 46, 51, 52, 53, 56, 57, 58, 59, 60, 61, 62, 63]",0.14769975786924938,45,[],209.02785199905338,166.59319499922276,610
0.0,-3.0,[],0,,1781071976109.883,0.0,1781071975968.904,0,0,140.97810599923832,366,10458.96875,2.705157995223999,32,0.3003064692020416,0.14450952410697937,6,6,32,1781071976118.5369,1781071975955.2056,4131,46,early,0.9411764705882353,30.891760001395596,0.06571100129804108,observability_fixed_R16_k16,good,22.351540001182002,0,False,False,0.0,"[0, 42, 43, 45, 46, 51, 52, 53, 56, 57, 58, 59, 60, 61, 62, 63, 64]",1,pg19,0,bc240ef1-2e86-4634-bda9-791a6f33c26c,21445,760,False,16,16,15,"[0, 42, 43, 45, 46, 51, 52, 53, 56, 57, 58, 59, 60, 61, 62, 63]",0.14790607601065117,46,[],212.3540110005706,163.32964600042033,611
0.15625,2.75,"[0, 1, 2, 3, 4]",5,0.8322705030441284,1781071976642.3184,130.9207760004938,1781071976370.9893,16,1002,271.32906899896625,10174,10458.96875,9.734996638144366e-06,32,0.9999994039535522,0.9999991937102948,6,6,32,1781071976651.169,1781071976357.227,4132,47,early,0.5714285714285714,30.93841599911684,0.06721200043102726,observability_fixed_R16_k16,good,22.610331001487793,0,False,False,0.0,"[0, 42, 43, 45, 46, 51, 52, 53, 56, 57, 58, 59, 60, 61, 62, 63, 64]",1,pg19,5,bc240ef1-2e86-4634-bda9-791a6f33c26c,21421,984,True,16,16,16,"[0, 48, 49, 52, 53, 54, 55, 56, 57, 58, 59, 60, 61, 62, 63, 64]",0.14811229428848016,52,"[0, 4137, 4135, 4136, 4130, 4123, 4124, 4125, 4128, 4126, 4108, 2750, 4119, 4118, 4127, 4109]",206.87602300131402,293.93940000045404,612
0.09375,0.25,"[0, 11, 20]",3,,1781071976989.4631,0.0,1781071976912.7385,0,0,76.72383000135596,983,10461.86669921875,2.242312431335449,32,0.3267551362514496,0.16997630894184113,5,6,32,1781071976998.2869,1781071976898.5818,4138,53,early,1.0,33.418645998608554,4.183484999884968,observability_fixed_R16_k16,good,22.978803999649244,0,False,False,0.0,"[0, 48, 49, 52, 53, 54, 55, 56, 57, 58, 59, 60, 61, 62, 63, 64]",1,pg19,3,bc240ef1-2e86-4634-bda9-791a6f33c26c,21464,772,False,16,16,17,"[0, 48, 49, 52, 53, 54, 55, 56, 57, 58, 59, 60, 61, 62, 63, 64]",0.12614789753504108,4,[],208.81217399983143,99.70263400100521,522
0.09375,1.0,"[4, 11, 17]",3,,1781071977402.915,0.0,1781071977254.092,0,0,148.8218220001727,279,10461.1728515625,2.2195959091186523,32,0.37841853499412537,0.2516642063856125,5,6,32,1781071977411.4668,1781071977240.0093,4142,57,early,1.0,32.08389899918984,0.06572699930984527,observability_fixed_R16_k16,good,22.634001999904285,0,False,False,0.0,"[0, 48, 49, 52, 53, 54, 55, 56, 57, 58, 59, 60, 61, 62, 63, 64]",1,pg19,3,bc240ef1-2e86-4634-bda9-791a6f33c26c,21497,771,False,16,16,18,"[0, 48, 49, 52, 53, 54, 55, 56, 57, 58, 59, 60, 61, 62, 63, 64]",0.1269917914051183,8,[],208.73475799999142,171.45582400007697,526
0.03125,-1.75,[2],1,,1781071977810.195,0.0,1781071977668.795,0,0,141.3996360006422,12,10460.70751953125,1.969718098640442,32,0.45189169049263,0.19035685062408447,5,6,32,1781071977819.0107,1781071977654.6401,4146,61,early,1.0,33.17571300067357,0.06214200038812123,observability_fixed_R16_k16,good,22.969818999627023,0,False,False,0.0,"[0, 48, 49, 52, 53, 54, 55, 56, 57, 58, 59, 60, 61, 62, 63, 64]",1,pg19,1,bc240ef1-2e86-4634-bda9-791a6f33c26c,21499,757,False,16,16,19,"[0, 48, 49, 52, 53, 54, 55, 56, 57, 58, 59, 60, 61, 62, 63, 64]",0.1278340569223348,10,[],209.12234699972032,164.36945500026923,530
0.125,1.0,"[0, 6, 13, 20]",4,,1781071978222.3032,0.0,1781071978076.7117,0,0,145.59058800114144,1281,10459.54833984375,2.5389716625213623,32,0.4682563841342926,0.3587600588798523,6,6,32,1781071978230.8523,1781071978062.6016,4148,63,early,1.0,33.02578699913283,0.0633529998594895,observability_fixed_R16_k16,good,22.657175997665036,0,False,False,0.0,"[0, 48, 49, 52, 53, 54, 55, 56, 57, 58, 59, 60, 61, 62, 63, 64]",1,pg19,4,bc240ef1-2e86-4634-bda9-791a6f33c26c,21512,782,False,16,16,20,"[0, 48, 49, 52, 53, 54, 55, 56, 57, 58, 59, 60, 61, 62, 63, 64]",0.12825458052073288,15,[],209.6627909995732,168.24776399880648,532
0.0625,-0.75,"[0, 8]",2,,1781071978632.489,0.0,1781071978490.3354,0,0,142.15268699990702,304,10461.287109375,0.8749961256980896,32,0.844954788684845,0.801551591604948,6,6,32,1781071978641.3044,1781071978476.2898,4153,68,early,1.0,33.14735300045868,0.061610000557266176,observability_fixed_R16_k16,good,22.86011100113683,0,False,False,0.0,"[0, 48, 49, 52, 53, 54, 55, 56, 57, 58, 59, 60, 61, 62, 63, 64]",1,pg19,2,bc240ef1-2e86-4634-bda9-791a6f33c26c,21525,767,False,16,16,21,"[0, 48, 49, 52, 53, 54, 55, 56, 57, 58, 59, 60, 61, 62, 63, 64]",0.12930411750541776,18,[],211.24025700009952,165.01279800104385,537
0.15625,2.5,"[0, 4, 9, 17, 25]",5,,1781071979038.0862,0.0,1781071978896.1538,0,0,141.93198599969037,11,10460.8828125,0.5394322276115417,32,0.9219663739204407,0.9050799701362848,6,6,32,1781071979046.8025,1781071978882.0044,4156,71,early,1.0,32.28684500027157,0.059841000620508566,observability_fixed_R16_k16,good,22.864772001412348,0,False,False,0.0,"[0, 48, 49, 52, 53, 54, 55, 56, 57, 58, 59, 60, 61, 62, 63, 64]",1,pg19,5,bc240ef1-2e86-4634-bda9-791a6f33c26c,21540,782,False,16,16,22,"[0, 48, 49, 52, 53, 54, 55, 56, 57, 58, 59, 60, 61, 62, 63, 64]",0.12993262752646775,24,[],207.45500999873911,164.79675800110272,540
0.0625,-1.0,"[0, 13]",2,,1781071979452.822,0.0,1781071979310.2554,0,0,142.5642930007598,614,10462.15673828125,1.8441938161849976,32,0.6432886123657227,0.594452578574419,6,6,32,1781071979461.9321,1781071979296.262,4162,77,early,0.9411764705882353,36.443085000428255,4.186202999335364,observability_fixed_R16_k16,good,23.102793000362,0,False,False,0.0,"[0, 48, 49, 52, 53, 54, 55, 56, 57, 58, 59, 60, 61, 62, 63, 64, 65]",1,pg19,2,bc240ef1-2e86-4634-bda9-791a6f33c26c,21574,766,False,16,16,23,"[0, 48, 49, 52, 53, 54, 55, 56, 57, 58, 59, 60, 61, 62, 63, 64]",0.13887554060547813,27,[],208.03430300111359,165.6670860011218,578
0.0625,-1.25,"[2, 12]",2,,1781071979868.4275,0.0,1781071979723.4744,0,0,144.9531210000714,3512,10460.1279296875,2.9001615047454834,32,0.38758665323257446,0.28958939760923386,6,6,32,1781071979877.2163,1781071979709.1816,4165,80,early,0.9411764705882353,34.599623999383766,0.06991299960645847,observability_fixed_R16_k16,good,23.07975800067652,0,False,False,0.0,"[0, 48, 49, 52, 53, 54, 55, 56, 57, 58, 59, 60, 61, 62, 63, 64, 65]",1,pg19,2,bc240ef1-2e86-4634-bda9-791a6f33c26c,21595,769,False,16,16,24,"[0, 48, 49, 52, 53, 54, 55, 56, 57, 58, 59, 60, 61, 62, 63, 64]",0.13949579831932774,30,[],211.49801799947454,168.03287900074793,581
0.09375,0.25,"[0, 1, 8]",3,,1781071980278.097,0.0,1781071980136.253,0,0,141.84370700058935,429,10460.1279296875,0.008846839889883995,32,0.999058187007904,0.9983811721322127,6,6,32,1781071980286.7693,1781071980120.7534,4168,83,early,0.9411764705882353,31.89381899937871,0.06686599954264238,observability_fixed_R16_k16,good,24.17065200097568,0,False,False,0.0,"[0, 48, 49, 52, 53, 54, 55, 56, 57, 58, 59, 60, 61, 62, 63, 64, 65]",1,pg19,3,bc240ef1-2e86-4634-bda9-791a6f33c26c,21592,770,False,16,16,25,"[0, 48, 49, 52, 53, 54, 55, 56, 57, 58, 59, 60, 61, 62, 63, 64]",0.1401151631477927,34,[],210.7456989997445,166.01435900156503,584
0.03125,-2.0,[0],1,,1781071980689.24,0.0,1781071980545.5884,0,0,143.65076900139684,1602,10460.70751953125,1.4954200983047485,32,0.6747159957885742,0.5144568830728531,6,6,32,1781071980697.8435,1781071980531.4492,4172,87,early,0.9411764705882353,33.00893300001917,0.07715600077062845,observability_fixed_R16_k16,good,22.74102499904984,0,False,False,0.0,"[0, 48, 49, 52, 53, 54, 55, 56, 57, 58, 59, 60, 61, 62, 63, 64, 65]",1,pg19,1,bc240ef1-2e86-4634-bda9-791a6f33c26c,21621,764,False,16,16,26,"[0, 48, 49, 52, 53, 54, 55, 56, 57, 58, 59, 60, 61, 62, 63, 64]",0.14093959731543623,36,[],210.78241600116598,166.39179400044668,588
0.0,-2.0,[],0,,1781071981094.8894,0.0,1781071980952.913,0,0,141.9753199988918,27030,10459.54833984375,2.8229706287384033,32,0.4097214639186859,0.3077337220311165,6,6,32,1781071981103.5955,1781071980939.136,4174,89,early,0.9411764705882353,32.08095000081812,0.0698630010447232,observability_fixed_R16_k16,good,22.482534001028398,0,False,False,0.0,"[0, 48, 49, 52, 53, 54, 55, 56, 57, 58, 59, 60, 61, 62, 63, 64, 65]",1,pg19,0,bc240ef1-2e86-4634-bda9-791a6f33c26c,21634,761,False,16,16,27,"[0, 48, 49, 52, 53, 54, 55, 56, 57, 58, 59, 60, 61, 62, 63, 64]",0.1413512218495448,37,[],208.34059800108662,164.4578539999202,590
0.125,2.5,"[1, 5, 12, 17]",4,,1781071981500.812,0.0,1781071981359.9092,0,0,140.90183100051945,311,10458.96875,1.2247956991195679,32,0.4472399055957794,0.05255207419395447,6,6,32,1781071981509.8232,1781071981346.0247,4175,90,early,0.9411764705882353,30.89532999911171,0.06835699969087727,observability_fixed_R16_k16,good,22.89432599900465,0,False,False,0.0,"[0, 48, 49, 52, 53, 54, 55, 56, 57, 58, 59, 60, 61, 62, 63, 64, 65]",1,pg19,4,bc240ef1-2e86-4634-bda9-791a6f33c26c,21633,779,False,16,16,28,"[0, 48, 49, 52, 53, 54, 55, 56, 57, 58, 59, 60, 61, 62, 63, 64]",0.14155688622754492,42,[],210.63029099968844,163.7961569995241,591
0.03125,-1.0,[1],1,,1781071981915.2134,0.0,1781071981773.1113,0,0,142.1016749991395,7852,10461.287109375,2.231325626373291,32,0.3568265438079834,0.1077214777469635,6,6,32,1781071981924.1074,1781071981758.5703,4180,95,early,0.9411764705882353,32.798407000882435,0.06845700045232661,observability_fixed_R16_k16,good,23.43373500116286,0,False,False,0.0,"[0, 48, 49, 52, 53, 54, 55, 56, 57, 58, 59, 60, 61, 62, 63, 64, 65]",1,pg19,1,bc240ef1-2e86-4634-bda9-791a6f33c26c,21662,763,False,16,16,29,"[0, 48, 49, 52, 53, 54, 55, 56, 57, 58, 59, 60, 61, 62, 63, 64]",0.14258373205741626,44,[],214.81043600033445,165.53541000030236,596
0.09375,1.5,"[0, 7, 15]",3,,1781071982332.4702,0.0,1781071982188.0615,0,0,144.407820998822,498,10459.83837890625,2.3106088638305664,32,0.45899373292922974,0.3804691657423973,6,6,32,1781071982341.6914,1781071982172.4783,4182,97,early,0.9411764705882353,33.191194001119584,0.0728150007489603,observability_fixed_R16_k16,good,24.802946001727832,0,False,False,0.0,"[0, 48, 49, 52, 53, 54, 55, 56, 57, 58, 59, 60, 61, 62, 63, 64, 65]",1,pg19,3,bc240ef1-2e86-4634-bda9-791a6f33c26c,21667,768,False,16,16,30,"[0, 48, 49, 52, 53, 54, 55, 56, 57, 58, 59, 60, 61, 62, 63, 64]",0.14299378287900527,48,[],214.26522100045986,169.21076700054982,598
0.09375,1.0,"[0, 8, 15]",3,,1781071982748.9026,0.0,1781071982600.905,0,0,147.99687800041283,1921,10460.70751953125,2.2710583209991455,32,0.23891685903072357,0.017954885959625244,6,6,32,1781071982757.8733,1781071982586.512,4186,101,early,0.9411764705882353,32.647477000864455,0.06900900007167365,observability_fixed_R16_k16,good,23.362257999906433,0,False,False,0.0,"[0, 48, 49, 52, 53, 54, 55, 56, 57, 58, 59, 60, 61, 62, 63, 64, 65]",1,pg19,3,bc240ef1-2e86-4634-bda9-791a6f33c26c,21679,775,False,16,16,31,"[0, 48, 49, 52, 53, 54, 55, 56, 57, 58, 59, 60, 61, 62, 63, 64]",0.14381270903010032,52,[],211.18146200024057,171.35913600031927,602
0.0625,-0.75,"[2, 9]",2,0.8700255155563354,1781071983302.3157,138.91133700053615,1781071983021.8284,16,993,280.4878129991266,387,10461.46240234375,1.9089369773864746,32,0.568155825138092,0.44138312339782715,6,6,32,1781071983311.1372,1781071983007.9016,4190,105,early,0.8333333333333334,33.05771600025764,0.07178700070653576,observability_fixed_R16_k16,good,22.745856000256026,0,False,False,0.0,"[0, 48, 49, 52, 53, 54, 55, 56, 57, 58, 59, 60, 61, 62, 63, 64, 65]",1,pg19,2,bc240ef1-2e86-4634-bda9-791a6f33c26c,21703,966,True,16,16,32,"[0, 42, 49, 53, 54, 55, 56, 57, 58, 59, 60, 61, 62, 63, 64, 65]",0.14463007159904534,55,"[0, 4191, 4192, 4190, 4189, 4013, 4187, 4185, 4186, 4184, 4188, 4179, 4183, 4180, 2750, 4182]",215.93808899888245,303.23366899938264,606
0.0625,-0.25,"[0, 5]",2,,1781071983658.6587,0.0,1781071983581.801,0,0,76.85642300020845,12077,10460.1279296875,1.0097211599349976,32,0.8110759258270264,0.729503870010376,6,6,32,1781071983667.452,1781071983568.1436,4193,108,early,1.0,37.32988400042814,4.1755780002858955,observability_fixed_R16_k16,good,22.45075300015742,0,False,False,0.0,"[0, 42, 49, 53, 54, 55, 56, 57, 58, 59, 60, 61, 62, 63, 64, 65]",1,pg19,2,bc240ef1-2e86-4634-bda9-791a6f33c26c,21704,767,False,16,16,33,"[0, 42, 49, 53, 54, 55, 56, 57, 58, 59, 60, 61, 62, 63, 64, 65]",0.12997853565466252,3,[],214.6142460005649,99.30717600036587,545
0.0625,-0.5,"[0, 5]",2,,1781071984078.943,0.0,1781071983926.597,0,0,152.34530299858307,27030,10460.1279296875,0.24141819775104523,32,0.9592798948287964,0.934112286195159,6,6,32,1781071984087.5315,1781071983912.4001,4196,111,early,1.0,31.52412599956733,0.060287999076535925,observability_fixed_R16_k16,good,22.784360000514425,0,False,False,0.0,"[0, 42, 49, 53, 54, 55, 56, 57, 58, 59, 60, 61, 62, 63, 64, 65]",1,pg19,2,bc240ef1-2e86-4634-bda9-791a6f33c26c,21725,770,False,16,16,34,"[0, 42, 49, 53, 54, 55, 56, 57, 58, 59, 60, 61, 62, 63, 64, 65]",0.1306005719733079,6,[],212.55189499970584,175.1296629990975,548
0.09375,0.75,"[0, 6, 12]",3,,1781071984488.1294,0.0,1781071984344.707,0,0,143.4214590008196,11,10460.1279296875,1.1796646118164062,32,0.6817059516906738,0.5272014141082764,6,6,32,1781071984496.814,1781071984330.7795,4199,114,early,1.0,33.06852600144339,0.07061699943733402,observability_fixed_R16_k16,good,22.610632000578335,0,False,False,0.0,"[0, 42, 49, 53, 54, 55, 56, 57, 58, 59, 60, 61, 62, 63, 64, 65]",1,pg19,3,bc240ef1-2e86-4634-bda9-791a6f33c26c,21740,767,False,16,16,35,"[0, 42, 49, 53, 54, 55, 56, 57, 58, 59, 60, 61, 62, 63, 64, 65]",0.13122171945701358,10,[],209.27283600030933,166.03209100139793,551
0.0625,-0.25,"[2, 5]",2,,1781071984898.7427,0.0,1781071984754.2485,0,0,144.49285699993197,3900,10460.70751953125,1.4047311544418335,32,0.4391069710254669,0.11784946918487549,6,6,32,1781071984907.423,1781071984740.2373,4203,118,early,1.0,32.984315999783576,0.06711599962727632,observability_fixed_R16_k16,good,22.691113999826484,0,False,False,0.0,"[0, 42, 49, 53, 54, 55, 56, 57, 58, 59, 60, 61, 62, 63, 64, 65]",1,pg19,2,bc240ef1-2e86-4634-bda9-791a6f33c26c,21753,768,False,16,16,36,"[0, 42, 49, 53, 54, 55, 56, 57, 58, 59, 60, 61, 62, 63, 64, 65]",0.13204853675945752,13,[],209.5503609998559,167.18397099975846,555
0.125,1.75,"[0, 6, 14, 24]",4,,1781071985314.5942,0.0,1781071985171.4753,0,0,143.1180219988164,387,10460.1279296875,1.4826518297195435,32,0.5005059242248535,0.16184663772583008,5,6,32,1781071985323.3289,1781071985157.704,4206,121,early,1.0,33.03340200000093,0.07178200030466542,observability_fixed_R16_k16,good,22.504552001919365,0,False,False,0.0,"[0, 42, 49, 53, 54, 55, 56, 57, 58, 59, 60, 61, 62, 63, 64, 65]",1,pg19,4,bc240ef1-2e86-4634-bda9-791a6f33c26c,21764,777,False,16,16,37,"[0, 42, 49, 53, 54, 55, 56, 57, 58, 59, 60, 61, 62, 63, 64, 65]",0.1326676176890157,18,[],216.30413999992015,165.62257400073577,558
0.0625,-0.75,"[3, 19]",2,,1781071985720.9907,0.0,1781071985580.6526,0,0,140.3373070006637,66,10462.15625,3.0112314224243164,32,0.18922412395477295,0.041856229305267334,5,6,32,1781071985729.7627,1781071985566.7449,4211,126,early,1.0,32.96043699992879,0.06597400169994216,observability_fixed_R16_k16,good,22.67832399957115,0,False,False,0.0,"[0, 42, 49, 53, 54, 55, 56, 57, 58, 59, 60, 61, 62, 63, 64, 65]",1,pg19,2,bc240ef1-2e86-4634-bda9-791a6f33c26c,21797,765,False,16,16,38,"[0, 42, 49, 53, 54, 55, 56, 57, 58, 59, 60, 61, 62, 63, 64, 65]",0.13369745903585847,21,[],209.4675090011151,163.01563100023486,563
0.15625,2.25,"[0, 1, 3, 13, 25]",5,,1781071986141.696,0.0,1781071985996.2356,0,0,145.45825000095647,498,10460.1279296875,0.003115314757451415,32,0.9997223019599915,0.9996388219005894,6,6,32,1781071986150.6755,1781071985982.3298,4214,129,early,1.0,32.661508999808575,0.06633999873884022,observability_fixed_R16_k16,good,22.88567499817873,0,False,False,0.0,"[0, 42, 49, 53, 54, 55, 56, 57, 58, 59, 60, 61, 62, 63, 64, 65]",1,pg19,5,bc240ef1-2e86-4634-bda9-791a6f33c26c,21789,783,False,16,16,39,"[0, 42, 49, 53, 54, 55, 56, 57, 58, 59, 60, 61, 62, 63, 64, 65]",0.1343141907925961,27,[],219.00439099954383,168.3439249991352,566
0.15625,1.75,"[0, 4, 10, 22, 29]",5,,1781071986552.472,0.0,1781071986410.291,0,0,142.17981499859889,678,10461.86669921875,0.34069254994392395,32,0.9456452131271362,0.9274939075112343,5,6,32,1781071986561.2964,1781071986396.212,4220,135,early,1.0,34.36335200058238,0.07061699943733402,observability_fixed_R16_k16,good,22.902522001459147,0,False,False,0.0,"[0, 42, 49, 53, 54, 55, 56, 57, 58, 59, 60, 61, 62, 63, 64, 65]",1,pg19,5,bc240ef1-2e86-4634-bda9-791a6f33c26c,21822,784,False,16,16,40,"[0, 42, 49, 53, 54, 55, 56, 57, 58, 59, 60, 61, 62, 63, 64, 65]",0.13554502369668248,33,[],210.2920389988867,165.08233700005803,572
0.0625,-2.0,"[0, 9]",2,,1781071986972.0854,0.0,1781071986828.2896,0,0,143.79461200041987,3425,10461.86669921875,2.3172247409820557,32,0.3051696717739105,0.11119203269481659,5,6,32,1781071986980.8494,1781071986814.249,4226,141,early,0.9411764705882353,38.070983999205055,4.2661340012273286,observability_fixed_R16_k16,good,22.80215899918403,0,False,False,0.0,"[0, 42, 49, 53, 54, 55, 56, 57, 58, 59, 60, 61, 62, 63, 64, 65, 66]",1,pg19,2,bc240ef1-2e86-4634-bda9-791a6f33c26c,21857,770,False,16,16,41,"[0, 42, 49, 53, 54, 55, 56, 57, 58, 59, 60, 61, 62, 63, 64, 65]",0.14434453383814483,36,[],209.70176800074114,166.5967709996039,610
0.09375,-0.5,"[0, 3, 8]",3,,1781071987390.0652,0.0,1781071987245.9023,0,0,144.1617580003367,11453,10460.1279296875,1.2235215902328491,32,0.6691106557846069,0.5051380395889282,6,6,32,1781071987398.9265,1781071987231.7441,4229,144,early,0.9411764705882353,33.36320099879231,0.06988399945839774,observability_fixed_R16_k16,good,23.018930000034743,0,False,False,0.0,"[0, 42, 49, 53, 54, 55, 56, 57, 58, 59, 60, 61, 62, 63, 64, 65, 66]",1,pg19,3,bc240ef1-2e86-4634-bda9-791a6f33c26c,21871,772,False,16,16,42,"[0, 42, 49, 53, 54, 55, 56, 57, 58, 59, 60, 61, 62, 63, 64, 65]",0.14495152518325846,40,[],216.49740999964706,167.18068800037145,613
0.125,0.25,"[0, 2, 4, 12]",4,,1781071987811.3555,0.0,1781071987667.8413,0,0,143.5129000001325,2581,10460.70751953125,0.6068951487541199,32,0.7416207194328308,0.48929694294929504,6,6,32,1781071987820.2412,1781071987653.607,4233,148,early,0.9411764705882353,33.31907200117712,0.07328999890887644,observability_fixed_R16_k16,good,23.118237000744557,0,False,False,0.0,"[0, 42, 49, 53, 54, 55, 56, 57, 58, 59, 60, 61, 62, 63, 64, 65, 66]",1,pg19,4,bc240ef1-2e86-4634-bda9-791a6f33c26c,21878,776,False,16,16,43,"[0, 42, 49, 53, 54, 55, 56, 57, 58, 59, 60, 61, 62, 63, 64, 65]",0.14575950862272619,45,[],220.44999299941992,166.63113700087706,617
0.0,-3.5,[],0,,1781071988226.0654,0.0,1781071988081.0205,0,0,145.0434739999764,6426,10461.287109375,3.2030832767486572,32,0.2541709244251251,0.07673104107379913,5,6,32,1781071988234.858,1781071988066.8713,4238,153,early,0.9411764705882353,33.47459299948241,0.07764799920551013,observability_fixed_R16_k16,good,22.93996300068102,0,False,False,0.0,"[0, 42, 49, 53, 54, 55, 56, 57, 58, 59, 60, 61, 62, 63, 64, 65, 66]",1,pg19,0,bc240ef1-2e86-4634-bda9-791a6f33c26c,21920,760,False,16,16,44,"[0, 42, 49, 53, 54, 55, 56, 57, 58, 59, 60, 61, 62, 63, 64, 65]",0.1467673430863615,46,[],211.98437500061118,167.98343700065743,622
0.0625,-0.25,"[0, 9]",2,,1781071988632.6423,0.0,1781071988494.1099,0,0,138.52592100010952,264,10458.96875,0.46905842423439026,32,0.8670911192893982,0.747895136475563,6,6,32,1781071988641.874,1781071988479.9592,4239,154,early,0.9411764705882353,31.775646999449236,0.07359600022027735,observability_fixed_R16_k16,good,23.384307000014815,0,False,False,0.0,"[0, 42, 49, 53, 54, 55, 56, 57, 58, 59, 60, 61, 62, 63, 64, 65, 66]",1,pg19,2,bc240ef1-2e86-4634-bda9-791a6f33c26c,21907,767,False,16,16,45,"[0, 42, 49, 53, 54, 55, 56, 57, 58, 59, 60, 61, 62, 63, 64, 65]",0.14696862467563104,49,[],212.20457799972792,161.91022800012433,623
0.03125,-1.25,[0],1,,1781071989048.07,0.0,1781071988901.5073,0,0,146.5612060001149,315,10460.1279296875,3.5457890033721924,32,0.2780759334564209,0.1338120400905609,5,6,32,1781071989056.918,1781071988887.5798,4242,157,early,0.9411764705882353,32.987540998874465,0.0707260005583521,observability_fixed_R16_k16,good,22.77483299985761,0,False,False,0.0,"[0, 42, 49, 53, 54, 55, 56, 57, 58, 59, 60, 61, 62, 63, 64, 65, 66]",1,pg19,1,bc240ef1-2e86-4634-bda9-791a6f33c26c,21923,759,False,16,16,46,"[0, 42, 49, 53, 54, 55, 56, 57, 58, 59, 60, 61, 62, 63, 64, 65]",0.14757190004714757,51,[],211.4705439998943,169.33603899997252,626
0.09375,1.25,"[1, 4, 16]",3,,1781071989466.2388,0.0,1781071989325.5962,0,0,140.6417580001289,369,10459.54833984375,0.36399516463279724,32,0.9191855788230896,0.8585587181150913,6,6,32,1781071989475.001,1781071989311.2856,4244,159,early,0.9411764705882353,33.17870200044126,0.07065699901431799,observability_fixed_R16_k16,good,23.070466000717715,0,False,False,0.0,"[0, 42, 49, 53, 54, 55, 56, 57, 58, 59, 60, 61, 62, 63, 64, 65, 66]",1,pg19,3,bc240ef1-2e86-4634-bda9-791a6f33c26c,21921,771,False,16,16,47,"[0, 42, 49, 53, 54, 55, 56, 57, 58, 59, 60, 61, 62, 63, 64, 65]",0.14797360980207352,55,[],220.23479599920393,163.71222400084662,628
0.09375,1.5,"[1, 9, 14]",3,0.8411440849304199,1781071990004.8547,130.8186249989376,1781071989730.011,16,988,274.84376200118277,1921,10460.70751953125,2.8574554920196533,32,0.24586255848407745,0.04830645024776459,6,6,32,1781071990013.7039,1781071989715.8772,4248,163,early,0.7368421052631579,32.840036999914446,0.07215000005089678,observability_fixed_R16_k16,good,22.980813999311067,0,False,False,0.0,"[0, 42, 49, 53, 54, 55, 56, 57, 58, 59, 60, 61, 62, 63, 64, 65, 66]",1,pg19,3,bc240ef1-2e86-4634-bda9-791a6f33c26c,21943,974,True,16,16,48,"[0, 42, 50, 51, 54, 55, 56, 58, 59, 60, 61, 62, 63, 64, 65, 66]",0.1487758945386064,59,"[0, 4251, 4247, 4249, 4248, 4250, 4246, 4245, 2750, 4240, 4242, 4239, 4237, 4241, 4238, 4222]",206.85005799896317,297.82457600049383,632
0.0625,-0.25,"[1, 8]",2,,1781071990363.095,0.0,1781071990285.4111,0,0,77.68307300102606,1281,10461.287109375,2.527740716934204,32,0.280813604593277,0.06211574375629425,6,6,32,1781071990371.826,1781071990271.158,4252,167,early,1.0,33.47123800085683,4.292573999919114,observability_fixed_R16_k16,good,22.981647998676635,0,False,False,0.0,"[0, 42, 50, 51, 54, 55, 56, 58, 59, 60, 61, 62, 63, 64, 65, 66]",1,pg19,2,bc240ef1-2e86-4634-bda9-791a6f33c26c,21967,766,False,16,16,49,"[0, 42, 50, 51, 54, 55, 56, 58, 59, 60, 61, 62, 63, 64, 65, 66]",0.12699905926622765,3,[],218.6971449991688,100.6647209997027,540
0.0625,-0.25,"[1, 8]",2,,1781071990784.5205,0.0,1781071990633.9023,0,0,150.6171410001116,697,10460.1279296875,1.7120236158370972,32,0.5388790369033813,0.4004834443330765,6,6,32,1781071990793.178,1781071990619.411,4255,170,early,1.0,32.44011899914767,0.06728399966959842,observability_fixed_R16_k16,good,23.147288999098237,0,False,False,0.0,"[0, 42, 50, 51, 54, 55, 56, 58, 59, 60, 61, 62, 63, 64, 65, 66]",1,pg19,2,bc240ef1-2e86-4634-bda9-791a6f33c26c,21986,765,False,16,16,50,"[0, 42, 50, 51, 54, 55, 56, 58, 59, 60, 61, 62, 63, 64, 65, 66]",0.12761457109283197,6,[],214.2354619991238,173.76442999920982,543
0.03125,-1.5,[2],1,,1781071991225.4346,0.0,1781071991072.3135,0,0,153.12099900074827,11,10460.1279296875,0.29760634899139404,32,0.9411665201187134,0.9136201683431864,6,6,32,1781071991234.1633,1781071991056.5728,4258,173,middle,1.0,43.692838999049854,4.848479000429506,observability_fixed_R16_k16,good,24.466717999530374,0,False,False,0.0,"[0, 42, 50, 51, 54, 55, 56, 58, 59, 60, 61, 62, 63, 64, 65, 66]",1,pg19,1,bc240ef1-2e86-4634-bda9-791a6f33c26c,21986,762,False,16,16,51,"[0, 42, 50, 51, 54, 55, 56, 58, 59, 60, 61, 62, 63, 64, 65, 66]",0.12822921559417566,8,[],213.7022139995679,177.58771700027864,546
0.0625,0.0,"[3, 13]",2,,1781071991639.005,0.0,1781071991495.3552,0,0,143.6489440002333,498,10459.54833984375,2.3271193504333496,32,0.378846138715744,0.18835033476352692,6,6,32,1781071991647.8015,1781071991481.0874,4260,175,middle,1.0,34.40046300056565,0.06858400047349278,observability_fixed_R16_k16,good,23.06256699921505,0,False,False,0.0,"[0, 42, 50, 51, 54, 55, 56, 58, 59, 60, 61, 62, 63, 64, 65, 66]",1,pg19,2,bc240ef1-2e86-4634-bda9-791a6f33c26c,21997,766,False,16,16,52,"[0, 42, 50, 51, 54, 55, 56, 58, 59, 60, 61, 62, 63, 64, 65, 66]",0.12863849765258217,11,[],211.33193999958166,166.71151099944836,548
0.0,-1.75,[],0,,1781071992049.1973,0.0,1781071991909.2964,0,0,139.90026700048475,1410,10460.1279296875,1.7728949785232544,32,0.6366882920265198,0.5435202121734619,6,6,32,1781071992057.8196,1781071991895.6611,4263,178,middle,1.0,32.86638200006564,0.07037700015644077,observability_fixed_R16_k16,good,22.256014999584295,0,False,False,0.0,"[0, 42, 50, 51, 54, 55, 56, 58, 59, 60, 61, 62, 63, 64, 65, 66]",1,pg19,0,bc240ef1-2e86-4634-bda9-791a6f33c26c,22010,762,False,16,16,53,"[0, 42, 50, 51, 54, 55, 56, 58, 59, 60, 61, 62, 63, 64, 65, 66]",0.1292517006802721,12,[],213.94294099991384,162.15628200006904,551
0.0,-1.25,[],0,,1781071992447.0386,0.0,1781071992307.0496,0,0,139.98827999967034,9946,10458.96875,1.8913052082061768,32,0.5476417541503906,0.3670486509799957,6,6,32,1781071992455.6196,1781071992293.209,4264,179,middle,1.0,30.88498600118328,0.06444400059990585,observability_fixed_R16_k16,good,22.42070899956161,0,False,False,0.0,"[0, 42, 50, 51, 54, 55, 56, 58, 59, 60, 61, 62, 63, 64, 65, 66]",1,pg19,0,bc240ef1-2e86-4634-bda9-791a6f33c26c,22021,764,False,16,16,54,"[0, 42, 50, 51, 54, 55, 56, 58, 59, 60, 61, 62, 63, 64, 65, 66]",0.1294559099437148,13,[],203.3767329994589,162.40898899923195,552
0.03125,0.25,[1],1,,1781071992853.0024,0.0,1781071992709.2148,0,0,143.78672200109577,3695,10458.96875,0.8187412023544312,32,0.5745477080345154,0.17344877123832703,6,6,32,1781071992861.8167,1781071992695.4524,4265,180,middle,1.0,30.72436000002199,0.06953799857001286,observability_fixed_R16_k16,good,22.573943999304902,0,False,False,0.0,"[0, 42, 50, 51, 54, 55, 56, 58, 59, 60, 61, 62, 63, 64, 65, 66]",1,pg19,1,bc240ef1-2e86-4634-bda9-791a6f33c26c,22022,766,False,16,16,55,"[0, 42, 50, 51, 54, 55, 56, 58, 59, 60, 61, 62, 63, 64, 65, 66]",0.12966002344665886,15,[],208.23021700016398,166.36066600040067,553
0.09375,2.25,"[0, 2, 7]",3,,1781071993262.7344,0.0,1781071993117.7031,0,0,145.0301259992557,1,10459.54833984375,0.17245207726955414,32,0.9717566967010498,0.9558023642748594,6,6,32,1781071993271.441,1781071993103.7268,4267,182,middle,1.0,33.89540500029398,0.06547900011355523,observability_fixed_R16_k16,good,22.682518001602148,0,False,False,0.0,"[0, 42, 50, 51, 54, 55, 56, 58, 59, 60, 61, 62, 63, 64, 65, 66]",1,pg19,3,bc240ef1-2e86-4634-bda9-791a6f33c26c,22021,765,False,16,16,56,"[0, 42, 50, 51, 54, 55, 56, 58, 59, 60, 61, 62, 63, 64, 65, 66]",0.13006796344035623,19,[],206.85565500025405,167.71264400085784,555
0.09375,2.0,"[6, 13, 24]",3,,1781071993668.1812,0.0,1781071993525.3347,0,0,142.84616299846675,281,10460.70751953125,3.7029004096984863,32,0.4014178514480591,0.37279006093740463,6,6,32,1781071993676.921,1781071993511.3984,4271,186,middle,1.0,32.650033999743755,0.06639299863309134,observability_fixed_R16_k16,good,22.674888001347426,0,False,False,0.0,"[0, 42, 50, 51, 54, 55, 56, 58, 59, 60, 61, 62, 63, 64, 65, 66]",1,pg19,3,bc240ef1-2e86-4634-bda9-791a6f33c26c,22061,776,False,16,16,57,"[0, 42, 50, 51, 54, 55, 56, 58, 59, 60, 61, 62, 63, 64, 65, 66]",0.1308826972605947,23,[],206.4454850005859,165.52105099981418,559
0.09375,1.25,"[0, 1, 8]",3,,1781071994070.5588,0.0,1781071993928.978,0,0,141.57951500055788,686,10460.70751953125,2.8359912903397344e-05,32,0.9999982118606567,0.9999966090499584,6,6,32,1781071994079.3972,1781071993915.2385,4275,190,middle,1.0,31.75101399938285,0.064286999986507,observability_fixed_R16_k16,good,22.57743099835352,0,False,False,0.0,"[0, 42, 50, 51, 54, 55, 56, 58, 59, 60, 61, 62, 63, 64, 65, 66]",1,pg19,3,bc240ef1-2e86-4634-bda9-791a6f33c26c,22057,770,False,16,16,58,"[0, 42, 50, 51, 54, 55, 56, 58, 59, 60, 61, 62, 63, 64, 65, 66]",0.13169590643274853,27,[],205.71589099927223,164.1569459989114,563
0.03125,-1.5,[6],1,,1781071994475.2676,0.0,1781071994335.3992,0,0,139.86772999851382,6426,10460.70751953125,2.362856388092041,32,0.3296794593334198,0.13281887769699097,6,6,32,1781071994483.7505,1781071994321.2332,4279,194,middle,1.0,33.178064000821905,0.0695649996487191,observability_fixed_R16_k16,good,22.647372001301846,0,False,False,0.0,"[0, 42, 50, 51, 54, 55, 56, 58, 59, 60, 61, 62, 63, 64, 65, 66]",1,pg19,1,bc240ef1-2e86-4634-bda9-791a6f33c26c,22083,766,False,16,16,59,"[0, 42, 50, 51, 54, 55, 56, 58, 59, 60, 61, 62, 63, 64, 65, 66]",0.13250759523253097,29,[],207.77192300010938,162.51510199981567,567
0.15625,2.5,"[0, 2, 7, 13, 26]",5,,1781071994881.3306,0.0,1781071994739.7983,0,0,141.53144000010798,323,10459.54833984375,0.033032339066267014,32,0.9961495399475098,0.9948070548707619,6,6,32,1781071994889.9744,1781071994725.967,4281,196,middle,1.0,32.68652299993846,0.06961300096008927,observability_fixed_R16_k16,good,22.473539000202436,0,False,False,0.0,"[0, 42, 50, 51, 54, 55, 56, 58, 59, 60, 61, 62, 63, 64, 65, 66]",1,pg19,5,bc240ef1-2e86-4634-bda9-791a6f33c26c,22089,784,False,16,16,60,"[0, 42, 50, 51, 54, 55, 56, 58, 59, 60, 61, 62, 63, 64, 65, 66]",0.1329128708245737,35,[],208.39517599961255,164.0049790003104,569
0.0625,-1.0,"[0, 1]",2,,1781071995296.9019,0.0,1781071995152.7747,0,0,144.12631099912687,1430,10461.86669921875,0.7305929064750671,32,0.8946301937103271,0.8801698442548513,6,6,32,1781071995305.7803,1781071995138.224,4287,202,middle,1.0,34.12661900074454,0.06608500007132534,observability_fixed_R16_k16,good,23.428422000506544,0,False,False,0.0,"[0, 42, 50, 51, 54, 55, 56, 58, 59, 60, 61, 62, 63, 64, 65, 66]",1,pg19,2,bc240ef1-2e86-4634-bda9-791a6f33c26c,22113,769,False,16,16,61,"[0, 42, 50, 51, 54, 55, 56, 58, 59, 60, 61, 62, 63, 64, 65, 66]",0.13412642873804526,38,[],213.02328500132717,167.55473299963342,575
0.1875,3.25,"[0, 3, 8, 14, 21, 28]",6,,1781071995711.3108,0.0,1781071995568.3313,0,0,142.97908399930748,1251,10460.1279296875,0.6544657349586487,32,0.8399245738983154,0.763010635972023,6,6,32,1781071995719.893,1781071995554.5208,4290,205,middle,0.9411764705882353,36.89360600037617,4.272386000593542,observability_fixed_R16_k16,good,22.391667000192683,0,False,False,0.0,"[0, 42, 50, 51, 54, 55, 56, 58, 59, 60, 61, 62, 63, 64, 65, 66, 67]",1,pg19,6,bc240ef1-2e86-4634-bda9-791a6f33c26c,22128,791,False,16,16,62,"[0, 42, 50, 51, 54, 55, 56, 58, 59, 60, 61, 62, 63, 64, 65, 66]",0.14219114219114218,45,[],206.75597899935383,165.37075099950016,610
0.09375,-0.5,"[0, 5, 20]",3,,1781071996119.626,0.0,1781071995976.8154,0,0,142.8093290014658,311,10462.62158203125,1.5244220495224,32,0.5702390670776367,0.35715629160404205,6,6,32,1781071996128.3333,1781071995963.0022,4297,212,middle,0.9411764705882353,32.84924400031741,0.07551700036856346,observability_fixed_R16_k16,good,22.520323997014202,0,False,False,0.0,"[0, 42, 50, 51, 54, 55, 56, 58, 59, 60, 61, 62, 63, 64, 65, 66, 67]",1,pg19,3,bc240ef1-2e86-4634-bda9-791a6f33c26c,22155,770,False,16,16,63,"[0, 42, 50, 51, 54, 55, 56, 58, 59, 60, 61, 62, 63, 64, 65, 66]",0.14358855015126834,49,[],209.38569999998435,165.32965299848001,617
0.0625,-2.0,"[1, 12]",2,0.8366339206695557,1781071996652.5103,124.76601300113543,1781071996385.9023,16,976,266.6082309988269,2217,10460.99755859375,2.6521048545837402,32,0.23546940088272095,0.024395987391471863,6,6,32,1781071996661.369,1781071996371.8618,4301,216,middle,0.5,32.57764099907945,0.07467199975508265,observability_fixed_R16_k16,good,22.896127002240974,0,False,False,0.0,"[0, 42, 50, 51, 54, 55, 56, 58, 59, 60, 61, 62, 63, 64, 65, 66, 67]",1,pg19,2,bc240ef1-2e86-4634-bda9-791a6f33c26c,22177,966,True,16,16,64,"[0, 2, 4, 26, 42, 43, 49, 50, 51, 55, 59, 62, 63, 65, 66, 67]",0.1443850267379679,52,"[0, 4303, 4269, 4169, 4270, 2768, 3193, 3968, 3208, 4023, 2199, 4194, 2703, 2778, 2704, 3561]",210.05668799989508,289.5043580010679,621
0.1875,2.75,"[0, 8, 18, 23, 26, 29]",6,,1781071996998.0554,0.0,1781071996921.1409,0,0,76.91185700059577,323,10460.1279296875,2.9697859287261963,32,0.37219658493995667,0.2941799461841583,6,6,32,1781071997006.8188,1781071996907.171,4304,219,middle,1.0,34.00554800100508,4.173874000116484,observability_fixed_R16_k16,good,22.734665999450954,0,False,False,0.0,"[0, 2, 4, 26, 42, 43, 49, 50, 51, 55, 59, 62, 63, 65, 66, 67]",1,pg19,6,bc240ef1-2e86-4634-bda9-791a6f33c26c,22203,787,False,16,16,65,"[0, 2, 4, 26, 42, 43, 49, 50, 51, 55, 59, 62, 63, 65, 66, 67]",0.12267657992565056,7,[],206.27394300026936,99.64652300004673,528
0.125,-0.25,"[0, 5, 9, 12]",4,,1781071997413.106,0.0,1781071997261.1206,0,0,151.9852470009937,2677,10462.4462890625,0.7057178616523743,32,0.8812099695205688,0.8524374440312386,6,6,32,1781071997421.8423,1781071997247.0923,4311,226,middle,1.0,31.521580998742138,0.059918000260950066,observability_fixed_R16_k16,good,22.76268599780451,0,False,False,0.0,"[0, 2, 4, 26, 42, 43, 49, 50, 51, 55, 59, 62, 63, 65, 66, 67]",1,pg19,4,bc240ef1-2e86-4634-bda9-791a6f33c26c,22216,776,False,16,16,66,"[0, 2, 4, 26, 42, 43, 49, 50, 51, 55, 59, 62, 63, 65, 66, 67]",0.12410113662723266,12,[],207.86540799963404,174.7479329987982,535
0.09375,-0.75,"[0, 5, 15]",3,,1781071997819.6057,0.0,1781071997678.067,0,0,141.5381160004472,45412,10461.287109375,0.7395292520523071,32,0.8324964642524719,0.7562627419829369,6,6,32,1781071997828.195,1781071997663.9785,4316,231,middle,1.0,32.72003200072504,0.06473599933087826,observability_fixed_R16_k16,good,22.676165999655495,0,False,False,0.0,"[0, 2, 4, 26, 42, 43, 49, 50, 51, 55, 59, 62, 63, 65, 66, 67]",1,pg19,3,bc240ef1-2e86-4634-bda9-791a6f33c26c,22235,774,False,16,16,67,"[0, 2, 4, 26, 42, 43, 49, 50, 51, 55, 59, 62, 63, 65, 66, 67]",0.12511584800741427,16,[],208.27767199989466,164.21428200010268,540
0.125,0.25,"[1, 12, 25, 26]",4,,1781071998222.5835,0.0,1781071998080.1099,0,0,142.47303299998748,3168,10460.70751953125,3.0359368324279785,32,0.25458604097366333,0.05002041161060333,6,6,32,1781071998231.1143,1781071998066.0754,4320,235,middle,1.0,31.961319999027182,0.06364299952110741,observability_fixed_R16_k16,good,22.56352199947287,0,False,False,0.0,"[0, 2, 4, 26, 42, 43, 49, 50, 51, 55, 59, 62, 63, 65, 66, 67]",1,pg19,4,bc240ef1-2e86-4634-bda9-791a6f33c26c,22261,784,False,16,16,68,"[0, 2, 4, 26, 42, 43, 49, 50, 51, 55, 59, 62, 63, 65, 66, 67]",0.1259259259259259,21,[],204.74351700067928,165.03655499946035,544
0.0,-4.25,[],0,,1781071998627.3586,0.0,1781071998485.9858,0,0,141.37189500070235,1964,10461.287109375,4.940231800079346,32,0.08694709837436676,0.011406153440475464,5,6,32,1781071998635.9788,1781071998471.8135,4325,240,middle,1.0,32.6308900002914,0.06286700045166072,observability_fixed_R16_k16,good,22.791245999542298,0,False,False,0.0,"[0, 2, 4, 26, 42, 43, 49, 50, 51, 55, 59, 62, 63, 65, 66, 67]",1,pg19,0,bc240ef1-2e86-4634-bda9-791a6f33c26c,22308,764,False,16,16,69,"[0, 2, 4, 26, 42, 43, 49, 50, 51, 55, 59, 62, 63, 65, 66, 67]",0.1269364161849711,22,[],207.21022299949254,164.16314100024465,549
0.0,-2.75,[],0,,1781071999032.7512,0.0,1781071998892.0476,0,0,140.7040419999248,5049,10458.96875,2.7624001502990723,32,0.3195946216583252,0.20563963800668716,6,6,32,1781071999041.4272,1781071998876.2268,4326,241,middle,1.0,30.906340000001364,0.06329800089588389,observability_fixed_R16_k16,good,24.494448000041302,0,False,False,0.0,"[0, 2, 4, 26, 42, 43, 49, 50, 51, 55, 59, 62, 63, 65, 66, 67]",1,pg19,0,bc240ef1-2e86-4634-bda9-791a6f33c26c,22303,761,False,16,16,70,"[0, 2, 4, 26, 42, 43, 49, 50, 51, 55, 59, 62, 63, 65, 66, 67]",0.12713823393435045,23,[],208.24911799900292,165.1984899999661,550
0.03125,-0.75,[3],1,,1781071999437.765,0.0,1781071999294.7117,0,0,143.05277799940086,51983,10458.96875,4.244327545166016,32,0.23235362768173218,0.14136264473199844,4,6,32,1781071999446.4106,1781071999280.5574,4327,242,middle,1.0,30.766470999878948,0.06580599983863067,observability_fixed_R16_k16,good,22.798369000156526,0,False,False,0.0,"[0, 2, 4, 26, 42, 43, 49, 50, 51, 55, 59, 62, 63, 65, 66, 67]",1,pg19,1,bc240ef1-2e86-4634-bda9-791a6f33c26c,22295,766,False,16,16,71,"[0, 2, 4, 26, 42, 43, 49, 50, 51, 55, 59, 62, 63, 65, 66, 67]",0.12733995840073956,25,[],207.43862800009083,165.8511469995574,551
0.09375,1.75,"[0, 4, 13]",3,,1781071999846.2087,0.0,1781071999701.5164,0,0,144.69199599989224,26103,10459.54833984375,0.40723878145217896,32,0.9181985855102539,0.8847532048821449,6,6,32,1781071999854.883,1781071999687.4612,4329,244,middle,1.0,32.69719700074347,0.06294100057857577,observability_fixed_R16_k16,good,22.727735000444227,0,False,False,0.0,"[0, 2, 4, 26, 42, 43, 49, 50, 51, 55, 59, 62, 63, 65, 66, 67]",1,pg19,3,bc240ef1-2e86-4634-bda9-791a6f33c26c,22291,777,False,16,16,72,"[0, 2, 4, 26, 42, 43, 49, 50, 51, 55, 59, 62, 63, 65, 66, 67]",0.12774312774312774,29,[],207.24366900140012,167.41973100033647,553
0.0625,1.0,"[1, 17]",2,,1781072000261.4255,0.0,1781072000116.129,0,0,145.29536800000642,47407,10460.70751953125,3.826820135116577,32,0.12308319658041,0.009249851107597351,3,6,32,1781072000270.013,1781072000101.5837,4333,248,middle,1.0,32.8135170002497,0.06191200009197928,observability_fixed_R16_k16,good,23.132554000767414,0,False,False,0.0,"[0, 2, 4, 26, 42, 43, 49, 50, 51, 55, 59, 62, 63, 65, 66, 67]",1,pg19,2,bc240ef1-2e86-4634-bda9-791a6f33c26c,22320,772,False,16,16,73,"[0, 2, 4, 26, 42, 43, 49, 50, 51, 55, 59, 62, 63, 65, 66, 67]",0.12854834987306715,32,[],212.86853499987046,168.42792200077383,557
0.03125,-0.5,[0],1,,1781072000661.8125,0.0,1781072000519.5596,0,0,142.25190600154747,45412,10460.70751953125,3.1423895359039307,32,0.18785198032855988,0.0057796090841293335,5,6,32,1781072000670.4402,1781072000505.7817,4336,251,middle,1.0,31.897262000711635,0.06342900087474845,observability_fixed_R16_k16,good,22.404915998777142,0,False,False,0.0,"[0, 2, 4, 26, 42, 43, 49, 50, 51, 55, 59, 62, 63, 65, 66, 67]",1,pg19,1,bc240ef1-2e86-4634-bda9-791a6f33c26c,22332,767,False,16,16,74,"[0, 2, 4, 26, 42, 43, 49, 50, 51, 55, 59, 62, 63, 65, 66, 67]",0.12915129151291513,34,[],202.9664120000234,164.6568220003246,560
0.15625,3.25,"[0, 1, 2, 3, 4]",5,,1781072001070.1814,0.0,1781072000924.128,0,0,146.05072700032906,362,10459.54833984375,0.0009109333623200655,32,0.9999350309371948,0.9999211856402326,6,6,32,1781072001078.7966,1781072000908.7485,4338,253,middle,1.0,31.6617150001548,0.06106500040914398,observability_fixed_R16_k16,good,23.995814999580034,0,False,False,0.0,"[0, 2, 4, 26, 42, 43, 49, 50, 51, 55, 59, 62, 63, 65, 66, 67]",1,pg19,5,bc240ef1-2e86-4634-bda9-791a6f33c26c,22338,779,False,16,16,75,"[0, 2, 4, 26, 42, 43, 49, 50, 51, 55, 59, 62, 63, 65, 66, 67]",0.12955278930382666,40,[],205.78595000006317,170.0465419999091,562
0.09375,0.25,"[0, 10, 20]",3,,1781072001467.5203,0.0,1781072001328.135,0,0,139.38540999879478,350,10461.86669921875,3.1756389141082764,32,0.17937003076076508,0.041842252016067505,5,6,32,1781072001475.9666,1781072001314.4038,4344,259,middle,1.0,31.96586599915463,0.0648219993308885,observability_fixed_R16_k16,good,22.175891999722808,0,False,False,0.0,"[0, 2, 4, 26, 42, 43, 49, 50, 51, 55, 59, 62, 63, 65, 66, 67]",1,pg19,3,bc240ef1-2e86-4634-bda9-791a6f33c26c,22399,775,False,16,16,76,"[0, 2, 4, 26, 42, 43, 49, 50, 51, 55, 59, 62, 63, 65, 66, 67]",0.13075506445672191,44,[],202.77758500014897,161.5613019985176,568
0.0,-2.75,[],0,,1781072001874.9446,0.0,1781072001732.1772,0,0,142.76627100116457,45952,10460.70751953125,3.5718531608581543,32,0.20055937767028809,0.0915171355009079,6,6,32,1781072001883.46,1781072001718.421,4348,263,middle,1.0,32.44425099910586,0.06325899994408246,observability_fixed_R16_k16,good,22.271263998845825,0,False,False,0.0,"[0, 2, 4, 26, 42, 43, 49, 50, 51, 55, 59, 62, 63, 65, 66, 67]",1,pg19,0,bc240ef1-2e86-4634-bda9-791a6f33c26c,22426,766,False,16,16,77,"[0, 2, 4, 26, 42, 43, 49, 50, 51, 55, 59, 62, 63, 65, 66, 67]",0.13155473781048757,45,[],209.08386500013876,165.0375350000104,572
0.0,-2.25,[],0,,1781072002276.1704,0.0,1781072002135.8264,0,0,140.34305899986066,4295,10458.96875,0.04212469607591629,32,0.9953834414482117,0.9938151245005429,6,6,32,1781072002284.8057,1781072002122.1223,4349,264,middle,1.0,30.846401999951922,0.06273200051509775,observability_fixed_R16_k16,good,22.33846099989023,0,False,False,0.0,"[0, 2, 4, 26, 42, 43, 49, 50, 51, 55, 59, 62, 63, 65, 66, 67]",1,pg19,0,bc240ef1-2e86-4634-bda9-791a6f33c26c,22405,764,False,16,16,78,"[0, 2, 4, 26, 42, 43, 49, 50, 51, 55, 59, 62, 63, 65, 66, 67]",0.13175442630489767,46,[],206.96875599969644,162.6815199997509,573
0.03125,-1.0,[0],1,,1781072002682.2808,0.0,1781072002540.3765,0,0,141.90484000027936,40567,10458.96875,1.4858195781707764,32,0.5567479133605957,0.3318014144897461,6,6,32,1781072002690.8616,1781072002524.8042,4350,265,middle,1.0,30.72464199976821,0.06392599971150048,observability_fixed_R16_k16,good,24.151120000169612,0,False,False,0.0,"[0, 2, 4, 26, 42, 43, 49, 50, 51, 55, 59, 62, 63, 65, 66, 67]",1,pg19,1,bc240ef1-2e86-4634-bda9-791a6f33c26c,22422,768,False,16,16,79,"[0, 2, 4, 26, 42, 43, 49, 50, 51, 55, 59, 62, 63, 65, 66, 67]",0.13195402298850575,48,[],208.40567099912732,166.05596000044898,574
0.03125,0.0,[7],1,0.8660684823989868,1781072003208.5151,125.1359540001431,1781072002942.783,16,962,265.7321160004358,42767,10459.54833984375,1.9582269191741943,32,0.5004703998565674,0.3614947944879532,6,6,32,1781072003217.2463,1781072002928.9585,4352,267,middle,0.3333333333333333,31.843089000176406,0.06838700028310996,observability_fixed_R16_k16,good,22.553623999556294,0,False,False,0.0,"[0, 2, 4, 26, 42, 43, 49, 50, 51, 55, 59, 62, 63, 65, 66, 67]",1,pg19,1,bc240ef1-2e86-4634-bda9-791a6f33c26c,22427,959,True,16,16,80,"[0, 2, 3, 42, 43, 44, 45, 46, 57, 59, 61, 63, 64, 66, 67, 68]",0.1323529411764706,50,"[0, 4353, 4352, 4351, 4348, 4346, 4349, 2765, 4321, 2750, 4341, 4335, 4350, 3676, 253, 4336]",205.37912099825917,288.2857399999921,576
0.0,-0.5,[],0,,1781072003556.1172,0.0,1781072003478.9368,0,0,77.1804809992318,5251,10459.54833984375,2.8419902324676514,32,0.432547003030777,0.3630303740501404,5,6,32,1781072003564.9346,1781072003464.89,4354,269,middle,1.0,33.516363000671845,4.21569699938118,observability_fixed_R16_k16,good,22.862100000565988,0,False,False,0.0,"[0, 2, 3, 42, 43, 44, 45, 46, 57, 59, 61, 63, 64, 66, 67, 68]",1,pg19,0,bc240ef1-2e86-4634-bda9-791a6f33c26c,22443,757,False,16,16,81,"[0, 2, 3, 42, 43, 44, 45, 46, 57, 59, 61, 63, 64, 66, 67, 68]",0.11805236564079008,1,[],208.948949999467,100.04258099979779,514
0.03125,0.5,[0],1,,1781072003964.7708,0.0,1781072003816.3718,0,0,148.39833699988958,35184,10458.96875,0.7544542551040649,32,0.8686065077781677,0.8286110758781433,5,6,32,1781072003973.592,1781072003801.9236,4355,270,middle,1.0,29.755658000794938,0.06109000059950631,observability_fixed_R16_k16,good,23.268943001312437,0,False,False,0.0,"[0, 2, 3, 42, 43, 44, 45, 46, 57, 59, 61, 63, 64, 66, 67, 68]",1,pg19,1,bc240ef1-2e86-4634-bda9-791a6f33c26c,22424,768,False,16,16,82,"[0, 2, 3, 42, 43, 44, 45, 46, 57, 59, 61, 63, 64, 66, 67, 68]",0.1182548794489093,3,[],206.30432100006146,171.66728000120202,515
0.0,-0.75,[],0,,1781072004371.2295,0.0,1781072004228.3618,0,0,142.86641399849032,45412,10459.54833984375,4.731484413146973,32,0.25536251068115234,0.15691149234771729,6,6,32,1781072004380.0835,1781072004214.4272,4357,272,middle,1.0,32.573842001511366,0.0646640000923071,observability_fixed_R16_k16,good,22.788333000789862,0,False,False,0.0,"[0, 2, 3, 42, 43, 44, 45, 46, 57, 59, 61, 63, 64, 66, 67, 68]",1,pg19,0,bc240ef1-2e86-4634-bda9-791a6f33c26c,22456,766,False,16,16,83,"[0, 2, 3, 42, 43, 44, 45, 46, 57, 59, 61, 63, 64, 66, 67, 68]",0.11865962818453064,4,[],207.36617500006105,165.65474699928018,517
0.125,3.5,"[5, 15, 26, 29]",4,,1781072004774.4583,0.0,1781072004632.9634,0,0,141.49362799980736,3168,10458.96875,3.818605422973633,32,0.1722766011953354,0.05570841580629349,5,6,32,1781072004783.1587,1781072004618.6729,4358,273,middle,1.0,30.609281000579358,0.06147699969005771,observability_fixed_R16_k16,good,22.990886000116006,0,False,False,0.0,"[0, 2, 3, 42, 43, 44, 45, 46, 57, 59, 61, 63, 64, 66, 67, 68]",1,pg19,4,bc240ef1-2e86-4634-bda9-791a6f33c26c,22457,783,False,16,16,84,"[0, 2, 3, 42, 43, 44, 45, 46, 57, 59, 61, 63, 64, 66, 67, 68]",0.11886186324001835,9,[],207.12835300037113,164.48451399992337,518
0.0,-1.25,[],0,,1781072005183.234,0.0,1781072005039.6812,0,0,143.55204900130047,1964,10461.287109375,5.666990756988525,32,0.04701054096221924,0.00864165648818016,6,6,32,1781072005192.0017,1781072005025.5588,4363,278,middle,1.0,32.596132999969996,0.06316399958450347,observability_fixed_R16_k16,good,22.888507997777197,0,False,False,0.0,"[0, 2, 3, 42, 43, 44, 45, 46, 57, 59, 61, 63, 64, 66, 67, 68]",1,pg19,0,bc240ef1-2e86-4634-bda9-791a6f33c26c,22496,762,False,16,16,85,"[0, 2, 3, 42, 43, 44, 45, 46, 57, 59, 61, 63, 64, 66, 67, 68]",0.11987164794865918,10,[],208.91997299986542,166.44055699907767,523
0.0,-1.25,[],0,,1781072005590.7886,0.0,1781072005448.9138,0,0,141.8742919995566,5049,10458.96875,2.932159900665283,32,0.33540552854537964,0.1769711673259735,6,6,32,1781072005599.5613,1781072005434.715,4364,279,middle,1.0,31.432464998943033,0.06315499922493473,observability_fixed_R16_k16,good,22.97035599985975,0,False,False,0.0,"[0, 2, 3, 42, 43, 44, 45, 46, 57, 59, 61, 63, 64, 66, 67, 68]",1,pg19,0,bc240ef1-2e86-4634-bda9-791a6f33c26c,22493,761,False,16,16,86,"[0, 2, 3, 42, 43, 44, 45, 46, 57, 59, 61, 63, 64, 66, 67, 68]",0.12007332722273144,11,[],210.38407599917264,164.84464799941634,524
0.03125,0.0,[4],1,,1781072005993.4348,0.0,1781072005852.3389,0,0,141.0958770011348,51983,10458.96875,4.549468517303467,32,0.13636957108974457,0.02153487503528595,4,6,32,1781072006002.0193,1781072005838.2083,4365,280,middle,1.0,29.826668000168866,0.05933600004937034,observability_fixed_R16_k16,good,22.71296899743902,0,False,False,0.0,"[0, 2, 3, 42, 43, 44, 45, 46, 57, 59, 61, 63, 64, 66, 67, 68]",1,pg19,1,bc240ef1-2e86-4634-bda9-791a6f33c26c,22491,764,False,16,16,87,"[0, 2, 3, 42, 43, 44, 45, 46, 57, 59, 61, 63, 64, 66, 67, 68]",0.12027491408934708,13,[],207.97202700123307,163.80884599857382,525
0.09375,1.75,"[0, 4, 13]",3,,1781072006404.2742,0.0,1781072006261.8938,0,0,142.37953999872843,26103,10459.54833984375,0.7516143918037415,32,0.7686880230903625,0.5889392346143723,6,6,32,1781072006413.0376,1781072006247.8708,4367,282,middle,1.0,32.558677999986685,0.0642790000711102,observability_fixed_R16_k16,good,22.78549400216434,0,False,False,0.0,"[0, 2, 3, 42, 43, 44, 45, 46, 57, 59, 61, 63, 64, 66, 67, 68]",1,pg19,3,bc240ef1-2e86-4634-bda9-791a6f33c26c,22491,778,False,16,16,88,"[0, 2, 3, 42, 43, 44, 45, 46, 57, 59, 61, 63, 64, 66, 67, 68]",0.12067781085413327,17,[],212.44336100062355,165.16503400089277,527
0.0,-1.0,[],0,,1781072006814.0874,0.0,1781072006671.3904,0,0,142.69655600037368,1718,10460.70751953125,2.763399600982666,32,0.3607889711856842,0.15521761775016785,3,6,32,1781072006822.911,1781072006657.1714,4371,286,middle,1.0,32.57566100000986,0.06748200030415319,observability_fixed_R16_k16,good,23.041263999402872,0,False,False,0.0,"[0, 2, 3, 42, 43, 44, 45, 46, 57, 59, 61, 63, 64, 66, 67, 68]",1,pg19,0,bc240ef1-2e86-4634-bda9-791a6f33c26c,22506,764,False,16,16,89,"[0, 2, 3, 42, 43, 44, 45, 46, 57, 59, 61, 63, 64, 66, 67, 68]",0.12148249828414551,18,[],210.6389559994568,165.73781999977655,531
0.03125,0.0,[0],1,,1781072007216.0085,0.0,1781072007075.4639,0,0,140.54382399990573,47407,10458.96875,1.652665138244629,32,0.5782103538513184,0.3007819950580597,5,6,32,1781072007224.6316,1781072007061.573,4372,287,middle,1.0,30.861528000968974,0.06287900032475591,observability_fixed_R16_k16,good,22.513202000482124,0,False,False,0.0,"[0, 2, 3, 42, 43, 44, 45, 46, 57, 59, 61, 63, 64, 66, 67, 68]",1,pg19,1,bc240ef1-2e86-4634-bda9-791a6f33c26c,22534,768,False,16,16,90,"[0, 2, 3, 42, 43, 44, 45, 46, 57, 59, 61, 63, 64, 66, 67, 68]",0.12168344007319305,20,[],206.94070200079295,163.05702600038785,532
0.03125,-0.25,[1],1,,1781072007623.3474,0.0,1781072007480.3398,0,0,143.00700999956462,45412,10459.54833984375,3.34718656539917,32,0.2930472493171692,0.21417465060949326,5,6,32,1781072007632.0393,1781072007466.1958,4374,289,middle,1.0,32.59287700166169,0.06346999907691497,observability_fixed_R16_k16,good,22.83474300020316,0,False,False,0.0,"[0, 2, 3, 42, 43, 44, 45, 46, 57, 59, 61, 63, 64, 66, 67, 68]",1,pg19,1,bc240ef1-2e86-4634-bda9-791a6f33c26c,22534,768,False,16,16,91,"[0, 2, 3, 42, 43, 44, 45, 46, 57, 59, 61, 63, 64, 66, 67, 68]",0.12208504801097393,22,[],208.10057199923904,165.84175299976778,534
0.03125,-0.25,[0],1,,1781072008024.271,0.0,1781072007883.5718,0,0,140.69818399912037,552,10459.54833984375,0.005355007480829954,32,0.9995891451835632,0.9995308744728391,6,6,32,1781072008033.0193,1781072007869.4795,4376,291,middle,1.0,32.03157300049497,0.06217900045157876,observability_fixed_R16_k16,good,22.840553001515218,0,False,False,0.0,"[0, 2, 3, 42, 43, 44, 45, 46, 57, 59, 61, 63, 64, 66, 67, 68]",1,pg19,1,bc240ef1-2e86-4634-bda9-791a6f33c26c,22535,762,False,16,16,92,"[0, 2, 3, 42, 43, 44, 45, 46, 57, 59, 61, 63, 64, 66, 67, 68]",0.12248628884826325,24,[],204.40468000015244,163.5387370006356,536
0.09375,2.25,"[1, 8, 15]",3,,1781072008432.2876,0.0,1781072008287.3547,0,0,144.93295700049202,362,10459.54833984375,1.7862087488174438,32,0.5815365314483643,0.4274446815252304,6,6,32,1781072008440.934,1781072008273.2332,4378,293,middle,1.0,32.442149000416975,0.06260900045162998,observability_fixed_R16_k16,good,22.766705998947145,0,False,False,0.0,"[0, 2, 3, 42, 43, 44, 45, 46, 57, 59, 61, 63, 64, 66, 67, 68]",1,pg19,3,bc240ef1-2e86-4634-bda9-791a6f33c26c,22550,774,False,16,16,93,"[0, 2, 3, 42, 43, 44, 45, 46, 57, 59, 61, 63, 64, 66, 67, 68]",0.12288716308816812,28,[],206.88639099898865,167.69966299943917,538
0.09375,1.5,"[0, 11, 20]",3,,1781072008840.781,0.0,1781072008695.5066,0,0,145.27157399970747,350,10460.70751953125,3.594998359680176,32,0.16739514470100403,0.03077121078968048,4,6,32,1781072008849.8027,1781072008681.7004,4382,297,middle,1.0,32.72153499892738,0.06426599975384306,observability_fixed_R16_k16,good,22.82843499961018,0,False,False,0.0,"[0, 2, 3, 42, 43, 44, 45, 46, 57, 59, 61, 63, 64, 66, 67, 68]",1,pg19,3,bc240ef1-2e86-4634-bda9-791a6f33c26c,22589,775,False,16,16,94,"[0, 2, 3, 42, 43, 44, 45, 46, 57, 59, 61, 63, 64, 66, 67, 68]",0.12368781378366044,32,[],207.17297500050336,168.10000899931765,542
0.0,-2.0,[],0,,1781072009257.0256,0.0,1781072009112.0574,0,0,144.96771599988278,45952,10460.70751953125,4.08302116394043,32,0.07207995653152466,0.008469618856906891,4,6,32,1781072009265.5356,1781072009097.904,4386,301,middle,1.0,37.296999000318465,4.238094999891473,observability_fixed_R16_k16,good,22.66239300115558,0,False,False,0.0,"[0, 2, 3, 42, 43, 44, 45, 46, 57, 59, 61, 63, 64, 66, 67, 68]",1,pg19,0,bc240ef1-2e86-4634-bda9-791a6f33c26c,22612,766,False,16,16,95,"[0, 2, 3, 42, 43, 44, 45, 46, 57, 59, 61, 63, 64, 66, 67, 68]",0.12448700410396717,33,[],205.49235900034546,167.63010900103836,546
0.0,-1.75,[],0,0.9191614389419556,1781072009728.8938,66.67861499954597,1781072009520.0276,16,996,208.86720899943612,4295,10458.96875,0.1268097311258316,32,0.9849581718444824,0.9824782570358366,6,6,32,1781072009737.5234,1781072009504.4568,4387,302,middle,0.6,30.400170999200782,0.06399999983841553,observability_fixed_R16_k16,good,24.197684000682784,0,False,False,0.0,"[0, 2, 3, 42, 43, 44, 45, 46, 57, 59, 61, 63, 64, 66, 67, 68]",1,pg19,0,bc240ef1-2e86-4634-bda9-791a6f33c26c,22585,956,True,16,16,96,"[0, 1, 2, 3, 4, 16, 42, 43, 46, 61, 63, 64, 65, 66, 67, 68]",0.12468657396854342,34,"[0, 4387, 4386, 4384, 4349, 4378, 4377, 4369, 4368, 4352, 4379, 4380, 4350, 4385, 4373, 4321]",207.6124509985675,233.0648930001189,547
0.0625,0.5,"[0, 7]",2,,1781072010080.4722,0.0,1781072010002.2002,0,0,78.27130199984822,7710,10458.96875,1.4676145315170288,32,0.6676012277603149,0.5743832141160965,6,6,32,1781072010089.7676,1781072009988.0212,4388,303,middle,1.0,30.72697999959928,4.189473000224098,observability_fixed_R16_k16,good,23.469940999348182,0,False,False,0.0,"[0, 1, 2, 3, 4, 16, 42, 43, 46, 61, 63, 64, 65, 66, 67, 68]",1,pg19,2,bc240ef1-2e86-4634-bda9-791a6f33c26c,22616,766,False,16,16,97,"[0, 1, 2, 3, 4, 16, 42, 43, 46, 61, 63, 64, 65, 66, 67, 68]",0.11759343664539654,3,[],214.5872060009424,101.7412429991964,516
0.0,-1.25,[],0,,1781072010494.4797,0.0,1781072010344.02,0,0,150.45990700127732,42767,10460.1279296875,2.4551093578338623,32,0.452647864818573,0.19473689794540405,5,6,32,1781072010503.3489,1781072010329.687,4391,306,middle,1.0,32.876937999390066,0.07236700002977159,observability_fixed_R16_k16,good,23.200035997433588,0,False,False,0.0,"[0, 1, 2, 3, 4, 16, 42, 43, 46, 61, 63, 64, 65, 66, 67, 68]",1,pg19,0,bc240ef1-2e86-4634-bda9-791a6f33c26c,22615,763,False,16,16,98,"[0, 1, 2, 3, 4, 16, 42, 43, 46, 61, 63, 64, 65, 66, 67, 68]",0.11819631063539057,4,[],205.84710000002815,173.6599429987109,519
0.0,-0.5,[],0,,1781072010894.4302,0.0,1781072010753.2537,0,0,141.17525999972713,5251,10458.96875,3.5820515155792236,32,0.2770736813545227,0.20591527223587036,5,6,32,1781072010903.2744,1781072010739.2114,4392,307,middle,1.0,31.09671799938951,0.06965000102354679,observability_fixed_R16_k16,good,22.88641100130917,0,False,False,0.0,"[0, 1, 2, 3, 4, 16, 42, 43, 46, 61, 63, 64, 65, 66, 67, 68]",1,pg19,0,bc240ef1-2e86-4634-bda9-791a6f33c26c,22636,763,False,16,16,99,"[0, 1, 2, 3, 4, 16, 42, 43, 46, 61, 63, 64, 65, 66, 67, 68]",0.11839708561020036,5,[],203.86661399970762,164.0616710010363,520
0.03125,0.5,[0],1,,1781072011297.133,0.0,1781072011155.9316,0,0,141.20074800121074,35184,10458.96875,0.9478398561477661,32,0.8364341259002686,0.7954361476004124,4,6,32,1781072011305.9768,1781072011142.0315,4393,308,middle,1.0,30.877994000547915,0.06787799975427333,observability_fixed_R16_k16,good,22.742433997336775,0,False,False,0.0,"[0, 1, 2, 3, 4, 16, 42, 43, 46, 61, 63, 64, 65, 66, 67, 68]",1,pg19,1,bc240ef1-2e86-4634-bda9-791a6f33c26c,22622,767,False,16,16,100,"[0, 1, 2, 3, 4, 16, 42, 43, 46, 61, 63, 64, 65, 66, 67, 68]",0.11859776917823811,7,[],206.99819900073635,163.94318199854752,521
0.0,-0.75,[],0,,1781072011707.7468,0.0,1781072011564.4119,0,0,143.3344130000478,45412,10459.54833984375,5.619474411010742,32,0.11020614951848984,0.03326985985040665,4,6,32,1781072011716.4812,1781072011548.8118,4395,310,middle,1.0,32.56111500013503,0.06882599882374052,observability_fixed_R16_k16,good,24.33411199854163,0,False,False,0.0,"[0, 1, 2, 3, 4, 16, 42, 43, 46, 61, 63, 64, 65, 66, 67, 68]",1,pg19,0,bc240ef1-2e86-4634-bda9-791a6f33c26c,22653,763,False,16,16,101,"[0, 1, 2, 3, 4, 16, 42, 43, 46, 61, 63, 64, 65, 66, 67, 68]",0.11899886234357224,8,[],209.15978899938636,167.66852499858942,523
0.125,3.75,"[3, 15, 26, 30]",4,,1781072012111.771,0.0,1781072011970.878,0,0,140.89268499992613,3168,10458.96875,3.9509689807891846,32,0.18793079257011414,0.06659355014562607,5,6,32,1781072012120.3118,1781072011957.1123,4396,311,middle,1.0,30.592895000154385,0.06537199988088105,observability_fixed_R16_k16,good,22.305292999590165,0,False,False,0.0,"[0, 1, 2, 3, 4, 16, 42, 43, 46, 61, 63, 64, 65, 66, 67, 68]",1,pg19,4,bc240ef1-2e86-4634-bda9-791a6f33c26c,22649,782,False,16,16,102,"[0, 1, 2, 3, 4, 16, 42, 43, 46, 61, 63, 64, 65, 66, 67, 68]",0.1191992720655141,13,[],209.16256499913288,163.1979779995163,524
0.0,-1.25,[],0,,1781072012521.8367,0.0,1781072012379.6362,0,0,142.1994700012874,1964,10461.287109375,5.211606502532959,32,0.06852971017360687,0.0051500871777534485,6,6,32,1781072012530.4458,1781072012365.8237,4401,316,middle,1.0,32.649437998770736,0.06549799945787527,observability_fixed_R16_k16,good,22.421172998292604,0,False,False,0.0,"[0, 1, 2, 3, 4, 16, 42, 43, 46, 61, 63, 64, 65, 66, 67, 68]",1,pg19,0,bc240ef1-2e86-4634-bda9-791a6f33c26c,22686,761,False,16,16,103,"[0, 1, 2, 3, 4, 16, 42, 43, 46, 61, 63, 64, 65, 66, 67, 68]",0.12019995455578278,14,[],211.97848599877034,164.62064299958,529
0.0,-1.25,[],0,,1781072012926.6528,0.0,1781072012785.6416,0,0,141.01093300087086,5049,10458.96875,2.101496696472168,32,0.3535521626472473,0.02142062783241272,6,6,32,1781072012935.1416,1781072012771.5398,4402,317,middle,1.0,30.76995999981591,0.06537599983857945,observability_fixed_R16_k16,good,22.590000999116455,0,False,False,0.0,"[0, 1, 2, 3, 4, 16, 42, 43, 46, 61, 63, 64, 65, 66, 67, 68]",1,pg19,0,bc240ef1-2e86-4634-bda9-791a6f33c26c,22685,764,False,16,16,104,"[0, 1, 2, 3, 4, 16, 42, 43, 46, 61, 63, 64, 65, 66, 67, 68]",0.12039981826442527,15,[],209.44327899997006,163.60093399998732,530
0.03125,0.0,[2],1,,1781072013331.4548,0.0,1781072013189.7122,0,0,141.74185699994268,51983,10458.96875,4.48552131652832,32,0.1986057460308075,0.10908711701631546,5,6,32,1781072013340.2068,1781072013175.658,4403,318,middle,1.0,30.63158199984173,0.0680760003888281,observability_fixed_R16_k16,good,22.80571300070733,0,False,False,0.0,"[0, 1, 2, 3, 4, 16, 42, 43, 46, 61, 63, 64, 65, 66, 67, 68]",1,pg19,1,bc240ef1-2e86-4634-bda9-791a6f33c26c,22686,768,False,16,16,105,"[0, 1, 2, 3, 4, 16, 42, 43, 46, 61, 63, 64, 65, 66, 67, 68]",0.12059959118782648,17,[],209.01702500123065,164.54757000065,531
0.09375,1.75,"[0, 4, 13]",3,,1781072013740.347,0.0,1781072013597.5593,0,0,142.7864060005959,26103,10459.54833984375,0.9274263978004456,32,0.6796522736549377,0.448412224650383,5,6,32,1781072013749.0784,1781072013583.7258,4405,320,middle,1.0,32.61460400062788,0.0666759988234844,observability_fixed_R16_k16,good,22.56484499957878,0,False,False,0.0,"[0, 1, 2, 3, 4, 16, 42, 43, 46, 61, 63, 64, 65, 66, 67, 68]",1,pg19,3,bc240ef1-2e86-4634-bda9-791a6f33c26c,22689,774,False,16,16,106,"[0, 1, 2, 3, 4, 16, 42, 43, 46, 61, 63, 64, 65, 66, 67, 68]",0.12099886492622021,21,[],210.04198099944915,165.35125100017467,533
0.0625,1.0,"[0, 12]",2,,1781072014148.786,0.0,1781072014005.562,0,0,143.2235979991674,47407,10460.70751953125,2.9637069702148438,32,0.3534925580024719,0.2254660427570343,5,6,32,1781072014157.359,1781072013991.48,4409,324,middle,1.0,32.32356900116429,0.06771600055799354,observability_fixed_R16_k16,good,22.654142001556465,0,False,False,0.0,"[0, 1, 2, 3, 4, 16, 42, 43, 46, 61, 63, 64, 65, 66, 67, 68]",1,pg19,2,bc240ef1-2e86-4634-bda9-791a6f33c26c,22718,768,False,16,16,107,"[0, 1, 2, 3, 4, 16, 42, 43, 46, 61, 63, 64, 65, 66, 67, 68]",0.12179632569743706,24,[],209.21207100036554,165.87774000072386,537
0.03125,-0.5,[4],1,,1781072014556.3564,0.0,1781072014413.7073,0,0,142.6483469986124,45412,10460.70751953125,3.617060661315918,32,0.20002976059913635,0.13406693935394287,3,6,32,1781072014565.1194,1781072014399.6355,4412,327,middle,1.0,32.42311500071082,0.06982100057939533,observability_fixed_R16_k16,good,22.834215000330005,0,False,False,0.0,"[0, 1, 2, 3, 4, 16, 42, 43, 46, 61, 63, 64, 65, 66, 67, 68]",1,pg19,1,bc240ef1-2e86-4634-bda9-791a6f33c26c,22737,765,False,16,16,108,"[0, 1, 2, 3, 4, 16, 42, 43, 46, 61, 63, 64, 65, 66, 67, 68]",0.12239347234814144,26,[],208.98423800099408,165.4825619989424,540
0.1875,4.25,"[0, 1, 2, 3, 4, 26]",6,,1781072014968.8323,0.0,1781072014824.3013,0,0,144.5316230001481,10504,10459.54833984375,0.001547224004752934,32,0.9998862743377686,0.9998687730949314,6,6,32,1781072014977.7305,1781072014808.7651,4414,329,middle,1.0,32.42560000035155,0.06937299986020662,observability_fixed_R16_k16,good,24.431215000731754,0,False,False,0.0,"[0, 1, 2, 3, 4, 16, 42, 43, 46, 61, 63, 64, 65, 66, 67, 68]",1,pg19,6,bc240ef1-2e86-4634-bda9-791a6f33c26c,22721,787,False,16,16,109,"[0, 1, 2, 3, 4, 16, 42, 43, 46, 61, 63, 64, 65, 66, 67, 68]",0.12279111916628908,33,[],210.32650800043484,168.96283800087986,542
0.1875,3.0,"[0, 2, 4, 23, 29, 31]",6,,1781072015393.7788,0.0,1781072015249.4795,0,0,144.29863700024725,40567,10462.91162109375,0.0776769295334816,32,0.9858978986740112,0.9724788144230843,6,6,32,1781072015402.6162,1781072015235.118,4421,336,middle,0.9411764705882353,36.93908199966245,4.214653999952134,observability_fixed_R16_k16,good,23.19804699982342,0,False,False,0.0,"[0, 1, 2, 3, 4, 16, 42, 43, 46, 61, 63, 64, 65, 66, 67, 68, 69]",1,pg19,6,bc240ef1-2e86-4634-bda9-791a6f33c26c,22772,793,False,16,16,110,"[0, 1, 2, 3, 4, 16, 42, 43, 46, 61, 63, 64, 65, 66, 67, 68]",0.13141823116941867,40,[],215.08050300144532,167.49668400007067,581
0.1875,2.25,"[0, 1, 5, 9, 13, 18]",6,,1781072015805.1025,0.0,1781072015661.5056,0,0,143.59592300024815,654,10462.4462890625,0.026099232956767082,32,0.9973500967025757,0.9962357962504029,6,6,32,1781072015813.7515,1781072015647.386,4428,343,late,0.9411764705882353,32.78363600111334,0.07174700112955179,observability_fixed_R16_k16,good,22.76846400127397,0,False,False,0.0,"[0, 1, 2, 3, 4, 16, 42, 43, 46, 61, 63, 64, 65, 66, 67, 68, 69]",1,pg19,6,bc240ef1-2e86-4634-bda9-791a6f33c26c,22827,788,False,16,16,111,"[0, 1, 2, 3, 4, 16, 42, 43, 46, 61, 63, 64, 65, 66, 67, 68]",0.13279132791327913,47,[],211.09873999921547,166.36438700152212,588
0.1875,1.25,"[0, 1, 2, 3, 12, 28]",6,0.9217724800109863,1781072016337.9756,125.7155059993238,1781072016069.2146,16,986,268.7611339988507,13272,10462.4462890625,8.863657058100216e-06,32,0.9999994039535522,0.999998850036377,6,6,32,1781072016346.5823,1781072016055.174,4435,350,late,0.9411764705882353,32.209586001044954,0.07134500083338935,observability_fixed_R16_k16,good,22.645952001767,0,False,False,0.0,"[0, 1, 2, 3, 4, 16, 42, 43, 46, 61, 63, 64, 65, 66, 67, 68, 69]",1,pg19,6,bc240ef1-2e86-4634-bda9-791a6f33c26c,22837,980,True,16,16,112,"[0, 1, 2, 3, 4, 16, 42, 43, 46, 63, 64, 65, 66, 67, 68, 69]",0.13416009019165728,54,"[0, 4441, 4440, 4438, 4403, 4437, 4436, 4402, 4439, 4326, 4331, 4422, 4330, 4407, 4432, 4400]",208.35655299924838,291.4070860006177,595
0.125,-2.0,"[0, 1, 2, 5]",4,,1781072016682.167,0.0,1781072016605.3352,0,0,76.83116499902098,26103,10462.4462890625,0.21434317529201508,32,0.9782790541648865,0.9769606526242569,6,6,32,1781072016690.7776,1781072016591.3828,4442,357,late,1.0,32.52928599977167,4.190971001662547,observability_fixed_R16_k16,good,22.56255500105908,0,False,False,0.0,"[0, 1, 2, 3, 4, 16, 42, 43, 46, 63, 64, 65, 66, 67, 68, 69]",1,pg19,4,bc240ef1-2e86-4634-bda9-791a6f33c26c,22873,775,False,16,16,113,"[0, 1, 2, 3, 4, 16, 42, 43, 46, 63, 64, 65, 66, 67, 68, 69]",0.12111661413777577,5,[],207.15653800107248,99.39372000008007,538
0.0625,-3.5,"[0, 1]",2,,1781072017095.8374,0.0,1781072016943.2576,0,0,152.57863899933,47407,10461.287109375,0.17697258293628693,32,0.9795424938201904,0.9733422687277198,6,6,32,1781072017104.498,1781072016929.119,4447,362,late,1.0,31.386384000143153,0.06568000026163645,observability_fixed_R16_k16,good,22.799127002144814,0,False,False,0.0,"[0, 1, 2, 3, 4, 16, 42, 43, 46, 63, 64, 65, 66, 67, 68, 69]",1,pg19,2,bc240ef1-2e86-4634-bda9-791a6f33c26c,22913,763,False,16,16,114,"[0, 1, 2, 3, 4, 16, 42, 43, 46, 63, 64, 65, 66, 67, 68, 69]",0.12210478974589611,8,[],206.1066229998687,175.3777660014748,543
0.1875,1.5,"[0, 14, 27, 29, 30, 31]",6,,1781072017510.5676,0.0,1781072017367.552,0,0,143.01498500026355,3168,10460.1279296875,1.8452763557434082,32,0.6730102300643921,0.6319563463330269,6,6,32,1781072017519.2888,1781072017353.506,4450,365,late,1.0,36.385724999490776,4.171369000687264,observability_fixed_R16_k16,good,22.766268000850687,0,False,False,0.0,"[0, 1, 2, 3, 4, 16, 42, 43, 46, 63, 64, 65, 66, 67, 68, 69]",1,pg19,6,bc240ef1-2e86-4634-bda9-791a6f33c26c,22922,795,False,16,16,115,"[0, 1, 2, 3, 4, 16, 42, 43, 46, 63, 64, 65, 66, 67, 68, 69]",0.12269662921348315,15,[],207.66385999922932,165.78125300111424,546
0.1875,1.5,"[1, 14, 16, 19, 27, 30]",6,,1781072017916.7283,0.0,1781072017773.9065,0,0,142.82121199903486,4295,10462.4462890625,2.307825803756714,32,0.578021228313446,0.39895859360694885,6,6,32,1781072017925.532,1781072017759.8875,4457,372,late,1.0,32.99390999927709,0.07209000068542082,observability_fixed_R16_k16,good,22.821251001005294,0,False,False,0.0,"[0, 1, 2, 3, 4, 16, 42, 43, 46, 63, 64, 65, 66, 67, 68, 69]",1,pg19,6,bc240ef1-2e86-4634-bda9-791a6f33c26c,22969,796,False,16,16,116,"[0, 1, 2, 3, 4, 16, 42, 43, 46, 63, 64, 65, 66, 67, 68, 69]",0.1240744895669733,22,[],206.74318300007144,165.64246300004015,553
0.1875,1.5,"[0, 2, 4, 9, 17, 25]",6,,1781072018320.2124,0.0,1781072018179.0583,0,0,141.15331199900538,35184,10462.4462890625,0.01582292839884758,32,0.9981617331504822,0.9967519789934158,6,6,32,1781072018328.8508,1781072018165.1013,4464,379,late,1.0,31.875028000285965,0.07194899990281556,observability_fixed_R16_k16,good,22.594707001189818,0,False,False,0.0,"[0, 1, 2, 3, 4, 16, 42, 43, 46, 63, 64, 65, 66, 67, 68, 69]",1,pg19,6,bc240ef1-2e86-4634-bda9-791a6f33c26c,23010,791,False,16,16,117,"[0, 1, 2, 3, 4, 16, 42, 43, 46, 63, 64, 65, 66, 67, 68, 69]",0.12544802867383512,29,[],206.52710200010915,163.7480190001952,560
0.1875,1.0,"[0, 13, 18, 21, 24, 27]",6,,1781072018727.688,0.0,1781072018586.3496,0,0,141.33790800042334,1964,10462.4462890625,1.4899519681930542,32,0.8066571354866028,0.7683351524174213,6,6,32,1781072018736.2925,1781072018572.203,4471,386,late,1.0,32.55022700068366,0.07143499897210859,observability_fixed_R16_k16,good,22.75042899964319,0,False,False,0.0,"[0, 1, 2, 3, 4, 16, 42, 43, 46, 63, 64, 65, 66, 67, 68, 69]",1,pg19,6,bc240ef1-2e86-4634-bda9-791a6f33c26c,23044,795,False,16,16,118,"[0, 1, 2, 3, 4, 16, 42, 43, 46, 63, 64, 65, 66, 67, 68, 69]",0.12681726683068664,36,[],209.92388000013307,164.08833700006653,567
0.1875,0.0,"[0, 1, 4, 17, 23, 28]",6,,1781072019136.6482,0.0,1781072018993.213,0,0,143.4346820005885,26103,10462.4462890625,0.0016225145664066076,32,0.9998739957809448,0.9998351680551423,6,6,32,1781072019145.5422,1781072018979.3726,4478,393,late,1.0,32.611153001198545,0.07466399983968586,observability_fixed_R16_k16,good,22.733301999323885,0,False,False,0.0,"[0, 1, 2, 3, 4, 16, 42, 43, 46, 63, 64, 65, 66, 67, 68, 69]",1,pg19,6,bc240ef1-2e86-4634-bda9-791a6f33c26c,23071,789,False,16,16,119,"[0, 1, 2, 3, 4, 16, 42, 43, 46, 63, 64, 65, 66, 67, 68, 69]",0.12818222420723538,43,[],209.57755900053598,166.1679839999124,574
0.1875,0.0,"[0, 1, 2, 3, 5, 25]",6,,1781072019555.4282,0.0,1781072019412.2346,0,0,143.19276899914257,3414,10462.4462890625,3.763580753002316e-05,32,0.999997615814209,0.9999961101137842,6,6,32,1781072019563.9104,1781072019398.0354,4485,400,late,0.9411764705882353,36.70337199946516,4.2573329992592335,observability_fixed_R16_k16,good,22.680665000734734,0,False,False,0.0,"[0, 1, 2, 3, 4, 16, 42, 43, 46, 63, 64, 65, 66, 67, 68, 69, 70]",1,pg19,6,bc240ef1-2e86-4634-bda9-791a6f33c26c,23095,788,False,16,16,120,"[0, 1, 2, 3, 4, 16, 42, 43, 46, 63, 64, 65, 66, 67, 68, 69]",0.1366778149386845,50,[],210.58990900019126,165.8734339998773,613
0.1875,0.0,"[0, 1, 2, 10, 25, 28]",6,,1781072019965.3743,0.0,1781072019822.3987,0,0,142.97454500047024,1093,10462.4462890625,3.0295321266748942e-05,32,0.9999979734420776,0.9999965808963225,6,6,32,1781072019974.1626,1781072019808.1987,4492,407,late,0.9411764705882353,32.62760500001605,0.08244600030593574,observability_fixed_R16_k16,good,22.988384000200313,0,False,False,0.0,"[0, 1, 2, 3, 4, 16, 42, 43, 46, 63, 64, 65, 66, 67, 68, 69, 70]",1,pg19,6,bc240ef1-2e86-4634-bda9-791a6f33c26c,23130,791,False,16,16,121,"[0, 1, 2, 3, 4, 16, 42, 43, 46, 63, 64, 65, 66, 67, 68, 69]",0.13802315227070347,57,[],210.76465400074085,165.96292900067056,620
0.1875,0.0,"[0, 12, 15, 20, 25, 28]",6,,1781072020384.9973,0.0,1781072020240.928,0,0,144.06843899996602,42767,10462.4462890625,0.05086248368024826,32,0.9954641461372375,0.9950485498411581,6,6,32,1781072020393.8892,1781072020226.3416,4499,414,late,0.9411764705882353,32.70826600055443,0.08925600013753865,observability_fixed_R16_k16,good,23.476738000681507,0,False,False,0.0,"[0, 1, 2, 3, 4, 16, 42, 43, 46, 63, 64, 65, 66, 67, 68, 69, 70]",1,pg19,6,bc240ef1-2e86-4634-bda9-791a6f33c26c,23193,796,False,16,16,122,"[0, 1, 2, 3, 4, 16, 42, 43, 46, 63, 64, 65, 66, 67, 68, 69]",0.1393643031784841,64,[],218.53483599988976,167.54517700064753,627
0.1875,0.0,"[0, 1, 2, 4, 22, 29]",6,,1781072020794.61,0.0,1781072020651.7915,0,0,142.8175260007265,367,10462.4462890625,8.329373667947948e-05,32,0.9999938011169434,0.9999876569427215,6,6,32,1781072020803.1125,1781072020637.335,4506,421,late,0.9411764705882353,33.261784999922384,0.0800300003902521,observability_fixed_R16_k16,good,22.957449000386987,0,False,False,0.0,"[0, 1, 2, 3, 4, 16, 42, 43, 46, 63, 64, 65, 66, 67, 68, 69, 70]",1,pg19,6,bc240ef1-2e86-4634-bda9-791a6f33c26c,23212,782,False,16,16,123,"[0, 1, 2, 3, 4, 16, 42, 43, 46, 63, 64, 65, 66, 67, 68, 69]",0.14070128717265867,71,[],209.2073200001323,165.7749750011135,634
0.1875,0.0,"[0, 1, 4, 7, 9, 14]",6,,1781072021213.1252,0.0,1781072021069.4211,0,0,143.70273900021857,57342,10462.4462890625,0.000256399653153494,32,0.999983549118042,0.9999804596650392,6,6,32,1781072021221.6865,1781072021054.8733,4513,428,late,0.9411764705882353,36.87036800147325,4.4185859987919684,observability_fixed_R16_k16,good,23.107099999833736,0,False,False,0.0,"[0, 1, 2, 3, 4, 16, 42, 43, 46, 63, 64, 65, 66, 67, 68, 69, 70]",1,pg19,6,bc240ef1-2e86-4634-bda9-791a6f33c26c,23236,789,False,16,16,124,"[0, 1, 2, 3, 4, 16, 42, 43, 46, 63, 64, 65, 66, 67, 68, 69]",0.14203412364280965,78,[],209.3850349992863,166.8098390000523,641
0.1875,0.0,"[0, 1, 3, 11, 19, 26]",6,,1781072021614.4302,0.0,1781072021472.4058,0,0,142.02353699874948,35184,10462.4462890625,0.0006733256741426885,32,0.9999477863311768,0.9999318502868846,6,6,32,1781072021622.9355,1781072021457.7969,4520,435,late,0.9411764705882353,31.97651499976928,0.09230000068782829,observability_fixed_R16_k16,good,23.113995001040166,0,False,False,0.0,"[0, 1, 2, 3, 4, 16, 42, 43, 46, 63, 64, 65, 66, 67, 68, 69, 70]",1,pg19,6,bc240ef1-2e86-4634-bda9-791a6f33c26c,23291,792,False,16,16,125,"[0, 1, 2, 3, 4, 16, 42, 43, 46, 63, 64, 65, 66, 67, 68, 69]",0.1433628318584071,85,[],202.99735300068278,165.13753199978964,648
0.1875,0.0,"[0, 18, 25, 27, 29, 30]",6,,1781072022021.1758,0.0,1781072021878.0166,0,0,143.15846800127474,362,10462.4462890625,1.532926082611084,32,0.8087344765663147,0.7823283616453409,6,6,32,1781072022029.6443,1781072021863.7217,4527,442,late,0.9411764705882353,32.49871399930271,0.08505400001013186,observability_fixed_R16_k16,good,22.761775999242673,0,False,False,0.0,"[0, 1, 2, 3, 4, 16, 42, 43, 46, 63, 64, 65, 66, 67, 68, 69, 70]",1,pg19,6,bc240ef1-2e86-4634-bda9-791a6f33c26c,23322,794,False,16,16,126,"[0, 1, 2, 3, 4, 16, 42, 43, 46, 63, 64, 65, 66, 67, 68, 69]",0.14468743096973713,92,[],207.38565899955574,165.9202440005174,655
0.1875,0.0,"[0, 1, 3, 7, 19, 24]",6,,1781072022430.169,0.0,1781072022285.745,0,0,144.42211499954283,65126,10462.4462890625,0.0001073282037395984,32,0.9999929666519165,0.9999910927862175,6,6,32,1781072022438.7935,1781072022271.2036,4534,449,late,0.9411764705882353,32.81268899991119,0.08847800017974805,observability_fixed_R16_k16,good,23.165523001807742,0,False,False,0.0,"[0, 1, 2, 3, 4, 16, 42, 43, 46, 63, 64, 65, 66, 67, 68, 69, 70]",1,pg19,6,bc240ef1-2e86-4634-bda9-791a6f33c26c,23351,790,False,16,16,127,"[0, 1, 2, 3, 4, 16, 42, 43, 46, 63, 64, 65, 66, 67, 68, 69]",0.14600794000882222,99,[],207.794362999266,167.58763800135057,662
0.1875,0.0,"[0, 1, 3, 9, 15, 21]",6,0.9159771800041199,1781072022975.1873,127.8495259994088,1781072022700.7756,16,964,274.4120049992489,45412,10462.4462890625,2.739028241194319e-05,32,0.9999983310699463,0.9999975124342768,6,6,32,1781072022984.0107,1781072022684.7207,4541,456,late,0.8333333333333334,36.10676300013438,0.09805300032894593,observability_fixed_R16_k16,good,24.875572000382817,0,False,False,0.0,"[0, 1, 2, 3, 4, 16, 42, 43, 46, 63, 64, 65, 66, 67, 68, 69, 70]",1,pg19,6,bc240ef1-2e86-4634-bda9-791a6f33c26c,23402,981,True,16,16,128,"[0, 1, 2, 4, 16, 42, 43, 46, 63, 65, 66, 67, 68, 69, 70, 71]",0.14732437789033254,106,"[0, 4547, 4546, 1038, 4528, 4545, 4509, 262, 4395, 4527, 4320, 4510, 4471, 4489, 4490, 4433]",208.5988199996791,299.2875769996317,669
0.1875,0.0,"[0, 1, 2, 4, 5, 20]",6,,1781072023324.6646,0.0,1781072023248.0703,0,0,76.59379199867544,5049,10462.4462890625,7.711799298704136e-06,32,0.9999996423721313,0.9999994932873051,6,6,32,1781072023333.349,1781072023233.97,4548,463,late,1.0,37.24699700069323,4.137969999646884,observability_fixed_R16_k16,good,22.78383300108544,0,False,False,0.0,"[0, 1, 2, 4, 16, 42, 43, 46, 63, 65, 66, 67, 68, 69, 70, 71]",1,pg19,6,bc240ef1-2e86-4634-bda9-791a6f33c26c,23400,783,False,16,16,129,"[0, 1, 2, 4, 16, 42, 43, 46, 63, 65, 66, 67, 68, 69, 70, 71]",0.12049252418645559,7,[],207.28907400007301,99.37762499976088,548
0.1875,0.0,"[0, 4, 12, 17, 22, 26]",6,,1781072023737.9375,0.0,1781072023585.6882,0,0,152.24859900081356,1718,10462.4462890625,0.06347043067216873,32,0.9919652938842773,0.9871511259116232,6,6,32,1781072023746.4756,1781072023571.129,4555,470,late,1.0,31.43317899957765,0.06551799924636725,observability_fixed_R16_k16,good,23.096856999472948,0,False,False,0.0,"[0, 1, 2, 4, 16, 42, 43, 46, 63, 65, 66, 67, 68, 69, 70, 71]",1,pg19,6,bc240ef1-2e86-4634-bda9-791a6f33c26c,23472,792,False,16,16,130,"[0, 1, 2, 4, 16, 42, 43, 46, 63, 65, 66, 67, 68, 69, 70, 71]",0.12184412733260154,14,[],205.47136499953922,175.3454560002865,555
0.09375,-3.0,"[0, 1, 2]",3,,1781072024143.3088,0.0,1781072024000.1833,0,0,143.1243010010803,45412,10462.4462890625,0.001439303276129067,32,0.9998583793640137,0.9997228594002081,6,6,32,1781072024152.0837,1781072023985.932,4562,477,late,1.0,32.80160699978296,0.06931400093890261,observability_fixed_R16_k16,good,23.026014998322353,0,False,False,0.0,"[0, 1, 2, 4, 16, 42, 43, 46, 63, 65, 66, 67, 68, 69, 70, 71]",1,pg19,3,bc240ef1-2e86-4634-bda9-791a6f33c26c,23469,773,False,16,16,131,"[0, 1, 2, 4, 16, 42, 43, 46, 63, 65, 66, 67, 68, 69, 70, 71]",0.12319158263919333,18,[],205.75356900008046,166.15031599940266,562
0.1875,0.75,"[0, 1, 2, 3, 4, 18]",6,,1781072024551.0771,0.0,1781072024407.6035,0,0,143.47260700014886,10504,10460.70751953125,0.002843275433406234,32,0.9997647404670715,0.9997046094831603,6,6,32,1781072024559.6775,1781072024393.3767,4566,481,late,1.0,32.91860299941618,0.07135799933166709,observability_fixed_R16_k16,good,22.8268359987851,0,False,False,0.0,"[0, 1, 2, 4, 16, 42, 43, 46, 63, 65, 66, 67, 68, 69, 70, 71]",1,pg19,6,bc240ef1-2e86-4634-bda9-791a6f33c26c,23499,790,False,16,16,132,"[0, 1, 2, 4, 16, 42, 43, 46, 63, 65, 66, 67, 68, 69, 70, 71]",0.12395970214629873,25,[],207.4612669985072,166.29944299893396,566
0.1875,0.75,"[0, 2, 4, 7, 18, 28]",6,,1781072024960.5164,0.0,1781072024817.5698,0,0,142.94560100097442,40567,10462.4462890625,0.11314217746257782,32,0.9766621589660645,0.9536932650953531,6,6,32,1781072024969.4114,1781072024803.2021,4573,488,late,1.0,32.77293199971609,0.08209999941755086,observability_fixed_R16_k16,good,23.2615969980543,0,False,False,0.0,"[0, 1, 2, 4, 16, 42, 43, 46, 63, 65, 66, 67, 68, 69, 70, 71]",1,pg19,6,bc240ef1-2e86-4634-bda9-791a6f33c26c,23557,792,False,16,16,133,"[0, 1, 2, 4, 16, 42, 43, 46, 63, 65, 66, 67, 68, 69, 70, 71]",0.12530067789197463,32,[],209.83736400012276,166.20719799902872,573
0.1875,0.75,"[0, 6, 14, 22, 26, 29]",6,,1781072025383.7695,0.0,1781072025239.921,0,0,143.84815500125114,654,10462.4462890625,0.9600424766540527,32,0.8261258006095886,0.7802415415644646,6,6,32,1781072025392.5642,1781072025225.196,4580,495,late,1.0,36.71824900084175,4.231719998642802,observability_fixed_R16_k16,good,23.518779998994432,0,False,False,0.0,"[0, 1, 2, 4, 16, 42, 43, 46, 63, 65, 66, 67, 68, 69, 70, 71]",1,pg19,6,bc240ef1-2e86-4634-bda9-791a6f33c26c,23591,790,False,16,16,134,"[0, 1, 2, 4, 16, 42, 43, 46, 63, 65, 66, 67, 68, 69, 70, 71]",0.12663755458515283,39,[],213.6789169999247,167.36693500024558,580
0.1875,0.75,"[0, 1, 2, 3, 14, 24]",6,,1781072025793.4927,0.0,1781072025649.6929,0,0,143.79918300073768,13272,10462.4462890625,0.000896142446435988,32,0.9999173879623413,0.9998425423109438,6,6,32,1781072025801.9832,1781072025635.7585,4587,502,late,1.0,32.55724100017687,0.07214200013549998,observability_fixed_R16_k16,good,22.424154998589074,0,False,False,0.0,"[0, 1, 2, 4, 16, 42, 43, 46, 63, 65, 66, 67, 68, 69, 70, 71]",1,pg19,6,bc240ef1-2e86-4634-bda9-791a6f33c26c,23613,792,False,16,16,135,"[0, 1, 2, 4, 16, 42, 43, 46, 63, 65, 66, 67, 68, 69, 70, 71]",0.1279703509919337,46,[],209.74298199871555,166.22333799932676,587
0.1875,0.0,"[0, 2, 5, 9, 15, 23]",6,,1781072026201.2961,0.0,1781072026058.052,0,0,143.24372000010044,362,10462.4462890625,0.08554590493440628,32,0.9921796321868896,0.9911703098332509,6,6,32,1781072026209.8267,1781072026043.8408,4594,509,late,1.0,32.6289420008834,0.0780119989940431,observability_fixed_R16_k16,good,22.740606998922885,0,False,False,0.0,"[0, 1, 2, 4, 16, 42, 43, 46, 63, 65, 66, 67, 68, 69, 70, 71]",1,pg19,6,bc240ef1-2e86-4634-bda9-791a6f33c26c,23660,787,False,16,16,136,"[0, 1, 2, 4, 16, 42, 43, 46, 63, 65, 66, 67, 68, 69, 70, 71]",0.12929908576404006,53,[],208.31336099945474,165.98432699902332,594
0.03125,0.0,[1],1,0.8464232087135315,1781072029172.339,125.18885099962063,1781072026759.4165,16,984,2412.9206289999274,773,12808.04638671875,3.1430721282958984,32,0.23052313923835754,0.0950055867433548,6,6,32,1781072029181.6067,1781072026744.9688,4054,0,early,0.5238095238095238,315.85513899881335,3.7500779999390943,observability_fixed_R16_k16,good,23.714924000159954,0,False,False,0.0,"[48, 49, 50, 51, 52, 53, 54, 55, 56, 57, 58, 59, 60, 61, 62, 63]",2,pg19,1,67ce6cb3-513a-4586-850a-5b4635674c09,21112,960,True,16,16,0,"[0, 6, 9, 10, 45, 51, 53, 55, 56, 57, 58, 59, 60, 61, 62, 63]",0.1262950172668969,2,"[0, 4055, 4054, 4053, 4010, 4026, 3919, 4025, 4052, 3979, 4035, 4012, 4015, 3951, 4030, 4011]",201.12657400022727,2436.6355530000874,512
0.0,-1.0,[],0,,1781072029523.493,0.0,1781072029448.448,0,0,75.04455399975996,11,10459.54833984375,1.31917405128479,32,0.4191596210002899,0.0977787971496582,6,6,32,1781072029532.1882,1781072029434.0706,4056,2,early,1.0,37.45286100092926,4.244860001563211,observability_fixed_R16_k16,good,23.07166100035829,0,False,False,0.0,"[0, 6, 9, 10, 45, 51, 53, 55, 56, 57, 58, 59, 60, 61, 62, 63]",2,pg19,0,67ce6cb3-513a-4586-850a-5b4635674c09,21095,754,False,16,16,1,"[0, 6, 9, 10, 45, 51, 53, 55, 56, 57, 58, 59, 60, 61, 62, 63]",0.13214990138067062,1,[],209.6520729992335,98.11621500011825,536
0.0,-0.5,[],0,,1781072029935.5745,0.0,1781072029787.0356,0,0,148.53831700020237,504,10458.96875,0.9449803829193115,32,0.8484994173049927,0.7942566648125648,6,6,32,1781072029944.168,1781072029772.6758,4057,3,early,1.0,29.983787000674056,0.05692999911843799,observability_fixed_R16_k16,good,22.952178998821182,0,False,False,0.0,"[0, 6, 9, 10, 45, 51, 53, 55, 56, 57, 58, 59, 60, 61, 62, 63]",2,pg19,0,67ce6cb3-513a-4586-850a-5b4635674c09,21088,761,False,16,16,2,"[0, 6, 9, 10, 45, 51, 53, 55, 56, 57, 58, 59, 60, 61, 62, 63]",0.1323638156273108,2,[],209.6766899994691,171.49049599902355,537
0.09375,2.6666666666666665,"[1, 7, 17]",3,,1781072030349.4172,0.0,1781072030208.2593,0,0,141.15710400074022,566,10458.96875,2.3147523403167725,32,0.3680059015750885,0.10705065727233887,6,6,32,1781072030357.9016,1781072030193.9954,4058,4,early,1.0,30.817123000815627,0.06039000072632916,observability_fixed_R16_k16,good,22.74653499989654,0,False,False,0.0,"[0, 6, 9, 10, 45, 51, 53, 55, 56, 57, 58, 59, 60, 61, 62, 63]",2,pg19,3,67ce6cb3-513a-4586-850a-5b4635674c09,21092,774,False,16,16,3,"[0, 6, 9, 10, 45, 51, 53, 55, 56, 57, 58, 59, 60, 61, 62, 63]",0.13257762444553967,6,[],218.1477839985746,163.90363900063676,538
0.0625,1.0,"[6, 17]",2,,1781072030757.9468,0.0,1781072030615.746,0,0,142.19993900042027,4227,10460.70751953125,3.684169054031372,32,0.14490021765232086,0.04531184583902359,5,6,32,1781072030766.651,1781072030601.8103,4062,8,early,1.0,32.902082000873634,0.06295499952102546,observability_fixed_R16_k16,good,22.638189999270253,0,False,False,0.0,"[0, 6, 9, 10, 45, 51, 53, 55, 56, 57, 58, 59, 60, 61, 62, 63]",2,pg19,2,67ce6cb3-513a-4586-850a-5b4635674c09,21134,771,False,16,16,4,"[0, 6, 9, 10, 45, 51, 53, 55, 56, 57, 58, 59, 60, 61, 62, 63]",0.13343180699162974,9,[],209.91823999975168,164.83812899969053,542
0.0625,0.75,"[2, 13]",2,,1781072031175.2253,0.0,1781072031032.6653,0,0,142.5591240003996,5510,10460.1279296875,2.9005496501922607,32,0.25066617131233215,0.05544714629650116,4,6,32,1781072031183.7053,1781072031018.7275,4065,11,early,1.0,37.2947940013546,4.219929000100819,observability_fixed_R16_k16,good,22.41638999839779,0,False,False,0.0,"[0, 6, 9, 10, 45, 51, 53, 55, 56, 57, 58, 59, 60, 61, 62, 63]",2,pg19,2,67ce6cb3-513a-4586-850a-5b4635674c09,21133,769,False,16,16,5,"[0, 6, 9, 10, 45, 51, 53, 55, 56, 57, 58, 59, 60, 61, 62, 63]",0.13407134071340712,12,[],209.53577199907159,164.9755139987974,545
0.03125,-0.75,[0],1,,1781072031583.0051,0.0,1781072031442.0618,0,0,140.9426269983669,23389,10460.1279296875,0.09549449384212494,32,0.988080620765686,0.9819233152084053,5,6,32,1781072031591.7148,1781072031427.8179,4068,14,early,1.0,32.68407399991702,0.062185001297621056,observability_fixed_R16_k16,good,22.9512860023533,0,False,False,0.0,"[0, 6, 9, 10, 45, 51, 53, 55, 56, 57, 58, 59, 60, 61, 62, 63]",2,pg19,1,67ce6cb3-513a-4586-850a-5b4635674c09,21137,765,False,16,16,6,"[0, 6, 9, 10, 45, 51, 53, 55, 56, 57, 58, 59, 60, 61, 62, 63]",0.13470993117010815,14,[],210.3315019994625,163.8939130007202,548
0.0625,0.0,"[0, 4]",2,,1781072031992.1174,0.0,1781072031850.8022,0,0,141.31489799910923,198,10459.54833984375,1.4535489082336426,32,0.474058598279953,0.23568697273731232,6,6,32,1781072032000.7778,1781072031836.7393,4070,16,early,1.0,32.74952599895187,0.07780300074955449,observability_fixed_R16_k16,good,22.721140001522144,0,False,False,0.0,"[0, 6, 9, 10, 45, 51, 53, 55, 56, 57, 58, 59, 60, 61, 62, 63]",2,pg19,2,67ce6cb3-513a-4586-850a-5b4635674c09,21148,767,False,16,16,7,"[0, 6, 9, 10, 45, 51, 53, 55, 56, 57, 58, 59, 60, 61, 62, 63]",0.13513513513513514,17,[],211.1809739999444,164.03603800063138,550
0.0,-1.75,[],0,,1781072032405.5447,0.0,1781072032260.3494,0,0,145.19553600075596,4197,10460.1279296875,5.004595756530762,32,0.08687026053667068,0.025270026177167892,5,6,32,1781072032414.1138,1781072032244.8801,4073,19,early,1.0,32.79847700105165,0.06301900066318922,observability_fixed_R16_k16,good,24.03568599947903,0,False,False,0.0,"[0, 6, 9, 10, 45, 51, 53, 55, 56, 57, 58, 59, 60, 61, 62, 63]",2,pg19,0,67ce6cb3-513a-4586-850a-5b4635674c09,21188,764,False,16,16,8,"[0, 6, 9, 10, 45, 51, 53, 55, 56, 57, 58, 59, 60, 61, 62, 63]",0.13577215811441198,18,[],210.18218399876787,169.231222000235,553
0.09375,1.75,"[0, 8, 16]",3,,1781072032810.7825,0.0,1781072032669.1975,0,0,141.5832299990143,4264,10458.96875,2.347111940383911,32,0.48194241523742676,0.3481118381023407,6,6,32,1781072032819.646,1781072032655.1936,4074,20,early,1.0,30.873400000928086,0.06600000051548705,observability_fixed_R16_k16,good,22.866616000101203,0,False,False,0.0,"[0, 6, 9, 10, 45, 51, 53, 55, 56, 57, 58, 59, 60, 61, 62, 63]",2,pg19,3,67ce6cb3-513a-4586-850a-5b4635674c09,21174,773,False,16,16,9,"[0, 6, 9, 10, 45, 51, 53, 55, 56, 57, 58, 59, 60, 61, 62, 63]",0.13598429062346587,22,[],209.29008500024793,164.4498459991155,554
0.0625,0.5,"[0, 3]",2,,1781072033218.47,0.0,1781072033076.1892,0,0,142.28031700076826,702,10460.70751953125,0.6738082766532898,32,0.8367024660110474,0.7485146820545197,6,6,32,1781072033226.9297,1781072033060.5698,4078,24,early,1.0,32.737798001107876,0.0669999990350334,observability_fixed_R16_k16,good,24.078044998532278,0,False,False,0.0,"[0, 6, 9, 10, 45, 51, 53, 55, 56, 57, 58, 59, 60, 61, 62, 63]",2,pg19,2,67ce6cb3-513a-4586-850a-5b4635674c09,21186,766,False,16,16,10,"[0, 6, 9, 10, 45, 51, 53, 55, 56, 57, 58, 59, 60, 61, 62, 63]",0.13683178028445317,25,[],207.0606350007438,166.35836199930054,558
0.09375,1.25,"[3, 11, 21]",3,,1781072033622.3142,0.0,1781072033480.4197,0,0,141.89394099958008,264,10460.1279296875,3.0870893001556396,32,0.15883611142635345,0.03120771050453186,6,6,32,1781072033630.9348,1781072033466.529,4081,27,early,1.0,32.44429400001536,0.06380400009220466,observability_fixed_R16_k16,good,22.509001999424072,0,False,False,0.0,"[0, 6, 9, 10, 45, 51, 53, 55, 56, 57, 58, 59, 60, 61, 62, 63]",2,pg19,3,67ce6cb3-513a-4586-850a-5b4635674c09,21223,775,False,16,16,11,"[0, 6, 9, 10, 45, 51, 53, 55, 56, 57, 58, 59, 60, 61, 62, 63]",0.13746630727762804,29,[],206.31330300057016,164.40294299900415,561
0.0625,0.0,"[1, 7]",2,,1781072034028.952,0.0,1781072033885.257,0,0,143.69431200066174,5390,10460.70751953125,1.4097386598587036,32,0.7660532593727112,0.687795989215374,6,6,32,1781072034037.6729,1781072033871.4011,4085,31,early,1.0,32.7112719987781,0.0649170015094569,observability_fixed_R16_k16,good,22.57469299911463,0,False,False,0.0,"[0, 6, 9, 10, 45, 51, 53, 55, 56, 57, 58, 59, 60, 61, 62, 63]",2,pg19,2,67ce6cb3-513a-4586-850a-5b4635674c09,21218,768,False,16,16,12,"[0, 6, 9, 10, 45, 51, 53, 55, 56, 57, 58, 59, 60, 61, 62, 63]",0.1383108935128519,32,[],206.78669900007662,166.26900499977637,565
0.03125,-1.5,[1],1,,1781072034431.919,0.0,1781072034289.2737,0,0,142.64417699996557,198,10460.1279296875,0.47378602623939514,32,0.9006547927856445,0.8628949150443077,5,6,32,1781072034440.593,1781072034275.1726,4088,34,early,1.0,31.85694199964928,0.06678899990220089,observability_fixed_R16_k16,good,22.77390299968829,0,False,False,0.0,"[0, 6, 9, 10, 45, 51, 53, 55, 56, 57, 58, 59, 60, 61, 62, 63]",2,pg19,1,67ce6cb3-513a-4586-850a-5b4635674c09,21224,762,False,16,16,13,"[0, 6, 9, 10, 45, 51, 53, 55, 56, 57, 58, 59, 60, 61, 62, 63]",0.13894324853228962,34,[],204.65203800085874,165.41807999965386,568
0.09375,1.0,"[0, 1, 5]",3,,1781072034838.2664,0.0,1781072034695.5193,0,0,142.7464919997874,522,10459.54833984375,0.10111674666404724,32,0.9843542575836182,0.9750008955597878,6,6,32,1781072034846.9001,1781072034681.881,4090,36,early,1.0,32.57594599926961,0.06712699905619957,observability_fixed_R16_k16,good,22.270759000093676,0,False,False,0.0,"[0, 6, 9, 10, 45, 51, 53, 55, 56, 57, 58, 59, 60, 61, 62, 63]",2,pg19,3,67ce6cb3-513a-4586-850a-5b4635674c09,21227,769,False,16,16,14,"[0, 6, 9, 10, 45, 51, 53, 55, 56, 57, 58, 59, 60, 61, 62, 63]",0.1393643031784841,38,[],207.62182499856863,165.01725099988107,570
0.125,1.75,"[0, 1, 9, 17]",4,,1781072035248.7358,0.0,1781072035104.7144,0,0,144.02137899924128,358,10460.70751953125,0.0001655709056649357,32,0.9999881982803345,0.9999803090486239,6,6,32,1781072035257.469,1781072035090.6836,4094,40,early,1.0,32.536867998715024,0.06806199962738901,observability_fixed_R16_k16,good,22.76154200080782,0,False,False,0.0,"[0, 6, 9, 10, 45, 51, 53, 55, 56, 57, 58, 59, 60, 61, 62, 63]",2,pg19,4,67ce6cb3-513a-4586-850a-5b4635674c09,21254,777,False,16,16,15,"[0, 6, 9, 10, 45, 51, 53, 55, 56, 57, 58, 59, 60, 61, 62, 63]",0.14020517830972154,43,[],210.19250099925557,166.7829210000491,574
0.1875,3.5,"[0, 2, 3, 4, 6, 12]",6,0.9650310277938843,1781072035787.3872,124.5508060001157,1781072035519.1694,16,970,268.2182059998013,2686,10461.75244140625,0.006846888922154903,32,0.9993003606796265,0.9989598536922131,6,6,32,1781072035796.0583,1781072035505.5974,4099,45,early,0.65,36.67600299922924,4.254898998624412,observability_fixed_R16_k16,good,22.241459000724717,0,False,False,0.0,"[0, 6, 9, 10, 45, 51, 53, 55, 56, 57, 58, 59, 60, 61, 62, 63, 64]",2,pg19,6,67ce6cb3-513a-4586-850a-5b4635674c09,21271,975,True,16,16,16,"[0, 2, 4, 6, 9, 10, 11, 53, 57, 58, 59, 60, 61, 62, 63, 64]",0.14906074652354231,50,"[0, 4105, 4104, 4103, 4101, 4099, 4096, 4098, 4100, 4102, 4095, 4097, 4094, 4093, 11, 4092]",206.1527969999588,290.459665000526,611
0.1875,2.5,"[0, 2, 5, 10, 16, 22]",6,,1781072036130.6956,0.0,1781072036054.1714,0,0,76.52363799934392,13,10462.4462890625,5.49179812736611e-09,32,1.0,0.9999999997927043,6,6,32,1781072036139.265,1781072036040.8457,4106,52,early,1.0,32.52834299928509,4.148426000028849,observability_fixed_R16_k16,good,21.894393001275603,0,False,False,0.0,"[0, 2, 4, 6, 9, 10, 11, 53, 57, 58, 59, 60, 61, 62, 63, 64]",2,pg19,6,67ce6cb3-513a-4586-850a-5b4635674c09,21307,784,False,16,16,17,"[0, 2, 4, 6, 9, 10, 11, 53, 57, 58, 59, 60, 61, 62, 63, 64]",0.12713102776424745,7,[],207.2571759999846,98.41803100061952,522
0.1875,1.25,"[0, 2, 5, 10, 15, 21]",6,,1781072036545.0728,0.0,1781072036392.8389,0,0,152.23356400019838,279,10462.4462890625,0.13519246876239777,32,0.9708570837974548,0.9424417410045862,6,6,32,1781072036553.855,1781072036378.9534,4113,59,early,1.0,31.555531999401865,0.06027000017638784,observability_fixed_R16_k16,good,22.66554299967538,0,False,False,0.0,"[0, 2, 4, 6, 9, 10, 11, 53, 57, 58, 59, 60, 61, 62, 63, 64]",2,pg19,6,67ce6cb3-513a-4586-850a-5b4635674c09,21355,790,False,16,16,18,"[0, 2, 4, 6, 9, 10, 11, 53, 57, 58, 59, 60, 61, 62, 63, 64]",0.12861658157062972,14,[],207.26773599926673,174.89910699987377,529
0.0,-5.5,[],0,,1781072036948.9438,0.0,1781072036808.1284,0,0,140.81565400010732,1467,10462.4462890625,0.09244753420352936,32,0.9845063090324402,0.9728640643879771,6,6,32,1781072036957.9355,1781072036792.8064,4120,66,early,1.0,32.14384900093137,0.07276199903571978,observability_fixed_R16_k16,good,24.310864000653964,0,False,False,0.0,"[0, 2, 4, 6, 9, 10, 11, 53, 57, 58, 59, 60, 61, 62, 63, 64]",2,pg19,0,67ce6cb3-513a-4586-850a-5b4635674c09,21383,764,False,16,16,19,"[0, 2, 4, 6, 9, 10, 11, 53, 57, 58, 59, 60, 61, 62, 63, 64]",0.13009708737864079,15,[],205.66616200085264,165.12651800076128,536
0.1875,1.5,"[0, 3, 7, 11, 17, 25]",6,,1781072037353.8994,0.0,1781072037213.1367,0,0,140.76215099885303,382,10458.96875,0.10836328566074371,32,0.980506420135498,0.9660762781277299,6,6,32,1781072037362.5515,1781072037199.3699,4121,67,early,1.0,30.937819999962812,0.06393699914042372,observability_fixed_R16_k16,good,22.417462001612876,0,False,False,0.0,"[0, 2, 4, 6, 9, 10, 11, 53, 57, 58, 59, 60, 61, 62, 63, 64]",2,pg19,6,67ce6cb3-513a-4586-850a-5b4635674c09,21387,790,False,16,16,20,"[0, 2, 4, 6, 9, 10, 11, 53, 57, 58, 59, 60, 61, 62, 63, 64]",0.13030817762678962,22,[],209.3707940002787,163.1796130004659,537
0.1875,1.5,"[0, 1, 4, 7, 12, 21]",6,,1781072037756.759,0.0,1781072037615.8848,0,0,140.8733750013198,7343,10462.4462890625,0.006846148520708084,32,0.9991607666015625,0.9983311854302883,6,6,32,1781072037765.543,1781072037602.0398,4128,74,early,1.0,32.331921998775215,0.06904799920448568,observability_fixed_R16_k16,good,22.62824999888835,0,False,False,0.0,"[0, 2, 4, 6, 9, 10, 11, 53, 57, 58, 59, 60, 61, 62, 63, 64]",2,pg19,6,67ce6cb3-513a-4586-850a-5b4635674c09,21420,784,False,16,16,21,"[0, 2, 4, 6, 9, 10, 11, 53, 57, 58, 59, 60, 61, 62, 63, 64]",0.13178294573643412,29,[],206.26616000117792,163.50162500020815,544
0.1875,1.5,"[0, 3, 6, 9, 13, 20]",6,,1781072038164.2302,0.0,1781072038021.907,0,0,142.32163899941952,21080,10462.4462890625,0.054069750010967255,32,0.9910755157470703,0.9830205338075757,6,6,32,1781072038173.0037,1781072038008.0068,4135,81,early,1.0,32.471577998876455,0.06607699833693914,observability_fixed_R16_k16,good,22.67402200050128,0,False,False,0.0,"[0, 2, 4, 6, 9, 10, 11, 53, 57, 58, 59, 60, 61, 62, 63, 64]",2,pg19,6,67ce6cb3-513a-4586-850a-5b4635674c09,21461,791,False,16,16,22,"[0, 2, 4, 6, 9, 10, 11, 53, 57, 58, 59, 60, 61, 62, 63, 64]",0.1332527206771463,36,[],209.1517790013313,164.9956609999208,551
0.15625,0.5,"[0, 3, 9, 16, 21]",5,,1781072038570.827,0.0,1781072038429.445,0,0,141.38154100146494,1887,10462.4462890625,2.1159871721465606e-06,32,0.9999998807907104,0.9999998186428911,6,6,32,1781072038579.397,1781072038415.906,4142,88,early,1.0,32.671723998646485,0.06789500002923887,observability_fixed_R16_k16,good,22.10804099922825,0,False,False,0.0,"[0, 2, 4, 6, 9, 10, 11, 53, 57, 58, 59, 60, 61, 62, 63, 64]",2,pg19,5,67ce6cb3-513a-4586-850a-5b4635674c09,21489,784,False,16,16,23,"[0, 2, 4, 6, 9, 10, 11, 53, 57, 58, 59, 60, 61, 62, 63, 64]",0.13471752776436505,42,[],209.3856160008727,163.4895820006932,558
0.09375,-2.75,"[2, 6, 11]",3,,1781072038977.3752,0.0,1781072038835.826,0,0,141.54839900038496,279,10462.736328125,0.8504337668418884,32,0.8031603097915649,0.7296129614114761,6,6,32,1781072038986.2227,1781072038822.0244,4148,94,early,1.0,32.47802300029434,0.0680880002619233,observability_fixed_R16_k16,good,22.647717998552253,0,False,False,0.0,"[0, 2, 4, 6, 9, 10, 11, 53, 57, 58, 59, 60, 61, 62, 63, 64]",2,pg19,3,67ce6cb3-513a-4586-850a-5b4635674c09,21503,773,False,16,16,24,"[0, 2, 4, 6, 9, 10, 11, 53, 57, 58, 59, 60, 61, 62, 63, 64]",0.1359691417550627,46,[],209.28887800073426,164.1961169989372,564
0.1875,1.0,"[0, 4, 8, 14, 19, 24]",6,,1781072039379.5056,0.0,1781072039239.4246,0,0,140.08037799976591,1,10460.70751953125,0.7099619507789612,32,0.5600934624671936,0.12389224767684937,6,6,32,1781072039388.2715,1781072039225.4746,4152,98,early,1.0,32.070597999336314,0.07017200005066115,observability_fixed_R16_k16,good,22.71521200054849,0,False,False,0.0,"[0, 2, 4, 6, 9, 10, 11, 53, 57, 58, 59, 60, 61, 62, 63, 64]",2,pg19,6,67ce6cb3-513a-4586-850a-5b4635674c09,21530,786,False,16,16,25,"[0, 2, 4, 6, 9, 10, 11, 53, 57, 58, 59, 60, 61, 62, 63, 64]",0.13680154142581888,53,[],206.05940599853056,162.7955900003144,568
0.0625,-3.0,"[0, 2]",2,,1781072039786.6152,0.0,1781072039645.2322,0,0,141.38237200131698,61361,10462.4462890625,0.6313492655754089,32,0.714845597743988,0.43490806221961975,6,6,32,1781072039795.1738,1781072039631.579,4159,105,early,1.0,32.684935998986475,0.06817199937358964,observability_fixed_R16_k16,good,22.210954997717636,0,False,False,0.0,"[0, 2, 4, 6, 9, 10, 11, 53, 57, 58, 59, 60, 61, 62, 63, 64]",2,pg19,2,67ce6cb3-513a-4586-850a-5b4635674c09,21569,772,False,16,16,26,"[0, 2, 4, 6, 9, 10, 11, 53, 57, 58, 59, 60, 61, 62, 63, 64]",0.13825438807405627,56,[],209.75842799998645,163.59332699903462,575
0.1875,2.0,"[0, 1, 6, 11, 17, 26]",6,,1781072040209.0918,0.0,1781072040064.7246,0,0,144.36745300008624,19221,10460.1279296875,0.11375706642866135,32,0.9790970683097839,0.9625119511038065,6,6,32,1781072040218.1736,1781072040049.008,4162,108,early,0.9411764705882353,36.465619999944465,4.234306999933324,observability_fixed_R16_k16,good,24.79462399969634,0,False,False,0.0,"[0, 2, 4, 6, 9, 10, 11, 53, 57, 58, 59, 60, 61, 62, 63, 64, 65]",2,pg19,6,67ce6cb3-513a-4586-850a-5b4635674c09,21574,793,False,16,16,27,"[0, 2, 4, 6, 9, 10, 11, 53, 57, 58, 59, 60, 61, 62, 63, 64]",0.14656415185007207,63,[],212.1799770011421,169.16207699978258,610
0.0,-4.25,[],0,,1781072040615.3132,0.0,1781072040474.0095,0,0,141.3029479990655,11017,10462.4462890625,0.21255642175674438,32,0.9658812284469604,0.954810650087893,6,6,32,1781072040624.0933,1781072040459.726,4169,115,early,0.9411764705882353,33.192672999575734,0.07555799857072998,observability_fixed_R16_k16,good,23.061292000420508,0,False,False,0.0,"[0, 2, 4, 6, 9, 10, 11, 53, 57, 58, 59, 60, 61, 62, 63, 64, 65]",2,pg19,0,67ce6cb3-513a-4586-850a-5b4635674c09,21611,763,False,16,16,28,"[0, 2, 4, 6, 9, 10, 11, 53, 57, 58, 59, 60, 61, 62, 63, 64]",0.14799712161189735,64,[],207.2369549987343,164.36423999948602,617
0.03125,-2.5,[2],1,,1781072041016.5173,0.0,1781072040876.2202,0,0,140.29622800080688,2585,10458.96875,0.5675889253616333,32,0.8370566964149475,0.748831570148468,6,6,32,1781072041025.055,1781072040861.9604,4170,116,early,0.9411764705882353,30.141883000396774,0.0763770003686659,observability_fixed_R16_k16,good,22.795778000727296,0,False,False,0.0,"[0, 2, 4, 6, 9, 10, 11, 53, 57, 58, 59, 60, 61, 62, 63, 64, 65]",2,pg19,1,67ce6cb3-513a-4586-850a-5b4635674c09,21622,765,False,16,16,29,"[0, 2, 4, 6, 9, 10, 11, 53, 57, 58, 59, 60, 61, 62, 63, 64]",0.14820143884892087,66,[],206.58386499962944,163.09200600153417,618
0.125,1.75,"[0, 1, 4, 7]",4,,1781072041423.173,0.0,1781072041281.7297,0,0,141.4425149996532,504,10459.54833984375,3.972707418142818e-06,32,0.9999998807907104,0.9999997037480455,6,6,32,1781072041431.9675,1781072041267.998,4172,118,early,0.9411764705882353,32.44082600031106,0.0757609996071551,observability_fixed_R16_k16,good,22.525645999849075,0,False,False,0.0,"[0, 2, 4, 6, 9, 10, 11, 53, 57, 58, 59, 60, 61, 62, 63, 64, 65]",2,pg19,4,67ce6cb3-513a-4586-850a-5b4635674c09,21624,771,False,16,16,30,"[0, 2, 4, 6, 9, 10, 11, 53, 57, 58, 59, 60, 61, 62, 63, 64]",0.1486097794822627,71,[],209.33757800048625,163.9681609995023,620
0.1875,3.25,"[0, 1, 2, 7, 16, 23]",6,,1781072041830.4023,0.0,1781072041686.4485,0,0,143.9529439994658,5488,10461.287109375,0.002245890675112605,32,0.9997894167900085,0.9997032810060773,6,6,32,1781072041838.9934,1781072041672.5737,4177,123,early,0.9411764705882353,32.55062800053565,0.08415799857175443,observability_fixed_R16_k16,good,22.465599000497605,0,False,False,0.0,"[0, 2, 4, 6, 9, 10, 11, 53, 57, 58, 59, 60, 61, 62, 63, 64, 65]",2,pg19,6,67ce6cb3-513a-4586-850a-5b4635674c09,21644,787,False,16,16,31,"[0, 2, 4, 6, 9, 10, 11, 53, 57, 58, 59, 60, 61, 62, 63, 64]",0.14962892027771127,78,[],207.16397700016387,166.4185429999634,625
0.1875,3.25,"[0, 2, 6, 9, 15, 26]",6,0.9597218632698059,1781072042356.7373,124.50198300030024,1781072042089.0688,16,991,267.66795799994725,13,10462.4462890625,0.1561424434185028,32,0.9664488434791565,0.9353823941200972,6,6,32,1781072042365.5574,1781072042074.9373,4184,130,early,0.65,31.909792000078596,0.07643599928996991,observability_fixed_R16_k16,good,22.949971000343794,0,False,False,0.0,"[0, 2, 4, 6, 9, 10, 11, 53, 57, 58, 59, 60, 61, 62, 63, 64, 65]",2,pg19,6,67ce6cb3-513a-4586-850a-5b4635674c09,21681,987,True,16,16,32,"[0, 10, 11, 12, 23, 53, 56, 57, 58, 59, 60, 61, 62, 63, 64, 65]",0.15105162523900573,85,"[0, 4190, 4166, 4167, 4127, 4168, 4189, 4169, 4145, 4174, 4179, 4176, 4178, 4172, 4096, 4187]",203.18165900062013,290.61792900029104,632
0.0625,-2.25,"[0, 6]",2,,1781072042701.3833,0.0,1781072042623.3086,0,0,78.07416699870373,13248,10462.4462890625,0.3299725651741028,32,0.9267921447753906,0.8761147782206535,6,6,32,1781072042709.822,1781072042609.3813,4191,137,early,1.0,32.748327999797766,4.228727000736399,observability_fixed_R16_k16,good,22.36513300158549,0,False,False,0.0,"[0, 10, 11, 12, 23, 53, 56, 57, 58, 59, 60, 61, 62, 63, 64, 65]",2,pg19,2,67ce6cb3-513a-4586-850a-5b4635674c09,21718,768,False,16,16,33,"[0, 10, 11, 12, 23, 53, 56, 57, 58, 59, 60, 61, 62, 63, 64, 65]",0.12956335003579098,3,[],205.82574400032172,100.43930000028922,543
0.0,-4.5,[],0,,1781072043123.848,0.0,1781072042972.0364,0,0,151.81146900067688,264,10460.1279296875,1.2676987648010254,32,0.5071684122085571,0.27856969833374023,6,6,32,1781072043132.4705,1781072042956.7207,4194,140,early,1.0,36.3327399991249,4.038074001073255,observability_fixed_R16_k16,good,23.93569899868453,0,False,False,0.0,"[0, 10, 11, 12, 23, 53, 56, 57, 58, 59, 60, 61, 62, 63, 64, 65]",2,pg19,0,67ce6cb3-513a-4586-850a-5b4635674c09,21734,761,False,16,16,34,"[0, 10, 11, 12, 23, 53, 56, 57, 58, 59, 60, 61, 62, 63, 64, 65]",0.1301859799713877,4,[],205.7071229992289,175.7471679993614,546
0.09375,-0.5,"[1, 4, 8]",3,,1781072043525.459,0.0,1781072043385.8928,0,0,139.56509300078324,264,10458.96875,0.48949944972991943,32,0.8480483889579773,0.7052137404680252,6,6,32,1781072043534.142,1781072043372.1394,4195,141,early,1.0,31.02056799980346,0.06742400000803173,observability_fixed_R16_k16,good,22.43474500028242,0,False,False,0.0,"[0, 10, 11, 12, 23, 53, 56, 57, 58, 59, 60, 61, 62, 63, 64, 65]",2,pg19,3,67ce6cb3-513a-4586-850a-5b4635674c09,21726,769,False,16,16,35,"[0, 10, 11, 12, 23, 53, 56, 57, 58, 59, 60, 61, 62, 63, 64, 65]",0.13039332538736592,8,[],207.48812799865846,161.99983800106565,547
0.0625,-0.75,"[0, 8]",2,,1781072043934.881,0.0,1781072043792.1982,0,0,142.68307199927222,73895,10460.70751953125,2.5732581615448,32,0.28220781683921814,0.12635786831378937,6,6,32,1781072043943.343,1781072043776.3547,4199,145,early,1.0,32.59637299925089,0.07006200030446053,observability_fixed_R16_k16,good,24.303475001943298,0,False,False,0.0,"[0, 10, 11, 12, 23, 53, 56, 57, 58, 59, 60, 61, 62, 63, 64, 65]",2,pg19,2,67ce6cb3-513a-4586-850a-5b4635674c09,21756,771,False,16,16,36,"[0, 10, 11, 12, 23, 53, 56, 57, 58, 59, 60, 61, 62, 63, 64, 65]",0.13122171945701358,11,[],208.59106599891675,166.9865470012155,551
0.03125,-0.75,[4],1,,1781072044343.0095,0.0,1781072044201.0168,0,0,141.99167200058582,11108,10460.1279296875,1.7809702157974243,32,0.2666921615600586,0.03857827186584473,6,6,32,1781072044351.5737,1781072044186.7878,4202,148,early,1.0,32.67573099947185,0.0666960004309658,observability_fixed_R16_k16,good,22.79197300049418,0,False,False,0.0,"[0, 10, 11, 12, 23, 53, 56, 57, 58, 59, 60, 61, 62, 63, 64, 65]",2,pg19,1,67ce6cb3-513a-4586-850a-5b4635674c09,21772,768,False,16,16,37,"[0, 10, 11, 12, 23, 53, 56, 57, 58, 59, 60, 61, 62, 63, 64, 65]",0.13184198000951927,13,[],209.89975899829005,164.78364500108,554
0.03125,-0.5,[7],1,,1781072044748.8245,0.0,1781072044609.674,0,0,139.14935600041645,15102,10459.54833984375,2.9817898273468018,32,0.2618928849697113,0.030773237347602844,6,6,32,1781072044757.6614,1781072044595.5554,4204,150,early,1.0,32.76860000005399,0.07111800005077384,observability_fixed_R16_k16,good,22.95463100017514,0,False,False,0.0,"[0, 10, 11, 12, 23, 53, 56, 57, 58, 59, 60, 61, 62, 63, 64, 65]",2,pg19,1,67ce6cb3-513a-4586-850a-5b4635674c09,21779,766,False,16,16,38,"[0, 10, 11, 12, 23, 53, 56, 57, 58, 59, 60, 61, 62, 63, 64, 65]",0.13225499524262607,15,[],210.06967300127144,162.1039870005916,556
0.0625,0.25,"[4, 12]",2,,1781072045159.4512,0.0,1781072045015.901,0,0,143.54892000119435,728,10460.013671875,3.122018814086914,32,0.3152080774307251,0.16631431877613068,6,6,32,1781072045168.2842,1781072045001.6348,4206,152,early,1.0,32.58077999998932,0.06857500011392403,observability_fixed_R16_k16,good,23.098744997696485,0,False,False,0.0,"[0, 10, 11, 12, 23, 53, 56, 57, 58, 59, 60, 61, 62, 63, 64, 65]",2,pg19,2,67ce6cb3-513a-4586-850a-5b4635674c09,21795,768,False,16,16,39,"[0, 10, 11, 12, 23, 53, 56, 57, 58, 59, 60, 61, 62, 63, 64, 65]",0.1326676176890157,18,[],210.2766239986522,166.64766499889083,558
0.0625,0.5,"[0, 2]",2,,1781072045567.9758,0.0,1781072045425.9336,0,0,142.04135299951304,714,10460.1279296875,0.3285931646823883,32,0.9446841478347778,0.9187100287526846,6,6,32,1781072045576.7842,1781072045412.2122,4209,155,early,1.0,33.48357600043528,0.07023400030448101,observability_fixed_R16_k16,good,22.527773000547313,0,False,False,0.0,"[0, 10, 11, 12, 23, 53, 56, 57, 58, 59, 60, 61, 62, 63, 64, 65]",2,pg19,2,67ce6cb3-513a-4586-850a-5b4635674c09,21791,768,False,16,16,40,"[0, 10, 11, 12, 23, 53, 56, 57, 58, 59, 60, 61, 62, 63, 64, 65]",0.13328581610833928,21,[],209.5371420000447,164.56912600006035,561
0.09375,1.5,"[0, 2, 14]",3,,1781072045978.5378,0.0,1781072045836.1497,0,0,142.38712199949077,8450,10460.1279296875,1.171372652053833,32,0.6139438152313232,0.3239372670650482,6,6,32,1781072045987.4473,1781072045821.889,4212,158,early,1.0,32.77231400170422,0.06658600068476517,observability_fixed_R16_k16,good,23.17005400072958,0,False,False,0.0,"[0, 10, 11, 12, 23, 53, 56, 57, 58, 59, 60, 61, 62, 63, 64, 65]",2,pg19,3,67ce6cb3-513a-4586-850a-5b4635674c09,21803,775,False,16,16,41,"[0, 10, 11, 12, 23, 53, 56, 57, 58, 59, 60, 61, 62, 63, 64, 65]",0.1339031339031339,25,[],211.14316999955918,165.55717600022035,564
0.15625,3.0,"[0, 2, 6, 12, 22]",5,,1781072046384.5984,0.0,1781072046243.7673,0,0,140.83100999960152,10455,10460.70751953125,0.3539348840713501,32,0.9362776875495911,0.9057071395218372,6,6,32,1781072046393.5664,1781072046229.6448,4216,162,early,1.0,31.82464500059723,0.07559400000900496,observability_fixed_R16_k16,good,23.087727000529412,0,False,False,0.0,"[0, 10, 11, 12, 23, 53, 56, 57, 58, 59, 60, 61, 62, 63, 64, 65]",2,pg19,5,67ce6cb3-513a-4586-850a-5b4635674c09,21825,788,False,16,16,42,"[0, 10, 11, 12, 23, 53, 56, 57, 58, 59, 60, 61, 62, 63, 64, 65]",0.1347248576850095,31,[],209.44519499971648,163.91873700013093,568
0.0625,-1.0,"[4, 12]",2,,1781072046794.7102,0.0,1781072046653.0835,0,0,141.62604499870213,279,10461.86669921875,1.9858440160751343,32,0.30915725231170654,0.07211816310882568,6,6,32,1781072046803.2476,1781072046639.2036,4222,168,early,1.0,34.810810999260866,0.07075500070641283,observability_fixed_R16_k16,good,22.416611000153353,0,False,False,0.0,"[0, 10, 11, 12, 23, 53, 56, 57, 58, 59, 60, 61, 62, 63, 64, 65]",2,pg19,2,67ce6cb3-513a-4586-850a-5b4635674c09,21868,769,False,16,16,43,"[0, 10, 11, 12, 23, 53, 56, 57, 58, 59, 60, 61, 62, 63, 64, 65]",0.1359545239223117,34,[],209.6928190003382,164.04265599885548,574
0.0625,-1.0,"[1, 3]",2,,1781072047207.3787,0.0,1781072047065.7651,0,0,141.61296400016,5488,10460.1279296875,0.6451737284660339,32,0.7500677704811096,0.5140484869480133,6,6,32,1781072047215.827,1781072047052.0195,4225,171,middle,0.9411764705882353,36.60507399945345,4.27023299926077,observability_fixed_R16_k16,good,22.193033999428735,0,False,False,0.0,"[0, 10, 11, 12, 23, 53, 56, 57, 58, 59, 60, 61, 62, 63, 64, 65, 66]",2,pg19,2,67ce6cb3-513a-4586-850a-5b4635674c09,21865,761,False,16,16,44,"[0, 10, 11, 12, 23, 53, 56, 57, 58, 59, 60, 61, 62, 63, 64, 65]",0.14414201183431952,37,[],207.0822429996042,163.80599799958873,609
0.1875,3.0,"[0, 1, 2, 4, 13, 26]",6,,1781072047611.6655,0.0,1781072047469.63,0,0,142.03524899858166,15659,10460.1279296875,0.016792001202702522,32,0.9979405999183655,0.996486417716369,6,6,32,1781072047620.2954,1781072047455.6018,4228,174,middle,0.9411764705882353,32.46966200094903,0.07348799954343121,observability_fixed_R16_k16,good,22.655907001535525,0,False,False,0.0,"[0, 10, 11, 12, 23, 53, 56, 57, 58, 59, 60, 61, 62, 63, 64, 65, 66]",2,pg19,6,67ce6cb3-513a-4586-850a-5b4635674c09,21885,789,False,16,16,45,"[0, 10, 11, 12, 23, 53, 56, 57, 58, 59, 60, 61, 62, 63, 64, 65]",0.14474929044465468,44,[],206.43180099978053,164.6911560001172,612
0.15625,1.25,"[0, 1, 2, 6, 13]",5,,1781072048015.935,0.0,1781072047873.9363,0,0,141.99785200071346,9539,10462.4462890625,0.12022639811038971,32,0.9813186526298523,0.971077673137188,6,6,32,1781072048024.5784,1781072047859.9434,4235,181,middle,0.9411764705882353,33.18914099872927,0.0735140001779655,observability_fixed_R16_k16,good,22.635622999587213,0,False,False,0.0,"[0, 10, 11, 12, 23, 53, 56, 57, 58, 59, 60, 61, 62, 63, 64, 65, 66]",2,pg19,5,67ce6cb3-513a-4586-850a-5b4635674c09,21928,782,False,16,16,46,"[0, 10, 11, 12, 23, 53, 56, 57, 58, 59, 60, 61, 62, 63, 64, 65]",0.1461629279811098,50,[],205.29136700133677,164.63347500030068,619
0.0625,-1.75,"[0, 2]",2,,1781072048421.9175,0.0,1781072048280.2673,0,0,141.64952999999514,7218,10461.86669921875,0.29085466265678406,32,0.9415506720542908,0.9020762406289577,6,6,32,1781072048430.5752,1781072048266.5977,4241,187,middle,0.9411764705882353,32.70749299917952,0.0716499998816289,observability_fixed_R16_k16,good,22.326330001305905,0,False,False,0.0,"[0, 10, 11, 12, 23, 53, 56, 57, 58, 59, 60, 61, 62, 63, 64, 65, 66]",2,pg19,2,67ce6cb3-513a-4586-850a-5b4635674c09,21950,770,False,16,16,47,"[0, 10, 11, 12, 23, 53, 56, 57, 58, 59, 60, 61, 62, 63, 64, 65]",0.14737090308889414,53,[],208.31391000137955,163.97586000130104,625
0.09375,-0.75,"[5, 14, 21]",3,0.9477318525314331,1781072048955.6968,124.2343650010298,1781072048685.8806,16,984,269.81626599990705,6290,10460.99072265625,1.8300485610961914,32,0.42254194617271423,0.21980410814285278,6,6,32,1781072048964.39,1781072048671.814,4244,190,middle,0.5714285714285714,32.41303799950401,0.07269699926837347,observability_fixed_R16_k16,good,22.757902999728685,0,False,False,0.0,"[0, 10, 11, 12, 23, 53, 56, 57, 58, 59, 60, 61, 62, 63, 64, 65, 66]",2,pg19,3,67ce6cb3-513a-4586-850a-5b4635674c09,21961,977,True,16,16,48,"[0, 12, 37, 39, 54, 55, 56, 58, 59, 60, 61, 62, 63, 64, 65, 66]",0.14797360980207352,57,"[0, 4247, 4243, 4242, 4244, 4240, 4246, 4245, 4241, 4239, 4237, 4238, 4109, 4127, 4236, 4096]",207.95094499953848,292.57416899963573,628
0.0625,-2.0,"[1, 7]",2,,1781072049293.0178,0.0,1781072049217.538,0,0,75.47907799926179,27061,10460.70751953125,1.0565276145935059,32,0.5267133116722107,0.1647089123725891,6,6,32,1781072049301.5269,1781072049203.915,4248,194,middle,1.0,32.05800400064618,4.226992999974755,observability_fixed_R16_k16,good,22.131551000711625,0,False,False,0.0,"[0, 12, 37, 39, 54, 55, 56, 58, 59, 60, 61, 62, 63, 64, 65, 66]",2,pg19,2,67ce6cb3-513a-4586-850a-5b4635674c09,21991,767,False,16,16,49,"[0, 12, 37, 39, 54, 55, 56, 58, 59, 60, 61, 62, 63, 64, 65, 66]",0.12617702448210924,3,[],202.34185500157764,97.61062899997341,536
0.0625,-1.0,"[0, 3]",2,,1781072049707.3787,0.0,1781072049556.0068,0,0,151.37110199975723,4238,10460.1279296875,0.005454058758914471,32,0.9995180368423462,0.999311463921913,6,6,32,1781072049715.8872,1781072049541.7998,4251,197,middle,1.0,31.535965999864857,0.06991299960645847,observability_fixed_R16_k16,good,22.715057999448618,0,False,False,0.0,"[0, 12, 37, 39, 54, 55, 56, 58, 59, 60, 61, 62, 63, 64, 65, 66]",2,pg19,2,67ce6cb3-513a-4586-850a-5b4635674c09,21988,770,False,16,16,50,"[0, 12, 37, 39, 54, 55, 56, 58, 59, 60, 61, 62, 63, 64, 65, 66]",0.12679369560103504,6,[],207.85690400043677,174.08615999920585,539
0.03125,-1.25,[1],1,,1781072050117.4697,0.0,1781072049971.872,0,0,145.59688899862522,62621,10460.1279296875,1.3170485496520996,32,0.4894120693206787,0.17832285165786743,6,6,32,1781072050126.2366,1781072049956.494,4254,200,middle,1.0,32.74502699969162,0.07297199954336975,observability_fixed_R16_k16,good,24.143598002410727,0,False,False,0.0,"[0, 12, 37, 39, 54, 55, 56, 58, 59, 60, 61, 62, 63, 64, 65, 66]",2,pg19,1,67ce6cb3-513a-4586-850a-5b4635674c09,22007,767,False,16,16,51,"[0, 12, 37, 39, 54, 55, 56, 58, 59, 60, 61, 62, 63, 64, 65, 66]",0.12740949694405265,8,[],206.9918580000376,169.74048700103594,542
0.0625,0.0,"[0, 2]",2,,1781072050520.513,0.0,1781072050379.4817,0,0,141.02989499951946,11508,10459.54833984375,0.516250491142273,32,0.8465961217880249,0.7017605900764465,6,6,32,1781072050529.3774,1781072050365.3057,4256,202,middle,1.0,32.81247100130713,0.07917400034784805,observability_fixed_R16_k16,good,23.03999899959308,0,False,False,0.0,"[0, 12, 37, 39, 54, 55, 56, 58, 59, 60, 61, 62, 63, 64, 65, 66]",2,pg19,2,67ce6cb3-513a-4586-850a-5b4635674c09,22011,770,False,16,16,52,"[0, 12, 37, 39, 54, 55, 56, 58, 59, 60, 61, 62, 63, 64, 65, 66]",0.12781954887218044,11,[],205.30350699846167,164.06989399911254,544
0.0625,0.25,"[0, 11]",2,,1781072050930.6887,0.0,1781072050788.4644,0,0,142.22335500016925,43278,10460.1279296875,0.9822604656219482,32,0.48617470264434814,0.036536604166030884,5,6,32,1781072050939.2734,1781072050774.5547,4259,205,middle,1.0,32.707456999560236,0.06815799861215055,observability_fixed_R16_k16,good,22.49407599992992,0,False,False,0.0,"[0, 12, 37, 39, 54, 55, 56, 58, 59, 60, 61, 62, 63, 64, 65, 66]",2,pg19,2,67ce6cb3-513a-4586-850a-5b4635674c09,22026,774,False,16,16,53,"[0, 12, 37, 39, 54, 55, 56, 58, 59, 60, 61, 62, 63, 64, 65, 66]",0.12843390467245833,14,[],211.53525999943668,164.71743100009917,547
0.03125,-0.75,[1],1,,1781072051344.979,0.0,1781072051201.9119,0,0,143.06674500039662,1075,10460.1279296875,1.7291769981384277,32,0.521014928817749,0.32632584869861603,5,6,32,1781072051353.8054,1781072051187.8792,4262,208,middle,1.0,32.6718800006347,0.07338899922615383,observability_fixed_R16_k16,good,22.857513000417384,0,False,False,0.0,"[0, 12, 37, 39, 54, 55, 56, 58, 59, 60, 61, 62, 63, 64, 65, 66]",2,pg19,1,67ce6cb3-513a-4586-850a-5b4635674c09,22038,765,False,16,16,54,"[0, 12, 37, 39, 54, 55, 56, 58, 59, 60, 61, 62, 63, 64, 65, 66]",0.1290473955889254,16,[],214.98792599959415,165.924258000814,550
0.0,-1.5,[],0,,1781072051746.245,0.0,1781072051607.5051,0,0,138.7391660009598,42659,10459.54833984375,4.307471752166748,32,0.14938372373580933,0.013368308544158936,5,6,32,1781072051754.9944,1781072051593.5393,4264,210,middle,1.0,32.10136000052444,0.06697499884467106,observability_fixed_R16_k16,good,22.714583998094895,0,False,False,0.0,"[0, 12, 37, 39, 54, 55, 56, 58, 59, 60, 61, 62, 63, 64, 65, 66]",2,pg19,0,67ce6cb3-513a-4586-850a-5b4635674c09,22058,762,False,16,16,55,"[0, 12, 37, 39, 54, 55, 56, 58, 59, 60, 61, 62, 63, 64, 65, 66]",0.1294559099437148,17,[],206.7464280007698,161.4537499990547,552
0.03125,-0.25,[3],1,,1781072052153.314,0.0,1781072052012.9753,0,0,140.33801699952164,11,10458.96875,1.283672571182251,32,0.5984471440315247,0.43226438760757446,5,6,32,1781072052162.2688,1781072051998.9338,4265,211,middle,1.0,30.79569100009394,0.06686400047328789,observability_fixed_R16_k16,good,22.994859000391443,0,False,False,0.0,"[0, 12, 37, 39, 54, 55, 56, 58, 59, 60, 61, 62, 63, 64, 65, 66]",2,pg19,1,67ce6cb3-513a-4586-850a-5b4635674c09,22054,761,False,16,16,56,"[0, 12, 37, 39, 54, 55, 56, 58, 59, 60, 61, 62, 63, 64, 65, 66]",0.12966002344665886,19,[],212.26426000066567,163.33287599991309,553
0.0,-1.0,[],0,,1781072052562.943,0.0,1781072052420.4648,0,0,142.47791299931123,2087,10459.54833984375,3.7635130882263184,32,0.3110179901123047,0.2298840954899788,6,6,32,1781072052571.681,1781072052406.3926,4267,213,middle,1.0,32.75795499939704,0.06875500002934132,observability_fixed_R16_k16,good,22.809318999861716,0,False,False,0.0,"[0, 12, 37, 39, 54, 55, 56, 58, 59, 60, 61, 62, 63, 64, 65, 66]",2,pg19,0,67ce6cb3-513a-4586-850a-5b4635674c09,22079,763,False,16,16,57,"[0, 12, 37, 39, 54, 55, 56, 58, 59, 60, 61, 62, 63, 64, 65, 66]",0.13006796344035623,20,[],210.20611699896108,165.28723199917295,555
0.0625,1.5,"[0, 7]",2,,1781072052967.577,0.0,1781072052827.5205,0,0,140.05644200005918,26705,10458.96875,0.3620893359184265,32,0.9326662421226501,0.8986938782036304,6,6,32,1781072052976.2878,1781072052813.5771,4268,214,middle,1.0,30.78751900102361,0.06857800144643988,observability_fixed_R16_k16,good,22.652765999737312,0,False,False,0.0,"[0, 12, 37, 39, 54, 55, 56, 58, 59, 60, 61, 62, 63, 64, 65, 66]",2,pg19,2,67ce6cb3-513a-4586-850a-5b4635674c09,22067,771,False,16,16,58,"[0, 12, 37, 39, 54, 55, 56, 58, 59, 60, 61, 62, 63, 64, 65, 66]",0.1302717900656045,23,[],210.25920899955963,162.7092079997965,556
0.0625,1.25,"[0, 1]",2,,1781072053378.041,0.0,1781072053235.649,0,0,142.39104199987196,24696,10460.1279296875,0.07324966788291931,32,0.9902545809745789,0.9871997872833163,6,6,32,1781072053386.79,1781072053221.7021,4271,217,middle,1.0,32.50913500050956,0.06923700129846111,observability_fixed_R16_k16,good,22.694902998409816,0,False,False,0.0,"[0, 12, 37, 39, 54, 55, 56, 58, 59, 60, 61, 62, 63, 64, 65, 66]",2,pg19,2,67ce6cb3-513a-4586-850a-5b4635674c09,22094,770,False,16,16,59,"[0, 12, 37, 39, 54, 55, 56, 58, 59, 60, 61, 62, 63, 64, 65, 66]",0.1308826972605947,26,[],212.07411400064302,165.08594499828178,559
0.0625,0.75,"[0, 5]",2,,1781072053787.3928,0.0,1781072053645.018,0,0,142.37406100073713,27870,10460.1279296875,0.25385504961013794,32,0.9575263857841492,0.9460248770192266,4,6,32,1781072053795.9158,1781072053630.9758,4274,220,middle,1.0,32.58052300043346,0.07533600000897422,observability_fixed_R16_k16,good,22.564842000065255,0,False,False,0.0,"[0, 12, 37, 39, 54, 55, 56, 58, 59, 60, 61, 62, 63, 64, 65, 66]",2,pg19,2,67ce6cb3-513a-4586-850a-5b4635674c09,22104,771,False,16,16,60,"[0, 12, 37, 39, 54, 55, 56, 58, 59, 60, 61, 62, 63, 64, 65, 66]",0.13149274684136641,29,[],210.70142499957,164.93890300080238,562
0.0625,0.5,"[0, 4]",2,,1781072054194.9924,0.0,1781072054051.644,0,0,143.34586000040872,24983,10460.1279296875,0.7066560387611389,32,0.5869674682617188,0.1771981418132782,6,6,32,1781072054203.5195,1781072054037.3313,4277,223,middle,1.0,32.570548999501625,0.0767640012782067,observability_fixed_R16_k16,good,22.839769999336568,0,False,False,0.0,"[0, 12, 37, 39, 54, 55, 56, 58, 59, 60, 61, 62, 63, 64, 65, 66]",2,pg19,2,67ce6cb3-513a-4586-850a-5b4635674c09,22123,771,False,16,16,61,"[0, 12, 37, 39, 54, 55, 56, 58, 59, 60, 61, 62, 63, 64, 65, 66]",0.1321019406125789,32,[],207.98662999914086,166.1856299997453,565
0.0625,0.0,"[0, 3]",2,,1781072054593.9392,0.0,1781072054453.5735,0,0,140.3651170003286,9583,10460.1279296875,1.3373509091252345e-06,32,1.0,0.9999999764113454,6,6,32,1781072054602.6416,1781072054439.5981,4280,226,middle,1.0,31.9832770001085,0.06898900028318167,observability_fixed_R16_k16,good,22.676083000988,0,False,False,0.0,"[0, 12, 37, 39, 54, 55, 56, 58, 59, 60, 61, 62, 63, 64, 65, 66]",2,pg19,2,67ce6cb3-513a-4586-850a-5b4635674c09,22120,767,False,16,16,62,"[0, 12, 37, 39, 54, 55, 56, 58, 59, 60, 61, 62, 63, 64, 65, 66]",0.13271028037383178,35,[],202.97103600023547,163.0412000013166,568
0.0,-2.0,[],0,,1781072054999.0386,0.0,1781072054857.5012,0,0,141.53669500046817,5711,10460.1279296875,3.1172292232513428,32,0.268552303314209,0.08684071898460388,6,6,32,1781072055007.529,1781072054843.5361,4283,229,middle,1.0,31.732110001030378,0.06774699977540877,observability_fixed_R16_k16,good,22.454828998888843,0,False,False,0.0,"[0, 12, 37, 39, 54, 55, 56, 58, 59, 60, 61, 62, 63, 64, 65, 66]",2,pg19,0,67ce6cb3-513a-4586-850a-5b4635674c09,22159,764,False,16,16,63,"[0, 12, 37, 39, 54, 55, 56, 58, 59, 60, 61, 62, 63, 64, 65, 66]",0.13331776791968247,36,[],208.1093749984575,163.991523999357,571
0.1875,4.5,"[0, 2, 9, 14, 21, 27]",6,0.9408543109893799,1781072055531.7117,124.35345399899234,1781072055266.1748,16,963,265.5372070003068,22106,10458.96875,0.8048858046531677,32,0.6326537728309631,0.30952581763267517,6,6,32,1781072055540.5222,1781072055251.902,4284,230,middle,0.6842105263157895,30.847858999550226,0.0721950000297511,observability_fixed_R16_k16,good,23.07994299917482,0,False,False,0.0,"[0, 12, 37, 39, 54, 55, 56, 58, 59, 60, 61, 62, 63, 64, 65, 66]",2,pg19,6,67ce6cb3-513a-4586-850a-5b4635674c09,22138,991,True,16,16,64,"[0, 51, 54, 55, 56, 57, 58, 59, 60, 61, 62, 63, 64, 65, 66, 67]",0.13352007469654528,43,"[0, 4290, 4289, 4288, 4277, 4283, 4282, 4286, 4284, 4281, 4278, 4272, 4274, 4109, 4273, 4263]",212.61556399986148,288.6171499994816,572
0.0,-2.5,[],0,,1781072055879.5054,0.0,1781072055804.1953,0,0,75.30916900032025,24696,10462.4462890625,0.0652170330286026,32,0.9912981986999512,0.9873097981326282,6,6,32,1781072055888.026,1781072055790.2397,4291,237,middle,1.0,36.85825799948361,4.208791999189998,observability_fixed_R16_k16,good,22.47493000140821,0,False,False,0.0,"[0, 51, 54, 55, 56, 57, 58, 59, 60, 61, 62, 63, 64, 65, 66, 67]",2,pg19,0,67ce6cb3-513a-4586-850a-5b4635674c09,22166,761,False,16,16,65,"[0, 51, 54, 55, 56, 57, 58, 59, 60, 61, 62, 63, 64, 65, 66, 67]",0.12747611279422047,1,[],207.42536000034306,97.78409900172846,547
0.0625,0.0,"[2, 10]",2,,1781072056289.6257,0.0,1781072056140.1829,0,0,149.44217999982357,25935,10458.96875,1.0705054998397827,32,0.5615420937538147,0.34163905680179596,6,6,32,1781072056298.073,1781072056125.8691,4292,238,middle,1.0,29.965884999910486,0.060864000261062756,observability_fixed_R16_k16,good,22.759219000363373,0,False,False,0.0,"[0, 51, 54, 55, 56, 57, 58, 59, 60, 61, 62, 63, 64, 65, 66, 67]",2,pg19,2,67ce6cb3-513a-4586-850a-5b4635674c09,22175,774,False,16,16,66,"[0, 51, 54, 55, 56, 57, 58, 59, 60, 61, 62, 63, 64, 65, 66, 67]",0.1276794035414725,4,[],206.85762600078306,172.20139900018694,548
0.09375,1.0,"[0, 2, 6]",3,,1781072056696.0098,0.0,1781072056553.8584,0,0,142.15124300062598,37239,10460.1279296875,0.36860188841819763,32,0.8855645656585693,0.7729776725172997,6,6,32,1781072056704.417,1781072056539.7898,4295,241,middle,1.0,32.66545400038012,0.06322000081127044,observability_fixed_R16_k16,good,22.475183999631554,0,False,False,0.0,"[0, 51, 54, 55, 56, 57, 58, 59, 60, 61, 62, 63, 64, 65, 66, 67]",2,pg19,3,67ce6cb3-513a-4586-850a-5b4635674c09,22190,776,False,16,16,67,"[0, 51, 54, 55, 56, 57, 58, 59, 60, 61, 62, 63, 64, 65, 66, 67]",0.12828870779976717,8,[],207.96026999960304,164.62642700025754,551
0.03125,-1.75,[1],1,,1781072057100.0852,0.0,1781072056958.8816,0,0,141.20317000015348,264,10460.70751953125,0.4330798089504242,32,0.8922964334487915,0.80666533857584,6,6,32,1781072057108.6946,1781072056945.1208,4299,245,middle,1.0,32.61907999876712,0.06515099994430784,observability_fixed_R16_k16,good,22.368799000105355,0,False,False,0.0,"[0, 51, 54, 55, 56, 57, 58, 59, 60, 61, 62, 63, 64, 65, 66, 67]",2,pg19,1,67ce6cb3-513a-4586-850a-5b4635674c09,22211,763,False,16,16,68,"[0, 51, 54, 55, 56, 57, 58, 59, 60, 61, 62, 63, 64, 65, 66, 67]",0.12909979064898813,10,[],207.2472990003007,163.57196900025883,555
0.0,-1.5,[],0,,1781072057508.2468,0.0,1781072057365.3372,0,0,142.90893299948948,10775,10459.54833984375,4.315012454986572,32,0.11277145892381668,0.016312912106513977,4,6,32,1781072057516.8552,1781072057351.2778,4301,247,middle,1.0,32.40722100053972,0.07195200123533141,observability_fixed_R16_k16,good,22.666499999104417,0,False,False,0.0,"[0, 51, 54, 55, 56, 57, 58, 59, 60, 61, 62, 63, 64, 65, 66, 67]",2,pg19,0,67ce6cb3-513a-4586-850a-5b4635674c09,22240,766,False,16,16,69,"[0, 51, 54, 55, 56, 57, 58, 59, 60, 61, 62, 63, 64, 65, 66, 67]",0.12950476633341085,11,[],209.32113699927868,165.5754329985939,557
0.09375,1.5,"[0, 3, 13]",3,,1781072057913.128,0.0,1781072057772.4307,0,0,140.69668099909904,576,10458.96875,0.0018909998470917344,32,0.9998194575309753,0.9996634810959222,6,6,32,1781072057921.5684,1781072057758.8665,4302,248,middle,1.0,30.821248999927775,0.0615740009379806,observability_fixed_R16_k16,good,22.00430800075992,0,False,False,0.0,"[0, 51, 54, 55, 56, 57, 58, 59, 60, 61, 62, 63, 64, 65, 66, 67]",2,pg19,3,67ce6cb3-513a-4586-850a-5b4635674c09,22231,773,False,16,16,70,"[0, 51, 54, 55, 56, 57, 58, 59, 60, 61, 62, 63, 64, 65, 66, 67]",0.1297071129707113,15,[],210.0913379999838,162.70098899985896,558
0.0,-1.75,[],0,,1781072058321.9248,0.0,1781072058180.0266,0,0,141.8971250004688,16688,10460.70751953125,2.746138095855713,32,0.48543134331703186,0.32535307109355927,6,6,32,1781072058330.5078,1781072058166.058,4306,252,middle,1.0,32.24878400033049,0.06557500091730617,observability_fixed_R16_k16,good,22.551554000528995,0,False,False,0.0,"[0, 51, 54, 55, 56, 57, 58, 59, 60, 61, 62, 63, 64, 65, 66, 67]",2,pg19,0,67ce6cb3-513a-4586-850a-5b4635674c09,22255,762,False,16,16,71,"[0, 51, 54, 55, 56, 57, 58, 59, 60, 61, 62, 63, 64, 65, 66, 67]",0.13051555968416165,16,[],211.31060700099624,164.4486790009978,562
0.125,3.0,"[1, 7, 12, 16]",4,,1781072058728.0771,0.0,1781072058587.9392,0,0,140.13717499983613,1667,10458.96875,1.4629578590393066,32,0.6879986524581909,0.5684424191713333,6,6,32,1781072058736.6025,1781072058573.9583,4307,253,middle,1.0,30.659253001431352,0.0631319999229163,observability_fixed_R16_k16,good,22.50576100050239,0,False,False,0.0,"[0, 51, 54, 55, 56, 57, 58, 59, 60, 61, 62, 63, 64, 65, 66, 67]",2,pg19,4,67ce6cb3-513a-4586-850a-5b4635674c09,22258,782,False,16,16,72,"[0, 51, 54, 55, 56, 57, 58, 59, 60, 61, 62, 63, 64, 65, 66, 67]",0.1307174367309032,21,[],211.9071029992483,162.64293600033852,563
0.1875,4.25,"[1, 3, 5, 8, 16, 27]",6,,1781072059132.672,0.0,1781072058991.7573,0,0,140.91233599901898,16614,10461.287109375,0.5937178730964661,32,0.7382051348686218,0.4790707528591156,6,6,32,1781072059141.9966,1781072058977.3064,4312,258,middle,1.0,31.90182599973923,0.07417800043185707,observability_fixed_R16_k16,good,23.774418999892077,0,False,False,0.0,"[0, 51, 54, 55, 56, 57, 58, 59, 60, 61, 62, 63, 64, 65, 66, 67]",2,pg19,6,67ce6cb3-513a-4586-850a-5b4635674c09,22282,789,False,16,16,73,"[0, 51, 54, 55, 56, 57, 58, 59, 60, 61, 62, 63, 64, 65, 66, 67]",0.13172541743970315,28,[],207.8643180011568,164.68675499891106,568
0.125,0.75,"[0, 2, 7, 19]",4,,1781072059555.1912,0.0,1781072059404.5557,0,0,150.634177000029,382,10462.4462890625,0.51189786195755,32,0.8615483045578003,0.7502898275852203,6,6,32,1781072059563.7163,1781072059390.1545,4319,265,middle,1.0,33.74389400050859,0.0718139999662526,observability_fixed_R16_k16,good,22.924659999262076,0,False,False,0.0,"[0, 51, 54, 55, 56, 57, 58, 59, 60, 61, 62, 63, 64, 65, 66, 67]",2,pg19,4,67ce6cb3-513a-4586-850a-5b4635674c09,22318,772,False,16,16,74,"[0, 51, 54, 55, 56, 57, 58, 59, 60, 61, 62, 63, 64, 65, 66, 67]",0.1331326695994443,33,[],213.1902999990416,173.5588369992911,575
0.0,-3.5,[],0,,1781072059964.5642,0.0,1781072059835.867,0,0,128.69654899986926,11409,10461.287109375,0.954395592212677,32,0.861682653427124,0.8213812187314034,6,6,32,1781072059973.0952,1781072059821.7615,4324,270,middle,1.0,37.80577100042137,4.487242998948204,observability_fixed_R16_k16,good,22.63529199990444,0,False,False,0.0,"[0, 51, 54, 55, 56, 57, 58, 59, 60, 61, 62, 63, 64, 65, 66, 67]",2,pg19,0,67ce6cb3-513a-4586-850a-5b4635674c09,22339,765,False,16,16,75,"[0, 51, 54, 55, 56, 57, 58, 59, 60, 61, 62, 63, 64, 65, 66, 67]",0.1341350601295097,34,[],214.8200560004625,151.3318409997737,580
0.0,-3.5,[],0,,1781072060376.0159,0.0,1781072060236.2336,0,0,139.781870000661,7343,10458.96875,4.70704460144043,32,0.18180349469184875,0.09725701063871384,5,6,32,1781072060384.5493,1781072060221.6768,4325,271,middle,1.0,33.12197499872127,0.07053899935272057,observability_fixed_R16_k16,good,23.088297000867897,0,False,False,0.0,"[0, 51, 54, 55, 56, 57, 58, 59, 60, 61, 62, 63, 64, 65, 66, 67]",2,pg19,0,67ce6cb3-513a-4586-850a-5b4635674c09,22344,758,False,16,16,76,"[0, 51, 54, 55, 56, 57, 58, 59, 60, 61, 62, 63, 64, 65, 66, 67]",0.13433526011560692,35,[],214.3010100007814,162.8701670015289,581
0.0,-2.5,[],0,,1781072060786.2012,0.0,1781072060644.8423,0,0,141.35813699977007,9733,10458.96875,2.957383632659912,32,0.3406805694103241,0.23838971555233002,5,6,32,1781072060794.9226,1781072060630.445,4326,272,middle,1.0,33.62907200062182,0.06477300121332519,observability_fixed_R16_k16,good,23.11527999881946,0,False,False,0.0,"[0, 51, 54, 55, 56, 57, 58, 59, 60, 61, 62, 63, 64, 65, 66, 67]",2,pg19,0,67ce6cb3-513a-4586-850a-5b4635674c09,22356,764,False,16,16,77,"[0, 51, 54, 55, 56, 57, 58, 59, 60, 61, 62, 63, 64, 65, 66, 67]",0.13453536754507628,36,[],211.0984829996596,164.47341699858953,582
0.0625,1.0,"[0, 3]",2,,1781072061191.3828,0.0,1781072061049.418,0,0,141.9642559994827,2213,10458.96875,0.8858264088630676,32,0.7434453368186951,0.5612562149763107,6,6,32,1781072061199.9473,1781072061035.2075,4327,273,middle,1.0,30.72202799921797,0.06646200017712545,observability_fixed_R16_k16,good,22.773081000195816,0,False,False,0.0,"[0, 51, 54, 55, 56, 57, 58, 59, 60, 61, 62, 63, 64, 65, 66, 67]",2,pg19,2,67ce6cb3-513a-4586-850a-5b4635674c09,22350,766,False,16,16,78,"[0, 51, 54, 55, 56, 57, 58, 59, 60, 61, 62, 63, 64, 65, 66, 67]",0.13473538248208922,39,[],208.36439200138557,164.73733699967852,583
0.0625,1.5,"[0, 8]",2,,1781072061601.4316,0.0,1781072061457.4324,0,0,143.9987129997462,54,10460.1279296875,1.8248388767242432,32,0.6515606641769409,0.5435213148593903,5,6,32,1781072061610.06,1781072061443.3193,4330,276,middle,1.0,33.14609299923177,0.06669799950032029,observability_fixed_R16_k16,good,22.740292999515077,0,False,False,0.0,"[0, 51, 54, 55, 56, 57, 58, 59, 60, 61, 62, 63, 64, 65, 66, 67]",2,pg19,2,67ce6cb3-513a-4586-850a-5b4635674c09,22355,763,False,16,16,79,"[0, 51, 54, 55, 56, 57, 58, 59, 60, 61, 62, 63, 64, 65, 66, 67]",0.1353348729792148,42,[],209.27876900168485,166.73900599926128,586
0.0,-1.0,[],0,0.937743067741394,1781072062075.9238,66.58779099961976,1781072061865.2693,16,1006,210.65456900032586,14385,10460.1279296875,3.8382887840270996,32,0.31189385056495667,0.24120499193668365,6,6,32,1781072062084.8843,1781072061851.3425,4333,279,middle,0.3333333333333333,31.95918699930189,0.06460599979618564,observability_fixed_R16_k16,good,22.885292999490048,0,False,False,0.0,"[0, 51, 54, 55, 56, 57, 58, 59, 60, 61, 62, 63, 64, 65, 66, 67]",2,pg19,0,67ce6cb3-513a-4586-850a-5b4635674c09,22389,955,True,16,16,80,"[0, 4, 5, 7, 8, 10, 11, 14, 15, 61, 62, 63, 64, 65, 66, 67]",0.13593353334871913,43,"[0, 4333, 4331, 324, 4330, 4332, 4323, 4109, 340, 4325, 4329, 4127, 4326, 4318, 4096, 354]",208.38883400028863,233.5398619998159,589
0.0625,1.0,"[3, 6]",2,,1781072062427.1497,0.0,1781072062349.644,0,0,77.50480699905893,43693,10458.96875,0.9934223890304565,32,0.70063316822052,0.5367982238531113,6,6,32,1781072062435.7625,1781072062335.038,4334,280,middle,1.0,32.831313999849954,4.552209000394214,observability_fixed_R16_k16,good,23.216958001285093,0,False,False,0.0,"[0, 4, 5, 7, 8, 10, 11, 14, 15, 61, 62, 63, 64, 65, 66, 67]",2,pg19,2,67ce6cb3-513a-4586-850a-5b4635674c09,22375,768,False,16,16,81,"[0, 4, 5, 7, 8, 10, 11, 14, 15, 61, 62, 63, 64, 65, 66, 67]",0.12136594370096908,3,[],211.80458200069552,100.72176500034402,526
0.1875,4.5,"[0, 1, 6, 10, 19, 27]",6,,1781072062848.1658,0.0,1781072062699.7693,0,0,148.39481999842974,11840,10460.1279296875,0.002968244254589081,32,0.9997463822364807,0.9996691739434027,6,6,32,1781072062856.9128,1781072062685.025,4337,283,middle,1.0,34.00423900166061,0.08657599937578198,observability_fixed_R16_k16,good,23.491456000556354,0,False,False,0.0,"[0, 4, 5, 7, 8, 10, 11, 14, 15, 61, 62, 63, 64, 65, 66, 67]",2,pg19,6,67ce6cb3-513a-4586-850a-5b4635674c09,22384,793,False,16,16,82,"[0, 4, 5, 7, 8, 10, 11, 14, 15, 61, 62, 63, 64, 65, 66, 67]",0.12197371454922758,10,[],214.05747500102734,171.8862759989861,529
0.1875,3.5,"[0, 2, 6, 12, 18, 26]",6,,1781072063255.3425,0.0,1781072063112.309,0,0,143.0315919988061,330,10462.62158203125,0.007213891949504614,32,0.9992454051971436,0.9986927381833084,6,6,32,1781072063264.2788,1781072063097.8474,4344,290,middle,1.0,32.71150100044906,0.0673890008329181,observability_fixed_R16_k16,good,23.396155000227736,0,False,False,0.0,"[0, 4, 5, 7, 8, 10, 11, 14, 15, 61, 62, 63, 64, 65, 66, 67]",2,pg19,6,67ce6cb3-513a-4586-850a-5b4635674c09,22436,786,False,16,16,83,"[0, 4, 5, 7, 8, 10, 11, 14, 15, 61, 62, 63, 64, 65, 66, 67]",0.12338858195211787,17,[],207.28575400062255,166.42774699903384,536
0.1875,2.5,"[0, 1, 2, 5, 9, 16]",6,,1781072063677.6536,0.0,1781072063528.5652,0,0,149.08735399876605,33535,10462.4462890625,0.0002677100128494203,32,0.9999816417694092,0.9999757790287731,6,6,32,1781072063686.3271,1781072063513.723,4351,297,middle,1.0,33.610944999963976,0.06961399958527181,observability_fixed_R16_k16,good,23.51564400123607,0,False,False,0.0,"[0, 4, 5, 7, 8, 10, 11, 14, 15, 61, 62, 63, 64, 65, 66, 67]",2,pg19,6,67ce6cb3-513a-4586-850a-5b4635674c09,22463,790,False,16,16,84,"[0, 4, 5, 7, 8, 10, 11, 14, 15, 61, 62, 63, 64, 65, 66, 67]",0.12479889680533211,24,[],214.5972790003725,172.60299800000212,543
0.1875,1.0,"[0, 1, 3, 8, 16, 24]",6,,1781072064097.2188,0.0,1781072063955.9688,0,0,141.24825799990504,1200,10462.4462890625,1.9076618627877906e-05,32,0.9999988079071045,0.9999980388696486,6,6,32,1781072064106.0156,1781072063941.4275,4358,304,middle,0.9411764705882353,38.42239699952188,4.645218999939971,observability_fixed_R16_k16,good,23.335032999966643,0,False,False,0.0,"[0, 4, 5, 7, 8, 10, 11, 14, 15, 61, 62, 63, 64, 65, 66, 67, 68]",2,pg19,6,67ce6cb3-513a-4586-850a-5b4635674c09,22497,790,False,16,16,85,"[0, 4, 5, 7, 8, 10, 11, 14, 15, 61, 62, 63, 64, 65, 66, 67]",0.13354749885268472,31,[],211.1583329988207,164.58329099987168,582
0.1875,0.0,"[0, 2, 6, 11, 19, 26]",6,,1781072064529.7805,0.0,1781072064383.4836,0,0,146.2974510013737,1335,10462.4462890625,0.006040795240551233,32,0.9993075132369995,0.9986613399232738,6,6,32,1781072064538.3123,1781072064368.2336,4365,311,middle,0.9411764705882353,34.285415000340436,0.07804900087649003,observability_fixed_R16_k16,good,23.777684997185133,0,False,False,0.0,"[0, 4, 5, 7, 8, 10, 11, 14, 15, 61, 62, 63, 64, 65, 66, 67, 68]",2,pg19,6,67ce6cb3-513a-4586-850a-5b4635674c09,22546,789,False,16,16,86,"[0, 4, 5, 7, 8, 10, 11, 14, 15, 61, 62, 63, 64, 65, 66, 67]",0.13493699885452462,38,[],226.6516240015335,170.07513599855884,589
0.1875,0.0,"[0, 3, 10, 16, 22, 27]",6,,1781072064941.963,0.0,1781072064796.9539,0,0,145.00840099935886,323,10462.4462890625,0.2206028699874878,32,0.94246506690979,0.8849743343889713,6,6,32,1781072064950.7327,1781072064782.7966,4372,318,middle,0.9411764705882353,32.58713799914403,0.07246700079122093,observability_fixed_R16_k16,good,22.92571200086968,0,False,False,0.0,"[0, 4, 5, 7, 8, 10, 11, 14, 15, 61, 62, 63, 64, 65, 66, 67, 68]",2,pg19,6,67ce6cb3-513a-4586-850a-5b4635674c09,22588,790,False,16,16,87,"[0, 4, 5, 7, 8, 10, 11, 14, 15, 61, 62, 63, 64, 65, 66, 67]",0.13632204940530648,45,[],210.93515600114188,167.93411300022854,596
0.1875,0.0,"[0, 1, 2, 3, 7, 20]",6,,1781072065368.9463,0.0,1781072065222.6277,0,0,146.317987000657,4363,10462.4462890625,0.00244906242005527,32,0.9997778534889221,0.999642344439053,6,6,32,1781072065377.5173,1781072065208.1262,4379,325,middle,0.9411764705882353,32.48694899957627,0.072105998697225,observability_fixed_R16_k16,good,23.07122199999867,0,False,False,0.0,"[0, 4, 5, 7, 8, 10, 11, 14, 15, 61, 62, 63, 64, 65, 66, 67, 68]",2,pg19,6,67ce6cb3-513a-4586-850a-5b4635674c09,22597,782,False,16,16,88,"[0, 4, 5, 7, 8, 10, 11, 14, 15, 61, 62, 63, 64, 65, 66, 67]",0.1377026718428865,52,[],223.93569000087155,169.38920900065568,603
0.0,-6.0,[],0,,1781072065786.0193,0.0,1781072065644.3464,0,0,141.67271999940567,54314,10462.4462890625,3.5564842224121094,32,0.14239461719989777,0.02797732502222061,4,6,32,1781072065794.8103,1781072065629.952,4386,332,middle,0.9411764705882353,34.492255999794,3.951388000132283,observability_fixed_R16_k16,good,23.183442001027288,0,False,False,0.0,"[0, 4, 5, 7, 8, 10, 11, 14, 15, 61, 62, 63, 64, 65, 66, 67, 68]",2,pg19,0,67ce6cb3-513a-4586-850a-5b4635674c09,22675,765,False,16,16,89,"[0, 4, 5, 7, 8, 10, 11, 14, 15, 61, 62, 63, 64, 65, 66, 67]",0.13907888736890106,53,[],213.06975099832925,164.85616200043296,610
0.0,-4.5,[],0,,1781072066192.3938,0.0,1781072066052.8533,0,0,139.53814700107614,4428,10458.96875,0.24386538565158844,32,0.9599841237068176,0.9454075349494815,6,6,32,1781072066201.3687,1781072066038.7422,4387,333,middle,0.9411764705882353,30.98605699960899,0.0801130008767359,observability_fixed_R16_k16,good,23.085528999217786,0,False,False,0.0,"[0, 4, 5, 7, 8, 10, 11, 14, 15, 61, 62, 63, 64, 65, 66, 67, 68]",2,pg19,0,67ce6cb3-513a-4586-850a-5b4635674c09,22662,763,False,16,16,90,"[0, 4, 5, 7, 8, 10, 11, 14, 15, 61, 62, 63, 64, 65, 66, 67]",0.1392751310690677,54,[],211.95993599940266,162.62367600029393,611
0.09375,0.0,"[0, 2, 10]",3,,1781072066603.567,0.0,1781072066459.4363,0,0,144.12749300026917,22846,10458.96875,0.9511169791221619,32,0.5399327278137207,0.12595191597938538,6,6,32,1781072066612.3179,1781072066445.2131,4388,334,middle,0.9411764705882353,31.052832999193924,0.0843010002427036,observability_fixed_R16_k16,good,22.97490400087554,0,False,False,0.0,"[0, 4, 5, 7, 8, 10, 11, 14, 15, 61, 62, 63, 64, 65, 66, 67, 68]",2,pg19,3,67ce6cb3-513a-4586-850a-5b4635674c09,22655,777,False,16,16,91,"[0, 4, 5, 7, 8, 10, 11, 14, 15, 61, 62, 63, 64, 65, 66, 67]",0.13947128532360983,58,[],211.76772900071228,167.1023970011447,612
0.03125,-1.25,[0],1,,1781072067004.01,0.0,1781072066862.0742,0,0,141.93529400108673,1461,10460.70751953125,0.003982144873589277,32,0.9995613694190979,0.9991440625744872,6,6,32,1781072067012.8586,1781072066847.5918,4392,338,middle,0.9411764705882353,31.75805300088541,0.08165199869836215,observability_fixed_R16_k16,good,23.329111998464214,0,False,False,0.0,"[0, 4, 5, 7, 8, 10, 11, 14, 15, 61, 62, 63, 64, 65, 66, 67, 68]",2,pg19,1,67ce6cb3-513a-4586-850a-5b4635674c09,22669,764,False,16,16,92,"[0, 4, 5, 7, 8, 10, 11, 14, 15, 61, 62, 63, 64, 65, 66, 67]",0.14025500910746813,60,[],202.57160299843235,165.26440599955095,616
0.09375,2.0,"[0, 2, 4]",3,,1781072067412.153,0.0,1781072067268.3843,0,0,143.76729499963403,52050,10459.54833984375,0.0046607572585344315,32,0.9994688630104065,0.9989576152875088,6,6,32,1781072067420.8162,1781072067254.1335,4394,340,middle,0.9411764705882353,34.51615300036792,0.07830699905753136,observability_fixed_R16_k16,good,22.91222399981052,0,False,False,0.0,"[0, 4, 5, 7, 8, 10, 11, 14, 15, 61, 62, 63, 64, 65, 66, 67, 68]",2,pg19,3,67ce6cb3-513a-4586-850a-5b4635674c09,22681,775,False,16,16,93,"[0, 4, 5, 7, 8, 10, 11, 14, 15, 61, 62, 63, 64, 65, 66, 67]",0.1406463359126081,64,[],205.622248000509,166.67951899944455,618
0.1875,4.25,"[0, 1, 2, 12, 20, 27]",6,,1781072067822.869,0.0,1781072067676.1045,0,0,146.76408800005447,323,10460.70751953125,0.0012973323464393616,32,0.999889612197876,0.9998304060645751,6,6,32,1781072067831.348,1781072067660.4138,4398,344,late,0.9411764705882353,32.5267320004059,0.08010599958652165,observability_fixed_R16_k16,good,24.168989999452606,0,False,False,0.0,"[0, 4, 5, 7, 8, 10, 11, 14, 15, 61, 62, 63, 64, 65, 66, 67, 68]",2,pg19,6,67ce6cb3-513a-4586-850a-5b4635674c09,22721,788,False,16,16,94,"[0, 4, 5, 7, 8, 10, 11, 14, 15, 61, 62, 63, 64, 65, 66, 67]",0.14142792178262847,71,[],205.83985000121174,170.93307799950708,622
0.09375,-0.25,"[4, 9, 19]",3,,1781072068234.9038,0.0,1781072068088.622,0,0,146.28104599978542,785,10462.4462890625,1.9801894426345825,32,0.5432761907577515,0.4346141219139099,5,6,32,1781072068243.7292,1781072068074.4163,4405,351,late,0.9411764705882353,32.311767999999574,0.07426499905704986,observability_fixed_R16_k16,good,23.030710999591975,0,False,False,0.0,"[0, 4, 5, 7, 8, 10, 11, 14, 15, 61, 62, 63, 64, 65, 66, 67, 68]",2,pg19,3,67ce6cb3-513a-4586-850a-5b4635674c09,22730,772,False,16,16,95,"[0, 4, 5, 7, 8, 10, 11, 14, 15, 61, 62, 63, 64, 65, 66, 67]",0.1427922814982974,75,[],209.85462499993446,169.3117569993774,629
0.0,-3.25,[],0,0.944661557674408,1781072068710.5625,65.83372699969914,1781072068500.5315,16,1018,210.0321409998287,855,10460.70751953125,3.732813835144043,32,0.2773788571357727,0.1421951949596405,4,6,32,1781072068719.4158,1781072068484.29,4409,355,late,0.5714285714285714,32.80810599972028,0.08179199903679546,observability_fixed_R16_k16,good,25.09192300021823,0,False,False,0.0,"[0, 4, 5, 7, 8, 10, 11, 14, 15, 61, 62, 63, 64, 65, 66, 67, 68]",2,pg19,0,67ce6cb3-513a-4586-850a-5b4635674c09,22761,955,True,16,16,96,"[0, 4, 9, 10, 11, 57, 58, 59, 61, 62, 63, 64, 65, 66, 67, 68]",0.14356997051485598,76,"[0, 4409, 4408, 4407, 4109, 4406, 4096, 4323, 4403, 4127, 4322, 4382, 4095, 4099, 4094, 4389]",206.82601999942563,235.12406400004693,633
0.03125,-2.0,[0],1,,1781072069052.3135,0.0,1781072068975.7302,0,0,76.58277799964708,553,10458.96875,0.05939895659685135,32,0.9922009110450745,0.9870750391855836,6,6,32,1781072069060.9229,1781072068961.7473,4410,356,late,1.0,31.68800000094052,4.2208579998259665,observability_fixed_R16_k16,good,22.591490000195336,0,False,False,0.0,"[0, 4, 9, 10, 11, 57, 58, 59, 61, 62, 63, 64, 65, 66, 67, 68]",2,pg19,1,67ce6cb3-513a-4586-850a-5b4635674c09,22758,759,False,16,16,97,"[0, 4, 9, 10, 11, 57, 58, 59, 61, 62, 63, 64, 65, 66, 67, 68]",0.1219954648526077,2,[],205.48726099877967,99.17426799984241,538
0.09375,0.5,"[0, 2, 4]",3,,1781072069464.762,0.0,1781072069311.671,0,0,153.09023299960245,38919,10459.54833984375,0.3023105561733246,32,0.9328159093856812,0.8759137801826,6,6,32,1781072069473.3198,1781072069297.3088,4412,358,late,1.0,31.03131800162373,0.06980900070630014,observability_fixed_R16_k16,good,22.919054001249606,0,False,False,0.0,"[0, 4, 9, 10, 11, 57, 58, 59, 61, 62, 63, 64, 65, 66, 67, 68]",2,pg19,3,67ce6cb3-513a-4586-850a-5b4635674c09,22762,773,False,16,16,98,"[0, 4, 9, 10, 11, 57, 58, 59, 61, 62, 63, 64, 65, 66, 67, 68]",0.12239347234814144,6,[],204.46534599977895,176.00928700085205,540
0.125,2.25,"[0, 5, 13, 19]",4,,1781072069866.927,0.0,1781072069725.6855,0,0,141.24034899941762,25,10460.70751953125,0.9410404562950134,32,0.7912053465843201,0.6952212527394295,6,6,32,1781072069875.5469,1781072069711.5986,4416,362,late,1.0,31.90971799995168,0.07305100007215515,observability_fixed_R16_k16,good,22.70637600122427,0,False,False,0.0,"[0, 4, 9, 10, 11, 57, 58, 59, 61, 62, 63, 64, 65, 66, 67, 68]",2,pg19,4,67ce6cb3-513a-4586-850a-5b4635674c09,22787,774,False,16,16,99,"[0, 4, 9, 10, 11, 57, 58, 59, 61, 62, 63, 64, 65, 66, 67, 68]",0.12318840579710146,11,[],205.42264499999874,163.9467250006419,544
0.0625,0.0,"[0, 4]",2,,1781072070285.3457,0.0,1781072070141.3582,0,0,143.9871860002313,3908,10461.75244140625,0.244830921292305,32,0.9594212770462036,0.9346402008086443,6,6,32,1781072070294.0999,1781072070126.9631,4421,367,late,0.9411764705882353,32.24564700030896,4.265695999492891,observability_fixed_R16_k16,good,23.147384999901988,0,False,False,0.0,"[0, 4, 9, 10, 11, 57, 58, 59, 61, 62, 63, 64, 65, 66, 67, 68, 69]",2,pg19,2,67ce6cb3-513a-4586-850a-5b4635674c09,22814,767,False,16,16,100,"[0, 4, 9, 10, 11, 57, 58, 59, 61, 62, 63, 64, 65, 66, 67, 68]",0.13141823116941867,14,[],213.99076099987724,167.1345710001333,581
0.09375,0.5,"[0, 4, 15]",3,,1781072070695.5942,0.0,1781072070551.886,0,0,143.7062919994787,21300,10460.1279296875,0.9805518388748169,32,0.6952444911003113,0.486494243144989,6,6,32,1781072070704.4607,1781072070537.6624,4424,370,late,0.9411764705882353,31.897881999611855,0.07799699960742146,observability_fixed_R16_k16,good,23.090057002264075,0,False,False,0.0,"[0, 4, 9, 10, 11, 57, 58, 59, 61, 62, 63, 64, 65, 66, 67, 68, 69]",2,pg19,3,67ce6cb3-513a-4586-850a-5b4635674c09,22833,774,False,16,16,101,"[0, 4, 9, 10, 11, 57, 58, 59, 61, 62, 63, 64, 65, 66, 67, 68]",0.13200723327305605,18,[],210.71040500100935,166.79634900174278,584
0.03125,-2.0,[2],1,,1781072071107.7815,0.0,1781072070963.4104,0,0,144.3698230013979,1493,10460.70751953125,0.7761505246162415,32,0.7454100251197815,0.5416262745857239,6,6,32,1781072071116.6147,1781072070948.937,4428,374,late,0.9411764705882353,33.10160699948028,0.07901599929027725,observability_fixed_R16_k16,good,23.306315999434446,0,False,False,0.0,"[0, 4, 9, 10, 11, 57, 58, 59, 61, 62, 63, 64, 65, 66, 67, 68, 69]",2,pg19,1,67ce6cb3-513a-4586-850a-5b4635674c09,22849,763,False,16,16,102,"[0, 4, 9, 10, 11, 57, 58, 59, 61, 62, 63, 64, 65, 66, 67, 68]",0.13279132791327913,20,[],210.39365300021018,167.67613900083234,588
0.09375,0.5,"[0, 3, 7]",3,,1781072071523.886,0.0,1781072071379.9949,0,0,143.89002800089656,12650,10459.54833984375,0.5180360674858093,32,0.910464882850647,0.8816517814993858,6,6,32,1781072071532.6948,1781072071365.7207,4430,376,late,0.9411764705882353,32.94674900098471,0.08044900096138008,observability_fixed_R16_k16,good,23.081750998244388,0,False,False,0.0,"[0, 4, 9, 10, 11, 57, 58, 59, 61, 62, 63, 64, 65, 66, 67, 68, 69]",2,pg19,3,67ce6cb3-513a-4586-850a-5b4635674c09,22860,775,False,16,16,103,"[0, 4, 9, 10, 11, 57, 58, 59, 61, 62, 63, 64, 65, 66, 67, 68]",0.13318284424379231,24,[],215.1578259999951,166.97177899914095,590
0.1875,3.75,"[0, 1, 3, 5, 13, 22]",6,,1781072071934.9314,0.0,1781072071792.23,0,0,142.6999480008817,374,10460.70751953125,0.05335439369082451,32,0.9927045106887817,0.9873299170285463,6,6,32,1781072071943.8772,1781072071777.9292,4434,380,late,0.9411764705882353,33.14284299995052,0.08187499952327926,observability_fixed_R16_k16,good,23.245260998010053,0,False,False,0.0,"[0, 4, 9, 10, 11, 57, 58, 59, 61, 62, 63, 64, 65, 66, 67, 68, 69]",2,pg19,6,67ce6cb3-513a-4586-850a-5b4635674c09,22863,783,False,16,16,104,"[0, 4, 9, 10, 11, 57, 58, 59, 61, 62, 63, 64, 65, 66, 67, 68]",0.13396481732070364,31,[],211.13739899919892,165.94520899889176,594
0.09375,-0.25,"[1, 5, 12]",3,,1781072072348.3218,0.0,1781072072205.9985,0,0,142.32213799914462,5392,10462.4462890625,0.7917393445968628,32,0.8491430878639221,0.7913581766188145,6,6,32,1781072072356.9502,1781072072191.818,4441,387,late,0.9411764705882353,33.12327700041351,0.08697600060258992,observability_fixed_R16_k16,good,22.808407000411535,0,False,False,0.0,"[0, 4, 9, 10, 11, 57, 58, 59, 61, 62, 63, 64, 65, 66, 67, 68, 69]",2,pg19,3,67ce6cb3-513a-4586-850a-5b4635674c09,22909,776,False,16,16,105,"[0, 4, 9, 10, 11, 57, 58, 59, 61, 62, 63, 64, 65, 66, 67, 68]",0.13532988065750956,35,[],213.8310359987372,165.13054499955615,601
0.03125,-2.25,[1],1,,1781072072754.9854,0.0,1781072072612.0347,0,0,142.95028599917714,5648,10460.70751953125,0.61324143409729,32,0.7603943943977356,0.5320826023817062,6,6,32,1781072072763.709,1781072072597.9326,4445,391,late,0.9411764705882353,32.1842139983346,0.08539100053894799,observability_fixed_R16_k16,good,22.82358800221118,0,False,False,0.0,"[0, 4, 9, 10, 11, 57, 58, 59, 61, 62, 63, 64, 65, 66, 67, 68, 69]",2,pg19,1,67ce6cb3-513a-4586-850a-5b4635674c09,22945,766,False,16,16,106,"[0, 4, 9, 10, 11, 57, 58, 59, 61, 62, 63, 64, 65, 66, 67, 68]",0.1361079865016873,37,[],207.86765099910554,165.77387400138832,605
0.0,-3.25,[],0,,1781072073163.9832,0.0,1781072073019.926,0,0,144.05579500089516,7437,10459.54833984375,1.4231946468353271,32,0.3962865471839905,0.018147259950637817,6,6,32,1781072073172.752,1781072073005.8875,4447,393,late,0.9411764705882353,32.368498999858275,0.0784700005169725,observability_fixed_R16_k16,good,22.806221999417176,0,False,False,0.0,"[0, 4, 9, 10, 11, 57, 58, 59, 61, 62, 63, 64, 65, 66, 67, 68, 69]",2,pg19,0,67ce6cb3-513a-4586-850a-5b4635674c09,22931,763,False,16,16,107,"[0, 4, 9, 10, 11, 57, 58, 59, 61, 62, 63, 64, 65, 66, 67, 68]",0.13649651450416012,38,[],208.59563999874808,166.86201700031233,607
0.03125,-1.5,[0],1,,1781072073566.2222,0.0,1781072073426.344,0,0,139.8774749995937,1795,10458.96875,0.276960164308548,32,0.9332829117774963,0.8736201338469982,6,6,32,1781072073574.7964,1781072073412.1472,4448,394,late,0.9411764705882353,30.870804999722168,0.08009600060177036,observability_fixed_R16_k16,good,22.770474000935792,0,False,False,0.0,"[0, 4, 9, 10, 11, 57, 58, 59, 61, 62, 63, 64, 65, 66, 67, 68, 69]",2,pg19,1,67ce6cb3-513a-4586-850a-5b4635674c09,22937,762,False,16,16,108,"[0, 4, 9, 10, 11, 57, 58, 59, 61, 62, 63, 64, 65, 66, 67, 68]",0.1366906474820144,40,[],207.5749480009108,162.64794900052948,608
0.03125,-0.25,[4],1,,1781072073981.2595,0.0,1781072073836.2542,0,0,145.0052649997815,41705,10459.54833984375,2.06396222114563,32,0.3649575114250183,0.20799124240875244,5,6,32,1781072073989.9004,1781072073820.4202,4450,396,late,0.9411764705882353,32.40017800089845,0.0823459995444864,observability_fixed_R16_k16,good,24.472744000377133,0,False,False,0.0,"[0, 4, 9, 10, 11, 57, 58, 59, 61, 62, 63, 64, 65, 66, 67, 68, 69]",2,pg19,1,67ce6cb3-513a-4586-850a-5b4635674c09,22948,764,False,16,16,109,"[0, 4, 9, 10, 11, 57, 58, 59, 61, 62, 63, 64, 65, 66, 67, 68]",0.13707865168539327,42,[],212.28163699925062,169.47800900015864,610
0.15625,4.25,"[0, 2, 7, 12, 20]",5,,1781072074392.0388,0.0,1781072074248.2185,0,0,143.81937100006326,8791,10459.54833984375,0.34176909923553467,32,0.9150523543357849,0.8411047831177711,6,6,32,1781072074400.7031,1781072074233.9841,4452,398,late,0.9411764705882353,32.622427001115284,0.08394100041186903,observability_fixed_R16_k16,good,22.89789099995687,0,False,False,0.0,"[0, 4, 9, 10, 11, 57, 58, 59, 61, 62, 63, 64, 65, 66, 67, 68, 69]",2,pg19,5,67ce6cb3-513a-4586-850a-5b4635674c09,22954,785,False,16,16,110,"[0, 4, 9, 10, 11, 57, 58, 59, 61, 62, 63, 64, 65, 66, 67, 68]",0.13746630727762804,48,[],210.5245909988298,166.71726200002013,612
0.03125,-0.75,[0],1,,1781072074798.0469,0.0,1781072074654.3552,0,0,143.69050499954028,21066,10462.33203125,0.016416672617197037,32,0.9979119896888733,0.9965671293903142,6,6,32,1781072074806.6182,1781072074640.206,4458,404,late,0.9411764705882353,32.193888999245246,0.08053499914240092,observability_fixed_R16_k16,good,22.719771999618388,0,False,False,0.0,"[0, 4, 9, 10, 11, 57, 58, 59, 61, 62, 63, 64, 65, 66, 67, 68, 69]",2,pg19,1,67ce6cb3-513a-4586-850a-5b4635674c09,22979,768,False,16,16,111,"[0, 4, 9, 10, 11, 57, 58, 59, 61, 62, 63, 64, 65, 66, 67, 68]",0.1386271870794078,50,[],206.40400299998873,166.41027699915867,618
0.09375,1.0,"[0, 8, 18]",3,0.9544529318809509,1781072075337.3477,126.90465599916934,1781072075064.2676,16,1008,273.0807670013746,25836,10459.54833984375,1.2784643173217773,32,0.6564162373542786,0.49302130937576294,5,6,32,1781072075346.2295,1781072075048.1636,4460,406,late,0.65,32.369538999773795,0.08275400068669114,observability_fixed_R16_k16,good,24.983055000120657,0,False,False,0.0,"[0, 4, 9, 10, 11, 57, 58, 59, 61, 62, 63, 64, 65, 66, 67, 68, 69]",2,pg19,3,67ce6cb3-513a-4586-850a-5b4635674c09,22982,976,True,16,16,112,"[0, 51, 55, 57, 58, 59, 60, 61, 62, 63, 64, 65, 66, 67, 68, 69]",0.13901345291479822,54,"[0, 4463, 4462, 4459, 4461, 4422, 4460, 4453, 4455, 4458, 4109, 4456, 4434, 4445, 4425, 4454]",208.19155699973635,298.0638220014953,620
0.0625,-0.5,"[0, 7]",2,,1781072075674.1816,0.0,1781072075599.779,0,0,74.40229599887971,387,10460.70751953125,2.082288980484009,32,0.42194467782974243,0.26912644505500793,6,6,32,1781072075682.8652,1781072075585.6196,4464,410,late,1.0,32.42795200094406,4.207567999401363,observability_fixed_R16_k16,good,22.841738000352052,0,False,False,0.0,"[0, 51, 55, 57, 58, 59, 60, 61, 62, 63, 64, 65, 66, 67, 68, 69]",2,pg19,2,67ce6cb3-513a-4586-850a-5b4635674c09,23020,763,False,16,16,113,"[0, 51, 55, 57, 58, 59, 60, 61, 62, 63, 64, 65, 66, 67, 68, 69]",0.11827956989247312,3,[],201.8025059987849,97.24403399923176,528
0.0,-2.75,[],0,,1781072076092.851,0.0,1781072075939.293,0,0,153.55736200035608,47701,10460.70751953125,2.427790880203247,32,0.34456199407577515,0.19636771082878113,6,6,32,1781072076101.565,1781072075924.8572,4467,413,late,1.0,31.016720000479836,0.0629780006420333,observability_fixed_R16_k16,good,23.14862699859077,0,False,False,0.0,"[0, 51, 55, 57, 58, 59, 60, 61, 62, 63, 64, 65, 66, 67, 68, 69]",2,pg19,0,67ce6cb3-513a-4586-850a-5b4635674c09,23031,762,False,16,16,114,"[0, 51, 55, 57, 58, 59, 60, 61, 62, 63, 64, 65, 66, 67, 68, 69]",0.11887172599059771,4,[],210.03901900076016,176.70598899894685,531
0.03125,-0.5,[1],1,,1781072076498.0554,0.0,1781072076356.0518,0,0,142.0027320000372,95656,10458.96875,0.4769154191017151,32,0.8214308619499207,0.6437839716672897,6,6,32,1781072076506.5808,1781072076341.672,4468,414,late,1.0,30.91523600051005,0.07447499956469983,observability_fixed_R16_k16,good,22.904179999386542,0,False,False,0.0,"[0, 51, 55, 57, 58, 59, 60, 61, 62, 63, 64, 65, 66, 67, 68, 69]",2,pg19,1,67ce6cb3-513a-4586-850a-5b4635674c09,23025,765,False,16,16,115,"[0, 51, 55, 57, 58, 59, 60, 61, 62, 63, 64, 65, 66, 67, 68, 69]",0.11906893464637422,6,[],208.2613090005907,164.90691199942376,532
0.03125,-0.5,[0],1,,1781072076903.4316,0.0,1781072076759.8232,0,0,143.60777100046107,66865,10459.54833984375,0.16298507153987885,32,0.965981662273407,0.9368115421384573,6,6,32,1781072076912.3372,1781072076745.4421,4470,416,late,1.0,32.15530099987518,0.067623999711941,observability_fixed_R16_k16,good,23.28548100012995,0,False,False,0.0,"[0, 51, 55, 57, 58, 59, 60, 61, 62, 63, 64, 65, 66, 67, 68, 69]",2,pg19,1,67ce6cb3-513a-4586-850a-5b4635674c09,23038,768,False,16,16,116,"[0, 51, 55, 57, 58, 59, 60, 61, 62, 63, 64, 65, 66, 67, 68, 69]",0.11946308724832215,8,[],205.78975200078276,166.89325200059102,534
0.09375,2.0,"[0, 1, 2]",3,,1781072077305.5977,0.0,1781072077163.1687,0,0,142.4281780000456,92341,10459.54833984375,4.409466782817617e-06,32,0.9999997615814209,0.999999686616853,6,6,32,1781072077314.1384,1781072077149.1768,4472,418,late,1.0,32.23147300013807,0.06593699981749523,observability_fixed_R16_k16,good,22.532230999786407,0,False,False,0.0,"[0, 51, 55, 57, 58, 59, 60, 61, 62, 63, 64, 65, 66, 67, 68, 69]",2,pg19,3,67ce6cb3-513a-4586-850a-5b4635674c09,23046,773,False,16,16,117,"[0, 51, 55, 57, 58, 59, 60, 61, 62, 63, 64, 65, 66, 67, 68, 69]",0.11985688729874776,12,[],203.66547300000093,164.960408999832,536
0.03125,-0.25,[0],1,,1781072077713.0544,0.0,1781072077569.8694,0,0,143.18455300053756,7039,10460.70751953125,0.6802677512168884,32,0.8279290199279785,0.7620593905448914,6,6,32,1781072077721.786,1781072077555.7612,4476,422,late,1.0,32.19811800045136,0.06491600106528495,observability_fixed_R16_k16,good,22.83887500016135,0,False,False,0.0,"[0, 51, 55, 57, 58, 59, 60, 61, 62, 63, 64, 65, 66, 67, 68, 69]",2,pg19,1,67ce6cb3-513a-4586-850a-5b4635674c09,23069,766,False,16,16,118,"[0, 51, 55, 57, 58, 59, 60, 61, 62, 63, 64, 65, 66, 67, 68, 69]",0.12064343163538874,14,[],208.53272199929052,166.0234280006989,540
0.125,2.5,"[0, 4, 20, 28]",4,,1781072078121.7415,0.0,1781072077977.8696,0,0,143.87117600017518,9756,10459.54833984375,1.1119149923324585,32,0.796322226524353,0.6981960758566856,5,6,32,1781072078130.4048,1781072077963.8992,4478,424,late,1.0,32.120277001013164,0.06562399903486948,observability_fixed_R16_k16,good,22.631968000496272,0,False,False,0.0,"[0, 51, 55, 57, 58, 59, 60, 61, 62, 63, 64, 65, 66, 67, 68, 69]",2,pg19,4,67ce6cb3-513a-4586-850a-5b4635674c09,23063,781,False,16,16,119,"[0, 51, 55, 57, 58, 59, 60, 61, 62, 63, 64, 65, 66, 67, 68, 69]",0.12103617686467173,19,[],209.10475900018355,166.50314400067145,542
0.1875,3.75,"[0, 1, 3, 10, 21, 29]",6,,1781072078537.5034,0.0,1781072078393.4204,0,0,144.0817379989312,13,10461.287109375,0.00016605659038759768,32,0.9999877214431763,0.9999809734290466,6,6,32,1781072078546.2324,1781072078379.3384,4483,429,late,0.9411764705882353,36.82816999935312,4.323784998632618,observability_fixed_R16_k16,good,22.81044700248458,0,False,False,0.0,"[0, 51, 55, 57, 58, 59, 60, 61, 62, 63, 64, 65, 66, 67, 68, 69, 70]",2,pg19,6,67ce6cb3-513a-4586-850a-5b4635674c09,23112,784,False,16,16,120,"[0, 51, 55, 57, 58, 59, 60, 61, 62, 63, 64, 65, 66, 67, 68, 69]",0.12915458398393934,26,[],206.78762399984407,166.89218500141578,579
0.09375,-0.5,"[1, 7, 17]",3,,1781072078949.8486,0.0,1781072078804.7795,0,0,145.06828999947174,448,10462.4462890625,2.3488306999206543,32,0.28629037737846375,0.021515071392059326,6,6,32,1781072078958.7253,1781072078790.5422,4490,436,late,0.9411764705882353,32.69831100078591,0.07749600081297103,observability_fixed_R16_k16,good,23.112568000215106,0,False,False,0.0,"[0, 51, 55, 57, 58, 59, 60, 61, 62, 63, 64, 65, 66, 67, 68, 69, 70]",2,pg19,3,67ce6cb3-513a-4586-850a-5b4635674c09,23136,774,False,16,16,121,"[0, 51, 55, 57, 58, 59, 60, 61, 62, 63, 64, 65, 66, 67, 68, 69]",0.13051224944320713,30,[],210.67508299893234,168.18085799968685,586
0.0625,-1.5,"[0, 3]",2,,1781072079356.2463,0.0,1781072079215.2378,0,0,141.00764599970717,3364,10460.70751953125,0.3883317708969116,32,0.9075912237167358,0.8547630831599236,6,6,32,1781072079364.955,1781072079201.2114,4494,440,late,0.9411764705882353,32.566354999289615,0.07412099876091816,observability_fixed_R16_k16,good,22.734693999154842,0,False,False,0.0,"[0, 51, 55, 57, 58, 59, 60, 61, 62, 63, 64, 65, 66, 67, 68, 69, 70]",2,pg19,2,67ce6cb3-513a-4586-850a-5b4635674c09,23150,770,False,16,16,122,"[0, 51, 55, 57, 58, 59, 60, 61, 62, 63, 64, 65, 66, 67, 68, 69]",0.1312861593235425,33,[],208.99343400014914,163.742339998862,590
0.03125,-2.75,[6],1,,1781072079759.7095,0.0,1781072079618.7737,0,0,140.93506100107334,11108,10460.1279296875,2.4087417125701904,32,0.25301775336265564,0.05286423861980438,6,6,32,1781072079768.298,1781072079604.5667,4497,443,late,0.9411764705882353,31.79791100046714,0.07341099990298972,observability_fixed_R16_k16,good,22.79543099939474,0,False,False,0.0,"[0, 51, 55, 57, 58, 59, 60, 61, 62, 63, 64, 65, 66, 67, 68, 69, 70]",2,pg19,1,67ce6cb3-513a-4586-850a-5b4635674c09,23155,768,False,16,16,123,"[0, 51, 55, 57, 58, 59, 60, 61, 62, 63, 64, 65, 66, 67, 68, 69]",0.1318656882366022,35,[],206.90834700144478,163.73049200046808,593
0.1875,3.0,"[0, 3, 7, 15, 22, 31]",6,,1781072080170.4858,0.0,1781072080025.062,0,0,145.42234000145982,330,10459.54833984375,0.5571874976158142,32,0.8995314240455627,0.8641035482287407,6,6,32,1781072080179.215,1781072080010.6833,4499,445,late,0.9411764705882353,32.329903999197995,0.06997400123509578,observability_fixed_R16_k16,good,23.10790799856477,0,False,False,0.0,"[0, 51, 55, 57, 58, 59, 60, 61, 62, 63, 64, 65, 66, 67, 68, 69, 70]",2,pg19,6,67ce6cb3-513a-4586-850a-5b4635674c09,23170,789,False,16,16,124,"[0, 51, 55, 57, 58, 59, 60, 61, 62, 63, 64, 65, 66, 67, 68, 69]",0.13225161146921538,42,[],209.09523900081695,168.53024800002459,595
0.09375,0.0,"[0, 4, 12]",3,,1781072080582.2708,0.0,1781072080440.0278,0,0,142.2425969994947,6286,10462.4462890625,0.675153374671936,32,0.7302144765853882,0.4856232702732086,6,6,32,1781072080590.9255,1781072080425.8127,4506,452,late,0.9411764705882353,33.15130800001498,0.08171800072886981,observability_fixed_R16_k16,good,22.868707999805338,0,False,False,0.0,"[0, 51, 55, 57, 58, 59, 60, 61, 62, 63, 64, 65, 66, 67, 68, 69, 70]",2,pg19,3,67ce6cb3-513a-4586-850a-5b4635674c09,23199,772,False,16,16,125,"[0, 51, 55, 57, 58, 59, 60, 61, 62, 63, 64, 65, 66, 67, 68, 69]",0.13359964491788726,46,[],212.4703640001826,165.11130499930005,602
0.03125,-2.0,[0],1,,1781072080986.27,0.0,1781072080844.6504,0,0,141.61890400100674,1008,10460.70751953125,0.1180708035826683,32,0.9826797246932983,0.9745672075077891,6,6,32,1781072080994.8293,1781072080830.333,4510,456,late,0.9411764705882353,32.396511000115424,0.0797950015112292,observability_fixed_R16_k16,good,22.875885999383172,0,False,False,0.0,"[0, 51, 55, 57, 58, 59, 60, 61, 62, 63, 64, 65, 66, 67, 68, 69, 70]",2,pg19,1,67ce6cb3-513a-4586-850a-5b4635674c09,23226,764,False,16,16,126,"[0, 51, 55, 57, 58, 59, 60, 61, 62, 63, 64, 65, 66, 67, 68, 69]",0.1343680709534368,48,[],206.08117300071171,164.4947900003899,606
0.03125,-1.75,[1],1,,1781072081384.4595,0.0,1781072081242.939,0,0,141.5197549995355,323,10459.54833984375,2.8938634395599365,32,0.1944412887096405,0.08190730214118958,6,6,32,1781072081393.2998,1781072081228.6528,4512,458,late,0.9411764705882353,31.407092999870656,0.0708049992681481,observability_fixed_R16_k16,good,23.124262999772327,0,False,False,0.0,"[0, 51, 55, 57, 58, 59, 60, 61, 62, 63, 64, 65, 66, 67, 68, 69, 70]",2,pg19,1,67ce6cb3-513a-4586-850a-5b4635674c09,23249,760,False,16,16,127,"[0, 51, 55, 57, 58, 59, 60, 61, 62, 63, 64, 65, 66, 67, 68, 69]",0.1347517730496454,50,[],201.50045999980648,164.64401799930783,608
0.0625,-0.75,"[0, 9]",2,0.9581390619277954,1781072081916.078,126.15807300062443,1781072081645.4387,16,997,270.63925100083,11,10459.54833984375,1.490665078163147,32,0.4929848313331604,0.1645861268043518,6,6,32,1781072081924.682,1781072081631.2703,4514,460,late,0.8333333333333334,32.361715000661206,0.06952900002943352,observability_fixed_R16_k16,good,22.770993999074562,0,False,False,0.0,"[0, 51, 55, 57, 58, 59, 60, 61, 62, 63, 64, 65, 66, 67, 68, 69, 70]",2,pg19,2,67ce6cb3-513a-4586-850a-5b4635674c09,23244,957,True,16,16,128,"[0, 28, 57, 58, 59, 60, 61, 62, 63, 64, 65, 66, 67, 68, 69, 70]",0.13513513513513514,53,"[0, 4516, 4515, 4508, 4507, 4513, 4510, 4491, 4512, 4514, 4509, 4489, 4109, 4488, 4476, 4490]",204.43292000163638,293.41024499990453,610
0.125,2.25,"[0, 5, 12, 20]",4,,1781072082257.8538,0.0,1781072082180.3577,0,0,77.49553400026343,8084,10460.1279296875,0.9105603098869324,32,0.8064844012260437,0.7314696684479713,6,6,32,1781072082266.6208,1781072082166.3643,4517,463,late,1.0,32.308280999131966,4.191780999462935,observability_fixed_R16_k16,good,22.75946000008844,0,False,False,0.0,"[0, 28, 57, 58, 59, 60, 61, 62, 63, 64, 65, 66, 67, 68, 69, 70]",2,pg19,4,67ce6cb3-513a-4586-850a-5b4635674c09,23256,778,False,16,16,129,"[0, 28, 57, 58, 59, 60, 61, 62, 63, 64, 65, 66, 67, 68, 69, 70]",0.11445649767544831,5,[],204.22152500032098,100.25499400035187,517
0.0,-2.0,[],0,,1781072082668.0237,0.0,1781072082517.1921,0,0,150.83067399973515,7428,10461.287109375,1.0208591222763062,32,0.7337424755096436,0.5823261588811874,6,6,32,1781072082676.5974,1781072082502.6738,4522,468,late,1.0,31.160542001089198,0.0676240015309304,observability_fixed_R16_k16,good,23.091621000276064,0,False,False,0.0,"[0, 28, 57, 58, 59, 60, 61, 62, 63, 64, 65, 66, 67, 68, 69, 70]",2,pg19,0,67ce6cb3-513a-4586-850a-5b4635674c09,23271,764,False,16,16,130,"[0, 28, 57, 58, 59, 60, 61, 62, 63, 64, 65, 66, 67, 68, 69, 70]",0.11543564794338788,6,[],204.01185500122665,173.92229500001122,522
0.125,2.25,"[0, 5, 10, 21]",4,,1781072083072.2546,0.0,1781072082929.8147,0,0,142.4391040000046,358,10458.96875,0.6317532658576965,32,0.8610463738441467,0.8068549111485481,6,6,32,1781072083080.741,1781072082915.5334,4523,469,late,1.0,30.503551999572664,0.06976400072744582,observability_fixed_R16_k16,good,22.766047000914114,0,False,False,0.0,"[0, 28, 57, 58, 59, 60, 61, 62, 63, 64, 65, 66, 67, 68, 69, 70]",2,pg19,4,67ce6cb3-513a-4586-850a-5b4635674c09,23262,777,False,16,16,131,"[0, 28, 57, 58, 59, 60, 61, 62, 63, 64, 65, 66, 67, 68, 69, 70]",0.1156312182179969,11,[],207.53946300101234,165.2051510009187,523
0.03125,-1.5,[10],1,,1781072083471.5913,0.0,1781072083328.9287,0,0,142.6616759999888,5978,10461.287109375,3.4711432456970215,32,0.15466345846652985,0.018173441290855408,4,6,32,1781072083480.3306,1781072083314.6978,4528,474,late,1.0,31.514813999820035,0.07583300066471566,observability_fixed_R16_k16,good,22.97008499954245,0,False,False,0.0,"[0, 28, 57, 58, 59, 60, 61, 62, 63, 64, 65, 66, 67, 68, 69, 70]",2,pg19,1,67ce6cb3-513a-4586-850a-5b4635674c09,23314,765,False,16,16,132,"[0, 28, 57, 58, 59, 60, 61, 62, 63, 64, 65, 66, 67, 68, 69, 70]",0.1166077738515901,13,[],201.34350599983009,165.63176099953125,528
0.125,1.75,"[0, 3, 9, 16]",4,,1781072083879.2524,0.0,1781072083735.7822,0,0,143.46980200025428,1212,10459.83837890625,0.6139401793479919,32,0.8681226372718811,0.7946007698774338,6,6,32,1781072083887.6768,1781072083721.4634,4530,476,late,1.0,32.05003100083559,0.06979499994486105,observability_fixed_R16_k16,good,22.742443999959505,0,False,False,0.0,"[0, 28, 57, 58, 59, 60, 61, 62, 63, 64, 65, 66, 67, 68, 69, 70]",2,pg19,4,67ce6cb3-513a-4586-850a-5b4635674c09,23309,780,False,16,16,133,"[0, 28, 57, 58, 59, 60, 61, 62, 63, 64, 65, 66, 67, 68, 69, 70]",0.11699779249448124,18,[],208.17010900100286,166.21224600021378,530
0.1875,3.75,"[0, 3, 7, 10, 11, 16]",6,,1781072084286.5198,0.0,1781072084142.7126,0,0,143.80667399927916,21080,10461.287109375,0.03032156080007553,32,0.9967488050460815,0.9958255743840709,6,6,32,1781072084295.1567,1781072084127.9192,4535,481,late,1.0,32.17055499953858,0.07092800115060527,observability_fixed_R16_k16,good,23.429921000570175,0,False,False,0.0,"[0, 28, 57, 58, 59, 60, 61, 62, 63, 64, 65, 66, 67, 68, 69, 70]",2,pg19,6,67ce6cb3-513a-4586-850a-5b4635674c09,23333,793,False,16,16,134,"[0, 28, 57, 58, 59, 60, 61, 62, 63, 64, 65, 66, 67, 68, 69, 70]",0.11797133406835722,25,[],207.18101499915065,167.23659499984933,535
0.125,0.25,"[0, 1, 3, 10]",4,,1781072084694.28,0.0,1781072084550.2026,0,0,144.0766479990998,2041,10462.4462890625,0.25968095660209656,32,0.9607416391372681,0.9436864331364632,6,6,32,1781072084703.0461,1781072084536.0442,4542,488,late,1.0,32.717099000365124,0.07590600034745876,observability_fixed_R16_k16,good,22.92303100148274,0,False,False,0.0,"[0, 28, 57, 58, 59, 60, 61, 62, 63, 64, 65, 66, 67, 68, 69, 70]",2,pg19,4,67ce6cb3-513a-4586-850a-5b4635674c09,23360,775,False,16,16,135,"[0, 28, 57, 58, 59, 60, 61, 62, 63, 64, 65, 66, 67, 68, 69, 70]",0.11933069132540731,30,[],207.2138259991334,166.99967900058255,542
0.15625,1.25,"[4, 16, 20, 26, 30]",5,,1781072085116.217,0.0,1781072084968.3594,0,0,147.8565739998885,3565,10461.287109375,3.2420365810394287,32,0.16406230628490448,0.030158549547195435,5,6,32,1781072085124.8782,1781072084954.0813,4547,493,late,0.9411764705882353,36.48726999927021,4.198040000119363,observability_fixed_R16_k16,good,22.93776799888292,0,False,False,0.0,"[0, 28, 57, 58, 59, 60, 61, 62, 63, 64, 65, 66, 67, 68, 69, 70, 71]",2,pg19,5,67ce6cb3-513a-4586-850a-5b4635674c09,23400,786,False,16,16,136,"[0, 28, 57, 58, 59, 60, 61, 62, 63, 64, 65, 66, 67, 68, 69, 70]",0.12733670552012316,36,[],209.43772699865804,170.79434199877142,579
0.03125,-3.75,[0],1,,1781072085526.879,0.0,1781072085383.6074,0,0,143.27029999913066,6771,10461.86669921875,1.7422921657562256,32,0.4082436263561249,0.19311434030532837,6,6,32,1781072085535.607,1781072085369.4114,4553,499,late,0.9411764705882353,32.9044909994991,0.08034299935388844,observability_fixed_R16_k16,good,22.923529000763665,0,False,False,0.0,"[0, 28, 57, 58, 59, 60, 61, 62, 63, 64, 65, 66, 67, 68, 69, 70, 71]",2,pg19,1,67ce6cb3-513a-4586-850a-5b4635674c09,23409,765,False,16,16,137,"[0, 28, 57, 58, 59, 60, 61, 62, 63, 64, 65, 66, 67, 68, 69, 70]",0.12848671205798376,38,[],210.66701099880447,166.19382899989432,585
0.15625,1.0,"[0, 5, 14, 22, 26]",5,,1781072085934.9004,0.0,1781072085792.56,0,0,142.34052000028896,438,10459.54833984375,0.48696574568748474,32,0.8433125615119934,0.6944590508937836,6,6,32,1781072085943.5874,1781072085776.706,4555,501,late,0.9411764705882353,32.1335070002533,0.07372399886662606,observability_fixed_R16_k16,good,24.538603998735198,0,False,False,0.0,"[0, 28, 57, 58, 59, 60, 61, 62, 63, 64, 65, 66, 67, 68, 69, 70, 71]",2,pg19,5,67ce6cb3-513a-4586-850a-5b4635674c09,23424,784,False,16,16,138,"[0, 28, 57, 58, 59, 60, 61, 62, 63, 64, 65, 66, 67, 68, 69, 70]",0.12886937431394072,44,[],208.04338400012057,166.87912399902416,587
0.09375,-0.75,"[0, 1, 4]",3,,1781072086346.7825,0.0,1781072086202.185,0,0,144.59663900015585,32313,10461.86669921875,0.027081461623311043,32,0.9965482354164124,0.9944020917173475,6,6,32,1781072086355.47,1781072086187.739,4561,507,late,0.9411764705882353,32.17312600099831,0.07623600140505005,observability_fixed_R16_k16,good,23.132951999286888,0,False,False,0.0,"[0, 28, 57, 58, 59, 60, 61, 62, 63, 64, 65, 66, 67, 68, 69, 70, 71]",2,pg19,3,67ce6cb3-513a-4586-850a-5b4635674c09,23426,775,False,16,16,139,"[0, 28, 57, 58, 59, 60, 61, 62, 63, 64, 65, 66, 67, 68, 69, 70]",0.13001534751151064,48,[],210.8287430000928,167.72959099944273,593
0.1875,2.5,"[0, 3, 6, 11, 17, 31]",6,,1781072086756.0425,0.0,1781072086612.282,0,0,143.75944300081756,1467,10461.287109375,0.06539442390203476,32,0.9919301867485046,0.9887730902992189,6,6,32,1781072086764.8901,1781072086597.827,4565,511,late,0.9411764705882353,32.169168998734676,0.07595900024170987,observability_fixed_R16_k16,good,23.30162299767835,0,False,False,0.0,"[0, 28, 57, 58, 59, 60, 61, 62, 63, 64, 65, 66, 67, 68, 69, 70, 71]",2,pg19,6,67ce6cb3-513a-4586-850a-5b4635674c09,23466,790,False,16,16,140,"[0, 28, 57, 58, 59, 60, 61, 62, 63, 64, 65, 66, 67, 68, 69, 70]",0.1307776560788609,55,[],209.26373499969486,167.0610659984959,597
0.03125,0.0,[1],1,0.8631224632263184,1781072089547.7356,124.07916399934038,1781072087297.9065,16,1005,2249.830787999599,70527,12634.7490234375,4.630454063415527,32,0.22872428596019745,0.14191033691167831,6,6,32,1781072089556.625,1781072087283.2307,3755,0,early,0.6842105263157895,299.7023989992158,3.8009079999028472,observability_fixed_R16_k16,good,23.561862000860856,0,False,False,0.0,"[43, 44, 45, 46, 47, 48, 49, 50, 51, 52, 53, 54, 55, 56, 57, 58]",3,pg19,1,83ad1856-da60-44cc-a136-d6aea0c8ef3b,19866,962,True,16,16,0,"[0, 1, 6, 44, 46, 47, 48, 49, 51, 52, 53, 54, 55, 56, 57, 58]",0.13635153129161118,2,"[0, 3756, 3753, 3755, 3752, 3750, 3748, 3745, 3754, 3746, 3751, 3747, 3734, 3742, 3744, 3741]",201.37270000122953,2273.39265000046,512
0.0,-1.0,[],0,,1781072089898.3066,0.0,1781072089821.7659,0,0,76.54004200048803,311,10459.54833984375,0.8348008990287781,32,0.8101112246513367,0.6934036314487457,6,6,32,1781072089906.9766,1781072089808.1074,3757,2,early,1.0,37.44428800018795,4.115305000595981,observability_fixed_R16_k16,good,22.32752999952936,0,False,False,0.0,"[0, 1, 6, 44, 46, 47, 48, 49, 51, 52, 53, 54, 55, 56, 57, 58]",3,pg19,0,83ad1856-da60-44cc-a136-d6aea0c8ef3b,19874,758,False,16,16,1,"[0, 1, 6, 44, 46, 47, 48, 49, 51, 52, 53, 54, 55, 56, 57, 58]",0.13973915357998404,1,[],208.98458400006348,98.86757200001739,525
0.03125,0.5,[0],1,,1781072090321.751,0.0,1781072090169.1482,0,0,152.60222399956547,1730,10458.96875,4.3908281326293945,32,0.0994737297296524,0.02555113285779953,3,6,32,1781072090330.6248,1781072090155.1343,3758,3,early,1.0,29.59538600043743,0.058786999943549745,observability_fixed_R16_k16,good,22.886556000230485,0,False,False,0.0,"[0, 1, 6, 44, 46, 47, 48, 49, 51, 52, 53, 54, 55, 56, 57, 58]",3,pg19,1,83ad1856-da60-44cc-a136-d6aea0c8ef3b,19888,765,False,16,16,2,"[0, 1, 6, 44, 46, 47, 48, 49, 51, 52, 53, 54, 55, 56, 57, 58]",0.13996806812134113,3,[],217.66976499930024,175.48877999979595,526
0.0625,1.3333333333333335,"[0, 3]",2,,1781072090726.4858,0.0,1781072090583.7798,0,0,142.7030279992323,11566,10459.54833984375,0.7291936874389648,32,0.7771885991096497,0.5896831005811691,6,6,32,1781072090735.4072,1781072090568.778,3760,5,early,1.0,31.89982200092345,0.06029099859006237,observability_fixed_R16_k16,good,23.924721999719623,0,False,False,0.0,"[0, 1, 6, 44, 46, 47, 48, 49, 51, 52, 53, 54, 55, 56, 57, 58]",3,pg19,2,83ad1856-da60-44cc-a136-d6aea0c8ef3b,19887,768,False,16,16,3,"[0, 1, 6, 44, 46, 47, 48, 49, 51, 52, 53, 54, 55, 56, 57, 58]",0.14042553191489363,6,[],205.39402999929735,166.6277499989519,528
0.1875,5.0,"[0, 4, 6, 11, 20, 28]",6,,1781072091141.9458,0.0,1781072090997.0781,0,0,144.86651299921505,46221,10460.1279296875,1.0945912599563599,32,0.5992578268051147,0.30260369181632996,6,6,32,1781072091150.664,1781072090983.3096,3763,8,early,1.0,32.16350399998191,0.05677599983755499,observability_fixed_R16_k16,good,22.486635001769173,0,False,False,0.0,"[0, 1, 6, 44, 46, 47, 48, 49, 51, 52, 53, 54, 55, 56, 57, 58]",3,pg19,6,83ad1856-da60-44cc-a136-d6aea0c8ef3b,19906,794,False,16,16,4,"[0, 1, 6, 44, 46, 47, 48, 49, 51, 52, 53, 54, 55, 56, 57, 58]",0.1411108158384268,13,[],214.8092710012861,167.35314800098422,531
0.15625,2.75,"[0, 8, 19, 23, 28]",5,,1781072091551.205,0.0,1781072091408.4004,0,0,142.80406000034418,315,10462.4462890625,1.8895988464355469,32,0.4390636682510376,0.29652057588100433,6,6,32,1781072091559.7827,1781072091394.7153,3770,15,early,1.0,32.38216499994451,0.06180200034577865,observability_fixed_R16_k16,good,22.26182799859089,0,False,False,0.0,"[0, 1, 6, 44, 46, 47, 48, 49, 51, 52, 53, 54, 55, 56, 57, 58]",3,pg19,5,83ad1856-da60-44cc-a136-d6aea0c8ef3b,19938,785,False,16,16,5,"[0, 1, 6, 44, 46, 47, 48, 49, 51, 52, 53, 54, 55, 56, 57, 58]",0.1427055702917772,19,[],210.84571600113122,165.06588799893507,538
0.09375,-0.5,"[0, 6, 16]",3,,1781072091950.3052,0.0,1781072091810.233,0,0,140.07149000099162,883,10461.86669921875,1.554172396659851,32,0.5381786823272705,0.3839879035949707,6,6,32,1781072091959.024,1781072091796.704,3776,21,early,1.0,31.513240999629488,0.06139699871710036,observability_fixed_R16_k16,good,22.246791999350535,0,False,False,0.0,"[0, 1, 6, 44, 46, 47, 48, 49, 51, 52, 53, 54, 55, 56, 57, 58]",3,pg19,3,83ad1856-da60-44cc-a136-d6aea0c8ef3b,19952,773,False,16,16,6,"[0, 1, 6, 44, 46, 47, 48, 49, 51, 52, 53, 54, 55, 56, 57, 58]",0.1440677966101695,23,[],204.56334200025594,162.31828200034215,544
0.0625,-2.0,"[0, 5]",2,,1781072092369.6206,0.0,1781072092221.9302,0,0,147.68929000092612,9080,10460.70751953125,0.4344468414783478,32,0.9229491353034973,0.8871625140309334,6,6,32,1781072092378.2566,1781072092208.2393,3780,25,early,0.9411764705882353,32.46610399946803,4.244661000484484,observability_fixed_R16_k16,good,22.325857999021537,0,False,False,0.0,"[0, 1, 6, 44, 46, 47, 48, 49, 51, 52, 53, 54, 55, 56, 57, 58, 59]",3,pg19,2,83ad1856-da60-44cc-a136-d6aea0c8ef3b,19980,770,False,16,16,7,"[0, 1, 6, 44, 46, 47, 48, 49, 51, 52, 53, 54, 55, 56, 57, 58]",0.15343915343915343,26,[],211.60194699950807,170.01514799994766,580
0.03125,-3.0,[3],1,,1781072092783.5059,0.0,1781072092639.7375,0,0,143.76827900014177,5711,10460.1279296875,2.478280782699585,32,0.2268896996974945,0.07095083594322205,5,6,32,1781072092792.3108,1781072092624.9688,3783,28,early,0.9411764705882353,32.627079001031234,0.07154400009312667,observability_fixed_R16_k16,good,23.571855999762192,0,False,False,0.0,"[0, 1, 6, 44, 46, 47, 48, 49, 51, 52, 53, 54, 55, 56, 57, 58, 59]",3,pg19,1,83ad1856-da60-44cc-a136-d6aea0c8ef3b,19992,766,False,16,16,8,"[0, 1, 6, 44, 46, 47, 48, 49, 51, 52, 53, 54, 55, 56, 57, 58]",0.1541104943166799,28,[],213.14840199920582,167.34013499990397,583
0.0625,-0.75,"[0, 2]",2,,1781072093188.9622,0.0,1781072093047.4087,0,0,141.55218500127376,30533,10459.54833984375,0.765664279460907,32,0.7952736020088196,0.6386749595403671,6,6,32,1781072093197.6047,1781072093034.1106,3785,30,early,0.9411764705882353,32.56023700123478,0.0613350002822699,observability_fixed_R16_k16,good,21.93940899815061,0,False,False,0.0,"[0, 1, 6, 44, 46, 47, 48, 49, 51, 52, 53, 54, 55, 56, 57, 58, 59]",3,pg19,2,83ad1856-da60-44cc-a136-d6aea0c8ef3b,20000,772,False,16,16,9,"[0, 1, 6, 44, 46, 47, 48, 49, 51, 52, 53, 54, 55, 56, 57, 58]",0.154557463672391,31,[],208.36885499920754,163.49159399942437,585
0.1875,4.0,"[0, 7, 19, 24, 27, 31]",6,,1781072093592.7053,0.0,1781072093450.9182,0,0,141.7865069997788,264,10460.1279296875,2.4293158054351807,32,0.26563504338264465,0.027521327137947083,6,6,32,1781072093601.2693,1781072093437.287,3788,33,early,0.9411764705882353,32.91016900038812,0.06093699994380586,observability_fixed_R16_k16,good,22.193429000253673,0,False,False,0.0,"[0, 1, 6, 44, 46, 47, 48, 49, 51, 52, 53, 54, 55, 56, 57, 58, 59]",3,pg19,6,83ad1856-da60-44cc-a136-d6aea0c8ef3b,20021,789,False,16,16,10,"[0, 1, 6, 44, 46, 47, 48, 49, 51, 52, 53, 54, 55, 56, 57, 58]",0.15522703273495247,38,[],205.89348199973756,163.97993600003247,588
0.1875,3.25,"[2, 6, 14, 20, 26, 30]",6,,1781072093997.523,0.0,1781072093855.1187,0,0,142.40282399987336,374,10462.62158203125,2.268878936767578,32,0.5228437185287476,0.38645176589488983,6,6,32,1781072094006.2485,1781072093841.6543,3795,40,early,0.9411764705882353,32.43068399933691,0.06054299956304021,observability_fixed_R16_k16,good,22.19001699995715,0,False,False,0.0,"[0, 1, 6, 44, 46, 47, 48, 49, 51, 52, 53, 54, 55, 56, 57, 58, 59]",3,pg19,6,83ad1856-da60-44cc-a136-d6aea0c8ef3b,20046,790,False,16,16,11,"[0, 1, 6, 44, 46, 47, 48, 49, 51, 52, 53, 54, 55, 56, 57, 58]",0.15678524374176547,45,[],207.09842100040987,164.5928409998305,595
0.15625,1.25,"[0, 1, 5, 9, 18]",5,,1781072094401.9807,0.0,1781072094259.4607,0,0,142.5195160009025,19005,10462.4462890625,0.17822912335395813,32,0.9700261950492859,0.9559716191142797,6,6,32,1781072094410.6907,1781072094245.8,3802,47,early,0.9411764705882353,32.12826999879326,0.06297900108620524,observability_fixed_R16_k16,good,22.370054999555578,0,False,False,0.0,"[0, 1, 6, 44, 46, 47, 48, 49, 51, 52, 53, 54, 55, 56, 57, 58, 59]",3,pg19,5,83ad1856-da60-44cc-a136-d6aea0c8ef3b,20073,783,False,16,16,12,"[0, 1, 6, 44, 46, 47, 48, 49, 51, 52, 53, 54, 55, 56, 57, 58]",0.15833771699105734,51,[],206.58344500043313,164.8895710004581,602
0.1875,1.25,"[0, 4, 13, 19, 24, 27]",6,,1781072094802.4016,0.0,1781072094659.8342,0,0,142.56734599985066,576,10461.86669921875,1.033945918083191,32,0.5577394962310791,0.19763582944869995,6,6,32,1781072094811.202,1781072094644.8516,3808,53,early,0.9411764705882353,31.468511999264592,0.06140299956314266,observability_fixed_R16_k16,good,23.780858000463923,0,False,False,0.0,"[0, 1, 6, 44, 46, 47, 48, 49, 51, 52, 53, 54, 55, 56, 57, 58, 59]",3,pg19,6,83ad1856-da60-44cc-a136-d6aea0c8ef3b,20103,792,False,16,16,13,"[0, 1, 6, 44, 46, 47, 48, 49, 51, 52, 53, 54, 55, 56, 57, 58]",0.15966386554621848,58,[],201.86731899957522,166.34820400031458,608
0.1875,0.25,"[0, 4, 6, 10, 18, 25]",6,,1781072095218.0283,0.0,1781072095071.4304,0,0,146.59665600083827,4776,10462.4462890625,1.0615710020065308,32,0.8760440349578857,0.8604923905804753,6,6,32,1781072095226.824,1781072095057.2573,3815,60,early,0.9411764705882353,32.11787100008223,0.06437800038838759,observability_fixed_R16_k16,good,22.96797999952105,0,False,False,0.0,"[0, 1, 6, 44, 46, 47, 48, 49, 51, 52, 53, 54, 55, 56, 57, 58, 59]",3,pg19,6,83ad1856-da60-44cc-a136-d6aea0c8ef3b,20132,792,False,16,16,14,"[0, 1, 6, 44, 46, 47, 48, 49, 51, 52, 53, 54, 55, 56, 57, 58]",0.16120576671035386,65,[],212.98857900001167,169.56463600035931,615
0.1875,0.25,"[0, 3, 8, 16, 23, 28]",6,,1781072095627.8105,0.0,1781072095485.9214,0,0,141.8888030002563,3800,10462.4462890625,0.3103521466255188,32,0.9456269145011902,0.9166217744350433,6,6,32,1781072095636.4119,1781072095472.1484,3822,67,early,0.9411764705882353,33.71890300149971,0.06522600051539484,observability_fixed_R16_k16,good,22.373048999725142,0,False,False,0.0,"[0, 1, 6, 44, 46, 47, 48, 49, 51, 52, 53, 54, 55, 56, 57, 58, 59]",3,pg19,6,83ad1856-da60-44cc-a136-d6aea0c8ef3b,20165,789,False,16,16,15,"[0, 1, 6, 44, 46, 47, 48, 49, 51, 52, 53, 54, 55, 56, 57, 58]",0.16274201988487702,72,[],210.67825499994797,164.26185199998145,622
0.1875,0.25,"[0, 2, 8, 15, 22, 29]",6,0.8680397272109985,1781072096159.9375,128.16079600088415,1781072095891.4119,16,1020,268.5252749997744,883,10462.4462890625,0.4573315680027008,32,0.922217071056366,0.8841526247560978,6,6,32,1781072096168.5474,1781072095877.7654,3829,74,early,0.7368421052631579,32.39884999857168,0.06889600081194658,observability_fixed_R16_k16,good,22.254028999668662,0,False,False,0.0,"[0, 1, 6, 44, 46, 47, 48, 49, 51, 52, 53, 54, 55, 56, 57, 58, 59]",3,pg19,6,83ad1856-da60-44cc-a136-d6aea0c8ef3b,20187,984,True,16,16,16,"[0, 6, 7, 45, 47, 48, 49, 51, 52, 53, 54, 55, 56, 57, 58, 59]",0.164272656045965,79,"[0, 3835, 3833, 3834, 3832, 3799, 3763, 3779, 3812, 3815, 3828, 3829, 3798, 3817, 3796, 3797]",208.0495099999098,290.7793039994431,629
0.1875,0.0,"[0, 2, 5, 14, 21, 30]",6,,1781072096503.1033,0.0,1781072096426.7136,0,0,76.38946199949714,806,10462.4462890625,0.09427924454212189,32,0.9825678467750549,0.9661819767206907,6,6,32,1781072096511.6,1781072096413.6125,3836,81,early,1.0,32.67800499997975,4.198438000457827,observability_fixed_R16_k16,good,21.59559400024591,0,False,False,0.0,"[0, 6, 7, 45, 47, 48, 49, 51, 52, 53, 54, 55, 56, 57, 58, 59]",3,pg19,6,83ad1856-da60-44cc-a136-d6aea0c8ef3b,20233,786,False,16,16,17,"[0, 6, 7, 45, 47, 48, 49, 51, 52, 53, 54, 55, 56, 57, 58, 59]",0.14077163712200208,7,[],207.25698299975193,97.98505599974305,540
0.0625,-4.0,"[0, 2]",2,,1781072096919.7556,0.0,1781072096770.1956,0,0,149.55933300007018,806,10462.4462890625,0.15126118063926697,32,0.9803138375282288,0.9681648258119822,6,6,32,1781072096928.3018,1781072096756.928,3843,88,early,0.9411764705882353,34.11020200110215,3.9059770006133476,observability_fixed_R16_k16,good,21.81192900025053,0,False,False,0.0,"[0, 6, 7, 45, 47, 48, 49, 51, 52, 53, 54, 55, 56, 57, 58, 59, 60]",3,pg19,2,83ad1856-da60-44cc-a136-d6aea0c8ef3b,20261,767,False,16,16,18,"[0, 6, 7, 45, 47, 48, 49, 51, 52, 53, 54, 55, 56, 57, 58, 59]",0.15066354410616706,10,[],206.48384500054817,171.3712620003207,579
0.0625,-3.0,"[0, 2]",2,,1781072097322.876,0.0,1781072097181.9727,0,0,140.9006039993983,382,10460.41796875,0.049987535923719406,32,0.9941539168357849,0.9918748477939516,6,6,32,1781072097331.6868,1781072097168.8413,3846,91,early,0.9411764705882353,32.28125200075738,0.061905000620754436,observability_fixed_R16_k16,good,21.941234001133125,0,False,False,0.0,"[0, 6, 7, 45, 47, 48, 49, 51, 52, 53, 54, 55, 56, 57, 58, 59, 60]",3,pg19,2,83ad1856-da60-44cc-a136-d6aea0c8ef3b,20264,764,False,16,16,19,"[0, 6, 7, 45, 47, 48, 49, 51, 52, 53, 54, 55, 56, 57, 58, 59]",0.15132605304212168,13,[],207.38740299930214,162.84183800053142,582
0.03125,-3.0,[0],1,,1781072097727.6448,0.0,1781072097586.0657,0,0,141.5779750004731,15659,10460.1279296875,4.09924840927124,32,0.2155551016330719,0.13748621195554733,4,6,32,1781072097736.1716,1781072097572.5388,3849,94,early,0.9411764705882353,33.67393099870242,0.06338200000755023,observability_fixed_R16_k16,good,22.05251300074451,0,False,False,0.0,"[0, 6, 7, 45, 47, 48, 49, 51, 52, 53, 54, 55, 56, 57, 58, 59, 60]",3,pg19,1,83ad1856-da60-44cc-a136-d6aea0c8ef3b,20288,765,False,16,16,20,"[0, 6, 7, 45, 47, 48, 49, 51, 52, 53, 54, 55, 56, 57, 58, 59]",0.151987529228371,15,[],206.30009500018787,163.6304880012176,585
0.0,-2.75,[],0,,1781072098132.6472,0.0,1781072097992.05,0,0,140.5959219991928,62456,10459.54833984375,1.188750982284546,32,0.6854868531227112,0.4697888642549515,6,6,32,1781072098141.219,1781072097978.7358,3851,96,early,0.9411764705882353,32.60390400100732,0.0648969999019755,observability_fixed_R16_k16,good,21.883505001824233,0,False,False,0.0,"[0, 6, 7, 45, 47, 48, 49, 51, 52, 53, 54, 55, 56, 57, 58, 59, 60]",3,pg19,0,83ad1856-da60-44cc-a136-d6aea0c8ef3b,20283,760,False,16,16,21,"[0, 6, 7, 45, 47, 48, 49, 51, 52, 53, 54, 55, 56, 57, 58, 59]",0.15242794079459882,16,[],209.08624399999098,162.47942700101703,587
0.03125,-0.25,[0],1,,1781072098533.4727,0.0,1781072098394.8254,0,0,138.64700099838956,6515,10458.96875,0.2523881494998932,32,0.9613634943962097,0.9478629818186164,6,6,32,1781072098541.8767,1781072098381.7087,3852,97,early,0.9411764705882353,30.69196399883367,0.06478000068455003,observability_fixed_R16_k16,good,21.5188100009982,0,False,False,0.0,"[0, 6, 7, 45, 47, 48, 49, 51, 52, 53, 54, 55, 56, 57, 58, 59, 60]",3,pg19,1,83ad1856-da60-44cc-a136-d6aea0c8ef3b,20295,765,False,16,16,22,"[0, 6, 7, 45, 47, 48, 49, 51, 52, 53, 54, 55, 56, 57, 58, 59]",0.1526479750778816,18,[],208.79688499917393,160.16581099938776,588
0.0625,1.0,"[0, 5]",2,,1781072098937.1182,0.0,1781072098796.32,0,0,140.7967089999147,311,10459.54833984375,1.83004891872406,32,0.37553656101226807,0.03360661864280701,6,6,32,1781072098945.6526,1781072098783.0938,3854,99,early,0.9411764705882353,31.920845000058762,0.06219999886525329,observability_fixed_R16_k16,good,21.75901599912322,0,False,False,0.0,"[0, 6, 7, 45, 47, 48, 49, 51, 52, 53, 54, 55, 56, 57, 58, 59, 60]",3,pg19,2,83ad1856-da60-44cc-a136-d6aea0c8ef3b,20311,763,False,16,16,23,"[0, 6, 7, 45, 47, 48, 49, 51, 52, 53, 54, 55, 56, 57, 58, 59]",0.15308770108977685,21,[],208.4426710007392,162.55572499903792,590
0.15625,4.0,"[0, 3, 8, 15, 22]",5,,1781072099340.5237,0.0,1781072099199.9634,0,0,140.55987100073253,96264,10460.1279296875,0.456569641828537,32,0.9487226009368896,0.9360097106546164,6,6,32,1781072099348.9626,1781072099186.8062,3857,102,early,0.9411764705882353,32.35575400140078,0.06189699888636824,observability_fixed_R16_k16,good,21.593628998743952,0,False,False,0.0,"[0, 6, 7, 45, 47, 48, 49, 51, 52, 53, 54, 55, 56, 57, 58, 59, 60]",3,pg19,5,83ad1856-da60-44cc-a136-d6aea0c8ef3b,20319,788,False,16,16,24,"[0, 6, 7, 45, 47, 48, 49, 51, 52, 53, 54, 55, 56, 57, 58, 59]",0.1537464350531501,27,[],207.9532299994753,162.15349999947648,593
0.0625,0.0,"[0, 1]",2,,1781072099750.251,0.0,1781072099609.1309,0,0,141.11926799887442,32315,10461.86669921875,0.0767836943268776,32,0.9884538054466248,0.9813641137443483,6,6,32,1781072099758.8728,1781072099595.6787,3863,108,early,0.9411764705882353,35.420725000221864,0.07355799971264787,observability_fixed_R16_k16,good,22.072434001529473,0,False,False,0.0,"[0, 6, 7, 45, 47, 48, 49, 51, 52, 53, 54, 55, 56, 57, 58, 59, 60]",3,pg19,2,83ad1856-da60-44cc-a136-d6aea0c8ef3b,20347,771,False,16,16,25,"[0, 6, 7, 45, 47, 48, 49, 51, 52, 53, 54, 55, 56, 57, 58, 59]",0.15506083354905514,30,[],210.24788500108116,163.1917020004039,599
0.125,1.5,"[0, 4, 12, 18]",4,,1781072100159.9844,0.0,1781072100016.8193,0,0,143.16425399920263,11566,10460.1279296875,1.0765011310577393,32,0.6310650110244751,0.3877677917480469,6,6,32,1781072100168.598,1781072100003.433,3866,111,early,0.9411764705882353,32.33385100065789,0.06504400153062306,observability_fixed_R16_k16,good,21.997998001097585,0,False,False,0.0,"[0, 6, 7, 45, 47, 48, 49, 51, 52, 53, 54, 55, 56, 57, 58, 59, 60]",3,pg19,4,83ad1856-da60-44cc-a136-d6aea0c8ef3b,20360,783,False,16,16,26,"[0, 6, 7, 45, 47, 48, 49, 51, 52, 53, 54, 55, 56, 57, 58, 59]",0.15571650284531816,35,[],211.26294500027143,165.1622520003002,602
0.1875,2.75,"[0, 3, 6, 11, 20, 27]",6,,1781072100566.9973,0.0,1781072100424.7197,0,0,142.27665300131775,1084,10461.287109375,0.711600661277771,32,0.7756498456001282,0.6155854612588882,6,6,32,1781072100575.5195,1781072100411.2468,3871,116,early,0.9411764705882353,32.86763300093298,0.06253100036701653,observability_fixed_R16_k16,good,21.99376299904543,0,False,False,0.0,"[0, 6, 7, 45, 47, 48, 49, 51, 52, 53, 54, 55, 56, 57, 58, 59, 60]",3,pg19,6,83ad1856-da60-44cc-a136-d6aea0c8ef3b,20381,791,False,16,16,27,"[0, 6, 7, 45, 47, 48, 49, 51, 52, 53, 54, 55, 56, 57, 58, 59]",0.1568070266081116,42,[],208.8778920006007,164.27041600036318,607
0.15625,0.75,"[0, 3, 10, 18, 29]",5,,1781072100975.6116,0.0,1781072100834.9534,0,0,140.6580450002366,315,10462.4462890625,0.6610659956932068,32,0.8345175385475159,0.7451749071478844,6,6,32,1781072100984.067,1781072100821.703,3878,123,early,0.9411764705882353,35.50388699841278,4.116654999961611,observability_fixed_R16_k16,good,21.703993999835802,0,False,False,0.0,"[0, 6, 7, 45, 47, 48, 49, 51, 52, 53, 54, 55, 56, 57, 58, 59, 60]",3,pg19,5,83ad1856-da60-44cc-a136-d6aea0c8ef3b,20414,783,False,16,16,28,"[0, 6, 7, 45, 47, 48, 49, 51, 52, 53, 54, 55, 56, 57, 58, 59]",0.15832903558535327,48,[],205.7529779995093,162.3620390000724,614
0.15625,0.75,"[0, 6, 19, 26, 31]",5,,1781072101377.8594,0.0,1781072101236.8823,0,0,140.9762729999784,990,10461.86669921875,2.197774648666382,32,0.2722627520561218,0.03938406705856323,5,6,32,1781072101386.296,1781072101223.586,3884,129,early,0.9411764705882353,32.08036899923172,0.06168600157252513,observability_fixed_R16_k16,good,21.731627000917797,0,False,False,0.0,"[0, 6, 7, 45, 47, 48, 49, 51, 52, 53, 54, 55, 56, 57, 58, 59, 60]",3,pg19,5,83ad1856-da60-44cc-a136-d6aea0c8ef3b,20438,783,False,16,16,29,"[0, 6, 7, 45, 47, 48, 49, 51, 52, 53, 54, 55, 56, 57, 58, 59]",0.1596292481977343,54,[],206.5924479993555,162.7079000008962,620
0.15625,0.0,"[0, 3, 8, 15, 25]",5,,1781072101779.144,0.0,1781072101637.557,0,0,141.5865830003895,264,10461.86669921875,0.7476901412010193,32,0.8457298874855042,0.7994850389659405,6,6,32,1781072101787.63,1781072101624.3552,3890,135,early,0.9411764705882353,32.07970100083912,0.0630369995633373,observability_fixed_R16_k16,good,21.68488799907209,0,False,False,0.0,"[0, 6, 7, 45, 47, 48, 49, 51, 52, 53, 54, 55, 56, 57, 58, 59, 60]",3,pg19,5,83ad1856-da60-44cc-a136-d6aea0c8ef3b,20463,779,False,16,16,30,"[0, 6, 7, 45, 47, 48, 49, 51, 52, 53, 54, 55, 56, 57, 58, 59]",0.1609254498714653,60,[],205.12384899848257,163.2714709994616,626
0.09375,-2.25,"[0, 4, 10]",3,,1781072102174.6416,0.0,1781072102034.883,0,0,139.75759300046775,2132,10461.86669921875,0.9770940542221069,32,0.8327193260192871,0.7906077951192856,6,6,32,1781072102183.04,1781072102021.6672,3896,141,early,0.9411764705882353,31.658641000831267,0.0632049996056594,observability_fixed_R16_k16,good,21.613479000734515,0,False,False,0.0,"[0, 6, 7, 45, 47, 48, 49, 51, 52, 53, 54, 55, 56, 57, 58, 59, 60]",3,pg19,3,83ad1856-da60-44cc-a136-d6aea0c8ef3b,20482,775,False,16,16,31,"[0, 6, 7, 45, 47, 48, 49, 51, 52, 53, 54, 55, 56, 57, 58, 59]",0.162217659137577,64,[],201.52037700063374,161.37107200120226,632
0.1875,1.5,"[0, 1, 3, 8, 18, 29]",6,0.8667017221450806,1781072102699.145,123.55704600122408,1781072102435.3762,16,963,263.76874500056147,8189,10461.1728515625,0.08596444129943848,32,0.9891209006309509,0.9857697070110589,6,6,32,1781072102707.6772,1781072102421.9265,3900,145,early,0.65,32.01562100002775,0.06383199979609344,observability_fixed_R16_k16,good,21.98016899819777,0,False,False,0.0,"[0, 6, 7, 45, 47, 48, 49, 51, 52, 53, 54, 55, 56, 57, 58, 59, 60]",3,pg19,6,83ad1856-da60-44cc-a136-d6aea0c8ef3b,20502,990,True,16,16,32,"[0, 45, 46, 48, 49, 50, 51, 53, 54, 55, 56, 57, 58, 59, 60, 61]",0.16307692307692306,71,"[0, 3906, 3905, 3903, 3901, 3904, 3898, 3900, 3902, 3763, 3885, 3882, 3893, 3897, 3889, 3875]",206.00246600042738,285.74891399875924,636
0.15625,0.25,"[0, 4, 7, 11, 23]",5,,1781072103043.4639,0.0,1781072102966.8472,0,0,76.61574600024323,279,10462.4462890625,0.6545021533966064,32,0.8748263716697693,0.8448914587497711,6,6,32,1781072103051.8926,1781072102953.5713,3907,152,early,1.0,37.17132400015544,4.1594159993110225,observability_fixed_R16_k16,good,21.703546000935603,0,False,False,0.0,"[0, 45, 46, 48, 49, 50, 51, 53, 54, 55, 56, 57, 58, 59, 60, 61]",3,pg19,5,83ad1856-da60-44cc-a136-d6aea0c8ef3b,20536,780,False,16,16,33,"[0, 45, 46, 48, 49, 50, 51, 53, 54, 55, 56, 57, 58, 59, 60, 61]",0.1400051190171487,6,[],203.68132799922023,98.31929200117884,547
0.09375,-1.75,"[2, 7, 12]",3,,1781072103457.4043,0.0,1781072103300.374,0,0,157.02921299998707,198,10461.86669921875,0.8743084073066711,32,0.8062506318092346,0.7421057224273682,6,6,32,1781072103465.9922,1781072103287.2034,3913,158,early,1.0,31.078120000529452,0.05608199899143074,observability_fixed_R16_k16,good,21.757114000138245,0,False,False,0.0,"[0, 45, 46, 48, 49, 50, 51, 53, 54, 55, 56, 57, 58, 59, 60, 61]",3,pg19,3,83ad1856-da60-44cc-a136-d6aea0c8ef3b,20559,772,False,16,16,34,"[0, 45, 46, 48, 49, 50, 51, 53, 54, 55, 56, 57, 58, 59, 60, 61]",0.1413237924865832,10,[],203.41446499878657,178.7863270001253,553
0.125,-0.25,"[0, 12, 18, 26]",4,,1781072103872.3496,0.0,1781072103730.0586,0,0,142.28994699988107,897,10460.70751953125,3.422380208969116,32,0.38061124086380005,0.30566444993019104,6,6,32,1781072103880.8962,1781072103716.4502,3917,162,early,1.0,34.29621400027827,0.06666199988103472,observability_fixed_R16_k16,good,22.153076000904548,0,False,False,0.0,"[0, 45, 46, 48, 49, 50, 51, 53, 54, 55, 56, 57, 58, 59, 60, 61]",3,pg19,4,83ad1856-da60-44cc-a136-d6aea0c8ef3b,20584,782,False,16,16,35,"[0, 45, 46, 48, 49, 50, 51, 53, 54, 55, 56, 57, 58, 59, 60, 61]",0.14220066377329588,15,[],215.18390900018858,164.44302300078562,557
0.125,-0.5,"[0, 2, 6, 12]",4,,1781072104281.8887,0.0,1781072104139.384,0,0,142.50442899901827,1084,10461.287109375,0.14739064872264862,32,0.9766867160797119,0.9633930055424571,6,6,32,1781072104290.452,1781072104125.1047,3922,167,early,1.0,33.61740800028201,0.06561499867530074,observability_fixed_R16_k16,good,22.840920000817277,0,False,False,0.0,"[0, 45, 46, 48, 49, 50, 51, 53, 54, 55, 56, 57, 58, 59, 60, 61]",3,pg19,4,83ad1856-da60-44cc-a136-d6aea0c8ef3b,20582,779,False,16,16,36,"[0, 45, 46, 48, 49, 50, 51, 53, 54, 55, 56, 57, 58, 59, 60, 61]",0.1432942376338603,20,[],209.6258140009013,165.34534899983555,562
0.1875,2.0,"[0, 1, 3, 7, 20, 26]",6,,1781072104686.6436,0.0,1781072104545.2314,0,0,141.41152199954377,198,10462.0419921875,0.042753253132104874,32,0.9949668049812317,0.9933493816060945,6,6,32,1781072104695.0342,1781072104531.929,3927,172,middle,1.0,32.161912000447046,0.06032899909769185,observability_fixed_R16_k16,good,21.690948999093962,0,False,False,0.0,"[0, 45, 46, 48, 49, 50, 51, 53, 54, 55, 56, 57, 58, 59, 60, 61]",3,pg19,6,83ad1856-da60-44cc-a136-d6aea0c8ef3b,20616,788,False,16,16,37,"[0, 45, 46, 48, 49, 50, 51, 53, 54, 55, 56, 57, 58, 59, 60, 61]",0.1443850267379679,27,[],208.44247700006235,163.10247099863773,567
0.1875,1.75,"[4, 10, 16, 22, 28, 31]",6,,1781072105096.124,0.0,1781072104951.4993,0,0,144.62293399992632,8913,10462.4462890625,5.356329441070557,32,0.11790557205677032,0.07962723821401596,6,6,32,1781072105104.775,1781072104938.1692,3934,179,middle,1.0,32.151362000149675,0.060537999161169864,observability_fixed_R16_k16,good,21.979470000587753,0,False,False,0.0,"[0, 45, 46, 48, 49, 50, 51, 53, 54, 55, 56, 57, 58, 59, 60, 61]",3,pg19,6,83ad1856-da60-44cc-a136-d6aea0c8ef3b,20651,795,False,16,16,38,"[0, 45, 46, 48, 49, 50, 51, 53, 54, 55, 56, 57, 58, 59, 60, 61]",0.14590747330960854,34,[],210.10113800002728,166.60240400051407,574
0.1875,1.0,"[0, 2, 5, 9, 13, 20]",6,,1781072105508.2236,0.0,1781072105368.7122,0,0,139.50794800075528,279,10462.4462890625,0.14016278088092804,32,0.9782650470733643,0.9665144318714738,6,6,32,1781072105516.8984,1781072105355.3022,3941,186,middle,1.0,37.218841000139946,4.254626999681932,observability_fixed_R16_k16,good,22.084529999119695,0,False,False,0.0,"[0, 45, 46, 48, 49, 50, 51, 53, 54, 55, 56, 57, 58, 59, 60, 61]",3,pg19,6,83ad1856-da60-44cc-a136-d6aea0c8ef3b,20688,788,False,16,16,39,"[0, 45, 46, 48, 49, 50, 51, 53, 54, 55, 56, 57, 58, 59, 60, 61]",0.14742451154529307,41,[],208.20411000022432,161.59247799987497,581
0.1875,0.5,"[1, 3, 9, 14, 19, 26]",6,,1781072105915.444,0.0,1781072105771.1147,0,0,144.32832099919324,785,10462.4462890625,1.3953883647918701,32,0.4072343111038208,0.04785129427909851,6,6,32,1781072105923.9688,1781072105757.653,3948,193,middle,1.0,32.144712000445,0.06251199920370709,observability_fixed_R16_k16,good,21.98412100005953,0,False,False,0.0,"[0, 45, 46, 48, 49, 50, 51, 53, 54, 55, 56, 57, 58, 59, 60, 61]",3,pg19,6,83ad1856-da60-44cc-a136-d6aea0c8ef3b,20714,789,False,16,16,40,"[0, 45, 46, 48, 49, 50, 51, 53, 54, 55, 56, 57, 58, 59, 60, 61]",0.14893617021276595,48,[],207.53152900033456,166.31244199925277,588
0.0,-6.0,[],0,,1781072106318.8486,0.0,1781072106179.9458,0,0,138.90165200064075,15659,10462.4462890625,6.224045753479004,32,0.08009066432714462,0.04166274517774582,6,6,32,1781072106327.3062,1781072106166.5757,3955,200,middle,1.0,33.09383400119259,0.06786799895053264,observability_fixed_R16_k16,good,21.826849999342812,0,False,False,0.0,"[0, 45, 46, 48, 49, 50, 51, 53, 54, 55, 56, 57, 58, 59, 60, 61]",3,pg19,0,83ad1856-da60-44cc-a136-d6aea0c8ef3b,20759,765,False,16,16,41,"[0, 45, 46, 48, 49, 50, 51, 53, 54, 55, 56, 57, 58, 59, 60, 61]",0.1504424778761062,49,[],208.63281099991582,160.72850199998356,595
0.0,-4.5,[],0,,1781072106717.5215,0.0,1781072106579.0168,0,0,138.5037169984571,62456,10458.96875,2.0238280296325684,32,0.6093918681144714,0.46236923336982727,6,6,32,1781072106725.906,1781072106565.7278,3956,201,middle,1.0,30.317611001009936,0.06601600034628063,observability_fixed_R16_k16,good,21.672596001735656,0,False,False,0.0,"[0, 45, 46, 48, 49, 50, 51, 53, 54, 55, 56, 57, 58, 59, 60, 61]",3,pg19,0,83ad1856-da60-44cc-a136-d6aea0c8ef3b,20745,762,False,16,16,42,"[0, 45, 46, 48, 49, 50, 51, 53, 54, 55, 56, 57, 58, 59, 60, 61]",0.1506572295247725,50,[],207.24815399989893,160.17631300019275,596
0.03125,-2.0,[0],1,,1781072107115.846,0.0,1781072106976.8577,0,0,138.98768400031258,6515,10458.96875,0.262043833732605,32,0.9601364135742188,0.9460060577839613,6,6,32,1781072107124.213,1781072106963.681,3957,202,middle,1.0,30.206867999368114,0.06449500142480247,observability_fixed_R16_k16,good,21.542411999689648,0,False,False,0.0,"[0, 45, 46, 48, 49, 50, 51, 53, 54, 55, 56, 57, 58, 59, 60, 61]",3,pg19,1,83ad1856-da60-44cc-a136-d6aea0c8ef3b,20750,765,False,16,16,43,"[0, 45, 46, 48, 49, 50, 51, 53, 54, 55, 56, 57, 58, 59, 60, 61]",0.1508718726307809,52,[],206.71916299943405,160.53009600000223,597
0.0625,0.25,"[0, 5]",2,,1781072107518.633,0.0,1781072107377.6501,0,0,140.98242899854085,311,10459.54833984375,1.8366793394088745,32,0.4360768496990204,0.15009066462516785,5,6,32,1781072107527.0085,1781072107364.3835,3959,204,middle,1.0,31.934701999489334,0.06566200136148836,observability_fixed_R16_k16,good,21.64063100281055,0,False,False,0.0,"[0, 45, 46, 48, 49, 50, 51, 53, 54, 55, 56, 57, 58, 59, 60, 61]",3,pg19,2,83ad1856-da60-44cc-a136-d6aea0c8ef3b,20749,766,False,16,16,44,"[0, 45, 46, 48, 49, 50, 51, 53, 54, 55, 56, 57, 58, 59, 60, 61]",0.1513008335438242,55,[],207.4119739991147,162.6230600013514,599
0.15625,4.25,"[0, 2, 6, 10, 16]",5,,1781072107922.2517,0.0,1781072107781.4207,0,0,140.83040699915728,96264,10460.1279296875,0.3173147141933441,32,0.9640268683433533,0.9534835312515497,6,6,32,1781072107930.6204,1781072107768.2676,3962,207,middle,1.0,32.68862699951569,0.07070900028338656,observability_fixed_R16_k16,good,21.52083200053312,0,False,False,0.0,"[0, 45, 46, 48, 49, 50, 51, 53, 54, 55, 56, 57, 58, 59, 60, 61]",3,pg19,5,83ad1856-da60-44cc-a136-d6aea0c8ef3b,20772,787,False,16,16,45,"[0, 45, 46, 48, 49, 50, 51, 53, 54, 55, 56, 57, 58, 59, 60, 61]",0.1519434628975265,61,[],207.72862400008307,162.3512389996904,602
0.0625,0.0,"[0, 1]",2,,1781072108318.7168,0.0,1781072108179.816,0,0,138.89988899973105,32315,10461.86669921875,0.03247705101966858,32,0.9957926273345947,0.9930390138179064,6,6,32,1781072108327.0469,1781072108166.5583,3968,213,middle,1.0,31.339610999566503,0.06744299935235176,observability_fixed_R16_k16,good,21.586769000350614,0,False,False,0.0,"[0, 45, 46, 48, 49, 50, 51, 53, 54, 55, 56, 57, 58, 59, 60, 61]",3,pg19,2,83ad1856-da60-44cc-a136-d6aea0c8ef3b,20795,770,False,16,16,46,"[0, 45, 46, 48, 49, 50, 51, 53, 54, 55, 56, 57, 58, 59, 60, 61]",0.1532258064516129,64,[],203.70378100051312,160.48665800008166,608
0.1875,3.5,"[0, 3, 8, 13, 19, 27]",6,,1781072108725.83,0.0,1781072108584.5452,0,0,141.28442000037467,892,10460.1279296875,0.8278980255126953,32,0.7693027257919312,0.6397310048341751,6,6,32,1781072108734.1624,1781072108571.2478,3971,216,middle,0.9411764705882353,32.13812399917515,4.382101998999133,observability_fixed_R16_k16,good,21.628258999044192,0,False,False,0.0,"[0, 45, 46, 48, 49, 50, 51, 53, 54, 55, 56, 57, 58, 59, 60, 61, 62]",3,pg19,6,83ad1856-da60-44cc-a136-d6aea0c8ef3b,20816,788,False,16,16,47,"[0, 45, 46, 48, 49, 50, 51, 53, 54, 55, 56, 57, 58, 59, 60, 61]",0.16192394862754975,71,[],206.88289899953816,162.91267899941886,643
0.1875,2.25,"[0, 2, 10, 18, 24, 28]",6,0.8986316323280334,1781072109251.9915,123.86022100145055,1781072108987.3267,16,977,264.66465500016056,198,10462.62158203125,0.2457265704870224,32,0.949417233467102,0.9137369431555271,6,6,32,1781072109260.4653,1781072108974.02,3978,223,middle,0.5,32.003996000639745,0.07328800165851135,observability_fixed_R16_k16,good,21.77813799971773,0,False,False,0.0,"[0, 45, 46, 48, 49, 50, 51, 53, 54, 55, 56, 57, 58, 59, 60, 61, 62]",3,pg19,6,83ad1856-da60-44cc-a136-d6aea0c8ef3b,20844,986,True,16,16,48,"[0, 7, 8, 9, 27, 47, 51, 54, 55, 56, 57, 58, 59, 60, 61, 62]",0.16339869281045752,78,"[3983, 0, 3984, 3982, 3974, 3953, 3981, 3837, 3763, 3978, 3961, 3979, 3962, 3977, 3980, 3950]",206.97855000071286,286.4427929998783,650
0.1875,1.25,"[0, 2, 5, 12, 21, 25]",6,,1781072109594.6348,0.0,1781072109518.8225,0,0,75.81139000103576,11,10462.4462890625,0.26586979627609253,32,0.9523786306381226,0.9176882430911064,6,6,32,1781072109603.0437,1781072109505.761,3985,230,middle,1.0,32.23727600015991,4.185466999842902,observability_fixed_R16_k16,good,21.469710000019404,0,False,False,0.0,"[0, 7, 8, 9, 27, 47, 51, 54, 55, 56, 57, 58, 59, 60, 61, 62]",3,pg19,6,83ad1856-da60-44cc-a136-d6aea0c8ef3b,20883,784,False,16,16,49,"[0, 7, 8, 9, 27, 47, 51, 54, 55, 56, 57, 58, 59, 60, 61, 62]",0.1327478042659975,7,[],207.96375200006878,97.28110000105517,529
0.09375,-2.0,"[0, 2, 9]",3,,1781072110000.307,0.0,1781072109849.868,0,0,150.43820400023833,315,10462.4462890625,0.287800669670105,32,0.9381417036056519,0.886843740940094,6,6,32,1781072110008.8352,1781072109836.4521,3992,237,middle,1.0,29.52594499947736,0.05586000042967498,observability_fixed_R16_k16,good,21.941433999018045,0,False,False,0.0,"[0, 7, 8, 9, 27, 47, 51, 54, 55, 56, 57, 58, 59, 60, 61, 62]",3,pg19,3,83ad1856-da60-44cc-a136-d6aea0c8ef3b,20907,770,False,16,16,50,"[0, 7, 8, 9, 27, 47, 51, 54, 55, 56, 57, 58, 59, 60, 61, 62]",0.1342685370741483,11,[],203.01833400117175,172.37963799925637,536
0.125,-1.25,"[0, 3, 10, 22]",4,,1781072110408.481,0.0,1781072110267.1855,0,0,141.29468800092582,264,10460.70751953125,0.6442076563835144,32,0.8333607316017151,0.758230984210968,5,6,32,1781072110416.9907,1781072110253.716,3996,241,middle,1.0,32.90366900000663,0.0634339994576294,observability_fixed_R16_k16,good,21.975906000079704,0,False,False,0.0,"[0, 7, 8, 9, 27, 47, 51, 54, 55, 56, 57, 58, 59, 60, 61, 62]",3,pg19,4,83ad1856-da60-44cc-a136-d6aea0c8ef3b,20924,779,False,16,16,51,"[0, 7, 8, 9, 27, 47, 51, 54, 55, 56, 57, 58, 59, 60, 61, 62]",0.13513513513513514,16,[],211.0585259997606,163.27059400100552,540
0.0625,-2.75,"[0, 8]",2,,1781072110818.5437,0.0,1781072110677.7837,0,0,140.75865099948714,624,10461.287109375,1.1122106313705444,32,0.6966480612754822,0.4874763935804367,6,6,32,1781072110826.962,1781072110664.3862,4001,246,middle,1.0,38.45125899897539,4.140708999329945,observability_fixed_R16_k16,good,21.815145999426022,0,False,False,0.0,"[0, 7, 8, 9, 27, 47, 51, 54, 55, 56, 57, 58, 59, 60, 61, 62]",3,pg19,2,83ad1856-da60-44cc-a136-d6aea0c8ef3b,20932,767,False,16,16,52,"[0, 7, 8, 9, 27, 47, 51, 54, 55, 56, 57, 58, 59, 60, 61, 62]",0.13621594601349662,19,[],203.71476900072594,162.57379699891317,545
0.125,0.25,"[1, 13, 25, 30]",4,,1781072111222.3303,0.0,1781072111079.0916,0,0,143.23846399929607,1379,10460.1279296875,3.7599711418151855,32,0.19081096351146698,0.08543514460325241,4,6,32,1781072111230.7341,1781072111065.8142,4004,249,middle,1.0,32.010975999583025,0.0633449999440927,observability_fixed_R16_k16,good,21.679396000763518,0,False,False,0.0,"[0, 7, 8, 9, 27, 47, 51, 54, 55, 56, 57, 58, 59, 60, 61, 62]",3,pg19,4,83ad1856-da60-44cc-a136-d6aea0c8ef3b,20962,784,False,16,16,53,"[0, 7, 8, 9, 27, 47, 51, 54, 55, 56, 57, 58, 59, 60, 61, 62]",0.13686313686313686,24,[],205.9756369999377,164.9178600000596,548
0.0625,-1.25,"[0, 2]",2,,1781072111624.535,0.0,1781072111481.7603,0,0,142.77384699926188,8189,10461.287109375,0.038889456540346146,32,0.9947248101234436,0.9919741493649781,6,6,32,1781072111632.9597,1781072111468.5369,4009,254,middle,1.0,32.07649000069068,0.06531600047310349,observability_fixed_R16_k16,good,21.6449340005056,0,False,False,0.0,"[0, 7, 8, 9, 27, 47, 51, 54, 55, 56, 57, 58, 59, 60, 61, 62]",3,pg19,2,83ad1856-da60-44cc-a136-d6aea0c8ef3b,20970,769,False,16,16,54,"[0, 7, 8, 9, 27, 47, 51, 54, 55, 56, 57, 58, 59, 60, 61, 62]",0.13793963581940633,27,[],204.87268499891798,164.41878099976748,553
0.1875,3.0,"[0, 2, 3, 5, 18, 27]",6,,1781072112010.7695,0.0,1781072111884.4792,0,0,126.28959599896916,8189,10460.1279296875,0.3525916039943695,32,0.9372972846031189,0.9119258094578981,6,6,32,1781072112019.6348,1781072111871.1758,4012,257,middle,1.0,32.75931899952411,0.06359300095937215,observability_fixed_R16_k16,good,22.167571001773467,0,False,False,0.0,"[0, 7, 8, 9, 27, 47, 51, 54, 55, 56, 57, 58, 59, 60, 61, 62]",3,pg19,6,83ad1856-da60-44cc-a136-d6aea0c8ef3b,20987,790,False,16,16,55,"[0, 7, 8, 9, 27, 47, 51, 54, 55, 56, 57, 58, 59, 60, 61, 62]",0.13858424725822532,34,[],204.48719100022572,148.45716700074263,556
0.0625,-1.5,"[0, 3]",2,,1781072112484.8904,0.0,1781072112329.7366,0,0,155.15346699976362,198,10462.4462890625,1.0235915184020996,32,0.531038224697113,0.15447574853897095,6,6,32,1781072112493.4778,1781072112315.955,4019,264,middle,1.0,43.4064210003271,0.0910420003492618,observability_fixed_R16_k16,good,22.36714600076084,0,False,False,0.0,"[0, 7, 8, 9, 27, 47, 51, 54, 55, 56, 57, 58, 59, 60, 61, 62]",3,pg19,2,83ad1856-da60-44cc-a136-d6aea0c8ef3b,21020,768,False,16,16,56,"[0, 7, 8, 9, 27, 47, 51, 54, 55, 56, 57, 58, 59, 60, 61, 62]",0.14008459815874597,37,[],251.96694700025546,177.52061300052446,563
0.125,0.5,"[0, 12, 19, 25]",4,,1781072112891.3845,0.0,1781072112750.5007,0,0,140.88214199909999,897,10460.1279296875,3.236299991607666,32,0.41680195927619934,0.35581035912036896,6,6,32,1781072112900.214,1781072112737.1914,4022,267,middle,1.0,36.377255999468616,0.07347100108745508,observability_fixed_R16_k16,good,22.138614001960377,0,False,False,0.0,"[0, 7, 8, 9, 27, 47, 51, 54, 55, 56, 57, 58, 59, 60, 61, 62]",3,pg19,4,83ad1856-da60-44cc-a136-d6aea0c8ef3b,21040,782,False,16,16,57,"[0, 7, 8, 9, 27, 47, 51, 54, 55, 56, 57, 58, 59, 60, 61, 62]",0.1407260069617106,42,[],206.4417700003105,163.02075600106036,566
0.125,0.5,"[0, 2, 5, 12]",4,,1781072113291.3516,0.0,1781072113150.3806,0,0,140.97060600033728,1084,10461.287109375,0.1457992047071457,32,0.9767976999282837,0.9632931100204587,6,6,32,1781072113299.814,1781072113136.9617,4027,272,middle,1.0,32.47076600018772,0.06686199958494399,observability_fixed_R16_k16,good,21.880078998947283,0,False,False,0.0,"[0, 7, 8, 9, 27, 47, 51, 54, 55, 56, 57, 58, 59, 60, 61, 62]",3,pg19,4,83ad1856-da60-44cc-a136-d6aea0c8ef3b,21032,780,False,16,16,58,"[0, 7, 8, 9, 27, 47, 51, 54, 55, 56, 57, 58, 59, 60, 61, 62]",0.14179289793891234,47,[],203.39474200045515,162.85068499928457,571
0.1875,2.0,"[0, 1, 3, 9, 21, 28]",6,,1781072113685.8918,0.0,1781072113545.628,0,0,140.26296799966076,198,10461.287109375,0.05200359225273132,32,0.9939144253730774,0.9919036384671926,6,6,32,1781072113694.5352,1781072113531.9673,4032,277,middle,1.0,31.189372999506304,0.06743599988112692,observability_fixed_R16_k16,good,22.30395500009763,0,False,False,0.0,"[0, 7, 8, 9, 27, 47, 51, 54, 55, 56, 57, 58, 59, 60, 61, 62]",3,pg19,6,83ad1856-da60-44cc-a136-d6aea0c8ef3b,21067,786,False,16,16,59,"[0, 7, 8, 9, 27, 47, 51, 54, 55, 56, 57, 58, 59, 60, 61, 62]",0.14285714285714285,54,[],200.11281299957773,162.5669229997584,576
0.0,-4.0,[],0,,1781072114096.8232,0.0,1781072113954.8772,0,0,141.9454470014898,82,10462.4462890625,5.092214107513428,32,0.11515147238969803,0.07658055797219276,5,6,32,1781072114105.653,1781072113941.2114,4039,284,middle,0.9411764705882353,32.2585079993587,4.305333999582217,observability_fixed_R16_k16,good,22.493671998745413,0,False,False,0.0,"[0, 7, 8, 9, 27, 47, 51, 54, 55, 56, 57, 58, 59, 60, 61, 62, 63]",3,pg19,0,83ad1856-da60-44cc-a136-d6aea0c8ef3b,21106,757,False,16,16,60,"[0, 7, 8, 9, 27, 47, 51, 54, 55, 56, 57, 58, 59, 60, 61, 62]",0.15226541223075019,55,[],209.2651830007526,164.43911900023522,615
0.1875,2.5,"[0, 1, 2, 3, 4, 5]",6,,1781072114498.0444,0.0,1781072114357.7485,0,0,140.29495700015104,315,10458.96875,0.03260798379778862,32,0.9962630867958069,0.9948778287507594,6,6,32,1781072114506.6194,1781072114344.2092,4040,285,middle,0.9411764705882353,32.44973700020637,0.06935800047358498,observability_fixed_R16_k16,good,22.11415700003272,0,False,False,0.0,"[0, 7, 8, 9, 27, 47, 51, 54, 55, 56, 57, 58, 59, 60, 61, 62, 63]",3,pg19,6,83ad1856-da60-44cc-a136-d6aea0c8ef3b,21117,784,False,16,16,61,"[0, 7, 8, 9, 27, 47, 51, 54, 55, 56, 57, 58, 59, 60, 61, 62]",0.15247524752475247,62,[],204.97924600022088,162.40911400018376,616
0.1875,2.0,"[0, 2, 5, 9, 15, 23]",6,,1781072114903.4421,0.0,1781072114761.9521,0,0,141.48895499965874,897,10462.4462890625,0.41091498732566833,32,0.8824015855789185,0.7719560638070107,6,6,32,1781072114912.1873,1781072114748.1296,4047,292,middle,0.9411764705882353,32.00616800131684,0.06874299833725672,observability_fixed_R16_k16,good,22.567706000700127,0,False,False,0.0,"[0, 7, 8, 9, 27, 47, 51, 54, 55, 56, 57, 58, 59, 60, 61, 62, 63]",3,pg19,6,83ad1856-da60-44cc-a136-d6aea0c8ef3b,21138,788,False,16,16,62,"[0, 7, 8, 9, 27, 47, 51, 54, 55, 56, 57, 58, 59, 60, 61, 62]",0.1539411910056832,69,[],208.6451679988386,164.05666100035887,623
0.1875,1.5,"[0, 3, 5, 7, 11, 19]",6,,1781072115309.596,0.0,1781072115167.991,0,0,141.60502899903804,15659,10462.4462890625,0.752199113368988,32,0.5913877487182617,0.1974385678768158,6,6,32,1781072115318.4016,1781072115154.4126,4054,299,middle,0.9411764705882353,31.886372998997103,0.07533100142609328,observability_fixed_R16_k16,good,22.382663000826142,0,False,False,0.0,"[0, 7, 8, 9, 27, 47, 51, 54, 55, 56, 57, 58, 59, 60, 61, 62, 63]",3,pg19,6,83ad1856-da60-44cc-a136-d6aea0c8ef3b,21166,790,False,16,16,63,"[0, 7, 8, 9, 27, 47, 51, 54, 55, 56, 57, 58, 59, 60, 61, 62]",0.15540207202762704,76,[],209.46229999935895,163.98769199986418,630
0.0,-4.5,[],0,0.8717520833015442,1781072115780.3777,66.35307200122043,1781072115572.5845,16,990,207.79315899926587,62456,10462.4462890625,2.176729440689087,32,0.5870813131332397,0.4659302458167076,6,6,32,1781072115789.181,1781072115558.6912,4061,306,middle,0.5714285714285714,32.010552000429016,0.07447999996657018,observability_fixed_R16_k16,good,22.69444199919235,0,False,False,0.0,"[0, 7, 8, 9, 27, 47, 51, 54, 55, 56, 57, 58, 59, 60, 61, 62, 63]",3,pg19,0,83ad1856-da60-44cc-a136-d6aea0c8ef3b,21194,962,True,16,16,64,"[0, 1, 6, 33, 45, 47, 51, 55, 56, 57, 58, 59, 60, 61, 62, 63]",0.15685791676926866,77,"[0, 4061, 4060, 4058, 4059, 3956, 3851, 3958, 4057, 3763, 3853, 3953, 3954, 3854, 3959, 3893]",207.41887700023653,230.48760099845822,637
0.125,-0.5,"[0, 1, 6, 15]",4,,1781072116176.2493,0.0,1781072116085.896,0,0,90.3524400000606,311,10458.96875,0.17501455545425415,32,0.974414050579071,0.9658509586006403,6,6,32,1781072116184.8342,1781072116072.063,4062,307,middle,1.0,42.202582000754774,5.739734000599128,observability_fixed_R16_k16,good,22.41771199987852,0,False,False,0.0,"[0, 1, 6, 33, 45, 47, 51, 55, 56, 57, 58, 59, 60, 61, 62, 63]",3,pg19,4,83ad1856-da60-44cc-a136-d6aea0c8ef3b,21197,771,False,16,16,65,"[0, 1, 6, 33, 45, 47, 51, 55, 56, 57, 58, 59, 60, 61, 62, 63]",0.13343180699162974,5,[],233.94612800075265,112.77015199993912,542
0.15625,1.0,"[0, 2, 5, 9, 16]",5,,1781072116607.8965,0.0,1781072116451.3296,0,0,156.56591200058756,96264,10461.287109375,0.14215466380119324,32,0.9859274625778198,0.9828860173001885,6,6,32,1781072116616.6194,1781072116437.03,4067,312,middle,1.0,39.605170999493566,4.595401998813031,observability_fixed_R16_k16,good,23.018480998871382,0,False,False,0.0,"[0, 1, 6, 33, 45, 47, 51, 55, 56, 57, 58, 59, 60, 61, 62, 63]",3,pg19,5,83ad1856-da60-44cc-a136-d6aea0c8ef3b,21221,786,False,16,16,66,"[0, 1, 6, 33, 45, 47, 51, 55, 56, 57, 58, 59, 60, 61, 62, 63]",0.13449717236292108,11,[],207.19232199917315,179.58439299945894,547
0.0625,-1.75,"[0, 1]",2,,1781072117009.2925,0.0,1781072116867.836,0,0,141.45547800035274,32315,10461.86669921875,0.06404377520084381,32,0.9906665682792664,0.9852185435593128,6,6,32,1781072117017.8083,1781072116853.9019,4073,318,middle,1.0,32.35999299977266,0.07058199844323099,observability_fixed_R16_k16,good,22.44929300104559,0,False,False,0.0,"[0, 1, 6, 33, 45, 47, 51, 55, 56, 57, 58, 59, 60, 61, 62, 63]",3,pg19,2,83ad1856-da60-44cc-a136-d6aea0c8ef3b,21250,770,False,16,16,67,"[0, 1, 6, 33, 45, 47, 51, 55, 56, 57, 58, 59, 60, 61, 62, 63]",0.13577215811441198,14,[],203.90679699994507,163.90477100139833,553
0.125,1.25,"[0, 5, 10, 17]",4,,1781072117413.2244,0.0,1781072117271.3384,0,0,141.88576000015019,11566,10460.1279296875,0.8266139030456543,32,0.7159112095832825,0.4870922416448593,6,6,32,1781072117422.0378,1781072117257.467,4076,321,middle,1.0,32.125030000315746,0.06620699969062116,observability_fixed_R16_k16,good,22.6835020002909,0,False,False,0.0,"[0, 1, 6, 33, 45, 47, 51, 55, 56, 57, 58, 59, 60, 61, 62, 63]",3,pg19,4,83ad1856-da60-44cc-a136-d6aea0c8ef3b,21264,784,False,16,16,68,"[0, 1, 6, 33, 45, 47, 51, 55, 56, 57, 58, 59, 60, 61, 62, 63]",0.1364082433758587,19,[],206.65736499904597,164.56926200044109,556
0.1875,2.25,"[0, 3, 6, 13, 22, 29]",6,,1781072117815.722,0.0,1781072117672.03,0,0,143.69126899873663,1084,10461.287109375,0.8946200013160706,32,0.619025468826294,0.31258565187454224,6,6,32,1781072117824.4255,1781072117658.2935,4081,326,middle,1.0,31.97308000017074,0.0690139986545546,observability_fixed_R16_k16,good,22.439465999923414,0,False,False,0.0,"[0, 1, 6, 33, 45, 47, 51, 55, 56, 57, 58, 59, 60, 61, 62, 63]",3,pg19,6,83ad1856-da60-44cc-a136-d6aea0c8ef3b,21284,789,False,16,16,69,"[0, 1, 6, 33, 45, 47, 51, 55, 56, 57, 58, 59, 60, 61, 62, 63]",0.13746630727762804,26,[],203.42378500026825,166.13073499866005,561
0.1875,1.75,"[0, 3, 7, 11, 24, 29]",6,,1781072118213.4707,0.0,1781072118070.7407,0,0,142.72917899870663,806,10462.4462890625,0.44717204570770264,32,0.8924694061279297,0.8168855905532837,6,6,32,1781072118221.9724,1781072118057.0308,4088,333,middle,1.0,31.36072300003434,0.06797700007155072,observability_fixed_R16_k16,good,22.210307000932517,0,False,False,0.0,"[0, 1, 6, 33, 45, 47, 51, 55, 56, 57, 58, 59, 60, 61, 62, 63]",3,pg19,6,83ad1856-da60-44cc-a136-d6aea0c8ef3b,21319,790,False,16,16,70,"[0, 1, 6, 33, 45, 47, 51, 55, 56, 57, 58, 59, 60, 61, 62, 63]",0.13894324853228962,33,[],200.37920299910184,164.93948599963915,568
0.125,-0.5,"[0, 9, 16, 22]",4,,1781072118614.6829,0.0,1781072118471.4656,0,0,143.21686800030875,990,10462.4462890625,3.7259538173675537,32,0.27475669980049133,0.1449708193540573,6,6,32,1781072118623.4268,1781072118457.5757,4095,340,middle,1.0,31.90460800033179,0.06934900011401623,observability_fixed_R16_k16,good,22.6330589994177,0,False,False,0.0,"[0, 1, 6, 33, 45, 47, 51, 55, 56, 57, 58, 59, 60, 61, 62, 63]",3,pg19,4,83ad1856-da60-44cc-a136-d6aea0c8ef3b,21355,780,False,16,16,71,"[0, 1, 6, 33, 45, 47, 51, 55, 56, 57, 58, 59, 60, 61, 62, 63]",0.14041514041514042,38,[],202.81336800144345,165.84992699972645,575
0.125,-1.0,"[0, 4, 10, 17]",4,,1781072119023.2363,0.0,1781072118879.65,0,0,143.5858360000566,3643,10461.287109375,1.1558724641799927,32,0.6148541569709778,0.35450851917266846,6,6,32,1781072119031.9224,1781072118865.782,4100,345,late,0.9411764705882353,34.828306999770575,4.088932000740897,observability_fixed_R16_k16,good,22.553594999408233,0,False,False,0.0,"[0, 1, 6, 33, 45, 47, 51, 55, 56, 57, 58, 59, 60, 61, 62, 63, 64]",3,pg19,4,83ad1856-da60-44cc-a136-d6aea0c8ef3b,21362,777,False,16,16,72,"[0, 1, 6, 33, 45, 47, 51, 55, 56, 57, 58, 59, 60, 61, 62, 63]",0.14926829268292682,43,[],202.65237700004946,166.13943099946482,612
0.125,-1.0,"[0, 5, 15, 23]",4,,1781072119427.3716,0.0,1781072119283.0723,0,0,144.29908900092414,2132,10461.287109375,1.676906704902649,32,0.34663617610931396,0.03102034330368042,6,6,32,1781072119436.097,1781072119269.598,4105,350,late,0.9411764705882353,31.946340999638778,0.07546999950136524,observability_fixed_R16_k16,good,22.198094999112072,0,False,False,0.0,"[0, 1, 6, 33, 45, 47, 51, 55, 56, 57, 58, 59, 60, 61, 62, 63, 64]",3,pg19,4,83ad1856-da60-44cc-a136-d6aea0c8ef3b,21392,780,False,16,16,73,"[0, 1, 6, 33, 45, 47, 51, 55, 56, 57, 58, 59, 60, 61, 62, 63]",0.15030450669914738,48,[],204.8806129987497,166.4971840000362,617
0.1875,1.5,"[0, 1, 3, 9, 18, 30]",6,,1781072119830.709,0.0,1781072119688.8984,0,0,141.80962799946428,8189,10462.0419921875,0.03630121424794197,32,0.9957977533340454,0.9941012924537063,6,6,32,1781072119839.5127,1781072119675.1523,4110,355,late,0.9411764705882353,32.36282799844048,0.08495299880451057,observability_fixed_R16_k16,good,22.549072000401793,0,False,False,0.0,"[0, 1, 6, 33, 45, 47, 51, 55, 56, 57, 58, 59, 60, 61, 62, 63, 64]",3,pg19,6,83ad1856-da60-44cc-a136-d6aea0c8ef3b,21407,788,False,16,16,74,"[0, 1, 6, 33, 45, 47, 51, 55, 56, 57, 58, 59, 60, 61, 62, 63]",0.15133819951338198,55,[],205.75220799946692,164.35869999986608,622
0.1875,1.5,"[0, 2, 5, 7, 17, 25]",6,,1781072120239.2983,0.0,1781072120097.5994,0,0,141.69782499993744,8189,10462.4462890625,0.42581769824028015,32,0.9221153855323792,0.8874611333012581,6,6,32,1781072120247.9233,1781072120083.5747,4117,362,late,0.9411764705882353,32.802153000375256,0.08291700032714289,observability_fixed_R16_k16,good,22.649311998975463,0,False,False,0.0,"[0, 1, 6, 33, 45, 47, 51, 55, 56, 57, 58, 59, 60, 61, 62, 63, 64]",3,pg19,6,83ad1856-da60-44cc-a136-d6aea0c8ef3b,21438,789,False,16,16,75,"[0, 1, 6, 33, 45, 47, 51, 55, 56, 57, 58, 59, 60, 61, 62, 63]",0.15278115132377945,62,[],210.28486700015492,164.3471369989129,629
0.1875,1.0,"[0, 3, 8, 15, 21, 28]",6,,1781072120639.4834,0.0,1781072120499.5452,0,0,139.93779599877598,279,10462.4462890625,0.7724649310112,32,0.7711321115493774,0.6192872077226639,6,6,32,1781072120648.198,1781072120485.9363,4124,369,late,0.9411764705882353,32.4147310002445,0.08078899918473326,observability_fixed_R16_k16,good,22.322652001093957,0,False,False,0.0,"[0, 1, 6, 33, 45, 47, 51, 55, 56, 57, 58, 59, 60, 61, 62, 63, 64]",3,pg19,6,83ad1856-da60-44cc-a136-d6aea0c8ef3b,21464,790,False,16,16,76,"[0, 1, 6, 33, 45, 47, 51, 55, 56, 57, 58, 59, 60, 61, 62, 63]",0.1542192046556741,69,[],204.69709100143518,162.26044799986994,636
0.1875,0.5,"[0, 4, 7, 13, 18, 25]",6,,1781072121053.2354,0.0,1781072120911.0884,0,0,142.14564699977927,374,10462.4462890625,1.5045892000198364,32,0.5417129397392273,0.25175487995147705,6,6,32,1781072121062.0513,1781072120897.1812,4131,376,late,0.9411764705882353,36.13420799956657,4.353070000433945,observability_fixed_R16_k16,good,22.723134999978356,0,False,False,0.0,"[0, 1, 6, 33, 45, 47, 51, 55, 56, 57, 58, 59, 60, 61, 62, 63, 64]",3,pg19,6,83ad1856-da60-44cc-a136-d6aea0c8ef3b,21497,790,False,16,16,77,"[0, 1, 6, 33, 45, 47, 51, 55, 56, 57, 58, 59, 60, 61, 62, 63]",0.15565238441055435,76,[],207.6034849997086,164.86878199975763,643
0.1875,0.0,"[0, 2, 3, 11, 18, 25]",6,,1781072121456.3862,0.0,1781072121313.9346,0,0,142.45073799975216,82,10462.4462890625,0.08607880026102066,32,0.9846453070640564,0.9701542528346181,6,6,32,1781072121465.5642,1781072121299.9978,4138,383,late,0.9411764705882353,32.462937000673264,0.08246399920608383,observability_fixed_R16_k16,good,23.11299000029976,0,False,False,0.0,"[0, 1, 6, 33, 45, 47, 51, 55, 56, 57, 58, 59, 60, 61, 62, 63, 64]",3,pg19,6,83ad1856-da60-44cc-a136-d6aea0c8ef3b,21527,788,False,16,16,78,"[0, 1, 6, 33, 45, 47, 51, 55, 56, 57, 58, 59, 60, 61, 62, 63]",0.1570807153214113,83,[],204.54923199940822,165.56372800005192,650
0.1875,0.0,"[0, 2, 5, 10, 15, 19]",6,,1781072121859.234,0.0,1781072121716.9534,0,0,142.27925699924526,315,10462.4462890625,0.0015999801689758897,32,0.9998469352722168,0.9997114168509142,6,6,32,1781072121867.9282,1781072121702.9165,4145,390,late,0.9411764705882353,32.10655400107498,0.08143499871948734,observability_fixed_R16_k16,good,22.731283001121483,0,False,False,0.0,"[0, 1, 6, 33, 45, 47, 51, 55, 56, 57, 58, 59, 60, 61, 62, 63, 64]",3,pg19,6,83ad1856-da60-44cc-a136-d6aea0c8ef3b,21565,789,False,16,16,79,"[0, 1, 6, 33, 45, 47, 51, 55, 56, 57, 58, 59, 60, 61, 62, 63]",0.15850422195416164,90,[],204.10716900005355,165.01054000036675,657
0.1875,0.0,"[0, 1, 2, 5, 9, 20]",6,0.8684369921684265,1781072122389.5454,125.96918099916365,1781072122120.0303,16,1023,269.51664299849654,897,10462.4462890625,0.007575505878776312,32,0.9991876482963562,0.9985806974582374,6,6,32,1781072122398.3628,1781072122104.5063,4152,397,late,0.5,31.384666999656474,0.08144399907905608,observability_fixed_R16_k16,good,24.33722800196847,0,False,False,0.0,"[0, 1, 6, 33, 45, 47, 51, 55, 56, 57, 58, 59, 60, 61, 62, 63, 64]",3,pg19,6,83ad1856-da60-44cc-a136-d6aea0c8ef3b,21584,987,True,16,16,80,"[0, 10, 12, 38, 53, 54, 55, 56, 57, 58, 59, 60, 61, 62, 63, 64]",0.1599229287090559,97,"[0, 4158, 4054, 4156, 4153, 3763, 4142, 3749, 4058, 4155, 4152, 4089, 4053, 4057, 4143, 4146]",204.23071200093545,293.853871000465,664
0.1875,0.0,"[0, 2, 5, 8, 11, 17]",6,,1781072122735.1445,0.0,1781072122656.488,0,0,78.65710000078252,15659,10462.4462890625,0.24099159240722656,32,0.9359325170516968,0.8722415119409561,6,6,32,1781072122743.731,1781072122641.053,4159,404,late,1.0,32.50112500063551,4.211101000691997,observability_fixed_R16_k16,good,24.019099000724964,0,False,False,0.0,"[0, 10, 12, 38, 53, 54, 55, 56, 57, 58, 59, 60, 61, 62, 63, 64]",3,pg19,6,83ad1856-da60-44cc-a136-d6aea0c8ef3b,21633,788,False,16,16,81,"[0, 10, 12, 38, 53, 54, 55, 56, 57, 58, 59, 60, 61, 62, 63, 64]",0.1305602308247175,7,[],205.0394959987898,102.67619900150748,543
0.0,-6.0,[],0,,1781072123152.0872,0.0,1781072123000.8745,0,0,151.21237699895573,62456,10462.4462890625,1.517336130142212,32,0.6133586764335632,0.37316396832466125,6,6,32,1781072123160.8486,1781072122986.7673,4166,411,late,0.9411764705882353,34.700508000241825,4.062093999891658,observability_fixed_R16_k16,good,22.86751100109541,0,False,False,0.0,"[0, 10, 12, 38, 53, 54, 55, 56, 57, 58, 59, 60, 61, 62, 63, 64, 65]",3,pg19,0,83ad1856-da60-44cc-a136-d6aea0c8ef3b,21643,766,False,16,16,82,"[0, 10, 12, 38, 53, 54, 55, 56, 57, 58, 59, 60, 61, 62, 63, 64]",0.13970235237638023,8,[],203.4613520008861,174.07988800005114,582
0.125,-0.5,"[0, 3, 7, 18]",4,,1781072123550.8887,0.0,1781072123410.1233,0,0,140.76440099961474,311,10458.96875,0.2271961122751236,32,0.9655745029449463,0.9513641148805618,6,6,32,1781072123559.6016,1781072123396.2444,4167,412,late,0.9411764705882353,29.95181700134708,0.0701890003256267,observability_fixed_R16_k16,good,22.591700000702986,0,False,False,0.0,"[0, 10, 12, 38, 53, 54, 55, 56, 57, 58, 59, 60, 61, 62, 63, 64, 65]",3,pg19,4,83ad1856-da60-44cc-a136-d6aea0c8ef3b,21651,777,False,16,16,83,"[0, 10, 12, 38, 53, 54, 55, 56, 57, 58, 59, 60, 61, 62, 63, 64]",0.13990880729541635,13,[],204.56630800072162,163.35610100031772,583
0.15625,1.0,"[0, 3, 8, 13, 19]",5,,1781072123951.6118,0.0,1781072123809.803,0,0,141.80810100151575,96264,10461.287109375,0.5628968477249146,32,0.9034202694892883,0.8399902135133743,6,6,32,1781072123960.1345,1781072123796.0288,4172,417,late,0.9411764705882353,32.0074659994134,0.07206500049505848,observability_fixed_R16_k16,good,22.296053997706622,0,False,False,0.0,"[0, 10, 12, 38, 53, 54, 55, 56, 57, 58, 59, 60, 61, 62, 63, 64, 65]",3,pg19,5,83ad1856-da60-44cc-a136-d6aea0c8ef3b,21677,787,False,16,16,84,"[0, 10, 12, 38, 53, 54, 55, 56, 57, 58, 59, 60, 61, 62, 63, 64]",0.14093959731543623,19,[],203.5607859997981,164.10415499922237,588
0.0625,-1.75,"[0, 1]",2,,1781072124351.4976,0.0,1781072124210.4883,0,0,141.00844000131474,32315,10461.86669921875,0.06385589390993118,32,0.9906972646713257,0.984897693619132,6,6,32,1781072124360.292,1781072124196.8994,4178,423,late,0.9411764705882353,32.73957400051586,0.07502500011469238,observability_fixed_R16_k16,good,22.38195099926088,0,False,False,0.0,"[0, 10, 12, 38, 53, 54, 55, 56, 57, 58, 59, 60, 61, 62, 63, 64, 65]",3,pg19,2,83ad1856-da60-44cc-a136-d6aea0c8ef3b,21703,772,False,16,16,85,"[0, 10, 12, 38, 53, 54, 55, 56, 57, 58, 59, 60, 61, 62, 63, 64]",0.1421732886548588,22,[],203.1627540000045,163.39039100057562,594
0.125,1.25,"[0, 4, 9, 17]",4,,1781072124760.4116,0.0,1781072124617.8157,0,0,142.5950440007,11566,10460.1279296875,0.8990404605865479,32,0.6560473442077637,0.36492809653282166,6,6,32,1781072124769.637,1781072124603.964,4181,426,late,0.9411764705882353,32.180315000005066,0.07950299914227799,observability_fixed_R16_k16,good,23.075299999618437,0,False,False,0.0,"[0, 10, 12, 38, 53, 54, 55, 56, 57, 58, 59, 60, 61, 62, 63, 64, 65]",3,pg19,4,83ad1856-da60-44cc-a136-d6aea0c8ef3b,21715,770,False,16,16,86,"[0, 10, 12, 38, 53, 54, 55, 56, 57, 58, 59, 60, 61, 62, 63, 64]",0.14278880650562067,27,[],210.56441900145728,165.67034400031844,597
0.1875,2.25,"[0, 3, 6, 13, 20, 27]",6,,1781072125166.3713,0.0,1781072125023.812,0,0,142.55822200175317,1084,10461.287109375,0.8236393332481384,32,0.6814097166061401,0.4227757751941681,6,6,32,1781072125175.237,1781072125009.7131,4186,431,late,0.9411764705882353,32.06019600111176,0.07152299986046273,observability_fixed_R16_k16,good,22.963813999012928,0,False,False,0.0,"[0, 10, 12, 38, 53, 54, 55, 56, 57, 58, 59, 60, 61, 62, 63, 64, 65]",3,pg19,6,83ad1856-da60-44cc-a136-d6aea0c8ef3b,21734,791,False,16,16,87,"[0, 10, 12, 38, 53, 54, 55, 56, 57, 58, 59, 60, 61, 62, 63, 64]",0.14381270903010032,34,[],206.87283599909279,165.5220360007661,602
0.125,-0.25,"[0, 3, 9, 15]",4,,1781072125578.2134,0.0,1781072125436.1377,0,0,142.0748630007438,3311,10462.4462890625,0.4031726121902466,32,0.920534610748291,0.8842795304954052,6,6,32,1781072125586.8762,1781072125422.1956,4193,438,late,0.9411764705882353,36.79118800027936,4.2454529993847245,observability_fixed_R16_k16,good,22.603761999562266,0,False,False,0.0,"[0, 10, 12, 38, 53, 54, 55, 56, 57, 58, 59, 60, 61, 62, 63, 64, 65]",3,pg19,4,83ad1856-da60-44cc-a136-d6aea0c8ef3b,21764,776,False,16,16,88,"[0, 10, 12, 38, 53, 54, 55, 56, 57, 58, 59, 60, 61, 62, 63, 64]",0.14524207011686144,39,[],205.08018600048672,164.67862500030606,609
0.1875,2.0,"[0, 2, 9, 18, 24, 28]",6,,1781072125980.7678,0.0,1781072125838.6062,0,0,142.16071299961186,990,10461.287109375,0.37668874859809875,32,0.9288825988769531,0.8887030780315399,6,6,32,1781072125989.6597,1781072125824.6687,4198,443,late,0.9411764705882353,31.22178800003894,0.0736599995434517,observability_fixed_R16_k16,good,22.82833400022355,0,False,False,0.0,"[0, 10, 12, 38, 53, 54, 55, 56, 57, 58, 59, 60, 61, 62, 63, 64, 65]",3,pg19,6,83ad1856-da60-44cc-a136-d6aea0c8ef3b,21789,789,False,16,16,89,"[0, 10, 12, 38, 53, 54, 55, 56, 57, 58, 59, 60, 61, 62, 63, 64]",0.1462601238685088,46,[],205.61564899981022,164.9890469998354,614
0.125,-1.0,"[0, 5, 12, 19]",4,,1781072126383.7131,0.0,1781072126241.5764,0,0,142.13599399954546,3643,10462.4462890625,1.2491869926452637,32,0.5072658658027649,0.1531372368335724,6,6,32,1781072126392.363,1781072126227.4878,4205,450,late,0.9411764705882353,32.19573400019726,0.07485700007237028,observability_fixed_R16_k16,good,22.73769000021275,0,False,False,0.0,"[0, 10, 12, 38, 53, 54, 55, 56, 57, 58, 59, 60, 61, 62, 63, 64, 65]",3,pg19,4,83ad1856-da60-44cc-a136-d6aea0c8ef3b,21814,782,False,16,16,90,"[0, 10, 12, 38, 53, 54, 55, 56, 57, 58, 59, 60, 61, 62, 63, 64]",0.14768133174791914,51,[],204.47852200049965,164.8736839997582,621
0.125,-1.0,"[0, 5, 15, 25]",4,,1781072126784.5015,0.0,1781072126641.7249,0,0,142.77615200080618,2132,10461.287109375,1.786137580871582,32,0.3837473690509796,0.17510753870010376,6,6,32,1781072126793.115,1781072126628.2046,4210,455,late,0.9411764705882353,32.04643500066595,0.07362799988186453,observability_fixed_R16_k16,good,22.133263999421615,0,False,False,0.0,"[0, 10, 12, 38, 53, 54, 55, 56, 57, 58, 59, 60, 61, 62, 63, 64, 65]",3,pg19,4,83ad1856-da60-44cc-a136-d6aea0c8ef3b,21842,781,False,16,16,91,"[0, 10, 12, 38, 53, 54, 55, 56, 57, 58, 59, 60, 61, 62, 63, 64]",0.1486935866983373,56,[],202.92992499889806,164.9094160002278,626
0.1875,1.5,"[0, 1, 3, 7, 17, 29]",6,,1781072127187.9854,0.0,1781072127044.0625,0,0,143.92179000060423,8189,10461.287109375,0.04779445752501488,32,0.9942781925201416,0.9923285575350747,6,6,32,1781072127196.6401,1781072127030.0815,4215,460,late,0.9411764705882353,31.692500999270123,0.07604500024172012,observability_fixed_R16_k16,good,22.63043999846559,0,False,False,0.0,"[0, 10, 12, 38, 53, 54, 55, 56, 57, 58, 59, 60, 61, 62, 63, 64, 65]",3,pg19,6,83ad1856-da60-44cc-a136-d6aea0c8ef3b,21860,789,False,16,16,92,"[0, 10, 12, 38, 53, 54, 55, 56, 57, 58, 59, 60, 61, 62, 63, 64]",0.14970344009489917,63,[],204.39474200065888,166.55222999906982,631
0.1875,1.0,"[0, 4, 7, 8, 17, 25]",6,,1781072127594.3257,0.0,1781072127448.6533,0,0,145.6715010008338,8189,10462.4462890625,0.46023648977279663,32,0.9117946028709412,0.8810784183442593,6,6,32,1781072127602.9312,1781072127434.4788,4222,467,late,0.9411764705882353,31.951793000189355,0.07637199996679556,observability_fixed_R16_k16,good,22.779158000048483,0,False,False,0.0,"[0, 10, 12, 38, 53, 54, 55, 56, 57, 58, 59, 60, 61, 62, 63, 64, 65]",3,pg19,6,83ad1856-da60-44cc-a136-d6aea0c8ef3b,21890,786,False,16,16,93,"[0, 10, 12, 38, 53, 54, 55, 56, 57, 58, 59, 60, 61, 62, 63, 64]",0.15111321648507817,70,[],204.9667520004732,168.4506590008823,638
0.1875,1.0,"[0, 3, 7, 14, 22, 27]",6,,1781072128004.593,0.0,1781072127861.4805,0,0,143.11197499955597,279,10462.4462890625,0.8321269154548645,32,0.6957017183303833,0.4514874368906021,6,6,32,1781072128013.7502,1781072127847.4177,4229,474,late,0.8888888888888888,36.48013299971353,4.388334999021026,observability_fixed_R16_k16,good,23.21854500041809,0,False,False,0.0,"[0, 10, 12, 38, 53, 54, 55, 56, 57, 58, 59, 60, 61, 62, 63, 64, 65, 66]",3,pg19,6,83ad1856-da60-44cc-a136-d6aea0c8ef3b,21921,789,False,16,16,94,"[0, 10, 12, 38, 53, 54, 55, 56, 57, 58, 59, 60, 61, 62, 63, 64]",0.16008512650744858,77,[],202.79883000148402,166.33051999997406,677
0.1875,0.5,"[0, 2, 5, 9, 12, 18]",6,,1781072128411.8557,0.0,1781072128268.4185,0,0,143.43648000067333,374,10462.4462890625,0.6474819779396057,32,0.8183291554450989,0.6621482968330383,6,6,32,1781072128420.366,1781072128254.5435,4236,481,late,0.8888888888888888,34.61496700037969,0.08582299960835371,observability_fixed_R16_k16,good,22.384380999938003,0,False,False,0.0,"[0, 10, 12, 38, 53, 54, 55, 56, 57, 58, 59, 60, 61, 62, 63, 64, 65, 66]",3,pg19,6,83ad1856-da60-44cc-a136-d6aea0c8ef3b,21949,787,False,16,16,95,"[0, 10, 12, 38, 53, 54, 55, 56, 57, 58, 59, 60, 61, 62, 63, 64]",0.16147308781869688,84,[],204.97785200132057,165.82086100061133,684
0.1875,0.0,"[0, 1, 2, 9, 16, 24]",6,0.8936675190925598,1781072128942.4663,128.1151070015767,1781072128672.068,16,986,270.3981680006109,82,10462.4462890625,0.033295560628175735,32,0.9950066804885864,0.9902526182122529,6,6,32,1781072128951.232,1781072128658.0166,4243,488,late,0.6190476190476191,31.950824999512406,0.08370300020033028,observability_fixed_R16_k16,good,22.815488000560435,0,False,False,0.0,"[0, 10, 12, 38, 53, 54, 55, 56, 57, 58, 59, 60, 61, 62, 63, 64, 65, 66]",3,pg19,6,83ad1856-da60-44cc-a136-d6aea0c8ef3b,21980,980,True,16,16,96,"[0, 11, 13, 27, 53, 54, 55, 57, 58, 60, 61, 62, 63, 64, 65, 66]",0.16285646947914212,91,"[0, 4248, 4249, 4247, 4246, 4144, 3934, 3763, 55, 4244, 1749, 4152, 4039, 4245, 2773, 4162]",204.74783099962224,293.21365600117133,691
0.1875,0.0,"[0, 1, 2, 5, 11, 15]",6,,1781072129285.9058,0.0,1781072129208.937,0,0,76.96804599981988,315,10462.4462890625,7.771453965688124e-05,32,0.999994158744812,0.9999885644083406,6,6,32,1781072129294.592,1781072129195.0066,4250,495,late,1.0,32.845423000253504,4.210380999211338,observability_fixed_R16_k16,good,22.616295000261744,0,False,False,0.0,"[0, 11, 13, 27, 53, 54, 55, 57, 58, 60, 61, 62, 63, 64, 65, 66]",3,pg19,6,83ad1856-da60-44cc-a136-d6aea0c8ef3b,22019,783,False,16,16,97,"[0, 11, 13, 27, 53, 54, 55, 57, 58, 60, 61, 62, 63, 64, 65, 66]",0.12658823529411764,7,[],205.71078800094256,99.58434100008162,538
0.1875,0.0,"[0, 2, 5, 11, 18, 24]",6,,1781072129701.5398,0.0,1781072129551.6694,0,0,149.86985299947264,897,10462.4462890625,0.6632784008979797,32,0.7588908076286316,0.5414649546146393,6,6,32,1781072129710.2466,1781072129537.4312,4257,502,late,1.0,35.07169399927079,4.007118999652448,observability_fixed_R16_k16,good,22.944223001104547,0,False,False,0.0,"[0, 11, 13, 27, 53, 54, 55, 57, 58, 60, 61, 62, 63, 64, 65, 66]",3,pg19,6,83ad1856-da60-44cc-a136-d6aea0c8ef3b,22042,789,False,16,16,98,"[0, 11, 13, 27, 53, 54, 55, 57, 58, 60, 61, 62, 63, 64, 65, 66]",0.12802443035001174,14,[],202.92601700020896,172.8140760005772,545
0.1875,0.0,"[0, 4, 7, 10, 14, 22]",6,,1781072130100.5137,0.0,1781072129956.7646,0,0,143.74770899848954,15659,10462.4462890625,0.5785539746284485,32,0.85740065574646,0.7751184105873108,6,6,32,1781072130109.2031,1781072129942.794,4264,509,late,1.0,31.594198000675533,0.06714299888699315,observability_fixed_R16_k16,good,22.656885001197224,0,False,False,0.0,"[0, 11, 13, 27, 53, 54, 55, 57, 58, 60, 61, 62, 63, 64, 65, 66]",3,pg19,6,83ad1856-da60-44cc-a136-d6aea0c8ef3b,22081,794,False,16,16,99,"[0, 11, 13, 27, 53, 54, 55, 57, 58, 60, 61, 62, 63, 64, 65, 66]",0.1294559099437148,21,[],200.04339200022514,166.40459399968677,552
0.03125,0.0,[1],1,0.8713784217834473,1781072133049.0059,123.36739700003818,1781072130655.1157,16,984,2393.890878000093,332,12770.95263671875,3.787804126739502,32,0.2045602798461914,0.03230324387550354,6,6,32,1781072133057.9888,1781072130639.994,3990,0,early,0.6842105263157895,314.91825500052073,3.716909001013846,observability_fixed_R16_k16,good,24.10277200033306,0,False,False,0.0,"[47, 48, 49, 50, 51, 52, 53, 54, 55, 56, 57, 58, 59, 60, 61, 62]",4,pg19,1,3036c8f3-9684-4e16-aebf-ae3de3874f97,21353,958,True,16,16,0,"[0, 4, 9, 50, 51, 52, 53, 54, 55, 56, 57, 58, 59, 60, 61, 62]",0.12832080200501253,2,"[0, 3991, 3988, 3990, 3987, 3989, 3986, 3966, 3977, 3976, 3970, 3973, 3949, 3967, 3979, 3968]",198.04750999901444,2417.993650000426,512
0.0,-1.0,[],0,,1781072133392.8235,0.0,1781072133317.3965,0,0,75.42640999963623,1119,10459.54833984375,0.5615354776382446,32,0.8707907795906067,0.8067175447940826,6,6,32,1781072133401.6355,1781072133303.4902,3992,2,early,1.0,36.658251001426834,4.16427700110944,observability_fixed_R16_k16,good,22.716382001817692,0,False,False,0.0,"[0, 4, 9, 50, 51, 52, 53, 54, 55, 56, 57, 58, 59, 60, 61, 62]",4,pg19,0,3036c8f3-9684-4e16-aebf-ae3de3874f97,21356,760,False,16,16,1,"[0, 4, 9, 50, 51, 52, 53, 54, 55, 56, 57, 58, 59, 60, 61, 62]",0.1342685370741483,1,[],203.7832569985767,98.14279200145393,536
0.03125,0.5,[0],1,,1781072133800.5442,0.0,1781072133650.4897,0,0,150.05375100008678,11794,10458.96875,1.2450599670410156,32,0.8561057448387146,0.8281529024243355,5,6,32,1781072133809.1228,1781072133636.5776,3993,3,early,1.0,28.607735999685246,0.06374099939421285,observability_fixed_R16_k16,good,22.490385999844875,0,False,False,0.0,"[0, 4, 9, 50, 51, 52, 53, 54, 55, 56, 57, 58, 59, 60, 61, 62]",4,pg19,1,3036c8f3-9684-4e16-aebf-ae3de3874f97,21347,768,False,16,16,2,"[0, 4, 9, 50, 51, 52, 53, 54, 55, 56, 57, 58, 59, 60, 61, 62]",0.13448534936138243,3,[],205.26021100158687,172.54413699993165,537
0.0625,1.3333333333333335,"[1, 12]",2,,1781072134200.6338,0.0,1781072134059.173,0,0,141.46005200018408,6966,10459.54833984375,1.9164032936096191,32,0.5711461305618286,0.4354870319366455,6,6,32,1781072134209.2832,1781072134045.2615,3995,5,early,1.0,31.607171998984995,0.06420499994419515,observability_fixed_R16_k16,good,22.56007800133375,0,False,False,0.0,"[0, 4, 9, 50, 51, 52, 53, 54, 55, 56, 57, 58, 59, 60, 61, 62]",4,pg19,2,3036c8f3-9684-4e16-aebf-ae3de3874f97,21363,771,False,16,16,3,"[0, 4, 9, 50, 51, 52, 53, 54, 55, 56, 57, 58, 59, 60, 61, 62]",0.134918648310388,6,[],203.69392999964475,164.02013000151783,539
0.03125,0.0,[0],1,,1781072134611.7527,0.0,1781072134467.96,0,0,143.7930319989391,13,10460.1279296875,2.3103199005126953,32,0.336275190114975,0.10515685379505157,4,6,32,1781072134620.5735,1781072134452.571,3998,8,early,1.0,31.770388000950334,0.06270199992286507,observability_fixed_R16_k16,good,24.207512002249132,0,False,False,0.0,"[0, 4, 9, 50, 51, 52, 53, 54, 55, 56, 57, 58, 59, 60, 61, 62]",4,pg19,1,3036c8f3-9684-4e16-aebf-ae3de3874f97,21378,757,False,16,16,4,"[0, 4, 9, 50, 51, 52, 53, 54, 55, 56, 57, 58, 59, 60, 61, 62]",0.135567783891946,8,[],210.67668999967282,168.00054400118825,542
0.03125,0.0,[0],1,,1781072135013.8127,0.0,1781072134871.4167,0,0,142.39398499921663,1803,10459.54833984375,3.169781446456909,32,0.2515648305416107,0.04301026463508606,4,6,32,1781072135022.7156,1781072134857.732,4000,10,early,1.0,31.51745499962999,0.06434399983845651,observability_fixed_R16_k16,good,22.587206001844606,0,False,False,0.0,"[0, 4, 9, 50, 51, 52, 53, 54, 55, 56, 57, 58, 59, 60, 61, 62]",4,pg19,1,3036c8f3-9684-4e16-aebf-ae3de3874f97,21397,766,False,16,16,5,"[0, 4, 9, 50, 51, 52, 53, 54, 55, 56, 57, 58, 59, 60, 61, 62]",0.136,10,[],204.7599480010831,164.98119100106123,544
0.0625,0.75,"[1, 13]",2,,1781072135424.516,0.0,1781072135279.8665,0,0,144.64917800069088,264,10459.54833984375,1.6698771715164185,32,0.41481754183769226,0.018995851278305054,5,6,32,1781072135433.4329,1781072135266.0151,4002,12,early,1.0,32.5940080001601,0.06503000076918397,observability_fixed_R16_k16,good,22.766424997826107,0,False,False,0.0,"[0, 4, 9, 50, 51, 52, 53, 54, 55, 56, 57, 58, 59, 60, 61, 62]",4,pg19,2,3036c8f3-9684-4e16-aebf-ae3de3874f97,21388,769,False,16,16,6,"[0, 4, 9, 50, 51, 52, 53, 54, 55, 56, 57, 58, 59, 60, 61, 62]",0.136431784107946,13,[],209.81204500094464,167.415602998517,546
0.09375,1.5,"[0, 16, 27]",3,,1781072135829.62,0.0,1781072135688.201,0,0,141.41850200030603,11794,10460.1279296875,4.241734504699707,32,0.24660295248031616,0.16137924790382385,4,6,32,1781072135838.3323,1781072135674.4019,4005,15,early,1.0,34.25900399997772,0.0663030004943721,observability_fixed_R16_k16,good,22.510232998683932,0,False,False,0.0,"[0, 4, 9, 50, 51, 52, 53, 54, 55, 56, 57, 58, 59, 60, 61, 62]",4,pg19,3,3036c8f3-9684-4e16-aebf-ae3de3874f97,21428,776,False,16,16,7,"[0, 4, 9, 50, 51, 52, 53, 54, 55, 56, 57, 58, 59, 60, 61, 62]",0.13707865168539327,17,[],205.64213299985568,163.92873499898997,549
0.03125,-0.75,[7],1,,1781072136235.0457,0.0,1781072136092.5188,0,0,142.52693600064958,16123,10460.70751953125,2.546703815460205,32,0.5632823705673218,0.5029779151082039,5,6,32,1781072136243.7747,1781072136077.233,4009,19,early,1.0,32.156978000784875,0.06696299897157587,observability_fixed_R16_k16,good,24.013446000026306,0,False,False,0.0,"[0, 4, 9, 50, 51, 52, 53, 54, 55, 56, 57, 58, 59, 60, 61, 62]",4,pg19,1,3036c8f3-9684-4e16-aebf-ae3de3874f97,21442,766,False,16,16,8,"[0, 4, 9, 50, 51, 52, 53, 54, 55, 56, 57, 58, 59, 60, 61, 62]",0.13793963581940633,19,[],205.83104799879948,166.5403820006759,553
0.125,2.25,"[0, 9, 21, 29]",4,,1781072136639.2158,0.0,1781072136496.7861,0,0,142.4280089995591,279,10460.013671875,2.6798367500305176,32,0.48895490169525146,0.3326755315065384,5,6,32,1781072136647.9329,1781072136482.7969,4011,21,early,1.0,32.09109899944451,0.06845999996585306,observability_fixed_R16_k16,good,22.70643200063205,0,False,False,0.0,"[0, 4, 9, 50, 51, 52, 53, 54, 55, 56, 57, 58, 59, 60, 61, 62]",4,pg19,4,3036c8f3-9684-4e16-aebf-ae3de3874f97,21423,777,False,16,16,9,"[0, 4, 9, 50, 51, 52, 53, 54, 55, 56, 57, 58, 59, 60, 61, 62]",0.13836948391922213,24,[],206.07009599916637,165.13444100019115,555
0.0625,-0.5,"[12, 21]",2,,1781072137063.6194,0.0,1781072136898.238,0,0,165.3811329997552,3691,10461.287109375,5.025484561920166,32,0.09518967568874359,0.041793107986450195,4,6,32,1781072137072.5317,1781072136883.7866,4016,26,early,1.0,31.557321999571286,0.06866599869681522,observability_fixed_R16_k16,good,23.361896999631426,0,False,False,0.0,"[0, 4, 9, 50, 51, 52, 53, 54, 55, 56, 57, 58, 59, 60, 61, 62]",4,pg19,2,3036c8f3-9684-4e16-aebf-ae3de3874f97,21480,770,False,16,16,10,"[0, 4, 9, 50, 51, 52, 53, 54, 55, 56, 57, 58, 59, 60, 61, 62]",0.1394422310756972,27,[],203.42362399969716,188.74302999938664,560
0.0625,-0.5,"[1, 6]",2,,1781072137462.9978,0.0,1781072137323.5757,0,0,139.42180599951826,1410,10460.1279296875,1.4555913209915161,32,0.4882606565952301,0.21437126398086548,4,6,32,1781072137471.7073,1781072137310.056,4019,29,early,1.0,32.64379199936229,0.06956200013519265,observability_fixed_R16_k16,good,22.227421000934555,0,False,False,0.0,"[0, 4, 9, 50, 51, 52, 53, 54, 55, 56, 57, 58, 59, 60, 61, 62]",4,pg19,2,3036c8f3-9684-4e16-aebf-ae3de3874f97,21467,769,False,16,16,11,"[0, 4, 9, 50, 51, 52, 53, 54, 55, 56, 57, 58, 59, 60, 61, 62]",0.14008459815874597,30,[],204.01102299911145,161.6492270004528,563
0.125,1.75,"[0, 7, 18, 27]",4,,1781072137867.1167,0.0,1781072137725.355,0,0,141.761143999247,1782,10460.30322265625,1.2371337413787842,32,0.6311485767364502,0.4325488805770874,5,6,32,1781072137875.7832,1781072137711.658,4022,32,early,1.0,32.28499899887538,0.07130599988158792,observability_fixed_R16_k16,good,22.361770001225523,0,False,False,0.0,"[0, 4, 9, 50, 51, 52, 53, 54, 55, 56, 57, 58, 59, 60, 61, 62]",4,pg19,4,3036c8f3-9684-4e16-aebf-ae3de3874f97,21485,775,False,16,16,12,"[0, 4, 9, 50, 51, 52, 53, 54, 55, 56, 57, 58, 59, 60, 61, 62]",0.1407260069617106,35,[],206.7982150001626,164.12291400047252,566
0.09375,0.0,"[1, 12, 23]",3,,1781072138269.9797,0.0,1781072138128.2183,0,0,141.76070899884508,26298,10461.287109375,3.877129554748535,32,0.1797785460948944,0.013510569930076599,5,6,32,1781072138278.438,1781072138114.6633,4027,37,early,1.0,31.87416699984169,0.0683919988659909,observability_fixed_R16_k16,good,22.012731002178043,0,False,False,0.0,"[0, 4, 9, 50, 51, 52, 53, 54, 55, 56, 57, 58, 59, 60, 61, 62]",4,pg19,3,3036c8f3-9684-4e16-aebf-ae3de3874f97,21511,778,False,16,16,13,"[0, 4, 9, 50, 51, 52, 53, 54, 55, 56, 57, 58, 59, 60, 61, 62]",0.14179289793891234,39,[],206.17083700017247,163.77344000102312,571
0.0625,-0.75,"[0, 4]",2,,1781072138673.9177,0.0,1781072138532.416,0,0,141.50203300050634,2598,10460.70751953125,1.1470228433609009,32,0.7172486782073975,0.6170983165502548,5,6,32,1781072138682.5154,1781072138517.2632,4031,41,early,1.0,32.6428999997006,0.0704850008332869,observability_fixed_R16_k16,good,23.74932400016405,0,False,False,0.0,"[0, 4, 9, 50, 51, 52, 53, 54, 55, 56, 57, 58, 59, 60, 61, 62]",4,pg19,2,3036c8f3-9684-4e16-aebf-ae3de3874f97,21524,769,False,16,16,14,"[0, 4, 9, 50, 51, 52, 53, 54, 55, 56, 57, 58, 59, 60, 61, 62]",0.1426445050855867,42,[],205.35416200073087,165.2513570006704,575
0.09375,0.25,"[0, 3, 14]",3,,1781072139085.627,0.0,1781072138944.261,0,0,141.3655149990518,806,10460.1279296875,1.0606260299682617,32,0.7430316209793091,0.6424732282757759,6,6,32,1781072139094.282,1781072138930.4666,4034,44,early,0.9411764705882353,35.77691099962976,4.402825999932247,observability_fixed_R16_k16,good,22.44839200102433,0,False,False,0.0,"[0, 4, 9, 50, 51, 52, 53, 54, 55, 56, 57, 58, 59, 60, 61, 62, 63]",4,pg19,3,3036c8f3-9684-4e16-aebf-ae3de3874f97,21530,768,False,16,16,15,"[0, 4, 9, 50, 51, 52, 53, 54, 55, 56, 57, 58, 59, 60, 61, 62]",0.15121467526028756,46,[],206.9747109999298,163.81390700007614,610
0.1875,3.0,"[0, 1, 5, 13, 20, 26]",6,0.9131041169166565,1781072139613.2666,124.59829799990985,1781072139347.7256,16,973,265.54093999948236,5158,10460.70751953125,0.07136759161949158,32,0.9901710152626038,0.9840006832964718,6,6,32,1781072139621.7837,1781072139333.9795,4038,48,early,0.7368421052631579,32.08129399899917,0.0707179988239659,observability_fixed_R16_k16,good,22.262092999881133,0,False,False,0.0,"[0, 4, 9, 50, 51, 52, 53, 54, 55, 56, 57, 58, 59, 60, 61, 62, 63]",4,pg19,6,3036c8f3-9684-4e16-aebf-ae3de3874f97,21559,992,True,16,16,16,"[0, 47, 48, 51, 52, 53, 54, 55, 56, 57, 58, 59, 60, 61, 62, 63]",0.15205547300643882,53,"[0, 4044, 4043, 4042, 4041, 4038, 4040, 3990, 3785, 4039, 4037, 3989, 4032, 4005, 1477, 3912]",206.74918200165848,287.8030329993635,614
0.125,0.5,"[0, 2, 5, 11]",4,,1781072139953.9346,0.0,1781072139877.599,0,0,76.3347789998079,6966,10462.4462890625,0.3143846094608307,32,0.9124596118927002,0.828903466463089,5,6,32,1781072139962.4421,1781072139864.0693,4045,55,early,1.0,31.98055200118688,4.426097999385092,observability_fixed_R16_k16,good,22.037260001525283,0,False,False,0.0,"[0, 47, 48, 51, 52, 53, 54, 55, 56, 57, 58, 59, 60, 61, 62, 63]",4,pg19,4,3036c8f3-9684-4e16-aebf-ae3de3874f97,21577,772,False,16,16,17,"[0, 47, 48, 51, 52, 53, 54, 55, 56, 57, 58, 59, 60, 61, 62, 63]",0.12978986402966625,5,[],205.02391000081843,98.37203900133318,525
0.0625,-1.75,"[2, 10]",2,,1781072140368.865,0.0,1781072140217.7954,0,0,151.06967899919255,1803,10461.287109375,1.9425346851348877,32,0.4548255503177643,0.2976420372724533,5,6,32,1781072140377.3826,1781072140203.62,4050,60,early,1.0,30.933074000131455,0.0583909986744402,observability_fixed_R16_k16,good,22.691471001962782,0,False,False,0.0,"[0, 47, 48, 51, 52, 53, 54, 55, 56, 57, 58, 59, 60, 61, 62, 63]",4,pg19,2,3036c8f3-9684-4e16-aebf-ae3de3874f97,21610,771,False,16,16,18,"[0, 47, 48, 51, 52, 53, 54, 55, 56, 57, 58, 59, 60, 61, 62, 63]",0.1308641975308642,8,[],209.38699199905386,173.76115000115533,530
0.09375,-0.75,"[2, 11, 19]",3,,1781072140768.1821,0.0,1781072140627.3733,0,0,140.80755699978909,537,10460.1279296875,1.7708159685134888,32,0.5086008310317993,0.22772479057312012,6,6,32,1781072140776.9119,1781072140613.6855,4053,63,early,1.0,31.85684199888783,0.062117998822941445,observability_fixed_R16_k16,good,22.417889998905594,0,False,False,0.0,"[0, 47, 48, 51, 52, 53, 54, 55, 56, 57, 58, 59, 60, 61, 62, 63]",4,pg19,3,3036c8f3-9684-4e16-aebf-ae3de3874f97,21617,776,False,16,16,19,"[0, 47, 48, 51, 52, 53, 54, 55, 56, 57, 58, 59, 60, 61, 62, 63]",0.13150752528990872,12,[],203.6124859987467,163.22544699869468,533
0.0,-3.75,[],0,,1781072141173.2437,0.0,1781072141025.8455,0,0,147.39682000072207,10865,10460.70751953125,0.7959054708480835,32,0.8658096194267273,0.8337758667767048,6,6,32,1781072141181.835,1781072141012.5908,4057,67,early,1.0,31.510959001025185,0.06277799911913462,observability_fixed_R16_k16,good,21.846180998181808,0,False,False,0.0,"[0, 47, 48, 51, 52, 53, 54, 55, 56, 57, 58, 59, 60, 61, 62, 63]",4,pg19,0,3036c8f3-9684-4e16-aebf-ae3de3874f97,21646,766,False,16,16,20,"[0, 47, 48, 51, 52, 53, 54, 55, 56, 57, 58, 59, 60, 61, 62, 63]",0.1323638156273108,13,[],203.34766000087257,169.24300099890388,537
0.0625,-0.25,"[3, 9]",2,,1781072141576.4336,0.0,1781072141435.4265,0,0,141.00569100082794,279,10458.96875,1.7215728759765625,32,0.32306361198425293,0.024278610944747925,6,6,32,1781072141585.3748,1781072141421.304,4058,68,early,1.0,30.43000000070606,0.0645140007691225,observability_fixed_R16_k16,good,23.063136999553535,0,False,False,0.0,"[0, 47, 48, 51, 52, 53, 54, 55, 56, 57, 58, 59, 60, 61, 62, 63]",4,pg19,2,3036c8f3-9684-4e16-aebf-ae3de3874f97,21632,767,False,16,16,21,"[0, 47, 48, 51, 52, 53, 54, 55, 56, 57, 58, 59, 60, 61, 62, 63]",0.13257762444553967,16,[],208.11798599970643,164.06882800038147,538
0.0,-1.75,[],0,,1781072141989.127,0.0,1781072141847.7354,0,0,141.39020800030266,8872,10460.1279296875,3.388864517211914,32,0.3727077543735504,0.29816151410341263,6,6,32,1781072141997.6807,1781072141833.8875,4061,71,early,1.0,32.34276200055319,0.06502599899249617,observability_fixed_R16_k16,good,22.400719999495777,0,False,False,0.0,"[0, 47, 48, 51, 52, 53, 54, 55, 56, 57, 58, 59, 60, 61, 62, 63]",4,pg19,0,3036c8f3-9684-4e16-aebf-ae3de3874f97,21674,762,False,16,16,22,"[0, 47, 48, 51, 52, 53, 54, 55, 56, 57, 58, 59, 60, 61, 62, 63]",0.13321841910859394,17,[],215.25988800021878,163.79092799979844,541
0.125,2.75,"[2, 5, 11, 23]",4,,1781072142388.515,0.0,1781072142245.5889,0,0,142.9260589993646,1260,10458.96875,1.1740728616714478,32,0.438964307308197,0.06349822878837585,6,6,32,1781072142397.2012,1781072142231.6968,4062,72,early,1.0,30.180951000147616,0.06490600026154425,observability_fixed_R16_k16,good,22.57609099979163,0,False,False,0.0,"[0, 47, 48, 51, 52, 53, 54, 55, 56, 57, 58, 59, 60, 61, 62, 63]",4,pg19,4,3036c8f3-9684-4e16-aebf-ae3de3874f97,21660,777,False,16,16,23,"[0, 47, 48, 51, 52, 53, 54, 55, 56, 57, 58, 59, 60, 61, 62, 63]",0.13343180699162974,22,[],203.00884899916127,165.50214999915625,542
0.09375,1.5,"[1, 20, 29]",3,,1781072142795.9033,0.0,1781072142654.4792,0,0,141.4235499996721,12884,10461.287109375,3.9933760166168213,32,0.11626418679952621,0.02571754902601242,3,6,32,1781072142804.6106,1781072142640.8342,4067,77,early,1.0,36.5716420001263,4.133585998715716,observability_fixed_R16_k16,good,22.351784000420594,0,False,False,0.0,"[0, 47, 48, 51, 52, 53, 54, 55, 56, 57, 58, 59, 60, 61, 62, 63]",4,pg19,3,3036c8f3-9684-4e16-aebf-ae3de3874f97,21706,776,False,16,16,24,"[0, 47, 48, 51, 52, 53, 54, 55, 56, 57, 58, 59, 60, 61, 62, 63]",0.13449717236292108,26,[],202.0326150013716,163.7753340000927,547
0.15625,2.75,"[0, 4, 12, 24, 30]",5,,1781072143197.8184,0.0,1781072143054.6633,0,0,143.1526970009145,11,10460.70751953125,1.072610855102539,32,0.6037758588790894,0.32734712958335876,6,6,32,1781072143206.567,1781072143041.2263,4071,81,early,1.0,32.30471799906809,0.0666779997118283,observability_fixed_R16_k16,good,22.18647499830695,0,False,False,0.0,"[0, 47, 48, 51, 52, 53, 54, 55, 56, 57, 58, 59, 60, 61, 62, 63]",4,pg19,5,3036c8f3-9684-4e16-aebf-ae3de3874f97,21698,781,False,16,16,25,"[0, 47, 48, 51, 52, 53, 54, 55, 56, 57, 58, 59, 60, 61, 62, 63]",0.1353475804470646,32,[],203.46717599932163,165.33917199922143,551
0.125,1.0,"[0, 4, 21, 31]",4,,1781072143601.4253,0.0,1781072143457.8784,0,0,143.546482999227,15679,10461.86669921875,1.6842713356018066,32,0.3899484872817993,0.0,4,6,32,1781072143609.8743,1781072143443.7358,4077,87,early,1.0,31.890346999716712,0.06888300049467944,observability_fixed_R16_k16,good,22.59042800142197,0,False,False,0.0,"[0, 47, 48, 51, 52, 53, 54, 55, 56, 57, 58, 59, 60, 61, 62, 63]",4,pg19,4,3036c8f3-9684-4e16-aebf-ae3de3874f97,21731,778,False,16,16,26,"[0, 47, 48, 51, 52, 53, 54, 55, 56, 57, 58, 59, 60, 61, 62, 63]",0.13662006377238164,37,[],204.43158099988068,166.13691100064898,557
0.09375,-1.0,"[0, 4, 18]",3,,1781072144003.5447,0.0,1781072143859.8057,0,0,143.73857999999018,11,10461.287109375,1.106473684310913,32,0.6594017148017883,0.48467764258384705,5,6,32,1781072144012.283,1781072143846.0342,4082,92,early,1.0,31.03997800099023,0.06666199988103472,observability_fixed_R16_k16,good,22.508918000312406,0,False,False,0.0,"[0, 47, 48, 51, 52, 53, 54, 55, 56, 57, 58, 59, 60, 61, 62, 63]",4,pg19,3,3036c8f3-9684-4e16-aebf-ae3de3874f97,21753,772,False,16,16,27,"[0, 47, 48, 51, 52, 53, 54, 55, 56, 57, 58, 59, 60, 61, 62, 63]",0.13767760901518863,41,[],204.27328799996758,166.24749800030258,562
0.03125,-2.75,[0],1,,1781072144409.8333,0.0,1781072144265.3354,0,0,144.4974309997633,81623,10460.70751953125,3.5755410194396973,32,0.24512875080108643,0.06578873097896576,6,6,32,1781072144418.5044,1781072144251.4346,4086,96,early,1.0,32.59187000003294,0.07194799945864361,observability_fixed_R16_k16,good,22.57145200019295,0,False,False,0.0,"[0, 47, 48, 51, 52, 53, 54, 55, 56, 57, 58, 59, 60, 61, 62, 63]",4,pg19,1,3036c8f3-9684-4e16-aebf-ae3de3874f97,21793,765,False,16,16,28,"[0, 47, 48, 51, 52, 53, 54, 55, 56, 57, 58, 59, 60, 61, 62, 63]",0.13852178169358786,43,[],205.6523940009356,167.06888299995626,566
0.1875,2.75,"[0, 3, 11, 23, 26, 28]",6,,1781072144806.2124,0.0,1781072144663.6099,0,0,142.601838999326,13,10459.7236328125,0.5943285226821899,32,0.8517389893531799,0.7515903860330582,6,6,32,1781072144814.879,1781072144649.8416,4088,98,early,1.0,31.282260999432765,0.06875699909869581,observability_fixed_R16_k16,good,22.434542999690166,0,False,False,0.0,"[0, 47, 48, 51, 52, 53, 54, 55, 56, 57, 58, 59, 60, 61, 62, 63]",4,pg19,6,3036c8f3-9684-4e16-aebf-ae3de3874f97,21782,783,False,16,16,29,"[0, 47, 48, 51, 52, 53, 54, 55, 56, 57, 58, 59, 60, 61, 62, 63]",0.13894324853228962,50,[],199.2084840003372,165.03638199901616,568
0.09375,-0.5,"[0, 5, 15]",3,,1781072145213.5618,0.0,1781072145069.1646,0,0,144.39593800125294,2070,10463.02587890625,1.4991259574890137,32,0.557668149471283,0.3063074052333832,6,6,32,1781072145222.186,1781072145054.8853,4095,105,early,1.0,32.060776000435,0.06777699854865205,observability_fixed_R16_k16,good,22.903485998540418,0,False,False,0.0,"[0, 47, 48, 51, 52, 53, 54, 55, 56, 57, 58, 59, 60, 61, 62, 63]",4,pg19,3,3036c8f3-9684-4e16-aebf-ae3de3874f97,21816,776,False,16,16,30,"[0, 47, 48, 51, 52, 53, 54, 55, 56, 57, 58, 59, 60, 61, 62, 63]",0.14041514041514042,54,[],207.031926000127,167.29942399979336,575
0.09375,-0.25,"[0, 2, 16]",3,,1781072145624.2446,0.0,1781072145480.39,0,0,143.853683000998,11,10460.70751953125,0.3870096504688263,32,0.9418179988861084,0.9178687464445829,6,6,32,1781072145632.848,1781072145466.462,4099,109,early,0.9411764705882353,36.17996100001619,4.246271999363671,observability_fixed_R16_k16,good,22.53048099919397,0,False,False,0.0,"[0, 47, 48, 51, 52, 53, 54, 55, 56, 57, 58, 59, 60, 61, 62, 63, 64]",4,pg19,3,3036c8f3-9684-4e16-aebf-ae3de3874f97,21834,764,False,16,16,31,"[0, 47, 48, 51, 52, 53, 54, 55, 56, 57, 58, 59, 60, 61, 62, 63]",0.14906074652354231,58,[],203.06636600071215,166.38416400019196,611
0.0625,-1.25,"[0, 9]",2,0.8810539245605469,1781072146160.761,126.97984899932635,1781072145890.1824,16,970,270.5788710009074,1410,10460.70751953125,3.012664794921875,32,0.440364807844162,0.35228630155324936,5,6,32,1781072146169.556,1781072145876.224,4103,113,early,0.9411764705882353,32.430839999506134,0.07717399967077654,observability_fixed_R16_k16,good,22.751384998628055,0,False,False,0.0,"[0, 47, 48, 51, 52, 53, 54, 55, 56, 57, 58, 59, 60, 61, 62, 63, 64]",4,pg19,2,3036c8f3-9684-4e16-aebf-ae3de3874f97,21846,966,True,16,16,32,"[0, 48, 51, 52, 53, 54, 55, 56, 57, 58, 59, 60, 61, 62, 63, 64]",0.14989032415305872,61,"[0, 4105, 4104, 4103, 4102, 4089, 4098, 4099, 4021, 4066, 4101, 4095, 4093, 4094, 4088, 4096]",210.0138629994035,293.33025599953544,615
0.09375,-0.5,"[1, 5, 12]",3,,1781072146508.1748,0.0,1781072146433.2437,0,0,74.93057399915415,5636,10460.1279296875,0.8142203092575073,32,0.7755800485610962,0.6130096316337585,5,6,32,1781072146516.7195,1781072146419.3691,4106,116,early,1.0,32.664967999153305,4.17856199965172,observability_fixed_R16_k16,good,22.41790700099955,0,False,False,0.0,"[0, 48, 51, 52, 53, 54, 55, 56, 57, 58, 59, 60, 61, 62, 63, 64]",4,pg19,3,3036c8f3-9684-4e16-aebf-ae3de3874f97,21857,772,False,16,16,33,"[0, 48, 51, 52, 53, 54, 55, 56, 57, 58, 59, 60, 61, 62, 63, 64]",0.12713102776424745,4,[],212.07190899986017,97.3484810001537,522
0.09375,0.25,"[0, 6, 18]",3,,1781072146919.4841,0.0,1781072146767.1035,0,0,152.37997000076575,304,10460.70751953125,1.893082857131958,32,0.49614399671554565,0.3375668525695801,6,6,32,1781072146928.091,1781072146752.8135,4110,120,early,1.0,32.20617699844297,0.0628059988230234,observability_fixed_R16_k16,good,22.89532299982966,0,False,False,0.0,"[0, 48, 51, 52, 53, 54, 55, 56, 57, 58, 59, 60, 61, 62, 63, 64]",4,pg19,3,3036c8f3-9684-4e16-aebf-ae3de3874f97,21873,774,False,16,16,34,"[0, 48, 51, 52, 53, 54, 55, 56, 57, 58, 59, 60, 61, 62, 63, 64]",0.12798053527980535,8,[],202.9966250011057,175.2752930005954,526
0.03125,-1.75,[0],1,,1781072147322.3726,0.0,1781072147180.006,0,0,142.36547499967855,1992,10460.70751953125,0.9832859039306641,32,0.5276395082473755,0.09699267148971558,6,6,32,1781072147330.9495,1781072147165.8477,4114,124,early,1.0,32.55327000078978,0.06955999924684875,observability_fixed_R16_k16,good,22.734943999239476,0,False,False,0.0,"[0, 48, 51, 52, 53, 54, 55, 56, 57, 58, 59, 60, 61, 62, 63, 64]",4,pg19,1,3036c8f3-9684-4e16-aebf-ae3de3874f97,21903,765,False,16,16,35,"[0, 48, 51, 52, 53, 54, 55, 56, 57, 58, 59, 60, 61, 62, 63, 64]",0.12882839086047643,10,[],204.2826779997995,165.10041899891803,530
0.0625,-0.25,"[0, 9]",2,,1781072147729.8987,0.0,1781072147582.1428,0,0,147.75471899883996,883,10459.54833984375,1.895255446434021,32,0.5242259502410889,0.39575883746147156,6,6,32,1781072147738.5469,1781072147567.8992,4116,126,early,1.0,32.49679699911212,0.07385699973383453,observability_fixed_R16_k16,good,22.891185000844416,0,False,False,0.0,"[0, 48, 51, 52, 53, 54, 55, 56, 57, 58, 59, 60, 61, 62, 63, 64]",4,pg19,2,3036c8f3-9684-4e16-aebf-ae3de3874f97,21903,768,False,16,16,36,"[0, 48, 51, 52, 53, 54, 55, 56, 57, 58, 59, 60, 61, 62, 63, 64]",0.1292517006802721,13,[],203.51411399860808,170.64590399968438,532
0.03125,-1.25,[0],1,,1781072148132.882,0.0,1781072147989.8816,0,0,142.99928800028283,75,10460.1279296875,1.076439619064331,32,0.7602296471595764,0.6749342530965805,6,6,32,1781072148141.6729,1781072147975.8735,4119,129,early,1.0,32.81135699944571,0.06773799941584002,observability_fixed_R16_k16,good,22.798612000769936,0,False,False,0.0,"[0, 48, 51, 52, 53, 54, 55, 56, 57, 58, 59, 60, 61, 62, 63, 64]",4,pg19,1,3036c8f3-9684-4e16-aebf-ae3de3874f97,21913,761,False,16,16,37,"[0, 48, 51, 52, 53, 54, 55, 56, 57, 58, 59, 60, 61, 62, 63, 64]",0.12988589463462005,15,[],203.60801099923265,165.79790000105277,535
0.09375,1.25,"[1, 4, 12]",3,,1781072148538.0,0.0,1781072148396.09,0,0,141.9091939987993,1172,10459.54833984375,0.49372756481170654,32,0.8098425269126892,0.6204702407121658,6,6,32,1781072148546.628,1781072148382.0942,4121,131,early,1.0,32.76671399908082,0.06665699947916437,observability_fixed_R16_k16,good,22.623189001024002,0,False,False,0.0,"[0, 48, 51, 52, 53, 54, 55, 56, 57, 58, 59, 60, 61, 62, 63, 64]",4,pg19,3,3036c8f3-9684-4e16-aebf-ae3de3874f97,21910,768,False,16,16,38,"[0, 48, 51, 52, 53, 54, 55, 56, 57, 58, 59, 60, 61, 62, 63, 64]",0.13030817762678962,19,[],206.75140500134148,164.5323829998233,537
0.0,-1.75,[],0,,1781072148945.7664,0.0,1781072148803.104,0,0,142.66134299941768,53840,10460.70751953125,2.688755750656128,32,0.4022636413574219,0.14656931161880493,5,6,32,1781072148954.533,1781072148789.0674,4125,135,early,1.0,32.737382000050275,0.06736799878126476,observability_fixed_R16_k16,good,22.80254500146839,0,False,False,0.0,"[0, 48, 51, 52, 53, 54, 55, 56, 57, 58, 59, 60, 61, 62, 63, 64]",4,pg19,0,3036c8f3-9684-4e16-aebf-ae3de3874f97,21954,765,False,16,16,39,"[0, 48, 51, 52, 53, 54, 55, 56, 57, 58, 59, 60, 61, 62, 63, 64]",0.13115151515151516,20,[],208.78160299980664,165.46388800088607,541
0.03125,-0.5,[4],1,,1781072149347.9832,0.0,1781072149206.974,0,0,141.00850300019374,614,10458.96875,2.7014174461364746,32,0.4063146412372589,0.26143868267536163,3,6,32,1781072149356.7207,1781072149193.0364,4126,136,early,1.0,30.770342998948763,0.06609000047319569,observability_fixed_R16_k16,good,22.6735579999513,0,False,False,0.0,"[0, 48, 51, 52, 53, 54, 55, 56, 57, 58, 59, 60, 61, 62, 63, 64]",4,pg19,1,3036c8f3-9684-4e16-aebf-ae3de3874f97,21950,763,False,16,16,40,"[0, 48, 51, 52, 53, 54, 55, 56, 57, 58, 59, 60, 61, 62, 63, 64]",0.13136209403780902,22,[],206.7832869997801,163.68206100014504,542
0.0,-1.25,[],0,,1781072149754.4927,0.0,1781072149618.6753,0,0,135.81656099995598,264,10459.54833984375,2.519822597503662,32,0.3111458122730255,0.0870358794927597,5,6,32,1781072149763.205,1781072149604.6628,4128,138,early,1.0,32.238728999800514,0.06943400148884393,observability_fixed_R16_k16,good,22.723616999428486,0,False,False,0.0,"[0, 48, 51, 52, 53, 54, 55, 56, 57, 58, 59, 60, 61, 62, 63, 64]",4,pg19,0,3036c8f3-9684-4e16-aebf-ae3de3874f97,21960,762,False,16,16,41,"[0, 48, 51, 52, 53, 54, 55, 56, 57, 58, 59, 60, 61, 62, 63, 64]",0.13178294573643412,23,[],214.67222300088906,158.54017799938447,544
0.0,-1.0,[],0,,1781072150175.327,0.0,1781072150035.6865,0,0,139.6404690003692,75267,10458.96875,1.6457453966140747,32,0.7168995141983032,0.6364656239748001,6,6,32,1781072150183.9604,1781072150020.4297,4129,139,early,1.0,31.45698800108221,0.06791899977542926,observability_fixed_R16_k16,good,23.88879300087865,0,False,False,0.0,"[0, 48, 51, 52, 53, 54, 55, 56, 57, 58, 59, 60, 61, 62, 63, 64]",4,pg19,0,3036c8f3-9684-4e16-aebf-ae3de3874f97,21950,762,False,16,16,42,"[0, 48, 51, 52, 53, 54, 55, 56, 57, 58, 59, 60, 61, 62, 63, 64]",0.13199321869702108,24,[],224.83559499960393,163.52926200124784,545
0.03125,0.75,[0],1,,1781072150579.1426,0.0,1781072150436.7969,0,0,142.34451999982412,650,10458.96875,3.0502278804779053,32,0.28322634100914,0.09748196601867676,4,6,32,1781072150587.9038,1781072150423.049,4130,140,early,1.0,30.967833999966388,0.07259999983943999,observability_fixed_R16_k16,good,22.508572999868193,0,False,False,0.0,"[0, 48, 51, 52, 53, 54, 55, 56, 57, 58, 59, 60, 61, 62, 63, 64]",4,pg19,1,3036c8f3-9684-4e16-aebf-ae3de3874f97,21965,764,False,16,16,43,"[0, 48, 51, 52, 53, 54, 55, 56, 57, 58, 59, 60, 61, 62, 63, 64]",0.13220338983050847,26,[],207.24496500042733,164.8530929996923,546
0.03125,0.5,[10],1,,1781072150983.6707,0.0,1781072150840.6035,0,0,143.066329001158,17872,10459.54833984375,3.4273085594177246,32,0.16544097661972046,0.060280293226242065,4,6,32,1781072150992.325,1781072150826.8416,4132,142,early,1.0,33.18940400095016,0.0687930005369708,observability_fixed_R16_k16,good,22.415312998418813,0,False,False,0.0,"[0, 48, 51, 52, 53, 54, 55, 56, 57, 58, 59, 60, 61, 62, 63, 64]",4,pg19,1,3036c8f3-9684-4e16-aebf-ae3de3874f97,22000,764,False,16,16,44,"[0, 48, 51, 52, 53, 54, 55, 56, 57, 58, 59, 60, 61, 62, 63, 64]",0.13262342691190707,28,[],204.8795179998706,165.48164199957682,548
0.03125,0.5,[0],1,,1781072151387.8418,0.0,1781072151245.7524,0,0,142.08887700078776,1660,10459.54833984375,0.017650151625275612,32,0.9975183010101318,0.9950840345118195,5,6,32,1781072151396.5208,1781072151231.6902,4134,144,early,1.0,32.153104000826715,0.07448600081261247,observability_fixed_R16_k16,good,22.740562999388203,0,False,False,0.0,"[0, 48, 51, 52, 53, 54, 55, 56, 57, 58, 59, 60, 61, 62, 63, 64]",4,pg19,1,3036c8f3-9684-4e16-aebf-ae3de3874f97,21972,766,False,16,16,45,"[0, 48, 51, 52, 53, 54, 55, 56, 57, 58, 59, 60, 61, 62, 63, 64]",0.13304305757135945,30,[],206.32046799983073,164.82944000017596,550
0.09375,2.25,"[1, 6, 17]",3,,1781072151783.9788,0.0,1781072151641.2266,0,0,142.75117599936493,7201,10459.54833984375,1.1877694129943848,32,0.5894699096679688,0.2883981168270111,4,6,32,1781072151792.5933,1781072151627.6934,4136,146,early,1.0,31.171954000456026,0.06681299964839127,observability_fixed_R16_k16,good,22.147849000248243,0,False,False,0.0,"[0, 48, 51, 52, 53, 54, 55, 56, 57, 58, 59, 60, 61, 62, 63, 64]",4,pg19,3,3036c8f3-9684-4e16-aebf-ae3de3874f97,21984,776,False,16,16,46,"[0, 48, 51, 52, 53, 54, 55, 56, 57, 58, 59, 60, 61, 62, 63, 64]",0.13346228239845262,34,[],199.14857000003394,164.89902499961318,552
0.09375,1.5,"[0, 1, 7]",3,,1781072152185.5063,0.0,1781072152041.4807,0,0,144.0249200004473,1803,10460.70751953125,3.4418382711010054e-05,32,0.9999977350234985,0.9999962756484138,6,6,32,1781072152194.0933,1781072152027.5146,4140,150,early,1.0,32.403633998910664,0.06694500007142778,observability_fixed_R16_k16,good,22.552616999746533,0,False,False,0.0,"[0, 48, 51, 52, 53, 54, 55, 56, 57, 58, 59, 60, 61, 62, 63, 64]",4,pg19,3,3036c8f3-9684-4e16-aebf-ae3de3874f97,21999,771,False,16,16,47,"[0, 48, 51, 52, 53, 54, 55, 56, 57, 58, 59, 60, 61, 62, 63, 64]",0.13429951690821257,38,[],201.66586600134906,166.57753700019384,556
0.0,-2.0,[],0,0.8605073094367981,1781072152647.9268,65.29489300010027,1781072152440.1294,16,1009,207.79716899960476,1549,10460.70751953125,1.8525761365890503,32,0.49261170625686646,0.22478336095809937,5,6,32,1781072152656.7004,1781072152426.3726,4144,154,early,0.8823529411764706,31.197497999528423,0.06715699964843225,observability_fixed_R16_k16,good,22.529497000505216,0,False,False,0.0,"[0, 48, 51, 52, 53, 54, 55, 56, 57, 58, 59, 60, 61, 62, 63, 64]",4,pg19,0,3036c8f3-9684-4e16-aebf-ae3de3874f97,22010,965,True,16,16,48,"[0, 34, 48, 52, 53, 54, 55, 56, 57, 58, 59, 60, 61, 62, 63, 64]",0.13513513513513514,39,"[0, 4144, 4143, 4140, 4136, 4142, 4141, 4137, 4138, 4135, 4122, 4052, 4110, 4111, 3893, 4093]",200.23710199893685,230.32666600010998,560
0.09375,1.25,"[2, 6, 18]",3,,1781072152984.5344,0.0,1781072152908.1025,0,0,76.43123300113075,537,10458.96875,1.1502270698547363,32,0.4479556679725647,0.040087372064590454,5,6,32,1781072152993.3145,1781072152894.4502,4145,155,early,1.0,30.156045000694576,4.1815849999693455,observability_fixed_R16_k16,good,22.431417997722747,0,False,False,0.0,"[0, 34, 48, 52, 53, 54, 55, 56, 57, 58, 59, 60, 61, 62, 63, 64]",4,pg19,3,3036c8f3-9684-4e16-aebf-ae3de3874f97,22012,770,False,16,16,49,"[0, 34, 48, 52, 53, 54, 55, 56, 57, 58, 59, 60, 61, 62, 63, 64]",0.1276236429433052,4,[],202.55290900058753,98.8626509988535,529
0.0,-2.25,[],0,,1781072153392.1562,0.0,1781072153241.3625,0,0,150.79286099899036,10865,10460.70751953125,3.9958128929138184,32,0.1985255777835846,0.039005786180496216,6,6,32,1781072153400.6504,1781072153227.2695,4149,159,early,1.0,31.01688000060676,0.05870600034540985,observability_fixed_R16_k16,good,22.586824001336936,0,False,False,0.0,"[0, 34, 48, 52, 53, 54, 55, 56, 57, 58, 59, 60, 61, 62, 63, 64]",4,pg19,0,3036c8f3-9684-4e16-aebf-ae3de3874f97,22046,766,False,16,16,50,"[0, 34, 48, 52, 53, 54, 55, 56, 57, 58, 59, 60, 61, 62, 63, 64]",0.1284646902868161,5,[],201.8571200005681,173.3796850003273,533
0.0625,0.5,"[2, 7]",2,,1781072153791.023,0.0,1781072153648.8538,0,0,142.16866599963396,279,10458.96875,1.7110862731933594,32,0.4003169536590576,0.19263525307178497,5,6,32,1781072153799.651,1781072153634.9797,4150,160,early,1.0,30.278505000751466,0.05952300125500187,observability_fixed_R16_k16,good,22.49941099944408,0,False,False,0.0,"[0, 34, 48, 52, 53, 54, 55, 56, 57, 58, 59, 60, 61, 62, 63, 64]",4,pg19,2,3036c8f3-9684-4e16-aebf-ae3de3874f97,22036,767,False,16,16,51,"[0, 34, 48, 52, 53, 54, 55, 56, 57, 58, 59, 60, 61, 62, 63, 64]",0.12867469879518073,8,[],203.20032599920523,164.66807699907804,534
0.0,-1.25,[],0,,1781072154194.6619,0.0,1781072154049.897,0,0,144.76277199901233,8872,10460.1279296875,4.945058822631836,32,0.14029636979103088,0.08089115098118782,4,6,32,1781072154203.3335,1781072154036.1206,4153,163,early,1.0,32.10931399917172,0.06075000055716373,observability_fixed_R16_k16,good,22.445562999564572,0,False,False,0.0,"[0, 34, 48, 52, 53, 54, 55, 56, 57, 58, 59, 60, 61, 62, 63, 64]",4,pg19,0,3036c8f3-9684-4e16-aebf-ae3de3874f97,22082,763,False,16,16,52,"[0, 34, 48, 52, 53, 54, 55, 56, 57, 58, 59, 60, 61, 62, 63, 64]",0.12930411750541776,9,[],203.43002200024785,167.2083349985769,537
0.03125,-0.25,[1],1,,1781072154590.856,0.0,1781072154450.9019,0,0,139.95344099930662,10497,10458.96875,1.2889128923416138,32,0.6786903142929077,0.465130940079689,5,6,32,1781072154599.478,1781072154437.131,4154,164,early,1.0,30.0943920010468,0.0604840006417362,observability_fixed_R16_k16,good,22.392299000784988,0,False,False,0.0,"[0, 34, 48, 52, 53, 54, 55, 56, 57, 58, 59, 60, 61, 62, 63, 64]",4,pg19,1,3036c8f3-9684-4e16-aebf-ae3de3874f97,22068,767,False,16,16,53,"[0, 34, 48, 52, 53, 54, 55, 56, 57, 58, 59, 60, 61, 62, 63, 64]",0.1295137217140106,11,[],202.59382899894263,162.3457400000916,538
0.0625,1.25,"[0, 8]",2,,1781072154996.8699,0.0,1781072154852.1558,0,0,144.71471100114286,6966,10459.54833984375,1.820286512374878,32,0.29051706194877625,0.02599826455116272,4,6,32,1781072155005.2524,1781072154836.7317,4156,166,early,1.0,32.572692000030656,0.06671899973298423,observability_fixed_R16_k16,good,23.802905998309143,0,False,False,0.0,"[0, 34, 48, 52, 53, 54, 55, 56, 57, 58, 59, 60, 61, 62, 63, 64]",4,pg19,2,3036c8f3-9684-4e16-aebf-ae3de3874f97,22077,770,False,16,16,54,"[0, 34, 48, 52, 53, 54, 55, 56, 57, 58, 59, 60, 61, 62, 63, 64]",0.12993262752646775,14,[],203.74952199927066,168.517616999452,540
0.0625,0.75,"[0, 6]",2,,1781072155406.3381,0.0,1781072155260.391,0,0,145.9471689995553,12884,10460.1279296875,1.7511322498321533,32,0.5476824045181274,0.43983735144138336,6,6,32,1781072155415.026,1781072155244.776,4159,169,early,1.0,32.325453001249116,0.06803799988119863,observability_fixed_R16_k16,good,24.300372000652715,0,False,False,0.0,"[0, 34, 48, 52, 53, 54, 55, 56, 57, 58, 59, 60, 61, 62, 63, 64]",4,pg19,2,3036c8f3-9684-4e16-aebf-ae3de3874f97,22084,768,False,16,16,55,"[0, 34, 48, 52, 53, 54, 55, 56, 57, 58, 59, 60, 61, 62, 63, 64]",0.1305602308247175,17,[],206.22779199948127,170.247541000208,543
0.0625,0.75,"[4, 12]",2,,1781072155817.1582,0.0,1781072155672.4727,0,0,144.68452199980675,1084,10460.1279296875,1.425355315208435,32,0.4610259234905243,0.15391644835472107,5,6,32,1781072155825.825,1781072155658.4004,4162,172,middle,0.9411764705882353,35.895813000024646,4.218784999466152,observability_fixed_R16_k16,good,22.738174999176408,0,False,False,0.0,"[0, 34, 48, 52, 53, 54, 55, 56, 57, 58, 59, 60, 61, 62, 63, 64, 65]",4,pg19,2,3036c8f3-9684-4e16-aebf-ae3de3874f97,22098,771,False,16,16,56,"[0, 34, 48, 52, 53, 54, 55, 56, 57, 58, 59, 60, 61, 62, 63, 64]",0.13887554060547813,20,[],202.27833100034331,167.42269699898316,578
0.125,2.25,"[0, 6, 11, 23]",4,,1781072156221.6506,0.0,1781072156076.4863,0,0,145.163463001154,323,10460.1279296875,0.2944231629371643,32,0.9421034455299377,0.8993963487446308,6,6,32,1781072156230.2485,1781072156062.3347,4165,175,middle,0.9411764705882353,31.71313100028783,0.06800799928896595,observability_fixed_R16_k16,good,22.74751299773925,0,False,False,0.0,"[0, 34, 48, 52, 53, 54, 55, 56, 57, 58, 59, 60, 61, 62, 63, 64, 65]",4,pg19,4,3036c8f3-9684-4e16-aebf-ae3de3874f97,22108,773,False,16,16,57,"[0, 34, 48, 52, 53, 54, 55, 56, 57, 58, 59, 60, 61, 62, 63, 64]",0.13949579831932774,25,[],203.89656800034572,167.91097599889326,581
0.03125,-1.5,[0],1,,1781072156624.2368,0.0,1781072156480.4011,0,0,143.83509399885952,11794,10461.287109375,2.3092284202575684,32,0.5896335244178772,0.5169764161109924,5,6,32,1781072156632.7202,1781072156466.5208,4170,180,middle,0.9411764705882353,32.31935100120609,0.06764300087525044,observability_fixed_R16_k16,good,22.362761999829672,0,False,False,0.0,"[0, 34, 48, 52, 53, 54, 55, 56, 57, 58, 59, 60, 61, 62, 63, 64, 65]",4,pg19,1,3036c8f3-9684-4e16-aebf-ae3de3874f97,22146,767,False,16,16,58,"[0, 34, 48, 52, 53, 54, 55, 56, 57, 58, 59, 60, 61, 62, 63, 64]",0.1405275779376499,27,[],202.95152899961977,166.1978559986892,586
0.0625,-0.25,"[0, 5]",2,,1781072157027.5613,0.0,1781072156884.583,0,0,142.97791399985726,304,10460.30322265625,1.8914200067520142,32,0.5653340816497803,0.34394608438014984,6,6,32,1781072157036.2427,1781072156870.9697,4172,182,middle,0.9411764705882353,34.34020900022006,0.06690699956379831,observability_fixed_R16_k16,good,22.293846001048223,0,False,False,0.0,"[0, 34, 48, 52, 53, 54, 55, 56, 57, 58, 59, 60, 61, 62, 63, 64, 65]",4,pg19,2,3036c8f3-9684-4e16-aebf-ae3de3874f97,22154,767,False,16,16,59,"[0, 34, 48, 52, 53, 54, 55, 56, 57, 58, 59, 60, 61, 62, 63, 64]",0.14093959731543623,30,[],203.0649939988507,165.2717600009055,588
0.03125,-1.25,[0],1,,1781072157427.595,0.0,1781072157285.1406,0,0,142.45375800055626,339,10460.1279296875,0.16104823350906372,32,0.9798647165298462,0.974641886074096,4,6,32,1781072157435.9917,1781072157271.2969,4175,185,middle,0.9411764705882353,31.698533000962925,0.0687909996486269,observability_fixed_R16_k16,good,22.240108999540098,0,False,False,0.0,"[0, 34, 48, 52, 53, 54, 55, 56, 57, 58, 59, 60, 61, 62, 63, 64, 65]",4,pg19,1,3036c8f3-9684-4e16-aebf-ae3de3874f97,22161,763,False,16,16,60,"[0, 34, 48, 52, 53, 54, 55, 56, 57, 58, 59, 60, 61, 62, 63, 64]",0.14155688622754492,32,[],202.4870679997548,164.69386700009636,591
0.09375,1.0,"[0, 2, 11]",3,,1781072157828.7688,0.0,1781072157687.0608,0,0,141.7072999993252,81623,10459.54833984375,0.13562241196632385,32,0.9772729277610779,0.9614767823368311,6,6,32,1781072157837.6438,1781072157673.3562,4177,187,middle,0.9411764705882353,31.89335300157836,0.0679989989293972,observability_fixed_R16_k16,good,22.577681000257144,0,False,False,0.0,"[0, 34, 48, 52, 53, 54, 55, 56, 57, 58, 59, 60, 61, 62, 63, 64, 65]",4,pg19,3,3036c8f3-9684-4e16-aebf-ae3de3874f97,22165,775,False,16,16,61,"[0, 34, 48, 52, 53, 54, 55, 56, 57, 58, 59, 60, 61, 62, 63, 64]",0.14196791955949245,36,[],204.62167000005138,164.28498099958233,593
0.15625,3.25,"[0, 3, 12, 23, 29]",5,,1781072158229.9316,0.0,1781072158087.7336,0,0,142.19744199908746,4910,10460.70751953125,1.0243721008300781,32,0.7200756669044495,0.5929747670888901,6,6,32,1781072158238.3125,1781072158073.831,4181,191,middle,0.9411764705882353,31.983704000595026,0.07044800076982938,observability_fixed_R16_k16,good,22.282783002083306,0,False,False,0.0,"[0, 34, 48, 52, 53, 54, 55, 56, 57, 58, 59, 60, 61, 62, 63, 64, 65]",4,pg19,5,3036c8f3-9684-4e16-aebf-ae3de3874f97,22185,787,False,16,16,62,"[0, 34, 48, 52, 53, 54, 55, 56, 57, 58, 59, 60, 61, 62, 63, 64]",0.14278880650562067,42,[],203.08931099862093,164.48022500117077,597
0.15625,2.25,"[0, 4, 10, 16, 26]",5,,1781072158632.7227,0.0,1781072158490.2168,0,0,142.5056840016623,2070,10461.86669921875,1.0746409893035889,32,0.709172248840332,0.5673288702964783,6,6,32,1781072158641.654,1781072158476.407,4187,197,middle,0.9411764705882353,31.930043998727342,0.06777700036764145,observability_fixed_R16_k16,good,22.738870997272898,0,False,False,0.0,"[0, 34, 48, 52, 53, 54, 55, 56, 57, 58, 59, 60, 61, 62, 63, 64, 65]",4,pg19,5,3036c8f3-9684-4e16-aebf-ae3de3874f97,22215,785,False,16,16,63,"[0, 34, 48, 52, 53, 54, 55, 56, 57, 58, 59, 60, 61, 62, 63, 64]",0.1440171960831144,48,[],205.33646900003077,165.2445549989352,603
0.125,0.5,"[0, 3, 6, 25]",4,0.8883976936340332,1781072159169.3774,124.61134700060938,1781072158901.6724,16,998,267.7048180012207,323,10461.86669921875,0.7094868421554565,32,0.7962735295295715,0.6370088011026382,5,6,32,1781072159177.9048,1781072158887.7585,4193,203,middle,0.7368421052631579,36.72286700020777,4.208085998470779,observability_fixed_R16_k16,good,22.440282999014016,0,False,False,0.0,"[0, 34, 48, 52, 53, 54, 55, 56, 57, 58, 59, 60, 61, 62, 63, 64, 65]",4,pg19,4,3036c8f3-9684-4e16-aebf-ae3de3874f97,22232,976,True,16,16,64,"[0, 23, 41, 53, 54, 55, 56, 57, 58, 59, 60, 61, 62, 63, 64, 65]",0.14524207011686144,53,"[0, 4197, 4196, 4195, 4181, 4188, 4136, 4123, 4190, 3989, 4110, 4156, 4182, 4187, 4103, 4193]",204.1454469999735,290.1451010002347,609
0.03125,-3.25,[1],1,,1781072159511.1062,0.0,1781072159434.9321,0,0,76.17357799972524,1410,10461.287109375,2.617583751678467,32,0.44344329833984375,0.30820074677467346,4,6,32,1781072159519.6257,1781072159421.2607,4198,208,middle,1.0,31.911756999761565,4.133405000175117,observability_fixed_R16_k16,good,22.19025900012639,0,False,False,0.0,"[0, 23, 41, 53, 54, 55, 56, 57, 58, 59, 60, 61, 62, 63, 64, 65]",4,pg19,1,3036c8f3-9684-4e16-aebf-ae3de3874f97,22267,762,False,16,16,65,"[0, 23, 41, 53, 54, 55, 56, 57, 58, 59, 60, 61, 62, 63, 64, 65]",0.12339209147212958,2,[],206.35106800000358,98.36383699985163,518
0.09375,-0.75,"[1, 6, 22]",3,,1781072159915.0645,0.0,1781072159764.148,0,0,150.91663999919547,5636,10459.54833984375,0.6888021230697632,32,0.8773360848426819,0.8286075294017792,5,6,32,1781072159923.8074,1781072159748.9026,4200,210,middle,1.0,30.30371800014109,0.06001499968988355,observability_fixed_R16_k16,good,23.984055002074456,0,False,False,0.0,"[0, 23, 41, 53, 54, 55, 56, 57, 58, 59, 60, 61, 62, 63, 64, 65]",4,pg19,3,3036c8f3-9684-4e16-aebf-ae3de3874f97,22270,775,False,16,16,66,"[0, 23, 41, 53, 54, 55, 56, 57, 58, 59, 60, 61, 62, 63, 64, 65]",0.12380952380952381,6,[],198.12699400063138,174.90069500126992,520
0.09375,-0.25,"[0, 8, 21]",3,,1781072160323.0366,0.0,1781072160180.0076,0,0,143.02827900064585,304,10460.70751953125,2.2403626441955566,32,0.404234915971756,0.2555251866579056,5,6,32,1781072160331.7698,1781072160165.8904,4204,214,middle,1.0,31.043080000017653,0.06119699901319109,observability_fixed_R16_k16,good,22.84916499957035,0,False,False,0.0,"[0, 23, 41, 53, 54, 55, 56, 57, 58, 59, 60, 61, 62, 63, 64, 65]",4,pg19,3,3036c8f3-9684-4e16-aebf-ae3de3874f97,22289,773,False,16,16,67,"[0, 23, 41, 53, 54, 55, 56, 57, 58, 59, 60, 61, 62, 63, 64, 65]",0.12464319695528069,10,[],209.84271099951002,165.8774440002162,524
0.03125,-1.75,[0],1,,1781072160715.419,0.0,1781072160576.9602,0,0,138.4582919999957,1992,10460.70751953125,1.3286978006362915,32,0.5847962498664856,0.26684805750846863,6,6,32,1781072160723.967,1781072160563.1409,4208,218,middle,1.0,31.822119999560528,0.06605400085391011,observability_fixed_R16_k16,good,22.366867000528146,0,False,False,0.0,"[0, 23, 41, 53, 54, 55, 56, 57, 58, 59, 60, 61, 62, 63, 64, 65]",4,pg19,1,3036c8f3-9684-4e16-aebf-ae3de3874f97,22314,762,False,16,16,68,"[0, 23, 41, 53, 54, 55, 56, 57, 58, 59, 60, 61, 62, 63, 64, 65]",0.12547528517110265,12,[],198.6805650012684,160.82515900052385,528
0.0625,0.0,"[0, 19]",2,,1781072161118.2344,0.0,1781072160975.5583,0,0,142.67517299958854,883,10459.54833984375,2.347489833831787,32,0.35811376571655273,0.1475895494222641,6,6,32,1781072161126.9963,1781072160961.447,4210,220,middle,1.0,31.79198100042413,0.0646740008960478,observability_fixed_R16_k16,good,22.872556000947952,0,False,False,0.0,"[0, 23, 41, 53, 54, 55, 56, 57, 58, 59, 60, 61, 62, 63, 64, 65]",4,pg19,2,3036c8f3-9684-4e16-aebf-ae3de3874f97,22314,770,False,16,16,69,"[0, 23, 41, 53, 54, 55, 56, 57, 58, 59, 60, 61, 62, 63, 64, 65]",0.12589073634204276,15,[],204.8233369987429,165.5477290005365,530
0.03125,-1.25,[0],1,,1781072161520.0552,0.0,1781072161378.232,0,0,141.82233000065025,75,10460.1279296875,0.5252653360366821,32,0.9127142429351807,0.8919096682220697,6,6,32,1781072161528.451,1781072161364.2666,4213,223,middle,1.0,31.858227999691735,0.06501500138256233,observability_fixed_R16_k16,good,22.360521999871708,0,False,False,0.0,"[0, 23, 41, 53, 54, 55, 56, 57, 58, 59, 60, 61, 62, 63, 64, 65]",4,pg19,1,3036c8f3-9684-4e16-aebf-ae3de3874f97,22327,760,False,16,16,70,"[0, 23, 41, 53, 54, 55, 56, 57, 58, 59, 60, 61, 62, 63, 64, 65]",0.12651317351056254,17,[],204.54389699989406,164.18285200052196,533
0.09375,1.25,"[1, 4, 9]",3,,1781072161922.2861,0.0,1781072161780.3093,0,0,141.97598799910338,1172,10459.54833984375,0.510114848613739,32,0.7998140454292297,0.6007245779037476,6,6,32,1781072161930.9932,1781072161766.34,4215,225,middle,1.0,31.782318001205567,0.0629660007689381,observability_fixed_R16_k16,good,22.676095000861096,0,False,False,0.0,"[0, 23, 41, 53, 54, 55, 56, 57, 58, 59, 60, 61, 62, 63, 64, 65]",4,pg19,3,3036c8f3-9684-4e16-aebf-ae3de3874f97,22319,774,False,16,16,71,"[0, 23, 41, 53, 54, 55, 56, 57, 58, 59, 60, 61, 62, 63, 64, 65]",0.1269276393831554,21,[],205.26001500002167,164.65208299996448,535
0.0,-1.75,[],0,,1781072162325.023,0.0,1781072162183.2058,0,0,141.816221001136,53840,10460.70751953125,2.790255069732666,32,0.41719701886177063,0.19037093222141266,5,6,32,1781072162333.3486,1781072162169.3167,4219,229,middle,1.0,31.878281999524916,0.06349900104396511,observability_fixed_R16_k16,good,22.215128998141154,0,False,False,0.0,"[0, 23, 41, 53, 54, 55, 56, 57, 58, 59, 60, 61, 62, 63, 64, 65]",4,pg19,0,3036c8f3-9684-4e16-aebf-ae3de3874f97,22367,759,False,16,16,72,"[0, 23, 41, 53, 54, 55, 56, 57, 58, 59, 60, 61, 62, 63, 64, 65]",0.1277553922730505,22,[],205.61930100120662,164.03134999927715,539
0.03125,-0.5,[5],1,,1781072162726.853,0.0,1781072162584.162,0,0,142.6904129984905,614,10458.96875,2.6139161586761475,32,0.4148777425289154,0.2801866680383682,3,6,32,1781072162735.4216,1781072162570.1733,4220,230,middle,1.0,30.033671000637696,0.06091399882279802,observability_fixed_R16_k16,good,22.557123002115986,0,False,False,0.0,"[0, 23, 41, 53, 54, 55, 56, 57, 58, 59, 60, 61, 62, 63, 64, 65]",4,pg19,1,3036c8f3-9684-4e16-aebf-ae3de3874f97,22358,759,False,16,16,73,"[0, 23, 41, 53, 54, 55, 56, 57, 58, 59, 60, 61, 62, 63, 64, 65]",0.12796208530805686,24,[],205.96527899942885,165.2475360006065,540
0.0,-1.25,[],0,,1781072163130.945,0.0,1781072162988.241,0,0,142.70358999965538,264,10459.54833984375,2.9337828159332275,32,0.33450931310653687,0.18135978281497955,5,6,32,1781072163139.4495,1781072162974.3074,4222,232,middle,1.0,32.510573999388725,0.06629000017710496,observability_fixed_R16_k16,good,22.437253001044155,0,False,False,0.0,"[0, 23, 41, 53, 54, 55, 56, 57, 58, 59, 60, 61, 62, 63, 64, 65]",4,pg19,0,3036c8f3-9684-4e16-aebf-ae3de3874f97,22367,760,False,16,16,74,"[0, 23, 41, 53, 54, 55, 56, 57, 58, 59, 60, 61, 62, 63, 64, 65]",0.12837517764092846,25,[],205.5350480004563,165.14084300069953,542
0.0,-1.0,[],0,,1781072163539.3723,0.0,1781072163398.2583,0,0,141.1138290004601,75267,10458.96875,2.689030170440674,32,0.489387571811676,0.3731478303670883,4,6,32,1781072163547.9036,1781072163384.0967,4223,233,middle,1.0,30.09706000011647,0.0635149990557693,observability_fixed_R16_k16,good,22.69196199995349,0,False,False,0.0,"[0, 23, 41, 53, 54, 55, 56, 57, 58, 59, 60, 61, 62, 63, 64, 65]",4,pg19,0,3036c8f3-9684-4e16-aebf-ae3de3874f97,22361,762,False,16,16,75,"[0, 23, 41, 53, 54, 55, 56, 57, 58, 59, 60, 61, 62, 63, 64, 65]",0.1285815770779067,26,[],213.64812300089397,163.8057910004136,543
0.03125,0.75,[0],1,,1781072163938.8267,0.0,1781072163798.0432,0,0,140.7828730007168,650,10458.96875,3.3319685459136963,32,0.27321091294288635,0.08834713697433472,4,6,32,1781072163947.4514,1781072163783.718,4224,234,middle,1.0,30.195366000043578,0.06656699952145573,observability_fixed_R16_k16,good,22.94861399786896,0,False,False,0.0,"[0, 23, 41, 53, 54, 55, 56, 57, 58, 59, 60, 61, 62, 63, 64, 65]",4,pg19,1,3036c8f3-9684-4e16-aebf-ae3de3874f97,22381,761,False,16,16,76,"[0, 23, 41, 53, 54, 55, 56, 57, 58, 59, 60, 61, 62, 63, 64, 65]",0.12878787878787878,28,[],204.65816300020379,163.73148699858575,544
0.09375,2.5,"[7, 20, 27]",3,,1781072164347.7341,0.0,1781072164204.259,0,0,143.474172000424,1660,10459.54833984375,3.4908106327056885,32,0.19677972793579102,0.09783266484737396,4,6,32,1781072164356.4436,1781072164190.4539,4226,236,middle,0.9411764705882353,31.333466000432963,4.184671999610146,observability_fixed_R16_k16,good,22.514419999424717,0,False,False,0.0,"[0, 23, 41, 53, 54, 55, 56, 57, 58, 59, 60, 61, 62, 63, 64, 65, 66]",4,pg19,3,3036c8f3-9684-4e16-aebf-ae3de3874f97,22406,771,False,16,16,77,"[0, 23, 41, 53, 54, 55, 56, 57, 58, 59, 60, 61, 62, 63, 64, 65]",0.13677236157122574,32,[],206.64770900111762,165.98859199984872,578
0.09375,2.0,"[0, 4, 21]",3,,1781072164753.638,0.0,1781072164610.3064,0,0,143.3310430002166,7201,10460.70751953125,1.2268568277359009,32,0.5864477753639221,0.2961350977420807,4,6,32,1781072164762.0754,1781072164596.301,4230,240,middle,0.9411764705882353,32.02793200034648,0.07905299935373478,observability_fixed_R16_k16,good,22.4413009982527,0,False,False,0.0,"[0, 23, 41, 53, 54, 55, 56, 57, 58, 59, 60, 61, 62, 63, 64, 65, 66]",4,pg19,3,3036c8f3-9684-4e16-aebf-ae3de3874f97,22395,772,False,16,16,78,"[0, 23, 41, 53, 54, 55, 56, 57, 58, 59, 60, 61, 62, 63, 64, 65]",0.1375886524822695,36,[],206.9504009996308,165.7723439984693,582
0.09375,1.25,"[0, 1, 8]",3,,1781072165159.5005,0.0,1781072165015.7917,0,0,143.7076989986963,1803,10460.70751953125,4.8217156290775165e-05,32,0.9999966621398926,0.9999938927355743,6,6,32,1781072165168.2612,1781072165001.6829,4234,244,middle,0.9411764705882353,31.97573800025566,0.07233900032588281,observability_fixed_R16_k16,good,22.8694160014129,0,False,False,0.0,"[0, 23, 41, 53, 54, 55, 56, 57, 58, 59, 60, 61, 62, 63, 64, 65, 66]",4,pg19,3,3036c8f3-9684-4e16-aebf-ae3de3874f97,22411,770,False,16,16,79,"[0, 23, 41, 53, 54, 55, 56, 57, 58, 59, 60, 61, 62, 63, 64, 65]",0.13840340103920643,40,[],206.68590600143943,166.5771150001092,586
0.0,-2.5,[],0,0.8667218685150146,1781072165626.0085,65.75699700078985,1781072165420.591,16,975,205.41740400039998,1549,10460.70751953125,1.8762191534042358,32,0.4650544226169586,0.1503828465938568,5,6,32,1781072165634.6353,1781072165406.8,4238,248,middle,0.9411764705882353,32.843242999661015,0.0714899997547036,observability_fixed_R16_k16,good,22.41669999966689,0,False,False,0.0,"[0, 23, 41, 53, 54, 55, 56, 57, 58, 59, 60, 61, 62, 63, 64, 65, 66]",4,pg19,0,3036c8f3-9684-4e16-aebf-ae3de3874f97,22426,963,True,16,16,80,"[0, 23, 53, 54, 55, 56, 57, 58, 59, 60, 61, 62, 63, 64, 65, 66]",0.13921661160924964,41,"[0, 4238, 4237, 4234, 4230, 4144, 4231, 4229, 4232, 4161, 4186, 4143, 4162, 4235, 4205, 4187]",204.7737369994138,227.83410400006687,590
0.09375,0.75,"[2, 7, 19]",3,,1781072165969.8877,0.0,1781072165893.1333,0,0,76.7539089993079,537,10458.96875,1.0251883268356323,32,0.536470353603363,0.15605592727661133,4,6,32,1781072165978.443,1781072165878.9958,4239,249,middle,1.0,30.222465000406373,4.155843998887576,observability_fixed_R16_k16,good,22.69193699976313,0,False,False,0.0,"[0, 23, 53, 54, 55, 56, 57, 58, 59, 60, 61, 62, 63, 64, 65, 66]",4,pg19,3,3036c8f3-9684-4e16-aebf-ae3de3874f97,22427,766,False,16,16,81,"[0, 23, 53, 54, 55, 56, 57, 58, 59, 60, 61, 62, 63, 64, 65, 66]",0.12432177400330266,4,[],209.0155189998768,99.44584599907103,527
0.0,-2.25,[],0,,1781072166379.7178,0.0,1781072166227.9824,0,0,151.73468300054083,10865,10460.70751953125,3.7817635536193848,32,0.14901487529277802,0.01750969886779785,6,6,32,1781072166388.2815,1781072166213.844,4243,253,middle,1.0,30.92445500078611,0.06191399916133378,observability_fixed_R16_k16,good,22.701649999362417,0,False,False,0.0,"[0, 23, 53, 54, 55, 56, 57, 58, 59, 60, 61, 62, 63, 64, 65, 66]",4,pg19,0,3036c8f3-9684-4e16-aebf-ae3de3874f97,22460,765,False,16,16,82,"[0, 23, 53, 54, 55, 56, 57, 58, 59, 60, 61, 62, 63, 64, 65, 66]",0.12514730143766203,5,[],203.62997400116,174.43633299990324,531
0.0625,0.5,"[2, 7]",2,,1781072166777.6816,0.0,1781072166636.1018,0,0,141.57946100021945,279,10458.96875,1.8342583179473877,32,0.2832620441913605,0.05918329954147339,5,6,32,1781072166786.2402,1781072166622.1465,4244,254,middle,1.0,30.08347099967068,0.06527700134029146,observability_fixed_R16_k16,good,22.51320899995335,0,False,False,0.0,"[0, 23, 53, 54, 55, 56, 57, 58, 59, 60, 61, 62, 63, 64, 65, 66]",4,pg19,2,3036c8f3-9684-4e16-aebf-ae3de3874f97,22451,768,False,16,16,83,"[0, 23, 53, 54, 55, 56, 57, 58, 59, 60, 61, 62, 63, 64, 65, 66]",0.12535344015080113,8,[],202.94415699936508,164.0926700001728,532
0.0,-1.25,[],0,,1781072167179.7253,0.0,1781072167037.312,0,0,142.4126530000649,8872,10460.1279296875,4.675782203674316,32,0.1391068696975708,0.04929272085428238,4,6,32,1781072167188.292,1781072167023.2761,4247,257,middle,1.0,32.587821000561235,0.06569799916178454,observability_fixed_R16_k16,good,22.60217900038697,0,False,False,0.0,"[0, 23, 53, 54, 55, 56, 57, 58, 59, 60, 61, 62, 63, 64, 65, 66]",4,pg19,0,3036c8f3-9684-4e16-aebf-ae3de3874f97,22488,760,False,16,16,84,"[0, 23, 53, 54, 55, 56, 57, 58, 59, 60, 61, 62, 63, 64, 65, 66]",0.1259712738403579,9,[],203.60563400026876,165.01483200045186,535
0.0625,0.75,"[1, 16]",2,,1781072167574.2087,0.0,1781072167433.2036,0,0,141.00462500027788,624,10458.96875,1.4477680921554565,32,0.652904212474823,0.4342086911201477,4,6,32,1781072167582.8137,1781072167419.366,4248,258,middle,1.0,30.677905000629835,0.06537999979627784,observability_fixed_R16_k16,good,22.44193499973335,0,False,False,0.0,"[0, 23, 53, 54, 55, 56, 57, 58, 59, 60, 61, 62, 63, 64, 65, 66]",4,pg19,2,3036c8f3-9684-4e16-aebf-ae3de3874f97,22475,770,False,16,16,85,"[0, 23, 53, 54, 55, 56, 57, 58, 59, 60, 61, 62, 63, 64, 65, 66]",0.12617702448210924,12,[],199.47767999838106,163.44656000001123,536
0.125,3.0,"[1, 9, 22, 31]",4,,1781072167979.8809,0.0,1781072167835.4106,0,0,144.46993000092334,12884,10460.1279296875,3.016573429107666,32,0.2384025603532791,0.03764747083187103,4,6,32,1781072167988.419,1781072167821.4119,4251,261,middle,1.0,31.82626799934951,0.06721599856973626,observability_fixed_R16_k16,good,22.53587699851778,0,False,False,0.0,"[0, 23, 53, 54, 55, 56, 57, 58, 59, 60, 61, 62, 63, 64, 65, 66]",4,pg19,4,3036c8f3-9684-4e16-aebf-ae3de3874f97,22498,784,False,16,16,86,"[0, 23, 53, 54, 55, 56, 57, 58, 59, 60, 61, 62, 63, 64, 65, 66]",0.12679369560103504,17,[],205.86401599939563,167.00580699944112,539
0.0625,0.0,"[3, 10]",2,,1781072168380.0974,0.0,1781072168236.3293,0,0,143.7672800002474,1084,10461.287109375,1.3192627429962158,32,0.5012440085411072,0.18263393640518188,5,6,32,1781072168388.7812,1781072168222.293,4256,266,middle,1.0,31.22068000084255,0.06842699986009393,observability_fixed_R16_k16,good,22.720122999089654,0,False,False,0.0,"[0, 23, 53, 54, 55, 56, 57, 58, 59, 60, 61, 62, 63, 64, 65, 66]",4,pg19,2,3036c8f3-9684-4e16-aebf-ae3de3874f97,22512,769,False,16,16,87,"[0, 23, 53, 54, 55, 56, 57, 58, 59, 60, 61, 62, 63, 64, 65, 66]",0.12781954887218044,20,[],201.73310700010916,166.48740299933706,544
0.125,2.0,"[0, 8, 14, 25]",4,,1781072168784.1628,0.0,1781072168639.8262,0,0,144.33648799968068,323,10460.30322265625,0.4379240870475769,32,0.9060977697372437,0.8453930020332336,6,6,32,1781072168792.8142,1781072168625.84,4259,269,middle,1.0,31.83070399973076,0.06517800102301408,observability_fixed_R16_k16,good,22.636229999989155,0,False,False,0.0,"[0, 23, 53, 54, 55, 56, 57, 58, 59, 60, 61, 62, 63, 64, 65, 66]",4,pg19,4,3036c8f3-9684-4e16-aebf-ae3de3874f97,22523,780,False,16,16,88,"[0, 23, 53, 54, 55, 56, 57, 58, 59, 60, 61, 62, 63, 64, 65, 66]",0.12843390467245833,25,[],204.32407900079852,166.97271799966984,547
0.03125,-2.0,[0],1,,1781072169180.8894,0.0,1781072169038.1409,0,0,142.74791899879347,11794,10461.287109375,2.336859941482544,32,0.5584312081336975,0.43576014786958694,4,6,32,1781072169189.6272,1781072169024.702,4264,274,middle,1.0,31.18580200134602,0.06718700024066493,observability_fixed_R16_k16,good,22.175609999976587,0,False,False,0.0,"[0, 23, 53, 54, 55, 56, 57, 58, 59, 60, 61, 62, 63, 64, 65, 66]",4,pg19,1,3036c8f3-9684-4e16-aebf-ae3de3874f97,22561,768,False,16,16,89,"[0, 23, 53, 54, 55, 56, 57, 58, 59, 60, 61, 62, 63, 64, 65, 66]",0.1294559099437148,27,[],199.832960999629,164.92352899877005,552
0.0625,-0.75,"[0, 5]",2,,1781072169585.444,0.0,1781072169441.2544,0,0,144.18909599953622,304,10459.83837890625,1.8033781051635742,32,0.5924185514450073,0.3811851888895035,6,6,32,1781072169594.1387,1781072169427.1912,4266,276,middle,1.0,31.84600600070553,0.06503899930976331,observability_fixed_R16_k16,good,22.75708500019391,0,False,False,0.0,"[0, 23, 53, 54, 55, 56, 57, 58, 59, 60, 61, 62, 63, 64, 65, 66]",4,pg19,2,3036c8f3-9684-4e16-aebf-ae3de3874f97,22568,767,False,16,16,90,"[0, 23, 53, 54, 55, 56, 57, 58, 59, 60, 61, 62, 63, 64, 65, 66]",0.12986404125644632,30,[],204.81968300009612,166.94618099973013,554
0.03125,-1.25,[0],1,,1781072169993.633,0.0,1781072169848.6768,0,0,144.95582099880266,339,10460.1279296875,0.1659473478794098,32,0.9801716804504395,0.9754884988069534,6,6,32,1781072170002.3845,1781072169834.727,4269,279,middle,1.0,31.78070700050739,0.06740199933119584,observability_fixed_R16_k16,good,22.70007300103316,0,False,False,0.0,"[0, 23, 53, 54, 55, 56, 57, 58, 59, 60, 61, 62, 63, 64, 65, 66]",4,pg19,1,3036c8f3-9684-4e16-aebf-ae3de3874f97,22579,762,False,16,16,91,"[0, 23, 53, 54, 55, 56, 57, 58, 59, 60, 61, 62, 63, 64, 65, 66]",0.1304755211993441,32,[],207.8972600011184,167.65589399983583,557
0.09375,1.0,"[0, 2, 11]",3,,1781072170407.0146,0.0,1781072170261.0393,0,0,145.97459900141985,81623,10459.83837890625,0.15430274605751038,32,0.9734312295913696,0.9550362601876259,6,6,32,1781072170415.5552,1781072170246.885,4271,281,middle,1.0,32.77489799984323,0.07262399958563037,observability_fixed_R16_k16,good,22.69432799766946,0,False,False,0.0,"[0, 23, 53, 54, 55, 56, 57, 58, 59, 60, 61, 62, 63, 64, 65, 66]",4,pg19,3,3036c8f3-9684-4e16-aebf-ae3de3874f97,22582,777,False,16,16,92,"[0, 23, 53, 54, 55, 56, 57, 58, 59, 60, 61, 62, 63, 64, 65, 66]",0.1308826972605947,36,[],210.79744400049094,168.6689269990893,559
0.15625,3.25,"[0, 3, 13, 23, 28]",5,,1781072170811.4717,0.0,1781072170667.856,0,0,143.61595100126578,4910,10460.70751953125,0.839022696018219,32,0.7988935708999634,0.7034793347120285,6,6,32,1781072170820.2744,1781072170652.2288,4275,285,middle,1.0,31.975358999261516,0.06987800043134484,observability_fixed_R16_k16,good,24.428161999821896,0,False,False,0.0,"[0, 23, 53, 54, 55, 56, 57, 58, 59, 60, 61, 62, 63, 64, 65, 66]",4,pg19,5,3036c8f3-9684-4e16-aebf-ae3de3874f97,22599,787,False,16,16,93,"[0, 23, 53, 54, 55, 56, 57, 58, 59, 60, 61, 62, 63, 64, 65, 66]",0.13169590643274853,42,[],203.8406700012274,168.04411300108768,563
0.125,1.25,"[0, 3, 8, 15]",4,,1781072171216.2612,0.0,1781072171071.6606,0,0,144.59973399971204,264,10461.86669921875,0.9330929517745972,32,0.7524554133415222,0.6175475865602493,6,6,32,1781072171225.0525,1781072171057.6243,4281,291,middle,1.0,32.714318000216736,0.0717210004950175,observability_fixed_R16_k16,good,22.824440000476898,0,False,False,0.0,"[0, 23, 53, 54, 55, 56, 57, 58, 59, 60, 61, 62, 63, 64, 65, 66]",4,pg19,4,3036c8f3-9684-4e16-aebf-ae3de3874f97,22625,778,False,16,16,94,"[0, 23, 53, 54, 55, 56, 57, 58, 59, 60, 61, 62, 63, 64, 65, 66]",0.1329128708245737,47,[],203.76837799994973,167.42417400018894,569
0.09375,-0.25,"[6, 26, 31]",3,,1781072171620.8706,0.0,1781072171476.9778,0,0,143.8919279989932,74478,10461.287109375,5.246413707733154,32,0.0557183213531971,0.004986211657524109,3,6,32,1781072171629.7659,1781072171462.9028,4286,296,middle,1.0,31.873148000158835,0.06865300019853748,observability_fixed_R16_k16,good,22.96939300140366,0,False,False,0.0,"[0, 23, 53, 54, 55, 56, 57, 58, 59, 60, 61, 62, 63, 64, 65, 66]",4,pg19,3,3036c8f3-9684-4e16-aebf-ae3de3874f97,22673,776,False,16,16,95,"[0, 23, 53, 54, 55, 56, 57, 58, 59, 60, 61, 62, 63, 64, 65, 66]",0.13392440503966402,51,[],204.80265399964992,166.86132100039686,574
0.09375,-0.75,"[0, 6, 20]",3,0.8472020626068115,1781072172155.0378,124.72718200115196,1781072171887.9841,16,966,267.05347999995865,1410,10460.70751953125,1.9923803806304932,32,0.5022370219230652,0.2895764857530594,6,6,32,1781072172163.827,1781072171873.9465,4290,300,middle,0.65,36.02745200078061,4.287347999706981,observability_fixed_R16_k16,good,22.826124999483,0,False,False,0.0,"[0, 23, 53, 54, 55, 56, 57, 58, 59, 60, 61, 62, 63, 64, 65, 66, 67]",4,pg19,3,3036c8f3-9684-4e16-aebf-ae3de3874f97,22665,974,True,16,16,96,"[0, 4, 14, 48, 55, 56, 58, 59, 60, 61, 62, 63, 64, 65, 66, 67]",0.14219114219114218,55,"[0, 4291, 4293, 4292, 4199, 4289, 4200, 4290, 4288, 4276, 4287, 4232, 296, 4284, 4275, 4198]",202.79022499926214,289.87960499944165,610
0.09375,-0.75,"[1, 4, 12]",3,,1781072172495.9048,0.0,1781072172419.8174,0,0,76.08652199996868,5636,10460.70751953125,0.9487624168395996,32,0.759385347366333,0.6121717840433121,5,6,32,1781072172504.4988,1781072172405.7874,4294,304,middle,1.0,32.03309700074897,4.151010998612037,observability_fixed_R16_k16,good,22.623638998993556,0,False,False,0.0,"[0, 4, 14, 48, 55, 56, 58, 59, 60, 61, 62, 63, 64, 65, 66, 67]",4,pg19,3,3036c8f3-9684-4e16-aebf-ae3de3874f97,22686,772,False,16,16,97,"[0, 4, 14, 48, 55, 56, 58, 59, 60, 61, 62, 63, 64, 65, 66, 67]",0.12063344201210992,4,[],204.87071900060982,98.71016099896224,518
0.09375,-0.25,"[0, 8, 20]",3,,1781072172906.1897,0.0,1781072172753.612,0,0,152.57668400045077,304,10460.70751953125,1.889352560043335,32,0.5418445467948914,0.45874999463558197,6,6,32,1781072172914.7583,1781072172739.6855,4298,308,middle,1.0,31.0043030003726,0.06229800055734813,observability_fixed_R16_k16,good,22.493773998576216,0,False,False,0.0,"[0, 4, 14, 48, 55, 56, 58, 59, 60, 61, 62, 63, 64, 65, 66, 67]",4,pg19,3,3036c8f3-9684-4e16-aebf-ae3de3874f97,22701,773,False,16,16,98,"[0, 4, 14, 48, 55, 56, 58, 59, 60, 61, 62, 63, 64, 65, 66, 67]",0.12145183806421592,8,[],203.33161800044763,175.07045799902698,522
0.03125,-2.0,[0],1,,1781072173312.0999,0.0,1781072173170.0945,0,0,142.00493899988942,1992,10460.70751953125,1.0091824531555176,32,0.5537694096565247,0.15490424633026123,6,6,32,1781072173320.7373,1781072173155.7869,4302,312,middle,1.0,32.55026000078942,0.06554399988090154,observability_fixed_R16_k16,good,22.943886999200913,0,False,False,0.0,"[0, 4, 14, 48, 55, 56, 58, 59, 60, 61, 62, 63, 64, 65, 66, 67]",4,pg19,1,3036c8f3-9684-4e16-aebf-ae3de3874f97,22723,765,False,16,16,99,"[0, 4, 14, 48, 55, 56, 58, 59, 60, 61, 62, 63, 64, 65, 66, 67]",0.12226871222687122,10,[],207.54323300025135,164.94882599909033,526
0.0625,-0.5,"[0, 15]",2,,1781072173709.7805,0.0,1781072173569.0586,0,0,140.72127399958845,883,10459.54833984375,1.9328453540802002,32,0.4891083836555481,0.3747360557317734,6,6,32,1781072173718.2925,1781072173555.3408,4304,314,middle,1.0,31.21432099942467,0.0662180009385338,observability_fixed_R16_k16,good,22.22850100042706,0,False,False,0.0,"[0, 4, 14, 48, 55, 56, 58, 59, 60, 61, 62, 63, 64, 65, 66, 67]",4,pg19,2,3036c8f3-9684-4e16-aebf-ae3de3874f97,22727,770,False,16,16,100,"[0, 4, 14, 48, 55, 56, 58, 59, 60, 61, 62, 63, 64, 65, 66, 67]",0.12267657992565056,13,[],202.49015400077042,162.9497750000155,528
0.03125,-1.25,[0],1,,1781072174113.0852,0.0,1781072173971.3516,0,0,141.73277899863024,75,10460.70751953125,0.4640485346317291,32,0.9097096920013428,0.859183058142662,6,6,32,1781072174121.5847,1781072173957.2437,4307,317,middle,1.0,31.77383500042197,0.06362000021908898,observability_fixed_R16_k16,good,22.607092001635465,0,False,False,0.0,"[0, 4, 14, 48, 55, 56, 58, 59, 60, 61, 62, 63, 64, 65, 66, 67]",4,pg19,1,3036c8f3-9684-4e16-aebf-ae3de3874f97,22740,762,False,16,16,101,"[0, 4, 14, 48, 55, 56, 58, 59, 60, 61, 62, 63, 64, 65, 66, 67]",0.1232876712328767,15,[],206.26090900077543,164.3398710002657,531
0.09375,1.25,"[1, 3, 9]",3,,1781072174516.284,0.0,1781072174374.1858,0,0,142.09771400055615,1172,10459.54833984375,0.6797114014625549,32,0.6212624907493591,0.2444477379322052,6,6,32,1781072174524.979,1781072174360.1455,4309,319,middle,1.0,31.86193400142656,0.0647550004941877,observability_fixed_R16_k16,good,22.73482599957788,0,False,False,0.0,"[0, 4, 14, 48, 55, 56, 58, 59, 60, 61, 62, 63, 64, 65, 66, 67]",4,pg19,3,3036c8f3-9684-4e16-aebf-ae3de3874f97,22737,772,False,16,16,102,"[0, 4, 14, 48, 55, 56, 58, 59, 60, 61, 62, 63, 64, 65, 66, 67]",0.12369459271292643,19,[],205.85415800087503,164.83254000013403,533
0.0,-1.75,[],0,,1781072174920.3167,0.0,1781072174778.8118,0,0,141.50437600073928,53840,10460.70751953125,2.9610326290130615,32,0.31405889987945557,0.03690290451049805,5,6,32,1781072174928.712,1781072174764.654,4313,323,middle,1.0,31.871175999185652,0.06381999992299825,observability_fixed_R16_k16,good,22.552563999852282,0,False,False,0.0,"[0, 4, 14, 48, 55, 56, 58, 59, 60, 61, 62, 63, 64, 65, 66, 67]",4,pg19,0,3036c8f3-9684-4e16-aebf-ae3de3874f97,22780,766,False,16,16,103,"[0, 4, 14, 48, 55, 56, 58, 59, 60, 61, 62, 63, 64, 65, 66, 67]",0.12450730350104336,20,[],206.96313900043606,164.05694000059157,537
0.03125,-0.5,[5],1,,1781072175331.2183,0.0,1781072175189.2776,0,0,141.939988001468,614,10458.96875,2.3606443405151367,32,0.5092175602912903,0.4260900765657425,3,6,32,1781072175339.808,1781072175174.92,4314,324,middle,1.0,30.0393460001942,0.06399800076906104,observability_fixed_R16_k16,good,22.946044999116566,0,False,False,0.0,"[0, 4, 14, 48, 55, 56, 58, 59, 60, 61, 62, 63, 64, 65, 66, 67]",4,pg19,1,3036c8f3-9684-4e16-aebf-ae3de3874f97,22776,758,False,16,16,104,"[0, 4, 14, 48, 55, 56, 58, 59, 60, 61, 62, 63, 64, 65, 66, 67]",0.12471024571163654,22,[],215.26489999996556,164.88603300058458,538
0.0,-1.25,[],0,,1781072175738.9272,0.0,1781072175596.3774,0,0,142.54954499847372,264,10459.54833984375,2.624626874923706,32,0.2671443521976471,0.012233436107635498,5,6,32,1781072175747.5076,1781072175580.71,4316,326,middle,1.0,32.1409339994716,0.06534100066346582,observability_fixed_R16_k16,good,24.246799001048203,0,False,False,0.0,"[0, 4, 14, 48, 55, 56, 58, 59, 60, 61, 62, 63, 64, 65, 66, 67]",4,pg19,0,3036c8f3-9684-4e16-aebf-ae3de3874f97,22785,762,False,16,16,105,"[0, 4, 14, 48, 55, 56, 58, 59, 60, 61, 62, 63, 64, 65, 66, 67]",0.12511584800741427,23,[],207.83684900015942,166.79634399952192,540
0.0,-1.0,[],0,,1781072176141.0527,0.0,1781072176000.218,0,0,140.83359300093434,75267,10458.96875,1.8054200410842896,32,0.6810171008110046,0.6103512495756149,6,6,32,1781072176149.6367,1781072175986.4082,4317,327,middle,1.0,30.132223000691738,0.06511100036732387,observability_fixed_R16_k16,good,22.393451999960234,0,False,False,0.0,"[0, 4, 14, 48, 55, 56, 58, 59, 60, 61, 62, 63, 64, 65, 66, 67]",4,pg19,0,3036c8f3-9684-4e16-aebf-ae3de3874f97,22777,765,False,16,16,106,"[0, 4, 14, 48, 55, 56, 58, 59, 60, 61, 62, 63, 64, 65, 66, 67]",0.12531850822330323,24,[],207.88345700020727,163.22704500089458,541
0.03125,0.75,[0],1,,1781072176542.8386,0.0,1781072176401.7725,0,0,141.0651410005812,650,10458.96875,3.3671083450317383,32,0.248093381524086,0.08791224658489227,4,6,32,1781072176551.394,1781072176387.663,4318,328,middle,1.0,30.137918000036734,0.06645800021942705,observability_fixed_R16_k16,good,22.66482699997141,0,False,False,0.0,"[0, 4, 14, 48, 55, 56, 58, 59, 60, 61, 62, 63, 64, 65, 66, 67]",4,pg19,1,3036c8f3-9684-4e16-aebf-ae3de3874f97,22802,761,False,16,16,107,"[0, 4, 14, 48, 55, 56, 58, 59, 60, 61, 62, 63, 64, 65, 66, 67]",0.12552107457156092,26,[],207.02063099997758,163.72996800055262,542
0.09375,2.5,"[7, 17, 23]",3,,1781072176941.9097,0.0,1781072176800.4995,0,0,141.40988199869753,1660,10459.54833984375,3.492673397064209,32,0.19318409264087677,0.0760120153427124,5,6,32,1781072176950.4543,1781072176784.936,4320,330,middle,1.0,31.216669998684665,0.06731299981765915,observability_fixed_R16_k16,good,24.104057001750334,0,False,False,0.0,"[0, 4, 14, 48, 55, 56, 58, 59, 60, 61, 62, 63, 64, 65, 66, 67]",4,pg19,3,3036c8f3-9684-4e16-aebf-ae3de3874f97,22823,778,False,16,16,108,"[0, 4, 14, 48, 55, 56, 58, 59, 60, 61, 62, 63, 64, 65, 66, 67]",0.1259259259259259,30,[],201.43549800013716,165.51393900044786,544
0.09375,2.0,"[0, 4, 18]",3,,1781072177348.3755,0.0,1781072177204.334,0,0,144.04127600028005,7201,10460.70751953125,1.176146388053894,32,0.5936526656150818,0.29977330565452576,5,6,32,1781072177357.186,1781072177189.7324,4324,334,middle,1.0,31.15874799914309,0.063122000938165,observability_fixed_R16_k16,good,23.41039500061015,0,False,False,0.0,"[0, 4, 14, 48, 55, 56, 58, 59, 60, 61, 62, 63, 64, 65, 66, 67]",4,pg19,3,3036c8f3-9684-4e16-aebf-ae3de3874f97,22811,774,False,16,16,109,"[0, 4, 14, 48, 55, 56, 58, 59, 60, 61, 62, 63, 64, 65, 66, 67]",0.1267345050878816,34,[],207.0936959989922,167.4516710008902,548
0.09375,1.25,"[0, 3, 10]",3,,1781072177748.4324,0.0,1781072177607.272,0,0,141.15942100033863,1803,10460.70751953125,3.233009556424804e-05,32,0.9999979734420776,0.9999964199449778,5,6,32,1781072177756.9763,1781072177593.1453,4328,338,middle,1.0,31.167163999270997,0.06786700032535009,observability_fixed_R16_k16,good,22.67050000045856,0,False,False,0.0,"[0, 4, 14, 48, 55, 56, 58, 59, 60, 61, 62, 63, 64, 65, 66, 67]",4,pg19,3,3036c8f3-9684-4e16-aebf-ae3de3874f97,22831,775,False,16,16,110,"[0, 4, 14, 48, 55, 56, 58, 59, 60, 61, 62, 63, 64, 65, 66, 67]",0.12754158964879853,38,[],203.71471799990104,163.82992100079719,552
0.0,-2.5,[],0,,1781072178155.8965,0.0,1781072178013.3264,0,0,142.56944899898372,1549,10460.70751953125,1.8271245956420898,32,0.43410223722457886,0.10642468929290771,5,6,32,1781072178164.4893,1781072177998.991,4332,342,late,1.0,31.797098999959417,0.0673119993734872,observability_fixed_R16_k16,good,22.92770200074301,0,False,False,0.0,"[0, 4, 14, 48, 55, 56, 58, 59, 60, 61, 62, 63, 64, 65, 66, 67]",4,pg19,0,3036c8f3-9684-4e16-aebf-ae3de3874f97,22840,764,False,16,16,111,"[0, 4, 14, 48, 55, 56, 58, 59, 60, 61, 62, 63, 64, 65, 66, 67]",0.1283471837488458,39,[],209.30631699957303,165.49715099972673,556
0.09375,0.75,"[2, 4, 17]",3,0.8752776384353638,1781072178682.3215,126.40323899904615,1781072178415.0198,16,1009,267.30192199829617,537,10458.96875,1.2102278470993042,32,0.46163409948349,0.11317440867424011,4,6,32,1781072178691.1672,1781072178401.197,4333,343,late,0.6842105263157895,30.146813000101247,0.06803399992350023,observability_fixed_R16_k16,good,22.666968001431087,0,False,False,0.0,"[0, 4, 14, 48, 55, 56, 58, 59, 60, 61, 62, 63, 64, 65, 66, 67]",4,pg19,3,3036c8f3-9684-4e16-aebf-ae3de3874f97,22841,975,True,16,16,112,"[0, 53, 54, 55, 56, 57, 58, 59, 60, 61, 62, 63, 64, 65, 66, 67]",0.12854834987306715,43,"[0, 4336, 4335, 4333, 4242, 4332, 4331, 4334, 4324, 3989, 3990, 4323, 4329, 4326, 4325, 4148]",205.66439000140235,289.96888999972725,557
0.0,-2.25,[],0,,1781072179023.4268,0.0,1781072178947.6455,0,0,75.78075600031298,10865,10460.70751953125,3.199464797973633,32,0.23897574841976166,0.0747302770614624,6,6,32,1781072179031.831,1781072178933.786,4337,347,late,1.0,32.03035600017756,4.199143999358057,observability_fixed_R16_k16,good,22.263187000135076,0,False,False,0.0,"[0, 53, 54, 55, 56, 57, 58, 59, 60, 61, 62, 63, 64, 65, 66, 67]",4,pg19,0,3036c8f3-9684-4e16-aebf-ae3de3874f97,22866,762,False,16,16,113,"[0, 53, 54, 55, 56, 57, 58, 59, 60, 61, 62, 63, 64, 65, 66, 67]",0.12197371454922758,1,[],205.45990000027814,98.04394300044805,529
0.0625,0.5,"[1, 5]",2,,1781072179431.0193,0.0,1781072179280.681,0,0,150.3377349999937,279,10458.96875,1.6967957019805908,32,0.3207569718360901,0.02410528063774109,6,6,32,1781072179439.5845,1781072179266.453,4338,348,late,1.0,29.818087999956333,0.06146800114947837,observability_fixed_R16_k16,good,22.792924999521347,0,False,False,0.0,"[0, 53, 54, 55, 56, 57, 58, 59, 60, 61, 62, 63, 64, 65, 66, 67]",4,pg19,2,3036c8f3-9684-4e16-aebf-ae3de3874f97,22862,764,False,16,16,114,"[0, 53, 54, 55, 56, 57, 58, 59, 60, 61, 62, 63, 64, 65, 66, 67]",0.12217611802674043,4,[],203.94982700054243,173.13065999951505,530
0.0,-1.25,[],0,,1781072179834.9622,0.0,1781072179692.0686,0,0,142.89336499859928,8872,10460.1279296875,4.71331262588501,32,0.09008227288722992,0.002771541476249695,4,6,32,1781072179843.6416,1781072179676.5273,4341,351,late,1.0,31.777444999534055,0.06130499969003722,observability_fixed_R16_k16,good,24.219462002292858,0,False,False,0.0,"[0, 53, 54, 55, 56, 57, 58, 59, 60, 61, 62, 63, 64, 65, 66, 67]",4,pg19,0,3036c8f3-9684-4e16-aebf-ae3de3874f97,22908,764,False,16,16,115,"[0, 53, 54, 55, 56, 57, 58, 59, 60, 61, 62, 63, 64, 65, 66, 67]",0.12278276894724718,5,[],204.31993900092493,167.11282700089214,533
0.0625,0.75,"[1, 18]",2,,1781072180239.4226,0.0,1781072180097.3994,0,0,142.02286299951083,624,10458.96875,1.3206183910369873,32,0.7005930542945862,0.5234553813934326,4,6,32,1781072180248.3157,1781072180083.1003,4342,352,late,1.0,30.134922999422997,0.061516000641859137,observability_fixed_R16_k16,good,23.190732001239667,0,False,False,0.0,"[0, 53, 54, 55, 56, 57, 58, 59, 60, 61, 62, 63, 64, 65, 66, 67]",4,pg19,2,3036c8f3-9684-4e16-aebf-ae3de3874f97,22891,769,False,16,16,116,"[0, 53, 54, 55, 56, 57, 58, 59, 60, 61, 62, 63, 64, 65, 66, 67]",0.12298479963150621,8,[],208.3690560011746,165.2135950007505,534
0.125,3.0,"[0, 10, 22, 31]",4,,1781072180648.4458,0.0,1781072180505.182,0,0,143.26402899860113,12884,10460.1279296875,2.8172192573547363,32,0.26700401306152344,0.07165969908237457,4,6,32,1781072180657.0142,1781072180490.9124,4345,355,late,1.0,32.32572200067807,0.06332700104394462,observability_fixed_R16_k16,good,22.836330001155147,0,False,False,0.0,"[0, 53, 54, 55, 56, 57, 58, 59, 60, 61, 62, 63, 64, 65, 66, 67]",4,pg19,4,3036c8f3-9684-4e16-aebf-ae3de3874f97,22912,783,False,16,16,117,"[0, 53, 54, 55, 56, 57, 58, 59, 60, 61, 62, 63, 64, 65, 66, 67]",0.123590333716916,13,[],209.36091399926227,166.10035899975628,537
0.0625,0.0,"[3, 10]",2,,1781072181053.5886,0.0,1781072180911.5796,0,0,142.00814600008016,1084,10461.287109375,1.2593523263931274,32,0.5416388511657715,0.24251747131347656,5,6,32,1781072181062.0972,1781072180897.4487,4350,360,late,1.0,31.634267999834265,0.0623479991190834,observability_fixed_R16_k16,good,22.6390520001587,0,False,False,0.0,"[0, 53, 54, 55, 56, 57, 58, 59, 60, 61, 62, 63, 64, 65, 66, 67]",4,pg19,2,3036c8f3-9684-4e16-aebf-ae3de3874f97,22928,772,False,16,16,118,"[0, 53, 54, 55, 56, 57, 58, 59, 60, 61, 62, 63, 64, 65, 66, 67]",0.12459770114942528,16,[],207.92426700063515,164.64719800023886,542
0.125,2.0,"[0, 6, 12, 24]",4,,1781072181469.7139,0.0,1781072181327.2395,0,0,142.4734720003471,323,10460.30322265625,0.36592212319374084,32,0.9295478463172913,0.8887063637375832,6,6,32,1781072181478.4111,1781072181313.1013,4353,363,late,0.9411764705882353,35.756084998865845,4.208682999887969,observability_fixed_R16_k16,good,22.835497999039944,0,False,False,0.0,"[0, 53, 54, 55, 56, 57, 58, 59, 60, 61, 62, 63, 64, 65, 66, 67, 68]",4,pg19,4,3036c8f3-9684-4e16-aebf-ae3de3874f97,22935,776,False,16,16,119,"[0, 53, 54, 55, 56, 57, 58, 59, 60, 61, 62, 63, 64, 65, 66, 67]",0.13255226280725937,21,[],210.18995699887455,165.30896999938705,577
0.03125,-2.0,[0],1,,1781072181876.327,0.0,1781072181733.443,0,0,142.88338599908457,11794,10461.287109375,2.367398262023926,32,0.539004385471344,0.42949899286031723,4,6,32,1781072181884.8433,1781072181719.3997,4358,368,late,0.9411764705882353,31.913239999994403,0.06605300040973816,observability_fixed_R16_k16,good,22.559513001397136,0,False,False,0.0,"[0, 53, 54, 55, 56, 57, 58, 59, 60, 61, 62, 63, 64, 65, 66, 67, 68]",4,pg19,1,3036c8f3-9684-4e16-aebf-ae3de3874f97,22975,766,False,16,16,120,"[0, 53, 54, 55, 56, 57, 58, 59, 60, 61, 62, 63, 64, 65, 66, 67]",0.13354749885268472,23,[],208.21930300007807,165.4428990004817,582
0.0625,-0.75,"[0, 5]",2,,1781072182276.6345,0.0,1781072182135.5503,0,0,141.08341800056223,304,10459.83837890625,1.8157020807266235,32,0.5936124920845032,0.388465479016304,6,6,32,1781072182285.5266,1781072182121.5427,4360,370,late,0.9411764705882353,31.127565000133472,0.06637499973294325,observability_fixed_R16_k16,good,22.89857299911091,0,False,False,0.0,"[0, 53, 54, 55, 56, 57, 58, 59, 60, 61, 62, 63, 64, 65, 66, 67, 68]",4,pg19,2,3036c8f3-9684-4e16-aebf-ae3de3874f97,22982,767,False,16,16,121,"[0, 53, 54, 55, 56, 57, 58, 59, 60, 61, 62, 63, 64, 65, 66, 67]",0.13394495412844037,26,[],204.721416999746,163.98199099967314,584
0.03125,-1.25,[0],1,,1781072182682.8196,0.0,1781072182540.1233,0,0,142.69597699967562,339,10460.1279296875,0.16502225399017334,32,0.9802262783050537,0.9762203176505864,6,6,32,1781072182691.5752,1781072182525.9893,4363,373,late,0.9411764705882353,31.836394000492874,0.06586900053662248,observability_fixed_R16_k16,good,22.888659001182532,0,False,False,0.0,"[0, 53, 54, 55, 56, 57, 58, 59, 60, 61, 62, 63, 64, 65, 66, 67, 68]",4,pg19,1,3036c8f3-9684-4e16-aebf-ae3de3874f97,22992,764,False,16,16,122,"[0, 53, 54, 55, 56, 57, 58, 59, 60, 61, 62, 63, 64, 65, 66, 67]",0.13454045381618152,28,[],207.6518030007719,165.58463600085815,587
0.09375,1.0,"[0, 2, 10]",3,,1781072183091.5671,0.0,1781072182948.4668,0,0,143.10057700095058,81623,10459.83837890625,0.1375427544116974,32,0.9769473075866699,0.9609077554196119,6,6,32,1781072183100.1157,1781072182932.7903,4365,375,late,0.9411764705882353,31.86744400045427,0.06519900125567801,observability_fixed_R16_k16,good,24.22361299795739,0,False,False,0.0,"[0, 53, 54, 55, 56, 57, 58, 59, 60, 61, 62, 63, 64, 65, 66, 67, 68]",4,pg19,3,3036c8f3-9684-4e16-aebf-ae3de3874f97,22994,778,False,16,16,123,"[0, 53, 54, 55, 56, 57, 58, 59, 60, 61, 62, 63, 64, 65, 66, 67]",0.13493699885452462,32,[],208.46382200033986,167.32418999890797,589
0.15625,3.25,"[0, 3, 13, 23, 28]",5,,1781072183496.6885,0.0,1781072183354.0613,0,0,142.62647400028072,4910,10460.70751953125,0.8873453140258789,32,0.7812674641609192,0.683480367064476,6,6,32,1781072183505.4004,1781072183339.7615,4369,379,late,0.9411764705882353,32.67268599847739,0.06701100028294604,observability_fixed_R16_k16,good,23.01082700068946,0,False,False,0.0,"[0, 53, 54, 55, 56, 57, 58, 59, 60, 61, 62, 63, 64, 65, 66, 67, 68]",4,pg19,5,3036c8f3-9684-4e16-aebf-ae3de3874f97,23011,788,False,16,16,124,"[0, 53, 54, 55, 56, 57, 58, 59, 60, 61, 62, 63, 64, 65, 66, 67]",0.13572899977111466,38,[],206.12225200056855,165.63730100097018,593
0.125,1.25,"[0, 4, 9, 15]",4,,1781072183903.9395,0.0,1781072183759.9143,0,0,144.0253839991783,264,10461.86669921875,1.0406988859176636,32,0.7032531499862671,0.5388055592775345,6,6,32,1781072183912.5425,1781072183744.3386,4375,385,late,0.9411764705882353,31.859874001384014,0.0660700006847037,observability_fixed_R16_k16,good,24.177639001209172,0,False,False,0.0,"[0, 53, 54, 55, 56, 57, 58, 59, 60, 61, 62, 63, 64, 65, 66, 67, 68]",4,pg19,4,3036c8f3-9684-4e16-aebf-ae3de3874f97,23041,775,False,16,16,125,"[0, 53, 54, 55, 56, 57, 58, 59, 60, 61, 62, 63, 64, 65, 66, 67]",0.1369142857142857,43,[],206.21885800028394,168.20302300038747,599
0.09375,-0.25,"[8, 24, 31]",3,,1781072184309.4028,0.0,1781072184167.0461,0,0,142.35599399944476,74478,10461.287109375,5.204131126403809,32,0.06332987546920776,0.02551388368010521,3,6,32,1781072184317.8765,1781072184153.0447,4380,390,late,0.9411764705882353,31.91820599931816,0.07363999975495972,observability_fixed_R16_k16,good,22.474146000604378,0,False,False,0.0,"[0, 53, 54, 55, 56, 57, 58, 59, 60, 61, 62, 63, 64, 65, 66, 67, 68]",4,pg19,3,3036c8f3-9684-4e16-aebf-ae3de3874f97,23079,780,False,16,16,126,"[0, 53, 54, 55, 56, 57, 58, 59, 60, 61, 62, 63, 64, 65, 66, 67]",0.13789954337899543,47,[],207.6728069987439,164.83014000004914,604
0.09375,-0.75,"[0, 6, 20]",3,,1781072184708.8298,0.0,1781072184567.5403,0,0,141.28918599999452,1410,10460.70751953125,1.9515012502670288,32,0.4978507459163666,0.2699180543422699,6,6,32,1781072184717.585,1781072184553.7542,4384,394,late,0.9411764705882353,31.49182400011341,0.06709499939461239,observability_fixed_R16_k16,good,22.539567999046994,0,False,False,0.0,"[0, 53, 54, 55, 56, 57, 58, 59, 60, 61, 62, 63, 64, 65, 66, 67, 68]",4,pg19,3,3036c8f3-9684-4e16-aebf-ae3de3874f97,23079,776,False,16,16,127,"[0, 53, 54, 55, 56, 57, 58, 59, 60, 61, 62, 63, 64, 65, 66, 67]",0.1386861313868613,51,[],203.4154690009018,163.8287539990415,608
0.09375,-0.75,"[1, 4, 12]",3,0.8439255356788635,1781072185252.8223,129.66671899994253,1781072184976.478,16,1000,276.3443860003463,5636,10460.70751953125,0.9525176882743835,32,0.7530604004859924,0.6000669002532959,5,6,32,1781072185261.5793,1781072184960.9236,4388,398,late,0.8333333333333334,31.7751140009932,0.06670400034636259,observability_fixed_R16_k16,good,24.309476999405888,0,False,False,0.0,"[0, 53, 54, 55, 56, 57, 58, 59, 60, 61, 62, 63, 64, 65, 66, 67, 68]",4,pg19,3,3036c8f3-9684-4e16-aebf-ae3de3874f97,23101,974,True,16,16,128,"[0, 16, 54, 56, 57, 58, 59, 60, 61, 62, 63, 64, 65, 66, 67, 68]",0.13947128532360983,55,"[0, 4391, 4369, 4389, 4323, 4229, 4135, 4324, 4344, 4297, 4383, 4385, 4368, 1063, 4298, 4203]",210.49172899984114,300.65386299975216,612
0.09375,-0.25,"[0, 9, 23]",3,,1781072185594.0417,0.0,1781072185518.0322,0,0,76.00898000055167,304,10460.70751953125,1.8193635940551758,32,0.5968142151832581,0.48291023075580597,6,6,32,1781072185602.7998,1781072185504.007,4392,402,late,1.0,32.0359669985919,4.223848000037833,observability_fixed_R16_k16,good,22.782998999900883,0,False,False,0.0,"[0, 16, 54, 56, 57, 58, 59, 60, 61, 62, 63, 64, 65, 66, 67, 68]",4,pg19,3,3036c8f3-9684-4e16-aebf-ae3de3874f97,23114,770,False,16,16,129,"[0, 16, 54, 56, 57, 58, 59, 60, 61, 62, 63, 64, 65, 66, 67, 68]",0.11839708561020036,4,[],205.1644130006025,98.79197900045256,520
0.03125,-2.0,[0],1,,1781072186008.4358,0.0,1781072185855.252,0,0,153.18334000039613,1992,10460.70751953125,1.247755527496338,32,0.46618714928627014,0.021348237991333008,6,6,32,1781072186017.4033,1781072185840.8901,4396,406,late,1.0,30.934553000406595,0.06353699973260518,observability_fixed_R16_k16,good,23.32779300013499,0,False,False,0.0,"[0, 16, 54, 56, 57, 58, 59, 60, 61, 62, 63, 64, 65, 66, 67, 68]",4,pg19,1,3036c8f3-9684-4e16-aebf-ae3de3874f97,23135,765,False,16,16,130,"[0, 16, 54, 56, 57, 58, 59, 60, 61, 62, 63, 64, 65, 66, 67, 68]",0.1191992720655141,6,[],206.27135100039595,176.51113300053112,524
0.0625,-0.5,"[0, 15]",2,,1781072186412.4023,0.0,1781072186269.3752,0,0,143.0270199998631,883,10459.54833984375,2.1098790168762207,32,0.41207313537597656,0.2204413264989853,6,6,32,1781072186421.155,1781072186255.133,4398,408,late,1.0,31.9976669998141,0.06441900040954351,observability_fixed_R16_k16,good,22.993908998614643,0,False,False,0.0,"[0, 16, 54, 56, 57, 58, 59, 60, 61, 62, 63, 64, 65, 66, 67, 68]",4,pg19,2,3036c8f3-9684-4e16-aebf-ae3de3874f97,23140,765,False,16,16,131,"[0, 16, 54, 56, 57, 58, 59, 60, 61, 62, 63, 64, 65, 66, 67, 68]",0.11959981809913597,9,[],204.58010100082902,166.02092899847776,526
0.03125,-1.25,[5],1,,1781072186814.2996,0.0,1781072186671.592,0,0,142.7073279992328,75,10460.70751953125,2.031919240951538,32,0.4323311746120453,0.20450864732265472,6,6,32,1781072186822.7346,1781072186657.496,4401,411,late,1.0,31.553381000776426,0.06592900172108784,observability_fixed_R16_k16,good,22.529453999595717,0,False,False,0.0,"[0, 16, 54, 56, 57, 58, 59, 60, 61, 62, 63, 64, 65, 66, 67, 68]",4,pg19,1,3036c8f3-9684-4e16-aebf-ae3de3874f97,23156,758,False,16,16,132,"[0, 16, 54, 56, 57, 58, 59, 60, 61, 62, 63, 64, 65, 66, 67, 68]",0.12019995455578278,11,[],203.93700400018133,165.23678199882852,529
0.09375,1.25,"[0, 2, 11]",3,,1781072187215.2688,0.0,1781072187072.237,0,0,143.0312309985311,1172,10459.54833984375,0.8099843263626099,32,0.5006726980209351,0.015404075384140015,5,6,32,1781072187223.8394,1781072187058.071,4403,413,late,1.0,31.82960800040746,0.066995999077335,observability_fixed_R16_k16,good,22.73590600270836,0,False,False,0.0,"[0, 16, 54, 56, 57, 58, 59, 60, 61, 62, 63, 64, 65, 66, 67, 68]",4,pg19,3,3036c8f3-9684-4e16-aebf-ae3de3874f97,23148,772,False,16,16,133,"[0, 16, 54, 56, 57, 58, 59, 60, 61, 62, 63, 64, 65, 66, 67, 68]",0.12059959118782648,15,[],202.6509490005992,165.76713700123946,531
0.0,-1.75,[],0,,1781072187624.6,0.0,1781072187480.3115,0,0,144.28733800014015,53840,10460.70751953125,3.017895221710205,32,0.32728222012519836,0.055955708026885986,5,6,32,1781072187633.633,1781072187465.9854,4407,417,late,1.0,32.789242000944796,0.06764300087525044,observability_fixed_R16_k16,good,23.358245998679195,0,False,False,0.0,"[0, 16, 54, 56, 57, 58, 59, 60, 61, 62, 63, 64, 65, 66, 67, 68]",4,pg19,0,3036c8f3-9684-4e16-aebf-ae3de3874f97,23194,763,False,16,16,134,"[0, 16, 54, 56, 57, 58, 59, 60, 61, 62, 63, 64, 65, 66, 67, 68]",0.1213977762650329,16,[],208.4685099998751,167.64558399881935,535
0.03125,-0.5,[6],1,,1781072188025.0059,0.0,1781072187884.0159,0,0,140.9895039996627,614,10458.96875,2.540217876434326,32,0.4336622357368469,0.30745933949947357,3,6,32,1781072188033.7598,1781072187869.7656,4408,418,late,1.0,32.146842999281944,0.06875600047351327,observability_fixed_R16_k16,good,23.003419000815484,0,False,False,0.0,"[0, 16, 54, 56, 57, 58, 59, 60, 61, 62, 63, 64, 65, 66, 67, 68]",4,pg19,1,3036c8f3-9684-4e16-aebf-ae3de3874f97,23188,760,False,16,16,135,"[0, 16, 54, 56, 57, 58, 59, 60, 61, 62, 63, 64, 65, 66, 67, 68]",0.12159709618874773,18,[],202.82741700066254,163.99292300047819,536
0.0,-1.25,[],0,,1781072188427.27,0.0,1781072188284.495,0,0,142.77425200089056,264,10459.54833984375,2.4330530166625977,32,0.3431893587112427,0.045021265745162964,5,6,32,1781072188435.794,1781072188270.5564,4410,420,late,1.0,31.877473998974892,0.06820599992352072,observability_fixed_R16_k16,good,22.462358998382115,0,False,False,0.0,"[0, 16, 54, 56, 57, 58, 59, 60, 61, 62, 63, 64, 65, 66, 67, 68]",4,pg19,0,3036c8f3-9684-4e16-aebf-ae3de3874f97,23190,757,False,16,16,136,"[0, 16, 54, 56, 57, 58, 59, 60, 61, 62, 63, 64, 65, 66, 67, 68]",0.1219954648526077,19,[],204.03418599926226,165.23661099927267,538
0.0,-1.0,[],0,,1781072188826.613,0.0,1781072188685.2322,0,0,141.3802540009783,75267,10458.96875,1.6113427877426147,32,0.6960623264312744,0.6191770657896996,5,6,32,1781072188834.9417,1781072188671.08,4411,421,late,1.0,30.16925900010392,0.06618400038860273,observability_fixed_R16_k16,good,22.480049998193863,0,False,False,0.0,"[0, 16, 54, 56, 57, 58, 59, 60, 61, 62, 63, 64, 65, 66, 67, 68]",4,pg19,0,3036c8f3-9684-4e16-aebf-ae3de3874f97,23189,762,False,16,16,137,"[0, 16, 54, 56, 57, 58, 59, 60, 61, 62, 63, 64, 65, 66, 67, 68]",0.12219451371571072,20,[],204.24628900036623,163.86030399917217,539
0.03125,0.75,[0],1,,1781072189228.6416,0.0,1781072189087.3838,0,0,141.25701999910234,650,10458.96875,3.3417587280273438,32,0.29027259349823,0.08762967586517334,4,6,32,1781072189237.46,1781072189073.3,4412,422,late,1.0,30.11993699874438,0.06541999937326182,observability_fixed_R16_k16,good,22.90043399989372,0,False,False,0.0,"[0, 16, 54, 56, 57, 58, 59, 60, 61, 62, 63, 64, 65, 66, 67, 68]",4,pg19,1,3036c8f3-9684-4e16-aebf-ae3de3874f97,23210,764,False,16,16,138,"[0, 16, 54, 56, 57, 58, 59, 60, 61, 62, 63, 64, 65, 66, 67, 68]",0.12239347234814144,22,[],207.36578900141467,164.15745399899606,540
0.09375,2.5,"[7, 18, 24]",3,,1781072189636.5166,0.0,1781072189493.0066,0,0,143.5093420004705,1660,10459.54833984375,3.615471601486206,32,0.15621595084667206,0.022597357630729675,4,6,32,1781072189645.1536,1781072189478.8638,4414,424,late,1.0,31.96182899955602,0.06729800043103751,observability_fixed_R16_k16,good,22.779326998715987,0,False,False,0.0,"[0, 16, 54, 56, 57, 58, 59, 60, 61, 62, 63, 64, 65, 66, 67, 68]",4,pg19,3,3036c8f3-9684-4e16-aebf-ae3de3874f97,23235,774,False,16,16,139,"[0, 16, 54, 56, 57, 58, 59, 60, 61, 62, 63, 64, 65, 66, 67, 68]",0.12279111916628908,26,[],208.2923979996849,166.28866899918648,542
0.0625,1.0,"[0, 5]",2,,1781072190058.1357,0.0,1781072189912.451,0,0,145.68310400136397,198,10460.70751953125,1.3645942211151123,32,0.5235409140586853,0.19075807929039001,4,6,32,1781072190067.0388,1781072189898.086,4418,428,late,0.9411764705882353,35.91383099956147,4.203279000648763,observability_fixed_R16_k16,good,23.264862000360154,0,False,False,0.0,"[0, 16, 54, 56, 57, 58, 59, 60, 61, 62, 63, 64, 65, 66, 67, 68, 69]",4,pg19,2,3036c8f3-9684-4e16-aebf-ae3de3874f97,23224,767,False,16,16,140,"[0, 16, 54, 56, 57, 58, 59, 60, 61, 62, 63, 64, 65, 66, 67, 68]",0.1308284291534631,29,[],211.96816700103227,168.94796600172413,578
0.0,-1.5,[],0,,1781072190468.4016,0.0,1781072190325.2112,0,0,143.18917200034775,7201,10460.70751953125,2.967939615249634,32,0.43804776668548584,0.3340022936463356,6,6,32,1781072190477.0388,1781072190310.6873,4421,431,late,0.9411764705882353,33.06191800038505,0.08027000149013475,observability_fixed_R16_k16,good,23.160753000411205,0,False,False,0.0,"[0, 16, 54, 56, 57, 58, 59, 60, 61, 62, 63, 64, 65, 66, 67, 68, 69]",4,pg19,0,3036c8f3-9684-4e16-aebf-ae3de3874f97,23250,764,False,16,16,141,"[0, 16, 54, 56, 57, 58, 59, 60, 61, 62, 63, 64, 65, 66, 67, 68]",0.13141823116941867,30,[],209.5458759995381,166.34992500075896,581
0.09375,1.5,"[0, 2, 7]",3,,1781072190872.6921,0.0,1781072190732.3486,0,0,140.3431909984647,1803,10458.96875,5.119064007885754e-05,32,0.9999967813491821,0.9999946245347928,6,6,32,1781072190881.4739,1781072190717.951,4422,432,late,0.9411764705882353,30.410250999921118,0.08179500036931131,observability_fixed_R16_k16,good,23.177529001259245,0,False,False,0.0,"[0, 16, 54, 56, 57, 58, 59, 60, 61, 62, 63, 64, 65, 66, 67, 68, 69]",4,pg19,3,3036c8f3-9684-4e16-aebf-ae3de3874f97,23239,770,False,16,16,142,"[0, 16, 54, 56, 57, 58, 59, 60, 61, 62, 63, 64, 65, 66, 67, 68]",0.13161465400271372,34,[],209.59234700058005,163.52071999972395,582
0.0,-2.0,[],0,,1781072191282.4688,0.0,1781072191139.4397,0,0,143.02872299958835,1549,10460.70751953125,1.924339771270752,32,0.44830480217933655,0.14018970727920532,5,6,32,1781072191291.1506,1781072191125.0483,4426,436,late,0.9411764705882353,32.2315030007303,0.06927599861228373,observability_fixed_R16_k16,good,23.072355999829597,0,False,False,0.0,"[0, 16, 54, 56, 57, 58, 59, 60, 61, 62, 63, 64, 65, 66, 67, 68, 69]",4,pg19,0,3036c8f3-9684-4e16-aebf-ae3de3874f97,23255,764,False,16,16,143,"[0, 16, 54, 56, 57, 58, 59, 60, 61, 62, 63, 64, 65, 66, 67, 68]",0.13239945774966108,35,[],210.18158799961384,166.10107899941795,586
0.09375,1.75,"[2, 4, 18]",3,0.8442045450210571,1781072191813.3997,125.7501059990318,1781072191545.5054,16,975,267.8942279999319,537,10458.96875,1.1772104501724243,32,0.49199584126472473,0.1320439875125885,4,6,32,1781072191822.2444,1781072191531.184,4427,437,late,0.9411764705882353,30.997572999694967,0.0728049999452196,observability_fixed_R16_k16,good,23.16323100058071,0,False,False,0.0,"[0, 16, 54, 56, 57, 58, 59, 60, 61, 62, 63, 64, 65, 66, 67, 68, 69]",4,pg19,3,3036c8f3-9684-4e16-aebf-ae3de3874f97,23253,971,True,16,16,144,"[0, 54, 56, 57, 58, 59, 60, 61, 62, 63, 64, 65, 66, 67, 68, 69]",0.13259543709058053,39,"[0, 4429, 4430, 4242, 4427, 4336, 4426, 4425, 4423, 3989, 4148, 4418, 4422, 3990, 4420, 4428]",208.15129299990076,291.0574590005126,587
0.0,-1.5,[],0,,1781072192161.1648,0.0,1781072192084.1445,0,0,77.02029600113747,10865,10460.70751953125,3.310913324356079,32,0.22205699980258942,0.08946071565151215,6,6,32,1781072192169.7957,1781072192068.245,4431,441,late,1.0,32.09320600035426,4.197968000880792,observability_fixed_R16_k16,good,24.528096997528337,0,False,False,0.0,"[0, 54, 56, 57, 58, 59, 60, 61, 62, 63, 64, 65, 66, 67, 68, 69]",4,pg19,0,3036c8f3-9684-4e16-aebf-ae3de3874f97,23282,763,False,16,16,145,"[0, 54, 56, 57, 58, 59, 60, 61, 62, 63, 64, 65, 66, 67, 68, 69]",0.11893477770255022,1,[],208.60143300160416,101.5483929986658,527
0.0625,0.5,"[1, 5]",2,,1781072192571.0835,0.0,1781072192419.8472,0,0,151.2353960006294,279,10458.96875,1.7837294340133667,32,0.30776241421699524,0.027541548013687134,6,6,32,1781072192579.5977,1781072192405.094,4432,442,late,1.0,30.166145999828586,0.06414299969037529,observability_fixed_R16_k16,good,23.26435899885837,0,False,False,0.0,"[0, 54, 56, 57, 58, 59, 60, 61, 62, 63, 64, 65, 66, 67, 68, 69]",4,pg19,2,3036c8f3-9684-4e16-aebf-ae3de3874f97,23276,765,False,16,16,146,"[0, 54, 56, 57, 58, 59, 60, 61, 62, 63, 64, 65, 66, 67, 68, 69]",0.11913357400722022,4,[],203.95455000107177,174.49975499948778,528
0.0,-1.25,[],0,,1781072192976.5188,0.0,1781072192832.0635,0,0,144.45562599939876,8872,10460.1279296875,4.676562786102295,32,0.11690480262041092,0.03270142525434494,4,6,32,1781072192985.0579,1781072192816.0876,4435,445,late,1.0,31.99282899913669,0.06571099947905168,observability_fixed_R16_k16,good,24.512152000170317,0,False,False,0.0,"[0, 54, 56, 57, 58, 59, 60, 61, 62, 63, 64, 65, 66, 67, 68, 69]",4,pg19,0,3036c8f3-9684-4e16-aebf-ae3de3874f97,23318,764,False,16,16,147,"[0, 54, 56, 57, 58, 59, 60, 61, 62, 63, 64, 65, 66, 67, 68, 69]",0.1197294250281849,5,[],203.30905400078336,168.96777799956908,531
0.0625,0.75,"[1, 15]",2,,1781072193377.1511,0.0,1781072193235.0503,0,0,142.1000569989701,624,10458.96875,1.305911898612976,32,0.7076918482780457,0.5422063171863556,5,6,32,1781072193385.7712,1781072193220.8816,4436,446,late,1.0,30.264037999586435,0.06484499863290694,observability_fixed_R16_k16,good,22.788450000007288,0,False,False,0.0,"[0, 54, 56, 57, 58, 59, 60, 61, 62, 63, 64, 65, 66, 67, 68, 69]",4,pg19,2,3036c8f3-9684-4e16-aebf-ae3de3874f97,23312,767,False,16,16,148,"[0, 54, 56, 57, 58, 59, 60, 61, 62, 63, 64, 65, 66, 67, 68, 69]",0.11992786293958521,8,[],204.42502700097975,164.8885069989774,532
0.125,3.0,"[0, 11, 24, 31]",4,,1781072193782.4104,0.0,1781072193636.2554,0,0,146.15472399964347,12884,10460.1279296875,2.950446844100952,32,0.21243298053741455,0.003293454647064209,4,6,32,1781072193791.0251,1781072193622.1077,4439,449,late,1.0,31.952291001289268,0.06578499960596673,observability_fixed_R16_k16,good,22.761013999115676,0,False,False,0.0,"[0, 54, 56, 57, 58, 59, 60, 61, 62, 63, 64, 65, 66, 67, 68, 69]",4,pg19,4,3036c8f3-9684-4e16-aebf-ae3de3874f97,23324,786,False,16,16,149,"[0, 54, 56, 57, 58, 59, 60, 61, 62, 63, 64, 65, 66, 67, 68, 69]",0.120522640234287,13,[],203.49489699947299,168.91573799875914,535
0.03125,-1.0,[3],1,,1781072194184.2368,0.0,1781072194041.3157,0,0,142.92036699953314,13,10461.287109375,1.229048252105713,32,0.5496647953987122,0.250817209482193,5,6,32,1781072194192.822,1781072194027.1775,4444,454,late,1.0,31.876692999503575,0.06499800110759679,observability_fixed_R16_k16,good,22.72322300086671,0,False,False,0.0,"[0, 54, 56, 57, 58, 59, 60, 61, 62, 63, 64, 65, 66, 67, 68, 69]",4,pg19,1,3036c8f3-9684-4e16-aebf-ae3de3874f97,23341,762,False,16,16,150,"[0, 54, 56, 57, 58, 59, 60, 61, 62, 63, 64, 65, 66, 67, 68, 69]",0.12151215121512152,15,[],203.16801800072426,165.64359000039985,540
0.125,2.25,"[0, 5, 22, 28]",4,,1781072194587.1697,0.0,1781072194443.8806,0,0,143.288235,11,10460.30322265625,1.7155317068099976,32,0.5452207326889038,0.3597187101840973,5,6,32,1781072194595.9783,1781072194429.5723,4446,456,late,1.0,31.87364199948206,0.06442500125558581,observability_fixed_R16_k16,good,23.11416900010954,0,False,False,0.0,"[0, 54, 56, 57, 58, 59, 60, 61, 62, 63, 64, 65, 66, 67, 68, 69]",4,pg19,4,3036c8f3-9684-4e16-aebf-ae3de3874f97,23351,754,False,16,16,151,"[0, 54, 56, 57, 58, 59, 60, 61, 62, 63, 64, 65, 66, 67, 68, 69]",0.12190733243364822,20,[],204.0220369999588,166.40240400010953,542
0.0625,-0.75,"[1, 6]",2,,1781072194997.1533,0.0,1781072194853.5723,0,0,143.58023000022513,11794,10461.287109375,1.6875627040863037,32,0.49863752722740173,0.20088747143745422,4,6,32,1781072195005.905,1781072194839.3215,4451,461,late,1.0,36.07651000129408,4.1461420005362015,observability_fixed_R16_k16,good,23.00073499827704,0,False,False,0.0,"[0, 54, 56, 57, 58, 59, 60, 61, 62, 63, 64, 65, 66, 67, 68, 69]",4,pg19,2,3036c8f3-9684-4e16-aebf-ae3de3874f97,23372,771,False,16,16,152,"[0, 54, 56, 57, 58, 59, 60, 61, 62, 63, 64, 65, 66, 67, 68, 69]",0.12289373174567512,23,[],202.17826299995068,166.58096499850217,547
0.0625,-0.75,"[0, 5]",2,,1781072195405.889,0.0,1781072195261.2935,0,0,144.5946889998595,304,10460.1279296875,1.8371213674545288,32,0.5868640542030334,0.38085539638996124,6,6,32,1781072195414.705,1781072195246.9573,4454,464,late,1.0,32.38371699990239,0.06706299973302521,observability_fixed_R16_k16,good,23.15089799958514,0,False,False,0.0,"[0, 54, 56, 57, 58, 59, 60, 61, 62, 63, 64, 65, 66, 67, 68, 69]",4,pg19,2,3036c8f3-9684-4e16-aebf-ae3de3874f97,23394,764,False,16,16,153,"[0, 54, 56, 57, 58, 59, 60, 61, 62, 63, 64, 65, 66, 67, 68, 69]",0.12348450830713965,26,[],207.4789749985939,167.74558699944464,550
0.03125,-1.25,[0],1,,1781072195809.282,0.0,1781072195665.8364,0,0,143.44527600042056,339,10460.30322265625,0.15737304091453552,32,0.9814496040344238,0.9766114624217153,5,6,32,1781072195817.811,1781072195651.604,4457,467,late,1.0,32.76345599988417,0.06878000021970365,observability_fixed_R16_k16,good,22.760813999411766,0,False,False,0.0,"[0, 54, 56, 57, 58, 59, 60, 61, 62, 63, 64, 65, 66, 67, 68, 69]",4,pg19,1,3036c8f3-9684-4e16-aebf-ae3de3874f97,23402,763,False,16,16,154,"[0, 54, 56, 57, 58, 59, 60, 61, 62, 63, 64, 65, 66, 67, 68, 69]",0.1240744895669733,28,[],202.99061800142226,166.20608999983233,553
0.09375,0.75,"[0, 2, 11]",3,,1781072196209.8418,0.0,1781072196067.625,0,0,142.21616100076062,81623,10459.54833984375,0.14362241327762604,32,0.9761032462120056,0.9603260066360235,6,6,32,1781072196218.3909,1781072196053.2783,4459,469,late,1.0,31.74144399963552,0.06681999911961611,observability_fixed_R16_k16,good,22.894090998306638,0,False,False,0.0,"[0, 54, 56, 57, 58, 59, 60, 61, 62, 63, 64, 65, 66, 67, 68, 69]",4,pg19,3,3036c8f3-9684-4e16-aebf-ae3de3874f97,23410,777,False,16,16,155,"[0, 54, 56, 57, 58, 59, 60, 61, 62, 63, 64, 65, 66, 67, 68, 69]",0.12446736936532855,32,[],202.80293399991933,165.11025199906726,555
0.15625,3.0,"[0, 3, 12, 22, 26]",5,,1781072196612.2803,0.0,1781072196469.2542,0,0,143.02358499844559,4910,10460.70751953125,0.8490458130836487,32,0.7947861552238464,0.7027829736471176,6,6,32,1781072196621.0757,1781072196454.9202,4463,473,late,1.0,32.02257599878067,0.066766999225365,observability_fixed_R16_k16,good,23.130097002649563,0,False,False,0.0,"[0, 54, 56, 57, 58, 59, 60, 61, 62, 63, 64, 65, 66, 67, 68, 69]",4,pg19,5,3036c8f3-9684-4e16-aebf-ae3de3874f97,23426,788,False,16,16,156,"[0, 54, 56, 57, 58, 59, 60, 61, 62, 63, 64, 65, 66, 67, 68, 69]",0.1252520725969079,38,[],203.3466570010205,166.15368200109515,559
0.125,1.25,"[0, 4, 10, 16]",4,,1781072197013.9207,0.0,1781072196871.6184,0,0,142.30116399994586,264,10461.86669921875,1.0293965339660645,32,0.7100760340690613,0.5540930330753326,6,6,32,1781072197022.4395,1781072196856.9668,4469,479,late,1.0,31.675379001171677,0.06716999996569939,observability_fixed_R16_k16,good,23.17057999971439,0,False,False,0.0,"[0, 54, 56, 57, 58, 59, 60, 61, 62, 63, 64, 65, 66, 67, 68, 69]",4,pg19,4,3036c8f3-9684-4e16-aebf-ae3de3874f97,23455,780,False,16,16,157,"[0, 54, 56, 57, 58, 59, 60, 61, 62, 63, 64, 65, 66, 67, 68, 69]",0.1264264936227344,43,[],203.18434900036664,165.47174399966025,565
0.09375,-0.25,"[12, 30, 31]",3,,1781072197418.2344,0.0,1781072197273.8257,0,0,144.40844000091602,74478,10461.287109375,5.07537841796875,32,0.05448917672038078,0.0008447729051113129,3,6,32,1781072197426.7617,1781072197259.4624,4474,484,late,1.0,32.07852500054287,0.06740599928889424,observability_fixed_R16_k16,good,22.888837998834788,0,False,False,0.0,"[0, 54, 56, 57, 58, 59, 60, 61, 62, 63, 64, 65, 66, 67, 68, 69]",4,pg19,3,3036c8f3-9684-4e16-aebf-ae3de3874f97,23499,782,False,16,16,158,"[0, 54, 56, 57, 58, 59, 60, 61, 62, 63, 64, 65, 66, 67, 68, 69]",0.1274027715690657,47,[],204.05621400095697,167.2972779997508,570
0.09375,-0.75,"[0, 6, 19]",3,,1781072197821.4607,0.0,1781072197678.4917,0,0,142.9688950011041,1410,10460.70751953125,1.8793271780014038,32,0.509810209274292,0.28002074360847473,6,6,32,1781072197830.0466,1781072197664.6323,4478,488,late,1.0,32.13304800010519,0.06789500002923887,observability_fixed_R16_k16,good,22.443215999373933,0,False,False,0.0,"[0, 54, 56, 57, 58, 59, 60, 61, 62, 63, 64, 65, 66, 67, 68, 69]",4,pg19,3,3036c8f3-9684-4e16-aebf-ae3de3874f97,23492,773,False,16,16,159,"[0, 54, 56, 57, 58, 59, 60, 61, 62, 63, 64, 65, 66, 67, 68, 69]",0.12818222420723538,51,[],204.59212300011131,165.41211100047803,574
0.09375,-0.75,"[1, 5, 15]",3,0.8247109651565552,1781072198355.6587,125.09743400005391,1781072198087.5244,16,966,268.1336260011449,5636,10460.70751953125,0.9517768025398254,32,0.7668019533157349,0.6396537274122238,6,6,32,1781072198364.5093,1781072198073.2007,4482,492,late,0.8333333333333334,35.99081800166459,4.2882340003416175,observability_fixed_R16_k16,good,23.17254499939736,0,False,False,0.0,"[0, 54, 56, 57, 58, 59, 60, 61, 62, 63, 64, 65, 66, 67, 68, 69, 70]",4,pg19,3,3036c8f3-9684-4e16-aebf-ae3de3874f97,23517,974,True,16,16,160,"[0, 16, 57, 58, 59, 60, 61, 62, 63, 64, 65, 66, 67, 68, 69, 70]",0.13609995537706382,55,"[0, 4485, 4483, 4463, 4417, 4418, 4323, 4391, 4438, 4477, 4229, 4479, 4135, 4462, 4233, 4392]",201.9903210002667,291.30617100054224,610
0.09375,-0.25,"[0, 8, 22]",3,,1781072198696.0723,0.0,1781072198620.0198,0,0,76.05223700011265,304,10460.70751953125,1.789052128791809,32,0.5981825590133667,0.48401741683483124,6,6,32,1781072198704.4978,1781072198605.7314,4486,496,late,1.0,32.19348700076807,4.160505000982084,observability_fixed_R16_k16,good,22.713192000082927,0,False,False,0.0,"[0, 16, 57, 58, 59, 60, 61, 62, 63, 64, 65, 66, 67, 68, 69, 70]",4,pg19,3,3036c8f3-9684-4e16-aebf-ae3de3874f97,23528,770,False,16,16,161,"[0, 16, 57, 58, 59, 60, 61, 62, 63, 64, 65, 66, 67, 68, 69, 70]",0.1154703522068658,4,[],203.8626600005955,98.76542900019558,518
0.03125,-2.0,[1],1,,1781072199106.4905,0.0,1781072198954.0393,0,0,152.450449000753,1992,10460.70751953125,1.2976818084716797,32,0.45092740654945374,0.006990969181060791,6,6,32,1781072199115.1216,1781072198939.348,4490,500,late,1.0,32.07583400035219,0.06543200106534641,observability_fixed_R16_k16,good,23.321243997997954,0,False,False,0.0,"[0, 16, 57, 58, 59, 60, 61, 62, 63, 64, 65, 66, 67, 68, 69, 70]",4,pg19,1,3036c8f3-9684-4e16-aebf-ae3de3874f97,23554,760,False,16,16,162,"[0, 16, 57, 58, 59, 60, 61, 62, 63, 64, 65, 66, 67, 68, 69, 70]",0.11625835189309577,6,[],201.93078800002695,175.77169299875095,522
0.0625,-0.5,"[0, 17]",2,,1781072199509.6196,0.0,1781072199366.1824,0,0,143.43647799978498,883,10459.54833984375,1.8848668336868286,32,0.46638134121894836,0.2594258785247803,6,6,32,1781072199518.2527,1781072199351.7776,4492,502,late,1.0,31.8941490004363,0.06786800076952204,observability_fixed_R16_k16,good,23.03676300107327,0,False,False,0.0,"[0, 16, 57, 58, 59, 60, 61, 62, 63, 64, 65, 66, 67, 68, 69, 70]",4,pg19,2,3036c8f3-9684-4e16-aebf-ae3de3874f97,23550,769,False,16,16,163,"[0, 16, 57, 58, 59, 60, 61, 62, 63, 64, 65, 66, 67, 68, 69, 70]",0.11665182546749778,9,[],203.73678999931144,166.47324100085825,524
0.0,-2.25,[],0,,1781072199913.3953,0.0,1781072199769.893,0,0,143.50147499862942,198,10460.70751953125,1.9708733558654785,32,0.4101555645465851,0.1411689817905426,6,6,32,1781072199922.0886,1781072199755.5496,4495,505,late,1.0,32.74527199937438,0.06886499977554195,observability_fixed_R16_k16,good,23.035635002088384,0,False,False,0.0,"[0, 16, 57, 58, 59, 60, 61, 62, 63, 64, 65, 66, 67, 68, 69, 70]",4,pg19,0,3036c8f3-9684-4e16-aebf-ae3de3874f97,23567,761,False,16,16,164,"[0, 16, 57, 58, 59, 60, 61, 62, 63, 64, 65, 66, 67, 68, 69, 70]",0.11724137931034483,10,[],203.676726001504,166.5371100007178,527
0.0,-1.5,[],0,,1781072200321.0305,0.0,1781072200179.0278,0,0,142.001774000164,75,10458.96875,2.751725196838379,32,0.33154451847076416,0.1396612673997879,6,6,32,1781072200330.1355,1781072200164.435,4496,506,late,1.0,29.499618000045302,0.07143500079109799,observability_fixed_R16_k16,good,23.696479000136605,0,False,False,0.0,"[0, 16, 57, 58, 59, 60, 61, 62, 63, 64, 65, 66, 67, 68, 69, 70]",4,pg19,0,3036c8f3-9684-4e16-aebf-ae3de3874f97,23579,754,False,16,16,165,"[0, 16, 57, 58, 59, 60, 61, 62, 63, 64, 65, 66, 67, 68, 69, 70]",0.11743772241992882,11,[],211.91701400130114,165.6982530003006,528
0.09375,2.25,"[1, 3, 11]",3,,1781072200723.4856,0.0,1781072200583.674,0,0,139.81077499920502,1172,10458.96875,0.837260901927948,32,0.5289393663406372,0.07651349902153015,5,6,32,1781072200732.2346,1781072200569.42,4497,507,late,1.0,30.270838000433287,0.07541400009358767,observability_fixed_R16_k16,good,23.00215300056152,0,False,False,0.0,"[0, 16, 57, 58, 59, 60, 61, 62, 63, 64, 65, 66, 67, 68, 69, 70]",4,pg19,3,3036c8f3-9684-4e16-aebf-ae3de3874f97,23560,775,False,16,16,166,"[0, 16, 57, 58, 59, 60, 61, 62, 63, 64, 65, 66, 67, 68, 69, 70]",0.11763397820769401,15,[],208.03223800066917,162.81292799976654,529
0.0,-1.25,[],0,,1781072201131.2473,0.0,1781072200987.6648,0,0,143.5822809999081,53840,10460.70751953125,2.8796732425689697,32,0.37349680066108704,0.10864794254302979,5,6,32,1781072201139.7712,1781072200973.2942,4501,511,late,1.0,32.1791709993704,0.06829700032540131,observability_fixed_R16_k16,good,22.89308100080234,0,False,False,0.0,"[0, 16, 57, 58, 59, 60, 61, 62, 63, 64, 65, 66, 67, 68, 69, 70]",4,pg19,0,3036c8f3-9684-4e16-aebf-ae3de3874f97,23610,763,False,16,16,167,"[0, 16, 57, 58, 59, 60, 61, 62, 63, 64, 65, 66, 67, 68, 69, 70]",0.11841812930459898,16,[],207.71992099980707,166.47536200071045,533
0.03125,0.0,[0],1,0.89264976978302,1781072203773.4976,122.98151399954804,1781072201661.637,16,973,2111.861211998985,279,12504.9208984375,0.025691252201795578,32,0.9965876340866089,0.993654087651521,6,6,32,1781072203782.6055,1781072201646.893,3531,0,early,0.7777777777777778,291.7483159999392,3.826451000350062,observability_fixed_R16_k16,good,23.848635002650553,0,False,False,0.0,"[40, 41, 42, 43, 44, 45, 46, 47, 48, 49, 50, 51, 52, 53, 54, 55]",5,pg19,1,d7031cd6-0ebd-4367-b8ee-87af766601ef,18886,958,True,16,16,0,"[0, 35, 40, 43, 44, 45, 46, 47, 48, 49, 50, 51, 52, 53, 54, 55]",0.1450014160294534,2,"[0, 3532, 3531, 3529, 3530, 3503, 3498, 3528, 3525, 2254, 3524, 3512, 3527, 3526, 3519, 3513]",198.49102400075935,2135.7098470016354,512
0.0,-1.0,[],0,,1781072204123.0088,0.0,1781072204046.1592,0,0,76.8477259989595,3639,10459.54833984375,0.06968202441930771,32,0.992381751537323,0.9907173212850466,6,6,32,1781072204132.061,1781072204032.691,3533,2,early,1.0,36.51393800100777,4.116337000596104,observability_fixed_R16_k16,good,22.521019000123488,0,False,False,0.0,"[0, 35, 40, 43, 44, 45, 46, 47, 48, 49, 50, 51, 52, 53, 54, 55]",5,pg19,0,d7031cd6-0ebd-4367-b8ee-87af766601ef,18890,757,False,16,16,1,"[0, 35, 40, 43, 44, 45, 46, 47, 48, 49, 50, 51, 52, 53, 54, 55]",0.14859892442683273,1,[],208.38958300009836,99.36874499908299,525
0.0625,1.5,"[0, 4]",2,,1781072204525.546,0.0,1781072204380.0493,0,0,145.4960259998188,1012,10458.96875,0.25497785210609436,32,0.9387480020523071,0.883245836943388,6,6,32,1781072204534.295,1781072204366.365,3534,3,early,1.0,28.418748999683885,0.05422600042948034,observability_fixed_R16_k16,good,22.43214500049362,0,False,False,0.0,"[0, 35, 40, 43, 44, 45, 46, 47, 48, 49, 50, 51, 52, 53, 54, 55]",5,pg19,2,d7031cd6-0ebd-4367-b8ee-87af766601ef,18887,766,False,16,16,2,"[0, 35, 40, 43, 44, 45, 46, 47, 48, 49, 50, 51, 52, 53, 54, 55]",0.1488398415393322,4,[],205.08435500050837,167.92817100031243,526
0.0625,1.0,"[0, 9]",2,,1781072204928.3987,0.0,1781072204787.8345,0,0,140.56378600071184,27713,10460.1279296875,3.896660327911377,32,0.24160316586494446,0.12011746317148209,6,6,32,1781072204937.0798,1781072204774.5308,3537,6,early,1.0,31.938362000801135,0.05624499863188248,observability_fixed_R16_k16,good,21.98421999855782,0,False,False,0.0,"[0, 35, 40, 43, 44, 45, 46, 47, 48, 49, 50, 51, 52, 53, 54, 55]",5,pg19,2,d7031cd6-0ebd-4367-b8ee-87af766601ef,18919,772,False,16,16,3,"[0, 35, 40, 43, 44, 45, 46, 47, 48, 49, 50, 51, 52, 53, 54, 55]",0.149561775515974,7,[],207.47150300121575,162.54800599926966,529
0.15625,3.75,"[0, 1, 4, 13, 24]",5,,1781072205329.3506,0.0,1781072205195.2532,0,0,134.09667199994146,1429,10460.1279296875,0.006569634657353163,32,0.9992386102676392,0.9985399784636684,5,6,32,1781072205338.0024,1781072205182.029,3540,9,early,1.0,31.685849999121274,0.0558339997951407,observability_fixed_R16_k16,good,21.8747330000042,0,False,False,0.0,"[0, 35, 40, 43, 44, 45, 46, 47, 48, 49, 50, 51, 52, 53, 54, 55]",5,pg19,5,d7031cd6-0ebd-4367-b8ee-87af766601ef,18934,786,False,16,16,4,"[0, 35, 40, 43, 44, 45, 46, 47, 48, 49, 50, 51, 52, 53, 54, 55]",0.15028248587570622,13,[],212.44312099952367,155.97140499994566,532
0.1875,3.75,"[0, 3, 12, 18, 24, 31]",6,,1781072205728.0469,0.0,1781072205589.8499,0,0,138.19645900002797,624,10461.86669921875,1.327558159828186,32,0.7824680805206299,0.7565172612667084,6,6,32,1781072205736.7864,1781072205576.524,3546,15,early,1.0,32.138689999555936,0.05769699964730535,observability_fixed_R16_k16,good,22.064876000513323,0,False,False,0.0,"[0, 35, 40, 43, 44, 45, 46, 47, 48, 49, 50, 51, 52, 53, 54, 55]",5,pg19,6,d7031cd6-0ebd-4367-b8ee-87af766601ef,18967,792,False,16,16,5,"[0, 35, 40, 43, 44, 45, 46, 47, 48, 49, 50, 51, 52, 53, 54, 55]",0.15172024816694868,20,[],205.57424999969953,160.2613350005413,538
0.03125,-2.75,[3],1,,1781072206137.2803,0.0,1781072205996.172,0,0,141.10696700117842,279,10462.4462890625,4.0560688972473145,32,0.15356680750846863,0.02822922170162201,4,6,32,1781072206145.9468,1781072205983.0513,3553,22,early,1.0,35.580486999606364,4.084084001078736,observability_fixed_R16_k16,good,21.78646999891498,0,False,False,0.0,"[0, 35, 40, 43, 44, 45, 46, 47, 48, 49, 50, 51, 52, 53, 54, 55]",5,pg19,1,d7031cd6-0ebd-4367-b8ee-87af766601ef,19000,763,False,16,16,6,"[0, 35, 40, 43, 44, 45, 46, 47, 48, 49, 50, 51, 52, 53, 54, 55]",0.15339150014072614,22,[],205.8744050009409,162.8934370000934,545
0.0625,-1.5,"[1, 10]",2,,1781072206539.8228,0.0,1781072206399.6743,0,0,140.14797399977397,17206,10459.54833984375,3.7189180850982666,32,0.24035395681858063,0.06450724601745605,6,6,32,1781072206548.6013,1781072206386.0215,3555,24,early,1.0,32.58297899992613,0.06601899985980708,observability_fixed_R16_k16,good,22.430826000345405,0,False,False,0.0,"[0, 35, 40, 43, 44, 45, 46, 47, 48, 49, 50, 51, 52, 53, 54, 55]",5,pg19,2,d7031cd6-0ebd-4367-b8ee-87af766601ef,19005,774,False,16,16,7,"[0, 35, 40, 43, 44, 45, 46, 47, 48, 49, 50, 51, 52, 53, 54, 55]",0.1538677918424754,25,[],206.66767599868763,162.57880000011937,547
0.09375,-0.5,"[0, 3, 10]",3,,1781072206940.8782,0.0,1781072206799.8208,0,0,141.05669200034754,537,10460.1279296875,0.46143582463264465,32,0.8848968744277954,0.7901606857776642,6,6,32,1781072206950.013,1781072206786.7495,3558,27,early,1.0,31.957418999809306,0.06404899977496825,observability_fixed_R16_k16,good,22.202264999577892,0,False,False,0.0,"[0, 35, 40, 43, 44, 45, 46, 47, 48, 49, 50, 51, 52, 53, 54, 55]",5,pg19,3,d7031cd6-0ebd-4367-b8ee-87af766601ef,19004,773,False,16,16,8,"[0, 35, 40, 43, 44, 45, 46, 47, 48, 49, 50, 51, 52, 53, 54, 55]",0.15458122540753233,29,[],205.37904599950707,163.25895699992543,550
0.09375,0.0,"[0, 8, 17]",3,,1781072207341.1958,0.0,1781072207199.6958,0,0,141.49909799925808,5036,10460.70751953125,2.114079236984253,32,0.6276296377182007,0.5298637896776199,4,6,32,1781072207349.9795,1781072207186.2644,3562,31,early,1.0,31.225219001498772,0.060368000049493276,observability_fixed_R16_k16,good,22.21335700050986,0,False,False,0.0,"[0, 35, 40, 43, 44, 45, 46, 47, 48, 49, 50, 51, 52, 53, 54, 55]",5,pg19,3,d7031cd6-0ebd-4367-b8ee-87af766601ef,19045,776,False,16,16,9,"[0, 35, 40, 43, 44, 45, 46, 47, 48, 49, 50, 51, 52, 53, 54, 55]",0.15553060078607525,33,[],204.14735899976222,163.71245499976794,554
0.03125,-1.25,[0],1,,1781072207744.9397,0.0,1781072207603.998,0,0,140.9421550015395,198,10460.70751953125,1.4634113311767578,32,0.6832088232040405,0.6244362369179726,6,6,32,1781072207753.6719,1781072207589.306,3566,35,early,1.0,32.112638000398874,0.06534299973282032,observability_fixed_R16_k16,good,23.423048998665763,0,False,False,0.0,"[0, 35, 40, 43, 44, 45, 46, 47, 48, 49, 50, 51, 52, 53, 54, 55]",5,pg19,1,d7031cd6-0ebd-4367-b8ee-87af766601ef,19056,760,False,16,16,10,"[0, 35, 40, 43, 44, 45, 46, 47, 48, 49, 50, 51, 52, 53, 54, 55]",0.15647784632641615,35,[],206.16463600163115,164.36520400020527,558
0.0,-2.25,[],0,,1781072208138.644,0.0,1781072207999.9546,0,0,138.68867800010776,2016,10459.54833984375,2.6741790771484375,32,0.4703015983104706,0.3127702921628952,6,6,32,1781072208147.3435,1781072207986.6765,3568,37,early,1.0,31.14348999952199,0.06714300070598256,observability_fixed_R16_k16,good,21.976427999106818,0,False,False,0.0,"[0, 35, 40, 43, 44, 45, 46, 47, 48, 49, 50, 51, 52, 53, 54, 55]",5,pg19,0,d7031cd6-0ebd-4367-b8ee-87af766601ef,19072,763,False,16,16,11,"[0, 35, 40, 43, 44, 45, 46, 47, 48, 49, 50, 51, 52, 53, 54, 55]",0.15695067264573992,36,[],201.03570699939155,160.66510599921457,560
0.15625,3.25,"[0, 1, 3, 10, 16]",5,,1781072208537.159,0.0,1781072208397.7603,0,0,139.39811700038263,663,10458.96875,0.002174257766455412,32,0.9998043179512024,0.9997412987213465,6,6,32,1781072208545.8386,1781072208384.1982,3569,38,early,1.0,31.136976000198047,0.06585399933101144,observability_fixed_R16_k16,good,22.239882000576472,0,False,False,0.0,"[0, 35, 40, 43, 44, 45, 46, 47, 48, 49, 50, 51, 52, 53, 54, 55]",5,pg19,5,d7031cd6-0ebd-4367-b8ee-87af766601ef,19071,783,False,16,16,12,"[0, 35, 40, 43, 44, 45, 46, 47, 48, 49, 50, 51, 52, 53, 54, 55]",0.1571868870832166,42,[],204.86863000041922,161.6379990009591,561
0.1875,3.75,"[0, 2, 4, 8, 12, 19]",6,,1781072208936.7722,0.0,1781072208796.007,0,0,140.76427100008004,803,10461.86669921875,0.23490634560585022,32,0.944863498210907,0.8939989842474461,6,6,32,1781072208945.8713,1781072208782.6035,3575,44,early,1.0,31.9977769995603,0.06767600098100957,observability_fixed_R16_k16,good,22.50131400069222,0,False,False,0.0,"[0, 35, 40, 43, 44, 45, 46, 47, 48, 49, 50, 51, 52, 53, 54, 55]",5,pg19,6,d7031cd6-0ebd-4367-b8ee-87af766601ef,19089,786,False,16,16,13,"[0, 35, 40, 43, 44, 45, 46, 47, 48, 49, 50, 51, 52, 53, 54, 55]",0.1586013986013986,49,[],203.74468299996806,163.26558500077226,567
0.125,1.0,"[0, 7, 16, 23]",4,,1781072209338.9507,0.0,1781072209197.579,0,0,141.37048600059643,54,10462.4462890625,1.3061772584915161,32,0.5037755370140076,0.11143475770950317,5,6,32,1781072209347.6958,1781072209184.3938,3582,51,early,1.0,32.13617899928067,0.06965399916225579,observability_fixed_R16_k16,good,21.928795000349055,0,False,False,0.0,"[0, 35, 40, 43, 44, 45, 46, 47, 48, 49, 50, 51, 52, 53, 54, 55]",5,pg19,4,d7031cd6-0ebd-4367-b8ee-87af766601ef,19130,777,False,16,16,14,"[0, 35, 40, 43, 44, 45, 46, 47, 48, 49, 50, 51, 52, 53, 54, 55]",0.16024567280848687,54,[],205.36254400030884,163.29928100094548,574
0.03125,-2.75,[6],1,,1781072209748.4712,0.0,1781072209608.0273,0,0,140.44332000048598,11,10461.287109375,2.1847481727600098,32,0.2752842605113983,0.036113157868385315,6,6,32,1781072209757.2664,1781072209594.8958,3587,56,early,0.9411764705882353,36.8799610005226,4.206988000078127,observability_fixed_R16_k16,good,21.922516998529318,0,False,False,0.0,"[0, 35, 40, 43, 44, 45, 46, 47, 48, 49, 50, 51, 52, 53, 54, 55, 56]",5,pg19,1,d7031cd6-0ebd-4367-b8ee-87af766601ef,19145,762,False,16,16,15,"[0, 35, 40, 43, 44, 45, 46, 47, 48, 49, 50, 51, 52, 53, 54, 55]",0.17033732924449402,56,[],205.0705490000837,162.3658369990153,611
0.0,-4.0,[],0,0.9317705631256104,1781072210216.8018,66.80057799894712,1781072210007.815,16,966,208.9865030011424,479,10459.54833984375,3.5872907638549805,32,0.1830260008573532,0.070266954600811,6,6,32,1781072210226.0234,1781072209994.4148,3589,58,early,0.7368421052631579,31.491212001128588,0.07306999941647518,observability_fixed_R16_k16,good,22.619387998929597,0,False,False,0.0,"[0, 35, 40, 43, 44, 45, 46, 47, 48, 49, 50, 51, 52, 53, 54, 55, 56]",5,pg19,0,d7031cd6-0ebd-4367-b8ee-87af766601ef,19158,953,True,16,16,16,"[0, 1, 2, 35, 40, 44, 46, 47, 48, 50, 51, 52, 53, 54, 55, 56]",0.17079966564502647,57,"[0, 3589, 3588, 3587, 3586, 2254, 3585, 3575, 3584, 3571, 2588, 2156, 3576, 3570, 3569, 3572]",204.67750799980422,231.605891000072,613
0.15625,2.25,"[1, 7, 13, 18, 25]",5,,1781072210556.8103,0.0,1781072210480.0945,0,0,76.71549599945138,11,10458.96875,1.89223313331604,32,0.42414382100105286,0.21417739987373352,6,6,32,1781072210565.7595,1781072210466.8503,3590,59,early,1.0,30.833959001029143,4.1474770005152095,observability_fixed_R16_k16,good,22.191592001036042,0,False,False,0.0,"[0, 1, 2, 35, 40, 44, 46, 47, 48, 50, 51, 52, 53, 54, 55, 56]",5,pg19,5,d7031cd6-0ebd-4367-b8ee-87af766601ef,19146,780,False,16,16,17,"[0, 1, 2, 35, 40, 44, 46, 47, 48, 50, 51, 52, 53, 54, 55, 56]",0.14428969359331476,6,[],204.90970500031835,98.90708800048742,518
0.09375,0.5,"[3, 10, 25]",3,,1781072210966.4414,0.0,1781072210815.9937,0,0,150.4470029994991,1012,10461.86669921875,2.5091898441314697,32,0.2805955708026886,0.06879091262817383,4,6,32,1781072210975.1934,1781072210802.5254,3596,65,early,1.0,31.044083998494898,0.05535499985853676,observability_fixed_R16_k16,good,22.21978499983379,0,False,False,0.0,"[0, 1, 2, 35, 40, 44, 46, 47, 48, 50, 51, 52, 53, 54, 55, 56]",5,pg19,3,d7031cd6-0ebd-4367-b8ee-87af766601ef,19171,775,False,16,16,18,"[0, 1, 2, 35, 40, 44, 46, 47, 48, 50, 51, 52, 53, 54, 55, 56]",0.1457174638487208,10,[],204.68390499991074,172.66678799933288,524
0.0625,-0.25,"[2, 7]",2,,1781072211360.9875,0.0,1781072211221.0913,0,0,139.89529399987077,323,10461.1728515625,3.978816509246826,32,0.18736152350902557,0.0344415009021759,6,6,32,1781072211369.588,1781072211207.9912,3600,69,early,1.0,30.85741799986863,0.0573839988646796,observability_fixed_R16_k16,good,21.69885399962368,0,False,False,0.0,"[0, 1, 2, 35, 40, 44, 46, 47, 48, 50, 51, 52, 53, 54, 55, 56]",5,pg19,2,d7031cd6-0ebd-4367-b8ee-87af766601ef,19204,768,False,16,16,19,"[0, 1, 2, 35, 40, 44, 46, 47, 48, 50, 51, 52, 53, 54, 55, 56]",0.14666666666666667,13,[],201.10592799937876,161.59414799949445,528
0.125,1.5,"[0, 2, 10, 16]",4,,1781072211766.7783,0.0,1781072211625.073,0,0,141.70480699976906,9856,10460.1279296875,0.03139961510896683,32,0.9965961575508118,0.9957014687824994,6,6,32,1781072211775.5117,1781072211611.434,3603,72,early,1.0,32.07837899935839,0.05819400030304678,observability_fixed_R16_k16,good,22.37046700065548,0,False,False,0.0,"[0, 1, 2, 35, 40, 44, 46, 47, 48, 50, 51, 52, 53, 54, 55, 56]",5,pg19,4,d7031cd6-0ebd-4367-b8ee-87af766601ef,19217,781,False,16,16,20,"[0, 1, 2, 35, 40, 44, 46, 47, 48, 50, 51, 52, 53, 54, 55, 56]",0.14737718567860117,18,[],208.68377000078908,164.07527400042454,531
0.0625,-1.5,"[0, 9]",2,,1781072212162.9094,0.0,1781072212023.4878,0,0,139.42140899962396,279,10461.287109375,1.1617491245269775,32,0.5691419243812561,0.28739625215530396,4,6,32,1781072212171.6794,1781072212010.0657,3608,77,early,1.0,31.989850000172737,0.05900799988012295,observability_fixed_R16_k16,good,22.190080999280326,0,False,False,0.0,"[0, 1, 2, 35, 40, 44, 46, 47, 48, 50, 51, 52, 53, 54, 55, 56]",5,pg19,2,d7031cd6-0ebd-4367-b8ee-87af766601ef,19221,768,False,16,16,21,"[0, 1, 2, 35, 40, 44, 46, 47, 48, 50, 51, 52, 53, 54, 55, 56]",0.14855875831485588,21,[],201.7343190000247,161.6114899989043,536
0.0625,-0.75,"[7, 19]",2,,1781072212567.9219,0.0,1781072212426.306,0,0,141.61496599990642,8038,10460.30322265625,4.968562602996826,32,0.1297767460346222,0.07036061957478523,4,6,32,1781072212576.726,1781072212413.2598,3611,80,early,1.0,33.26631100026134,0.05974700070510153,observability_fixed_R16_k16,good,21.849511000255006,0,False,False,0.0,"[0, 1, 2, 35, 40, 44, 46, 47, 48, 50, 51, 52, 53, 54, 55, 56]",5,pg19,2,d7031cd6-0ebd-4367-b8ee-87af766601ef,19257,770,False,16,16,22,"[0, 1, 2, 35, 40, 44, 46, 47, 48, 50, 51, 52, 53, 54, 55, 56]",0.1492661312655774,24,[],207.23944699966523,163.46447700016142,539
0.09375,0.5,"[0, 4, 18]",3,,1781072212970.5913,0.0,1781072212827.0032,0,0,143.58726399950683,279,10460.1279296875,0.6761923432350159,32,0.737473726272583,0.4904509633779526,6,6,32,1781072212979.3772,1781072212813.8865,3614,83,early,1.0,31.93030100010219,0.06205200043041259,observability_fixed_R16_k16,good,21.90221599994402,0,False,False,0.0,"[0, 1, 2, 35, 40, 44, 46, 47, 48, 50, 51, 52, 53, 54, 55, 56]",5,pg19,3,d7031cd6-0ebd-4367-b8ee-87af766601ef,19250,774,False,16,16,23,"[0, 1, 2, 35, 40, 44, 46, 47, 48, 50, 51, 52, 53, 54, 55, 56]",0.14997232982844494,28,[],204.43149499988067,165.48947999945085,542
0.09375,0.25,"[1, 11, 22]",3,,1781072213379.974,0.0,1781072213238.2686,0,0,141.7046170008689,37326,10460.70751953125,4.407460689544678,32,0.20293258130550385,0.12221157550811768,4,6,32,1781072213388.5605,1781072213224.9106,3618,87,early,1.0,35.836577000736725,4.1150480010401225,observability_fixed_R16_k16,good,21.944057998553035,0,False,False,0.0,"[0, 1, 2, 35, 40, 44, 46, 47, 48, 50, 51, 52, 53, 54, 55, 56]",5,pg19,3,d7031cd6-0ebd-4367-b8ee-87af766601ef,19282,776,False,16,16,24,"[0, 1, 2, 35, 40, 44, 46, 47, 48, 50, 51, 52, 53, 54, 55, 56]",0.15091210613598674,32,[],204.84067700090236,163.64867499942193,546
0.15625,2.5,"[0, 1, 7, 17, 25]",5,,1781072213782.168,0.0,1781072213639.71,0,0,142.45691299947794,3800,10461.287109375,0.008615963160991669,32,0.999182403087616,0.9988142706861254,6,6,32,1781072213790.9062,1781072213626.683,3622,91,early,1.0,32.732706000388134,0.06242200106498785,observability_fixed_R16_k16,good,21.763790000477456,0,False,False,0.0,"[0, 1, 2, 35, 40, 44, 46, 47, 48, 50, 51, 52, 53, 54, 55, 56]",5,pg19,5,d7031cd6-0ebd-4367-b8ee-87af766601ef,19297,783,False,16,16,25,"[0, 1, 2, 35, 40, 44, 46, 47, 48, 50, 51, 52, 53, 54, 55, 56]",0.1518498067366096,38,[],204.57273700048972,164.2207029999554,550
0.09375,-0.25,"[0, 6, 20]",3,,1781072214183.58,0.0,1781072214041.1082,0,0,142.47064899973338,311,10461.86669921875,1.4396287202835083,32,0.6083409786224365,0.4847490042448044,6,6,32,1781072214192.5208,1781072214027.6409,3628,97,early,1.0,31.886622000456555,0.060826998378615826,observability_fixed_R16_k16,good,22.405224000976887,0,False,False,0.0,"[0, 1, 2, 35, 40, 44, 46, 47, 48, 50, 51, 52, 53, 54, 55, 56]",5,pg19,3,d7031cd6-0ebd-4367-b8ee-87af766601ef,19320,772,False,16,16,26,"[0, 1, 2, 35, 40, 44, 46, 47, 48, 50, 51, 52, 53, 54, 55, 56]",0.15325248070562295,42,[],203.96664699910616,164.87587300071027,556
0.0625,-1.5,"[0, 7]",2,,1781072214590.4214,0.0,1781072214449.2668,0,0,141.15406600103597,594,10460.70751953125,1.6921077966690063,32,0.5815651416778564,0.4123200476169586,6,6,32,1781072214599.2727,1781072214436.0437,3632,101,early,1.0,41.411625999899115,0.06374899930960964,observability_fixed_R16_k16,good,22.07166399966809,0,False,False,0.0,"[0, 1, 2, 35, 40, 44, 46, 47, 48, 50, 51, 52, 53, 54, 55, 56]",5,pg19,2,d7031cd6-0ebd-4367-b8ee-87af766601ef,19351,767,False,16,16,27,"[0, 1, 2, 35, 40, 44, 46, 47, 48, 50, 51, 52, 53, 54, 55, 56]",0.15418502202643172,45,[],201.1009939997166,163.22573000070406,560
0.125,0.75,"[0, 4, 10, 17]",4,,1781072214995.0205,0.0,1781072214852.7192,0,0,142.2997640001995,315,10460.1279296875,1.3671866655349731,32,0.6760780811309814,0.5077889263629913,6,6,32,1781072215003.7158,1781072214839.1448,3635,104,early,1.0,32.227898000201094,0.06620699969062116,observability_fixed_R16_k16,good,22.26967299975513,0,False,False,0.0,"[0, 1, 2, 35, 40, 44, 46, 47, 48, 50, 51, 52, 53, 54, 55, 56]",5,pg19,4,d7031cd6-0ebd-4367-b8ee-87af766601ef,19362,776,False,16,16,28,"[0, 1, 2, 35, 40, 44, 46, 47, 48, 50, 51, 52, 53, 54, 55, 56]",0.15488308115543328,50,[],206.71337500061782,164.56943699995463,563
0.1875,2.5,"[1, 7, 12, 18, 23, 29]",6,,1781072215394.483,0.0,1781072215253.6162,0,0,140.8669379998173,2070,10461.86669921875,2.318789482116699,32,0.4158872067928314,0.1596665382385254,6,6,32,1781072215403.1926,1781072215239.8052,3640,109,early,1.0,32.18859499975224,0.06301100074779242,observability_fixed_R16_k16,good,22.51938400149811,0,False,False,0.0,"[0, 1, 2, 35, 40, 44, 46, 47, 48, 50, 51, 52, 53, 54, 55, 56]",5,pg19,6,d7031cd6-0ebd-4367-b8ee-87af766601ef,19378,789,False,16,16,29,"[0, 1, 2, 35, 40, 44, 46, 47, 48, 50, 51, 52, 53, 54, 55, 56]",0.15604395604395604,57,[],203.04248499996902,163.38632200131542,568
0.1875,2.25,"[0, 1, 6, 13, 20, 27]",6,,1781072215796.5618,0.0,1781072215654.2466,0,0,142.31450699844572,1782,10462.4462890625,0.0005695492145605385,32,0.999962329864502,0.9999556866368948,6,6,32,1781072215805.488,1781072215640.7083,3647,116,early,1.0,32.1840800006612,0.0665460011077812,observability_fixed_R16_k16,good,22.46286300214706,0,False,False,0.0,"[0, 1, 2, 35, 40, 44, 46, 47, 48, 50, 51, 52, 53, 54, 55, 56]",5,pg19,6,d7031cd6-0ebd-4367-b8ee-87af766601ef,19403,792,False,16,16,30,"[0, 1, 2, 35, 40, 44, 46, 47, 48, 50, 51, 52, 53, 54, 55, 56]",0.15766383328763367,64,[],204.48211199982325,164.77737000059278,575
0.1875,1.5,"[0, 4, 9, 17, 23, 29]",6,,1781072216205.7048,0.0,1781072216063.412,0,0,142.29205399897182,12710,10462.4462890625,1.5425277948379517,32,0.6817841529846191,0.559546984732151,6,6,32,1781072216214.2942,1781072216049.7239,3654,123,early,0.9411764705882353,36.08538700063946,4.2088299996976275,observability_fixed_R16_k16,good,22.273873000813182,0,False,False,0.0,"[0, 1, 2, 35, 40, 44, 46, 47, 48, 50, 51, 52, 53, 54, 55, 56, 57]",5,pg19,6,d7031cd6-0ebd-4367-b8ee-87af766601ef,19442,793,False,16,16,31,"[0, 1, 2, 35, 40, 44, 46, 47, 48, 50, 51, 52, 53, 54, 55, 56]",0.16803503010399562,71,[],203.03834400147025,164.565926999785,614
0.1875,0.5,"[0, 2, 4, 6, 11, 19]",6,0.9051716923713684,1781072216735.6323,128.0465700001514,1781072216465.624,16,980,270.00813399899926,6693,10462.4462890625,0.06314180791378021,32,0.9915440082550049,0.9870234373956919,6,6,32,1781072216744.5059,1781072216451.7542,3661,130,early,0.7368421052631579,32.51801900114515,0.06740000026184134,observability_fixed_R16_k16,good,22.73950200105901,0,False,False,0.0,"[0, 1, 2, 35, 40, 44, 46, 47, 48, 50, 51, 52, 53, 54, 55, 56, 57]",5,pg19,6,d7031cd6-0ebd-4367-b8ee-87af766601ef,19462,989,True,16,16,32,"[0, 35, 44, 45, 46, 47, 48, 49, 50, 51, 52, 53, 54, 55, 56, 57]",0.1696257853045616,78,"[0, 3667, 3666, 3665, 3653, 3629, 3648, 2254, 3655, 3650, 3662, 3664, 3596, 3654, 3649, 3651]",203.80845199906616,292.74763600005826,621
0.15625,-1.0,"[0, 6, 13, 21, 27]",5,,1781072217076.8833,0.0,1781072217000.6155,0,0,76.26616299967282,4056,10462.4462890625,1.635727882385254,32,0.7033838629722595,0.6482905820012093,6,6,32,1781072217085.7021,1781072216987.487,3668,137,early,1.0,32.18112300055509,4.153818999839132,observability_fixed_R16_k16,good,21.944988999166526,0,False,False,0.0,"[0, 35, 44, 45, 46, 47, 48, 49, 50, 51, 52, 53, 54, 55, 56, 57]",5,pg19,5,d7031cd6-0ebd-4367-b8ee-87af766601ef,19503,784,False,16,16,33,"[0, 35, 44, 45, 46, 47, 48, 49, 50, 51, 52, 53, 54, 55, 56, 57]",0.1450381679389313,6,[],205.63475899871264,98.21115199883934,532
0.03125,-4.75,[5],1,,1781072217489.9697,0.0,1781072217336.3093,0,0,153.65983999981836,9856,10462.736328125,1.7997980117797852,32,0.3405042290687561,0.08347815275192261,6,6,32,1781072217498.7585,1781072217321.4338,3674,143,early,1.0,30.950626000048942,0.06062700049369596,observability_fixed_R16_k16,good,23.66235599947686,0,False,False,0.0,"[0, 35, 44, 45, 46, 47, 48, 49, 50, 51, 52, 53, 54, 55, 56, 57]",5,pg19,1,d7031cd6-0ebd-4367-b8ee-87af766601ef,19525,766,False,16,16,34,"[0, 35, 44, 45, 46, 47, 48, 49, 50, 51, 52, 53, 54, 55, 56, 57]",0.14643440391943385,8,[],203.89816900024016,177.32219599929522,538
0.0625,-2.5,"[1, 10]",2,,1781072217895.1667,0.0,1781072217753.1157,0,0,142.05028300057165,2805,10460.1279296875,1.4170433282852173,32,0.5320196151733398,0.3672076165676117,5,6,32,1781072217903.8528,1781072217739.3965,3676,145,early,1.0,33.285126999544445,0.0651380014460301,observability_fixed_R16_k16,good,22.403718998248223,0,False,False,0.0,"[0, 35, 44, 45, 46, 47, 48, 49, 50, 51, 52, 53, 54, 55, 56, 57]",5,pg19,2,d7031cd6-0ebd-4367-b8ee-87af766601ef,19529,772,False,16,16,35,"[0, 35, 44, 45, 46, 47, 48, 49, 50, 51, 52, 53, 54, 55, 56, 57]",0.14689880304678998,11,[],206.27826399868354,164.45400199881988,540
0.09375,-0.5,"[0, 1, 8]",3,,1781072218296.7473,0.0,1781072218153.1118,0,0,143.63334600056987,537,10460.1279296875,0.011482514441013336,32,0.9988937973976135,0.9985587058763485,6,6,32,1781072218305.735,1781072218139.3892,3679,148,early,1.0,31.440796999959275,0.06292700163612608,observability_fixed_R16_k16,good,22.710318999088486,0,False,False,0.0,"[0, 35, 44, 45, 46, 47, 48, 49, 50, 51, 52, 53, 54, 55, 56, 57]",5,pg19,3,d7031cd6-0ebd-4367-b8ee-87af766601ef,19542,772,False,16,16,36,"[0, 35, 44, 45, 46, 47, 48, 49, 50, 51, 52, 53, 54, 55, 56, 57]",0.14759445501494972,15,[],203.12243999978818,166.34366499965836,543
0.03125,-1.75,[1],1,,1781072218709.5488,0.0,1781072218568.2751,0,0,141.2728640007117,18020,10460.70751953125,1.6926785707473755,32,0.7135070562362671,0.679076574742794,6,6,32,1781072218718.0933,1781072218554.6914,3683,152,early,1.0,35.897777999707614,4.13782500072557,observability_fixed_R16_k16,good,22.126457000922528,0,False,False,0.0,"[0, 35, 44, 45, 46, 47, 48, 49, 50, 51, 52, 53, 54, 55, 56, 57]",5,pg19,1,d7031cd6-0ebd-4367-b8ee-87af766601ef,19572,765,False,16,16,37,"[0, 35, 44, 45, 46, 47, 48, 49, 50, 51, 52, 53, 54, 55, 56, 57]",0.14852022807493892,17,[],208.02680800079543,163.39932100163423,547
0.0625,0.25,"[0, 2]",2,,1781072219114.3372,0.0,1781072218972.739,0,0,141.59753400053887,198,10459.54833984375,0.40910863876342773,32,0.9318943023681641,0.9106525331735611,6,6,32,1781072219122.9539,1781072218959.094,3685,154,early,1.0,32.07973399912589,0.0653770002827514,observability_fixed_R16_k16,good,22.259961999225197,0,False,False,0.0,"[0, 35, 44, 45, 46, 47, 48, 49, 50, 51, 52, 53, 54, 55, 56, 57]",5,pg19,2,d7031cd6-0ebd-4367-b8ee-87af766601ef,19578,766,False,16,16,38,"[0, 35, 44, 45, 46, 47, 48, 49, 50, 51, 52, 53, 54, 55, 56, 57]",0.14898236092265943,20,[],207.96749100009038,163.85749599976407,549
0.09375,1.0,"[1, 7, 12]",3,,1781072219512.3767,0.0,1781072219372.8792,0,0,139.4968919994426,9856,10460.1279296875,3.2319366931915283,32,0.30032339692115784,0.151652529835701,6,6,32,1781072219521.0186,1781072219359.203,3688,157,early,1.0,31.37872499974037,0.06720300007145852,observability_fixed_R16_k16,good,22.31774400206632,0,False,False,0.0,"[0, 35, 44, 45, 46, 47, 48, 49, 50, 51, 52, 53, 54, 55, 56, 57]",5,pg19,3,d7031cd6-0ebd-4367-b8ee-87af766601ef,19609,773,False,16,16,39,"[0, 35, 44, 45, 46, 47, 48, 49, 50, 51, 52, 53, 54, 55, 56, 57]",0.14967462039045554,24,[],203.99195599929953,161.81463600150892,552
0.125,1.75,"[1, 7, 18, 26]",4,,1781072219918.824,0.0,1781072219775.959,0,0,142.86467700003413,537,10460.70751953125,1.7279919385910034,32,0.3709433078765869,0.0995553731918335,6,6,32,1781072219927.5667,1781072219760.7808,3692,161,early,1.0,31.77125900037936,0.06454400136135519,observability_fixed_R16_k16,good,23.92037400022673,0,False,False,0.0,"[0, 35, 44, 45, 46, 47, 48, 49, 50, 51, 52, 53, 54, 55, 56, 57]",5,pg19,4,d7031cd6-0ebd-4367-b8ee-87af766601ef,19602,778,False,16,16,40,"[0, 35, 44, 45, 46, 47, 48, 49, 50, 51, 52, 53, 54, 55, 56, 57]",0.15059588299024917,29,[],207.12397300121665,166.78505100026086,556
0.03125,-1.5,[1],1,,1781072220331.6067,0.0,1781072220190.2686,0,0,141.33725299871003,279,10461.287109375,1.741080403327942,32,0.7527784109115601,0.7317548040300608,6,6,32,1781072220340.3682,1781072220176.3135,3697,166,early,1.0,31.869480000750627,0.06546199983858969,observability_fixed_R16_k16,good,22.715410001183045,0,False,False,0.0,"[0, 35, 44, 45, 46, 47, 48, 49, 50, 51, 52, 53, 54, 55, 56, 57]",5,pg19,1,d7031cd6-0ebd-4367-b8ee-87af766601ef,19641,764,False,16,16,41,"[0, 35, 44, 45, 46, 47, 48, 49, 50, 51, 52, 53, 54, 55, 56, 57]",0.1517446578306735,31,[],215.9894140004326,164.05266299989307,561
0.03125,-1.5,[1],1,,1781072220738.0989,0.0,1781072220596.5051,0,0,141.5938019999885,315,10459.54833984375,5.826971530914307,32,0.07691910862922668,0.03884138911962509,4,6,32,1781072220746.7717,1781072220581.452,3699,168,early,1.0,32.136785999682616,0.06522799958474934,observability_fixed_R16_k16,good,23.723541000435944,0,False,False,0.0,"[0, 35, 44, 45, 46, 47, 48, 49, 50, 51, 52, 53, 54, 55, 56, 57]",5,pg19,1,d7031cd6-0ebd-4367-b8ee-87af766601ef,19648,761,False,16,16,42,"[0, 35, 44, 45, 46, 47, 48, 49, 50, 51, 52, 53, 54, 55, 56, 57]",0.15220329818869965,33,[],207.850029999463,165.31734300042444,563
0.03125,-1.25,[1],1,,1781072221144.608,0.0,1781072221001.5073,0,0,143.10004899925843,9522,10459.54833984375,1.933888554573059,32,0.3474300503730774,0.1265900880098343,5,6,32,1781072221153.3887,1781072220987.727,3701,170,early,1.0,32.15434300000197,0.07312999878195114,observability_fixed_R16_k16,good,22.55992500067805,0,False,False,0.0,"[0, 35, 44, 45, 46, 47, 48, 49, 50, 51, 52, 53, 54, 55, 56, 57]",5,pg19,1,d7031cd6-0ebd-4367-b8ee-87af766601ef,19655,765,False,16,16,43,"[0, 35, 44, 45, 46, 47, 48, 49, 50, 51, 52, 53, 54, 55, 56, 57]",0.1526614428532829,35,[],207.75280300040322,165.65997399993648,565
0.09375,1.25,"[0, 1, 7]",3,,1781072221547.5063,0.0,1781072221405.8416,0,0,141.6638669998065,1493,10459.54833984375,0.00012357991363387555,32,0.999990701675415,0.9999829347352716,6,6,32,1781072221556.015,1781072221392.1895,3703,172,middle,1.0,32.22226499929093,0.06607899922528304,observability_fixed_R16_k16,good,22.16018600120151,0,False,False,0.0,"[0, 35, 44, 45, 46, 47, 48, 49, 50, 51, 52, 53, 54, 55, 56, 57]",5,pg19,3,d7031cd6-0ebd-4367-b8ee-87af766601ef,19644,770,False,16,16,44,"[0, 35, 44, 45, 46, 47, 48, 49, 50, 51, 52, 53, 54, 55, 56, 57]",0.15311909262759923,39,[],205.66544400026032,163.824053001008,567
0.0,-1.5,[],0,,1781072221949.9878,0.0,1781072221808.7993,0,0,141.18795600006706,5128,10460.70751953125,1.773391842842102,32,0.3601701557636261,0.016493380069732666,5,6,32,1781072221958.7534,1781072221795.245,3707,176,middle,1.0,32.81542500008072,0.06974100142542738,observability_fixed_R16_k16,good,22.31618899895693,0,False,False,0.0,"[0, 35, 44, 45, 46, 47, 48, 49, 50, 51, 52, 53, 54, 55, 56, 57]",5,pg19,0,d7031cd6-0ebd-4367-b8ee-87af766601ef,19664,764,False,16,16,45,"[0, 35, 44, 45, 46, 47, 48, 49, 50, 51, 52, 53, 54, 55, 56, 57]",0.15403291070946856,40,[],205.60006300001987,163.504144999024,571
0.0625,0.75,"[2, 7]",2,,1781072222347.8389,0.0,1781072222205.9011,0,0,141.93705999969097,614,10458.96875,1.5801676511764526,32,0.4155924320220947,0.0868317186832428,5,6,32,1781072222356.3855,1781072222192.2546,3708,177,middle,1.0,29.304155001227628,0.06333999954222236,observability_fixed_R16_k16,good,22.191407999343937,0,False,False,0.0,"[0, 35, 44, 45, 46, 47, 48, 49, 50, 51, 52, 53, 54, 55, 56, 57]",5,pg19,2,d7031cd6-0ebd-4367-b8ee-87af766601ef,19667,767,False,16,16,46,"[0, 35, 44, 45, 46, 47, 48, 49, 50, 51, 52, 53, 54, 55, 56, 57]",0.15426105717367852,43,[],203.12031799949182,164.1284679990349,572
0.0625,0.5,"[0, 13]",2,,1781072222753.0332,0.0,1781072222608.606,0,0,144.42662999863387,432,10460.1279296875,2.881551742553711,32,0.4928799569606781,0.4455797001719475,4,6,32,1781072222761.7637,1781072222595.107,3711,180,middle,1.0,32.050984000306926,0.06758700146747287,observability_fixed_R16_k16,good,22.228027000892325,0,False,False,0.0,"[0, 35, 44, 45, 46, 47, 48, 49, 50, 51, 52, 53, 54, 55, 56, 57]",5,pg19,2,d7031cd6-0ebd-4367-b8ee-87af766601ef,19699,769,False,16,16,47,"[0, 35, 44, 45, 46, 47, 48, 49, 50, 51, 52, 53, 54, 55, 56, 57]",0.15494475882511452,46,[],205.64248600021529,166.6546569995262,575
0.125,2.25,"[0, 2, 7, 15]",4,0.8322044610977173,1781072223287.3735,125.05943700125499,1781072223020.1257,16,967,267.2479849989031,40130,10460.1279296875,0.08162222802639008,32,0.9905621409416199,0.9873093203641474,6,6,32,1781072223296.2139,1781072223006.4543,3714,183,middle,0.65,35.95722799946088,4.245221000019228,observability_fixed_R16_k16,good,22.509018999699038,0,False,False,0.0,"[0, 35, 44, 45, 46, 47, 48, 49, 50, 51, 52, 53, 54, 55, 56, 57, 58]",5,pg19,4,d7031cd6-0ebd-4367-b8ee-87af766601ef,19704,977,True,16,16,48,"[0, 5, 33, 35, 40, 46, 49, 50, 51, 52, 53, 54, 55, 56, 57, 58]",0.16424340333871837,51,"[0, 3718, 3715, 3717, 3716, 3713, 3714, 3712, 3709, 2254, 3704, 3711, 2588, 3710, 3707, 3699]",203.49212000110128,289.75700399860216,610
0.09375,1.0,"[0, 1, 9]",3,,1781072223627.9097,0.0,1781072223552.1196,0,0,75.78902400018706,3668,10461.287109375,0.1292131543159485,32,0.9809421300888062,0.9742285087704659,6,6,32,1781072223636.4302,1781072223538.7324,3719,188,middle,1.0,32.19087599973136,4.120395999052562,observability_fixed_R16_k16,good,21.90666400019836,0,False,False,0.0,"[0, 5, 33, 35, 40, 46, 49, 50, 51, 52, 53, 54, 55, 56, 57, 58]",5,pg19,3,d7031cd6-0ebd-4367-b8ee-87af766601ef,19722,770,False,16,16,49,"[0, 5, 33, 35, 40, 46, 49, 50, 51, 52, 53, 54, 55, 56, 57, 58]",0.139553643452541,4,[],205.169028000455,97.69568800038542,519
0.0625,-0.75,"[0, 12]",2,,1781072224034.2544,0.0,1781072223884.2407,0,0,150.012912999955,279,10460.70751953125,1.4071110486984253,32,0.4490145742893219,0.11533528566360474,3,6,32,1781072224042.9536,1781072223870.7522,3723,192,middle,1.0,31.098727000426152,0.05922399941482581,observability_fixed_R16_k16,good,22.187217000464443,0,False,False,0.0,"[0, 5, 33, 35, 40, 46, 49, 50, 51, 52, 53, 54, 55, 56, 57, 58]",5,pg19,2,d7031cd6-0ebd-4367-b8ee-87af766601ef,19727,764,False,16,16,50,"[0, 5, 33, 35, 40, 46, 49, 50, 51, 52, 53, 54, 55, 56, 57, 58]",0.1404781090518399,7,[],202.33612599986373,172.20013000041945,523
0.0,-2.75,[],0,,1781072224435.2634,0.0,1781072224293.573,0,0,141.69020599911164,2070,10460.1279296875,4.646500110626221,32,0.10393091291189194,0.04653481766581535,3,6,32,1781072224444.0107,1781072224279.5544,3726,195,middle,1.0,32.09746299944527,0.05919499926676508,observability_fixed_R16_k16,good,22.763633001886774,0,False,False,0.0,"[0, 5, 33, 35, 40, 46, 49, 50, 51, 52, 53, 54, 55, 56, 57, 58]",5,pg19,0,d7031cd6-0ebd-4367-b8ee-87af766601ef,19762,763,False,16,16,51,"[0, 5, 33, 35, 40, 46, 49, 50, 51, 52, 53, 54, 55, 56, 57, 58]",0.14117015566290927,8,[],203.66047599964077,164.4538390009984,526
0.09375,0.75,"[0, 10, 23]",3,,1781072224831.13,0.0,1781072224692.1492,0,0,138.9797660012846,582,10458.96875,0.04711877554655075,32,0.9946343898773193,0.9924586359411478,5,6,32,1781072224839.9065,1781072224678.7212,3727,196,middle,1.0,30.22223900006793,0.06077699981688056,observability_fixed_R16_k16,good,22.20398199824558,0,False,False,0.0,"[0, 5, 33, 35, 40, 46, 49, 50, 51, 52, 53, 54, 55, 56, 57, 58]",5,pg19,3,d7031cd6-0ebd-4367-b8ee-87af766601ef,19752,771,False,16,16,52,"[0, 5, 33, 35, 40, 46, 49, 50, 51, 52, 53, 54, 55, 56, 57, 58]",0.14140059028709417,12,[],203.6508959990897,161.18374799953017,527
0.0625,0.0,"[0, 20]",2,,1781072225241.3289,0.0,1781072225099.2488,0,0,142.07918600004632,26361,10460.70751953125,2.1743578910827637,32,0.40797415375709534,0.09024354815483093,4,6,32,1781072225249.9604,1781072225085.3696,3731,200,middle,1.0,32.2782900002494,0.059482999859028496,observability_fixed_R16_k16,good,22.508912999910535,0,False,False,0.0,"[0, 5, 33, 35, 40, 46, 49, 50, 51, 52, 53, 54, 55, 56, 57, 58]",5,pg19,2,d7031cd6-0ebd-4367-b8ee-87af766601ef,19773,774,False,16,16,53,"[0, 5, 33, 35, 40, 46, 49, 50, 51, 52, 53, 54, 55, 56, 57, 58]",0.14232109354060574,15,[],212.28643500035105,164.58809899995686,531
0.09375,1.25,"[3, 8, 15]",3,,1781072225646.0217,0.0,1781072225504.4482,0,0,141.5728029987804,198,10460.1279296875,1.8931388854980469,32,0.49389442801475525,0.336036279797554,6,6,32,1781072225654.77,1781072225490.7056,3734,203,middle,1.0,32.361474999561324,0.05965899981674738,observability_fixed_R16_k16,good,22.490745001050527,0,False,False,0.0,"[0, 5, 33, 35, 40, 46, 49, 50, 51, 52, 53, 54, 55, 56, 57, 58]",5,pg19,3,d7031cd6-0ebd-4367-b8ee-87af766601ef,19794,771,False,16,16,54,"[0, 5, 33, 35, 40, 46, 49, 50, 51, 52, 53, 54, 55, 56, 57, 58]",0.14301017675415104,19,[],207.38370700019004,164.06354799983092,534
0.125,2.0,"[2, 11, 25, 30]",4,,1781072226051.1646,0.0,1781072225909.7727,0,0,141.3910390001547,323,10460.70751953125,4.24482536315918,32,0.15049895644187927,0.03689637780189514,4,6,32,1781072226059.9355,1781072225896.0571,3738,207,middle,1.0,32.68228599881695,0.0650690017209854,observability_fixed_R16_k16,good,22.48456800043641,0,False,False,0.0,"[0, 5, 33, 35, 40, 46, 49, 50, 51, 52, 53, 54, 55, 56, 57, 58]",5,pg19,4,d7031cd6-0ebd-4367-b8ee-87af766601ef,19816,779,False,16,16,55,"[0, 5, 33, 35, 40, 46, 49, 50, 51, 52, 53, 54, 55, 56, 57, 58]",0.14392723381487427,24,[],207.76688500154705,163.87560700059112,538
0.03125,-2.0,[4],1,,1781072226454.5896,0.0,1781072226314.0903,0,0,140.49870599956193,63647,10461.287109375,3.5196151733398438,32,0.2081705927848816,0.10349584370851517,4,6,32,1781072226463.2517,1781072226300.412,3743,212,middle,1.0,32.134076000147616,0.06087200017645955,observability_fixed_R16_k16,good,22.336507001455175,0,False,False,0.0,"[0, 5, 33, 35, 40, 46, 49, 50, 51, 52, 53, 54, 55, 56, 57, 58]",5,pg19,1,d7031cd6-0ebd-4367-b8ee-87af766601ef,19829,767,False,16,16,56,"[0, 5, 33, 35, 40, 46, 49, 50, 51, 52, 53, 54, 55, 56, 57, 58]",0.14507079882447235,26,[],207.2404419996019,162.8352130010171,543
0.0625,-0.5,"[0, 4]",2,,1781072226867.4443,0.0,1781072226726.093,0,0,141.3507329998538,1340,10459.7236328125,1.1714216470718384,32,0.5790940523147583,0.25425174832344055,5,6,32,1781072226876.0645,1781072226712.1624,3745,214,middle,1.0,35.8985639995808,4.168919000221649,observability_fixed_R16_k16,good,22.549015999175026,0,False,False,0.0,"[0, 5, 33, 35, 40, 46, 49, 50, 51, 52, 53, 54, 55, 56, 57, 58]",5,pg19,2,d7031cd6-0ebd-4367-b8ee-87af766601ef,19847,766,False,16,16,57,"[0, 5, 33, 35, 40, 46, 49, 50, 51, 52, 53, 54, 55, 56, 57, 58]",0.14552736982643524,29,[],207.73320799889916,163.89974899902882,545
0.1875,3.5,"[0, 1, 2, 8, 13, 25]",6,,1781072227271.089,0.0,1781072227129.5823,0,0,141.50668699949165,315,10460.1279296875,0.07367058843374252,32,0.9892459511756897,0.9842925816774368,6,6,32,1781072227279.881,1781072227115.8997,3748,217,middle,1.0,31.149858001299435,0.05957099892839324,observability_fixed_R16_k16,good,22.47228600026574,0,False,False,0.0,"[0, 5, 33, 35, 40, 46, 49, 50, 51, 52, 53, 54, 55, 56, 57, 58]",5,pg19,6,d7031cd6-0ebd-4367-b8ee-87af766601ef,19861,787,False,16,16,58,"[0, 5, 33, 35, 40, 46, 49, 50, 51, 52, 53, 54, 55, 56, 57, 58]",0.14621131270010673,36,[],207.67707800041535,163.9789729997574,548
0.0,-3.25,[],0,,1781072227676.2754,0.0,1781072227535.6387,0,0,140.63606499985326,18239,10462.62158203125,2.674833297729492,32,0.4035109281539917,0.30766867846250534,6,6,32,1781072227685.003,1781072227521.6936,3755,224,middle,1.0,32.31848899849865,0.072750000981614,observability_fixed_R16_k16,good,22.670725998978014,0,False,False,0.0,"[0, 5, 33, 35, 40, 46, 49, 50, 51, 52, 53, 54, 55, 56, 57, 58]",5,pg19,0,d7031cd6-0ebd-4367-b8ee-87af766601ef,19898,765,False,16,16,59,"[0, 5, 33, 35, 40, 46, 49, 50, 51, 52, 53, 54, 55, 56, 57, 58]",0.1478029294274301,37,[],208.37687799939886,163.30679099883127,555
0.125,1.75,"[0, 3, 8, 23]",4,,1781072228077.3013,0.0,1781072227936.8184,0,0,140.48191199981375,537,10458.96875,0.6510756015777588,32,0.839652955532074,0.7552068382501602,6,6,32,1781072228086.0747,1781072227923.102,3756,225,middle,1.0,29.978513999594725,0.06255600055737887,observability_fixed_R16_k16,good,22.48807500109251,0,False,False,0.0,"[0, 5, 33, 35, 40, 46, 49, 50, 51, 52, 53, 54, 55, 56, 57, 58]",5,pg19,4,d7031cd6-0ebd-4367-b8ee-87af766601ef,19883,778,False,16,16,60,"[0, 5, 33, 35, 40, 46, 49, 50, 51, 52, 53, 54, 55, 56, 57, 58]",0.14802981895633652,42,[],207.07306999975117,162.96998700090626,556
0.15625,2.0,"[0, 14, 22, 29, 31]",5,,1781072228482.1538,0.0,1781072228340.6733,0,0,141.47965099982684,92909,10461.287109375,3.715527296066284,32,0.2547245919704437,0.116233229637146,5,6,32,1781072228490.78,1781072228326.9272,3761,230,middle,1.0,32.54464199926588,0.06415200004994404,observability_fixed_R16_k16,good,22.371238001142046,0,False,False,0.0,"[0, 5, 33, 35, 40, 46, 49, 50, 51, 52, 53, 54, 55, 56, 57, 58]",5,pg19,5,d7031cd6-0ebd-4367-b8ee-87af766601ef,19929,792,False,16,16,61,"[0, 5, 33, 35, 40, 46, 49, 50, 51, 52, 53, 54, 55, 56, 57, 58]",0.149162456793406,48,[],207.18930000111868,163.8508890009689,561
0.1875,2.25,"[0, 2, 5, 13, 15, 25]",6,,1781072228886.0679,0.0,1781072228744.394,0,0,141.6729930006113,1251,10461.86669921875,0.23848934471607208,32,0.9579646587371826,0.9339824821799994,6,6,32,1781072228894.8394,1781072228730.9248,3767,236,middle,1.0,32.04511299918522,0.06332200064207427,observability_fixed_R16_k16,good,22.23867899920151,0,False,False,0.0,"[0, 5, 33, 35, 40, 46, 49, 50, 51, 52, 53, 54, 55, 56, 57, 58]",5,pg19,6,d7031cd6-0ebd-4367-b8ee-87af766601ef,19951,788,False,16,16,62,"[0, 5, 33, 35, 40, 46, 49, 50, 51, 52, 53, 54, 55, 56, 57, 58]",0.15051765330501726,55,[],206.98168499984604,163.91167199981282,567
0.09375,-0.75,"[0, 8, 17]",3,,1781072229288.3345,0.0,1781072229147.903,0,0,140.43045100152085,4948,10462.4462890625,2.0180587768554688,32,0.30471861362457275,0.0047242045402526855,5,6,32,1781072229297.025,1781072229134.1924,3774,243,middle,1.0,32.239312000456266,0.06435700015572365,observability_fixed_R16_k16,good,22.400045998438145,0,False,False,0.0,"[0, 5, 33, 35, 40, 46, 49, 50, 51, 52, 53, 54, 55, 56, 57, 58]",5,pg19,3,d7031cd6-0ebd-4367-b8ee-87af766601ef,19962,775,False,16,16,63,"[0, 5, 33, 35, 40, 46, 49, 50, 51, 52, 53, 54, 55, 56, 57, 58]",0.15209326974032855,59,[],206.044873000792,162.830496999959,574
0.125,-0.5,"[0, 12, 21, 29]",4,0.8732542395591736,1781072229825.8772,127.23288699999102,1781072229557.8909,16,967,267.9865499994776,2677,10460.70751953125,3.7898497581481934,32,0.16592565178871155,0.017190858721733093,5,6,32,1781072229834.4924,1781072229544.1199,3778,247,middle,0.7368421052631579,35.581379999712226,4.25108099989302,observability_fixed_R16_k16,good,22.384167999916826,0,False,False,0.0,"[0, 5, 33, 35, 40, 46, 49, 50, 51, 52, 53, 54, 55, 56, 57, 58, 59]",5,pg19,4,d7031cd6-0ebd-4367-b8ee-87af766601ef,19994,981,True,16,16,64,"[0, 35, 46, 47, 48, 49, 50, 51, 52, 53, 54, 55, 56, 57, 58, 59]",0.16146109052408683,64,"[0, 3782, 3781, 3780, 3779, 3773, 3777, 3778, 3776, 2254, 3770, 3763, 3771, 3774, 3775, 3768]",206.50095199926,290.3707179993944,610
0.1875,1.5,"[0, 8, 17, 21, 27, 31]",6,,1781072230179.5205,0.0,1781072230101.5396,0,0,77.97968100021535,279,10461.287109375,2.2302165031433105,32,0.5160802602767944,0.3291683793067932,6,6,32,1781072230188.2175,1781072230088.0164,3783,252,middle,1.0,33.11587100142788,4.17762700089952,observability_fixed_R16_k16,good,22.218899999643327,0,False,False,0.0,"[0, 35, 46, 47, 48, 49, 50, 51, 52, 53, 54, 55, 56, 57, 58, 59]",5,pg19,6,d7031cd6-0ebd-4367-b8ee-87af766601ef,20021,787,False,16,16,65,"[0, 35, 46, 47, 48, 49, 50, 51, 52, 53, 54, 55, 56, 57, 58, 59]",0.1371927042030135,7,[],215.29266399920743,100.19858099985868,519
0.0,-4.75,[],0,,1781072230587.587,0.0,1781072230439.5525,0,0,148.0338949986617,6277,10462.4462890625,3.475224494934082,32,0.43930259346961975,0.39300044253468513,5,6,32,1781072230596.035,1781072230425.5588,3790,259,middle,1.0,31.153067999184714,0.060030000895494595,observability_fixed_R16_k16,good,22.440045002440456,0,False,False,0.0,"[0, 35, 46, 47, 48, 49, 50, 51, 52, 53, 54, 55, 56, 57, 58, 59]",5,pg19,0,d7031cd6-0ebd-4367-b8ee-87af766601ef,20049,759,False,16,16,66,"[0, 35, 46, 47, 48, 49, 50, 51, 52, 53, 54, 55, 56, 57, 58, 59]",0.1387862796833773,8,[],205.2471669994702,170.47394000110216,526
0.0,-3.25,[],0,,1781072230985.9478,0.0,1781072230845.629,0,0,140.317988998504,68424,10458.96875,1.6655399799346924,32,0.5753120183944702,0.4489327371120453,6,6,32,1781072230994.7104,1781072230832.022,3791,260,middle,1.0,30.200823999621207,0.06512900108646136,observability_fixed_R16_k16,good,22.369380001691752,0,False,False,0.0,"[0, 35, 46, 47, 48, 49, 50, 51, 52, 53, 54, 55, 56, 57, 58, 59]",5,pg19,0,d7031cd6-0ebd-4367-b8ee-87af766601ef,20043,758,False,16,16,67,"[0, 35, 46, 47, 48, 49, 50, 51, 52, 53, 54, 55, 56, 57, 58, 59]",0.13901345291479822,9,[],204.77673300047172,162.68736900019576,527
0.03125,-1.5,[0],1,,1781072231379.8071,0.0,1781072231240.2373,0,0,139.56916400093178,1205,10458.96875,2.153656005859375,32,0.34445250034332275,0.16575290262699127,4,6,32,1781072231388.61,1781072231226.6455,3792,261,middle,1.0,30.33571500054677,0.06299699998635333,observability_fixed_R16_k16,good,22.39302499947371,0,False,False,0.0,"[0, 35, 46, 47, 48, 49, 50, 51, 52, 53, 54, 55, 56, 57, 58, 59]",5,pg19,1,d7031cd6-0ebd-4367-b8ee-87af766601ef,20048,766,False,16,16,68,"[0, 35, 46, 47, 48, 49, 50, 51, 52, 53, 54, 55, 56, 57, 58, 59]",0.13924050632911392,11,[],200.75950099999318,161.9621890004055,528
0.0625,0.25,"[0, 8]",2,,1781072231783.9092,0.0,1781072231641.0593,0,0,142.84907000001112,13166,10459.54833984375,1.2842202186584473,32,0.7236790657043457,0.6437433287501335,5,6,32,1781072231792.6926,1781072231627.688,3794,263,middle,1.0,32.06092799882754,0.06495800153061282,observability_fixed_R16_k16,good,22.153156000058516,0,False,False,0.0,"[0, 35, 46, 47, 48, 49, 50, 51, 52, 53, 54, 55, 56, 57, 58, 59]",5,pg19,2,d7031cd6-0ebd-4367-b8ee-87af766601ef,20065,772,False,16,16,69,"[0, 35, 46, 47, 48, 49, 50, 51, 52, 53, 54, 55, 56, 57, 58, 59]",0.13969425408539798,14,[],205.89965100043628,165.00222600006964,530
0.0625,1.25,"[0, 8]",2,,1781072232187.3826,0.0,1781072232044.1658,0,0,143.2159119995049,5938,10460.1279296875,2.0575623512268066,32,0.39625832438468933,0.17047715187072754,6,6,32,1781072232196.2388,1781072232030.2666,3797,266,middle,1.0,32.050020001406665,0.06279499939410016,observability_fixed_R16_k16,good,22.75151100002404,0,False,False,0.0,"[0, 35, 46, 47, 48, 49, 50, 51, 52, 53, 54, 55, 56, 57, 58, 59]",5,pg19,2,d7031cd6-0ebd-4367-b8ee-87af766601ef,20070,767,False,16,16,70,"[0, 35, 46, 47, 48, 49, 50, 51, 52, 53, 54, 55, 56, 57, 58, 59]",0.1403739794574664,17,[],204.40717399833375,165.96742299952894,533
0.0,-1.25,[],0,,1781072232584.6216,0.0,1781072232443.8186,0,0,140.80260300033842,10212,10460.1279296875,2.9371836185455322,32,0.26109015941619873,0.004047811031341553,4,6,32,1781072232593.4512,1781072232430.2185,3800,269,middle,1.0,31.474149000132456,0.0639689988020109,observability_fixed_R16_k16,good,22.428149999541347,0,False,False,0.0,"[0, 35, 46, 47, 48, 49, 50, 51, 52, 53, 54, 55, 56, 57, 58, 59]",5,pg19,0,d7031cd6-0ebd-4367-b8ee-87af766601ef,20091,766,False,16,16,71,"[0, 35, 46, 47, 48, 49, 50, 51, 52, 53, 54, 55, 56, 57, 58, 59]",0.14105263157894737,18,[],201.3483000009728,163.23075299987977,536
0.09375,1.75,"[0, 7, 23]",3,,1781072232984.8542,0.0,1781072232844.0715,0,0,140.78237600006105,3213,10458.96875,1.6952377557754517,32,0.4449017345905304,0.06435710191726685,5,6,32,1781072232993.8875,1781072232830.381,3801,270,middle,1.0,31.990240000595804,0.06240299990167841,observability_fixed_R16_k16,good,22.72197700040124,0,False,False,0.0,"[0, 35, 46, 47, 48, 49, 50, 51, 52, 53, 54, 55, 56, 57, 58, 59]",5,pg19,3,d7031cd6-0ebd-4367-b8ee-87af766601ef,20088,775,False,16,16,72,"[0, 35, 46, 47, 48, 49, 50, 51, 52, 53, 54, 55, 56, 57, 58, 59]",0.14127861089187055,22,[],203.99888300016755,163.5043530004623,537
0.125,2.25,"[0, 2, 6, 16]",4,,1781072233388.0032,0.0,1781072233245.4133,0,0,142.58809900093183,42742,10460.70751953125,0.19680505990982056,32,0.9619596004486084,0.9319888316094875,6,6,32,1781072233396.5986,1781072233231.7134,3805,274,middle,1.0,31.943062000209466,0.06199400013429113,observability_fixed_R16_k16,good,22.294379999948433,0,False,False,0.0,"[0, 35, 46, 47, 48, 49, 50, 51, 52, 53, 54, 55, 56, 57, 58, 59]",5,pg19,4,d7031cd6-0ebd-4367-b8ee-87af766601ef,20109,782,False,16,16,73,"[0, 35, 46, 47, 48, 49, 50, 51, 52, 53, 54, 55, 56, 57, 58, 59]",0.14218134034165572,27,[],204.83937099925242,164.88247900088027,541
0.0625,-0.25,"[0, 1]",2,,1781072233799.9602,0.0,1781072233656.6213,0,0,143.33800100030203,29701,10461.46240234375,0.006005249917507172,32,0.9992839694023132,0.9985853058751673,6,6,32,1781072233808.721,1781072233642.7197,3810,279,middle,1.0,36.26212299968756,4.1496539997751825,observability_fixed_R16_k16,good,22.660717000690056,0,False,False,0.0,"[0, 35, 46, 47, 48, 49, 50, 51, 52, 53, 54, 55, 56, 57, 58, 59]",5,pg19,2,d7031cd6-0ebd-4367-b8ee-87af766601ef,20137,772,False,16,16,74,"[0, 35, 46, 47, 48, 49, 50, 51, 52, 53, 54, 55, 56, 57, 58, 59]",0.14330708661417324,30,[],204.83255999897665,165.99871800099208,546
0.1875,3.75,"[0, 2, 7, 16, 23, 30]",6,,1781072234210.3486,0.0,1781072234067.6028,0,0,142.74485900023137,279,10460.1279296875,0.1260187029838562,32,0.9816083312034607,0.9744568653404713,6,6,32,1781072234219.1956,1781072234053.6428,3813,282,middle,1.0,33.01227900010417,0.0651439986540936,observability_fixed_R16_k16,good,22.80495999912091,0,False,False,0.0,"[0, 35, 46, 47, 48, 49, 50, 51, 52, 53, 54, 55, 56, 57, 58, 59]",5,pg19,6,d7031cd6-0ebd-4367-b8ee-87af766601ef,20145,790,False,16,16,75,"[0, 35, 46, 47, 48, 49, 50, 51, 52, 53, 54, 55, 56, 57, 58, 59]",0.14398111723052714,37,[],210.9460650008259,165.54981899935228,549
0.1875,2.25,"[7, 18, 25, 29, 30, 31]",6,,1781072234615.5999,0.0,1781072234472.4783,0,0,143.12113499909174,68424,10462.62158203125,4.883640766143799,32,0.1362069547176361,0.03339254856109619,6,6,32,1781072234624.1814,1781072234458.7612,3820,289,middle,1.0,32.287955000356305,0.06847199983894825,observability_fixed_R16_k16,good,22.296404002190684,0,False,False,0.0,"[0, 35, 46, 47, 48, 49, 50, 51, 52, 53, 54, 55, 56, 57, 58, 59]",5,pg19,6,d7031cd6-0ebd-4367-b8ee-87af766601ef,20188,797,False,16,16,76,"[0, 35, 46, 47, 48, 49, 50, 51, 52, 53, 54, 55, 56, 57, 58, 59]",0.14554973821989528,44,[],206.15252800052986,165.41753900128242,556
0.125,-0.5,"[2, 7, 19, 25]",4,,1781072235021.6406,0.0,1781072234877.7576,0,0,143.88256300117064,279,10462.4462890625,1.7917442321777344,32,0.305250883102417,0.022939980030059814,6,6,32,1781072235030.4504,1781072234863.986,3827,296,middle,1.0,32.28976700120256,0.06582300011359621,observability_fixed_R16_k16,good,22.580313998332713,0,False,False,0.0,"[0, 35, 46, 47, 48, 49, 50, 51, 52, 53, 54, 55, 56, 57, 58, 59]",5,pg19,4,d7031cd6-0ebd-4367-b8ee-87af766601ef,20208,780,False,16,16,77,"[0, 35, 46, 47, 48, 49, 50, 51, 52, 53, 54, 55, 56, 57, 58, 59]",0.14711262085184218,49,[],206.46554099948844,166.46287699950335,563
0.03125,-3.5,[0],1,,1781072235422.546,0.0,1781072235281.8335,0,0,140.71246200001042,19723,10461.287109375,2.2137420177459717,32,0.6720253825187683,0.6310315728187561,5,6,32,1781072235431.3977,1781072235267.9333,3832,301,middle,1.0,32.10577800018655,0.070407999373856,observability_fixed_R16_k16,good,22.75020399974892,0,False,False,0.0,"[0, 35, 46, 47, 48, 49, 50, 51, 52, 53, 54, 55, 56, 57, 58, 59]",5,pg19,1,d7031cd6-0ebd-4367-b8ee-87af766601ef,20238,767,False,16,16,78,"[0, 35, 46, 47, 48, 49, 50, 51, 52, 53, 54, 55, 56, 57, 58, 59]",0.14822546972860126,51,[],204.31800199912686,163.46266599975934,568
0.1875,1.75,"[0, 8, 21, 26, 28, 31]",6,,1781072235830.4407,0.0,1781072235687.7317,0,0,142.7083840007981,291,10459.54833984375,1.0572898387908936,32,0.7226961255073547,0.6065482869744301,6,6,32,1781072235839.2974,1781072235674.3,3834,303,middle,1.0,32.28030799982662,0.07291200017789379,observability_fixed_R16_k16,good,22.28652499979944,0,False,False,0.0,"[0, 35, 46, 47, 48, 49, 50, 51, 52, 53, 54, 55, 56, 57, 58, 59]",5,pg19,6,d7031cd6-0ebd-4367-b8ee-87af766601ef,20240,788,False,16,16,79,"[0, 35, 46, 47, 48, 49, 50, 51, 52, 53, 54, 55, 56, 57, 58, 59]",0.1486697965571205,58,[],209.72022100067989,164.99490900059754,570
0.15625,0.75,"[0, 4, 11, 20, 28]",5,0.875354528427124,1781072236373.4307,129.37866500033124,1781072236101.4187,16,967,272.01133200105687,304,10462.4462890625,0.6317827701568604,32,0.8619186878204346,0.7964850813150406,6,6,32,1781072236382.384,1781072236087.3633,3841,310,middle,0.8333333333333334,36.24704600042605,4.255980000380077,observability_fixed_R16_k16,good,23.00664599715674,0,False,False,0.0,"[0, 35, 46, 47, 48, 49, 50, 51, 52, 53, 54, 55, 56, 57, 58, 59, 60]",5,pg19,5,d7031cd6-0ebd-4367-b8ee-87af766601ef,20277,986,True,16,16,80,"[0, 35, 41, 48, 49, 50, 51, 52, 53, 54, 55, 56, 57, 58, 59, 60]",0.1585524602967977,64,"[0, 3846, 3845, 3844, 3841, 3840, 3775, 3842, 3835, 3843, 2254, 3834, 3803, 3836, 3833, 3827]",206.6036879987223,295.0179779982136,609
0.0625,-2.0,"[0, 8]",2,,1781072236720.9456,0.0,1781072236643.818,0,0,77.12677599920426,4401,10461.86669921875,1.373543620109558,32,0.7229971289634705,0.6012245416641235,4,6,32,1781072236729.6096,1781072236629.9556,3847,316,middle,1.0,32.68714299883868,4.180466999969212,observability_fixed_R16_k16,good,22.52481400137185,0,False,False,0.0,"[0, 35, 41, 48, 49, 50, 51, 52, 53, 54, 55, 56, 57, 58, 59, 60]",5,pg19,2,d7031cd6-0ebd-4367-b8ee-87af766601ef,20299,764,False,16,16,81,"[0, 35, 41, 48, 49, 50, 51, 52, 53, 54, 55, 56, 57, 58, 59, 60]",0.13491031972965947,3,[],209.4075850000081,99.6515900005761,519
0.09375,-0.5,"[0, 3, 10]",3,,1781072237128.0762,0.0,1781072236979.2622,0,0,148.81301300010819,198,10460.1279296875,0.7254078984260559,32,0.7421290874481201,0.5227561444044113,6,6,32,1781072237136.8699,1781072236965.2961,3850,319,middle,1.0,30.844094000713085,0.06768099956389051,observability_fixed_R16_k16,good,22.757888000342064,0,False,False,0.0,"[0, 35, 41, 48, 49, 50, 51, 52, 53, 54, 55, 56, 57, 58, 59, 60]",5,pg19,3,d7031cd6-0ebd-4367-b8ee-87af766601ef,20311,774,False,16,16,82,"[0, 35, 41, 48, 49, 50, 51, 52, 53, 54, 55, 56, 57, 58, 59, 60]",0.13558441558441559,7,[],203.90714399945864,171.57090100045025,522
0.03125,-3.0,[12],1,,1781072237530.731,0.0,1781072237388.8042,0,0,141.92605200150865,1012,10460.70751953125,5.032833099365234,32,0.10748831182718277,0.04812763258814812,5,6,32,1781072237539.4885,1781072237374.7305,3854,323,middle,1.0,32.39604999907897,0.06457699964812491,observability_fixed_R16_k16,good,22.829737998108612,0,False,False,0.0,"[0, 35, 41, 48, 49, 50, 51, 52, 53, 54, 55, 56, 57, 58, 59, 60]",5,pg19,1,d7031cd6-0ebd-4367-b8ee-87af766601ef,20352,767,False,16,16,83,"[0, 35, 41, 48, 49, 50, 51, 52, 53, 54, 55, 56, 57, 58, 59, 60]",0.13648157758173327,9,[],204.38146199921903,164.75578999961726,526
0.03125,-1.75,[5],1,,1781072237926.595,0.0,1781072237785.7778,0,0,140.81656800044584,504,10459.54833984375,4.06212043762207,32,0.20410214364528656,0.018265023827552795,5,6,32,1781072237935.079,1781072237771.847,3856,325,middle,1.0,31.40858400001889,0.06220099930942524,observability_fixed_R16_k16,good,22.41351299926464,0,False,False,0.0,"[0, 35, 41, 48, 49, 50, 51, 52, 53, 54, 55, 56, 57, 58, 59, 60]",5,pg19,1,d7031cd6-0ebd-4367-b8ee-87af766601ef,20349,763,False,16,16,84,"[0, 35, 41, 48, 49, 50, 51, 52, 53, 54, 55, 56, 57, 58, 59, 60]",0.13692946058091288,11,[],199.86156899904017,163.23008099971048,528
0.125,2.25,"[0, 2, 6, 9]",4,,1781072238329.631,0.0,1781072238186.9382,0,0,142.69160000003467,6277,10460.013671875,0.9781171679496765,32,0.8551958203315735,0.803028542548418,6,6,32,1781072238338.2886,1781072238172.9878,3858,327,middle,1.0,32.89597199909622,0.06650800060015172,observability_fixed_R16_k16,good,22.608088000197313,0,False,False,0.0,"[0, 35, 41, 48, 49, 50, 51, 52, 53, 54, 55, 56, 57, 58, 59, 60]",5,pg19,4,d7031cd6-0ebd-4367-b8ee-87af766601ef,20358,777,False,16,16,85,"[0, 35, 41, 48, 49, 50, 51, 52, 53, 54, 55, 56, 57, 58, 59, 60]",0.13737687921202696,16,[],203.88406700112682,165.29968800023198,530
0.0,-2.25,[],0,,1781072238734.453,0.0,1781072238592.7893,0,0,141.66234900039854,68424,10461.287109375,1.8202300071716309,32,0.380695104598999,0.04994148015975952,5,6,32,1781072238743.2324,1781072238578.6733,3863,332,middle,1.0,32.3207490000641,0.06911000127729494,observability_fixed_R16_k16,good,22.89431599820091,0,False,False,0.0,"[0, 35, 41, 48, 49, 50, 51, 52, 53, 54, 55, 56, 57, 58, 59, 60]",5,pg19,0,d7031cd6-0ebd-4367-b8ee-87af766601ef,20364,765,False,16,16,86,"[0, 35, 41, 48, 49, 50, 51, 52, 53, 54, 55, 56, 57, 58, 59, 60]",0.1384933989127621,17,[],207.17705199967895,164.55666499859944,535
0.03125,-0.5,[1],1,,1781072239129.5874,0.0,1781072238990.9517,0,0,138.6354520000168,1205,10458.96875,1.6422535181045532,32,0.41628676652908325,0.06573814153671265,5,6,32,1781072239138.3782,1781072238977.2278,3864,333,middle,1.0,30.601573000240023,0.06482900062110275,observability_fixed_R16_k16,good,22.513898000397603,0,False,False,0.0,"[0, 35, 41, 48, 49, 50, 51, 52, 53, 54, 55, 56, 57, 58, 59, 60]",5,pg19,1,d7031cd6-0ebd-4367-b8ee-87af766601ef,20367,763,False,16,16,87,"[0, 35, 41, 48, 49, 50, 51, 52, 53, 54, 55, 56, 57, 58, 59, 60]",0.13871635610766045,19,[],202.2564210001292,161.14935000041442,536
0.03125,-0.5,[1],1,,1781072239532.7068,0.0,1781072239389.999,0,0,142.7072850001423,198,10459.54833984375,2.6523773670196533,32,0.30969589948654175,0.06850448250770569,5,6,32,1781072239541.4995,1781072239376.0398,3866,335,middle,1.0,31.99952700015274,0.06350200055749156,observability_fixed_R16_k16,good,22.750497999368235,0,False,False,0.0,"[0, 35, 41, 48, 49, 50, 51, 52, 53, 54, 55, 56, 57, 58, 59, 60]",5,pg19,1,d7031cd6-0ebd-4367-b8ee-87af766601ef,20385,760,False,16,16,88,"[0, 35, 41, 48, 49, 50, 51, 52, 53, 54, 55, 56, 57, 58, 59, 60]",0.13916192446973616,21,[],204.83580899963272,165.45778299951053,538
0.09375,1.5,"[7, 15, 27]",3,,1781072239935.4807,0.0,1781072239792.8704,0,0,142.60993500101904,279,10459.54833984375,5.132094383239746,32,0.08553866297006607,0.020970694720745087,5,6,32,1781072239943.9998,1781072239779.0684,3868,337,middle,1.0,32.417061000160174,0.06424099956348073,observability_fixed_R16_k16,good,22.320035999655374,0,False,False,0.0,"[0, 35, 41, 48, 49, 50, 51, 52, 53, 54, 55, 56, 57, 58, 59, 60]",5,pg19,3,d7031cd6-0ebd-4367-b8ee-87af766601ef,20411,776,False,16,16,89,"[0, 35, 41, 48, 49, 50, 51, 52, 53, 54, 55, 56, 57, 58, 59, 60]",0.13960703205791106,25,[],204.1787310008658,164.9299710006744,540
0.03125,-0.25,[0],1,,1781072240335.0398,0.0,1781072240195.5146,0,0,139.52478499959398,10212,10460.70751953125,2.9092891216278076,32,0.5982786417007446,0.5120884254574776,6,6,32,1781072240343.4868,1781072240181.6267,3872,341,middle,1.0,30.53602900035912,0.06508399928861763,observability_fixed_R16_k16,good,22.332022001137375,0,False,False,0.0,"[0, 35, 41, 48, 49, 50, 51, 52, 53, 54, 55, 56, 57, 58, 59, 60]",5,pg19,1,d7031cd6-0ebd-4367-b8ee-87af766601ef,20408,768,False,16,16,90,"[0, 35, 41, 48, 49, 50, 51, 52, 53, 54, 55, 56, 57, 58, 59, 60]",0.14049586776859505,27,[],206.2087119993521,161.85680700073135,544
0.09375,1.5,"[0, 7, 19]",3,,1781072240735.9622,0.0,1781072240595.2148,0,0,140.74651600094512,3213,10459.54833984375,1.4949311017990112,32,0.4369347095489502,0.013443082571029663,5,6,32,1781072240744.705,1781072240581.6118,3874,343,late,1.0,32.057409998742514,0.06772400047339033,observability_fixed_R16_k16,good,22.34445300018706,0,False,False,0.0,"[0, 35, 41, 48, 49, 50, 51, 52, 53, 54, 55, 56, 57, 58, 59, 60]",5,pg19,3,d7031cd6-0ebd-4367-b8ee-87af766601ef,20416,776,False,16,16,91,"[0, 35, 41, 48, 49, 50, 51, 52, 53, 54, 55, 56, 57, 58, 59, 60]",0.14093959731543623,31,[],204.9427359997935,163.09096900113218,546
0.125,2.0,"[0, 2, 4, 15]",4,,1781072241144.4941,0.0,1781072241001.304,0,0,143.18951800123614,42742,10460.70751953125,0.20569860935211182,32,0.9582797288894653,0.9233743920922279,6,6,32,1781072241153.288,1781072240987.677,3878,347,late,1.0,32.09427700130618,0.06393299918272533,observability_fixed_R16_k16,good,22.420023999075056,0,False,False,0.0,"[0, 35, 41, 48, 49, 50, 51, 52, 53, 54, 55, 56, 57, 58, 59, 60]",5,pg19,4,d7031cd6-0ebd-4367-b8ee-87af766601ef,20433,780,False,16,16,92,"[0, 35, 41, 48, 49, 50, 51, 52, 53, 54, 55, 56, 57, 58, 59, 60]",0.14182568334192883,36,[],209.82447100141144,165.6095420003112,550
0.15625,2.25,"[0, 1, 9, 18, 28]",5,,1781072241547.3132,0.0,1781072241405.608,0,0,141.70457699947292,6277,10461.75244140625,0.0023073642514646053,32,0.999761164188385,0.9995377512823325,6,6,32,1781072241555.898,1781072241391.485,3883,352,late,1.0,32.467275001181406,0.06855999890831299,observability_fixed_R16_k16,good,22.70559300086461,0,False,False,0.0,"[0, 35, 41, 48, 49, 50, 51, 52, 53, 54, 55, 56, 57, 58, 59, 60]",5,pg19,5,d7031cd6-0ebd-4367-b8ee-87af766601ef,20464,784,False,16,16,93,"[0, 35, 41, 48, 49, 50, 51, 52, 53, 54, 55, 56, 57, 58, 59, 60]",0.14293072366726758,42,[],204.84533200033184,164.41017000033753,555
0.125,0.75,"[1, 8, 20, 29]",4,,1781072241952.5654,0.0,1781072241810.2793,0,0,142.28566299971135,10173,10461.86669921875,2.6513259410858154,32,0.2608003616333008,0.037725985050201416,5,6,32,1781072241961.5935,1781072241796.339,3889,358,late,1.0,32.23952999906032,0.06629000017710496,observability_fixed_R16_k16,good,22.9664930011495,0,False,False,0.0,"[0, 35, 41, 48, 49, 50, 51, 52, 53, 54, 55, 56, 57, 58, 59, 60]",5,pg19,4,d7031cd6-0ebd-4367-b8ee-87af766601ef,20483,784,False,16,16,94,"[0, 35, 41, 48, 49, 50, 51, 52, 53, 54, 55, 56, 57, 58, 59, 60]",0.14425302134224735,47,[],207.06789199903142,165.25215600086085,561
0.1875,2.0,"[0, 1, 6, 13, 19, 24]",6,,1781072242363.0427,0.0,1781072242218.722,0,0,144.32043500164582,702,10461.287109375,0.12055157870054245,32,0.9845746159553528,0.9806132670491934,6,6,32,1781072242371.7644,1781072242204.75,3894,363,late,1.0,34.87814099935349,0.07007699969108216,observability_fixed_R16_k16,good,22.691915997711476,0,False,False,0.0,"[0, 35, 41, 48, 49, 50, 51, 52, 53, 54, 55, 56, 57, 58, 59, 60]",5,pg19,6,d7031cd6-0ebd-4367-b8ee-87af766601ef,20508,789,False,16,16,95,"[0, 35, 41, 48, 49, 50, 51, 52, 53, 54, 55, 56, 57, 58, 59, 60]",0.145351823317925,54,[],207.12594999895373,167.0123509993573,566
0.15625,0.25,"[0, 8, 17, 25, 31]",5,0.8686600923538208,1781072242894.1106,126.09045600038371,1781072242624.8347,16,963,269.2760139998427,19723,10462.4462890625,2.251098394393921,32,0.4595511853694916,0.3126697987318039,5,6,32,1781072242902.6826,1781072242610.921,3901,370,late,0.5238095238095238,32.044794999819715,0.06862000009277835,observability_fixed_R16_k16,good,22.483395001472672,0,False,False,0.0,"[0, 35, 41, 48, 49, 50, 51, 52, 53, 54, 55, 56, 57, 58, 59, 60]",5,pg19,5,d7031cd6-0ebd-4367-b8ee-87af766601ef,20544,985,True,16,16,96,"[0, 2, 33, 35, 40, 47, 51, 52, 54, 55, 56, 57, 58, 59, 60, 61]",0.14688541399641117,60,"[0, 3906, 3833, 3864, 3863, 3905, 3834, 3888, 3902, 3889, 3723, 3792, 3899, 3887, 2254, 3869]",206.24946300085867,291.75940900131536,573
0.03125,-4.0,[0],1,,1781072243240.3577,0.0,1781072243164.2092,0,0,76.1478550011816,1205,10461.86669921875,1.2839066982269287,32,0.6016867160797119,0.45423704385757446,6,6,32,1781072243248.9192,1781072243150.5679,3907,376,late,1.0,36.16183499980252,4.151936000198475,observability_fixed_R16_k16,good,22.201841997230076,0,False,False,0.0,"[0, 2, 33, 35, 40, 47, 51, 52, 54, 55, 56, 57, 58, 59, 60, 61]",5,pg19,1,d7031cd6-0ebd-4367-b8ee-87af766601ef,20562,759,False,16,16,97,"[0, 2, 33, 35, 40, 47, 51, 52, 54, 55, 56, 57, 58, 59, 60, 61]",0.1400051190171487,2,[],206.50186199964082,98.34969699841167,547
0.03125,-3.0,[2],1,,1781072243651.2036,0.0,1781072243499.618,0,0,151.58488100132672,1083,10459.54833984375,2.569833993911743,32,0.32122883200645447,0.1410357803106308,5,6,32,1781072243660.001,1781072243485.8079,3909,378,late,1.0,31.078484998943168,0.06531399958475959,observability_fixed_R16_k16,good,22.60540999850491,0,False,False,0.0,"[0, 2, 33, 35, 40, 47, 51, 52, 54, 55, 56, 57, 58, 59, 60, 61]",5,pg19,1,d7031cd6-0ebd-4367-b8ee-87af766601ef,20571,765,False,16,16,98,"[0, 2, 33, 35, 40, 47, 51, 52, 54, 55, 56, 57, 58, 59, 60, 61]",0.14044512663085187,4,[],204.68486900063,174.19029099983163,549
0.1875,2.75,"[0, 3, 10, 20, 28, 31]",6,,1781072244056.7727,0.0,1781072243914.0454,0,0,142.72628300022916,1251,10459.83154296875,0.1286524087190628,32,0.9826980233192444,0.9772938205860555,6,6,32,1781072244065.5593,1781072243900.3245,3911,380,late,1.0,32.02851199966972,0.06472300083260052,observability_fixed_R16_k16,good,22.505782999360235,0,False,False,0.0,"[0, 2, 33, 35, 40, 47, 51, 52, 54, 55, 56, 57, 58, 59, 60, 61]",5,pg19,6,d7031cd6-0ebd-4367-b8ee-87af766601ef,20587,794,False,16,16,99,"[0, 2, 33, 35, 40, 47, 51, 52, 54, 55, 56, 57, 58, 59, 60, 61]",0.14088468422398365,11,[],207.28998499907902,165.2320659995894,551
0.09375,-0.25,"[2, 8, 23]",3,,1781072244464.3606,0.0,1781072244320.6934,0,0,143.66741999947408,4948,10462.4462890625,1.5813342332839966,32,0.39427611231803894,0.08237802982330322,6,6,32,1781072244473.181,1781072244305.355,3918,387,late,1.0,32.62170499874628,0.06550100079039112,observability_fixed_R16_k16,good,24.155641000106698,0,False,False,0.0,"[0, 2, 33, 35, 40, 47, 51, 52, 54, 55, 56, 57, 58, 59, 60, 61]",5,pg19,3,d7031cd6-0ebd-4367-b8ee-87af766601ef,20615,776,False,16,16,100,"[0, 2, 33, 35, 40, 47, 51, 52, 54, 55, 56, 57, 58, 59, 60, 61]",0.14241960183767227,15,[],205.99755299917888,167.82306099958078,558
0.0625,-0.75,"[7, 16]",2,,1781072244876.5425,0.0,1781072244732.201,0,0,144.34121300109837,614,10460.70751953125,4.050905227661133,32,0.18723613023757935,0.09879203885793686,6,6,32,1781072244885.4822,1781072244716.6152,3922,391,late,1.0,32.63137999965693,0.06654699973296374,observability_fixed_R16_k16,good,24.52367099976982,0,False,False,0.0,"[0, 2, 33, 35, 40, 47, 51, 52, 54, 55, 56, 57, 58, 59, 60, 61]",5,pg19,2,d7031cd6-0ebd-4367-b8ee-87af766601ef,20637,768,False,16,16,101,"[0, 2, 33, 35, 40, 47, 51, 52, 54, 55, 56, 57, 58, 59, 60, 61]",0.1432942376338603,18,[],209.64872000149626,168.8648840008682,562
0.03125,-2.0,[4],1,,1781072245292.0247,0.0,1781072245149.6226,0,0,142.40120599970396,198,10460.1279296875,1.5840696096420288,32,0.45892247557640076,0.09588488936424255,6,6,32,1781072245300.8086,1781072245135.4631,3925,394,late,1.0,32.135015999301686,0.06680600017716642,observability_fixed_R16_k16,good,22.942849000173737,0,False,False,0.0,"[0, 2, 33, 35, 40, 47, 51, 52, 54, 55, 56, 57, 58, 59, 60, 61]",5,pg19,1,d7031cd6-0ebd-4367-b8ee-87af766601ef,20657,763,False,16,16,102,"[0, 2, 33, 35, 40, 47, 51, 52, 54, 55, 56, 57, 58, 59, 60, 61]",0.14394904458598726,20,[],216.65287299947522,165.3440549998777,565
0.0625,-1.0,"[5, 20]",2,,1781072245697.476,0.0,1781072245555.388,0,0,142.08741000038572,1910,10459.54833984375,3.820629119873047,32,0.20051290094852448,0.015068784356117249,4,6,32,1781072245706.2412,1781072245541.7878,3927,396,late,1.0,32.23493999939819,0.06650299837929197,observability_fixed_R16_k16,good,22.361174000252504,0,False,False,0.0,"[0, 2, 33, 35, 40, 47, 51, 52, 54, 55, 56, 57, 58, 59, 60, 61]",5,pg19,2,d7031cd6-0ebd-4367-b8ee-87af766601ef,20675,770,False,16,16,103,"[0, 2, 33, 35, 40, 47, 51, 52, 54, 55, 56, 57, 58, 59, 60, 61]",0.1443850267379679,23,[],207.89004000107525,164.44858400063822,567
0.1875,4.0,"[0, 4, 12, 19, 23, 29]",6,,1781072246105.5417,0.0,1781072245961.6057,0,0,143.93459600069036,68424,10460.1279296875,0.9373457431793213,32,0.7091728448867798,0.5183015465736389,6,6,32,1781072246114.2097,1781072245947.49,3930,399,late,1.0,32.039175001045805,0.06752800072717946,observability_fixed_R16_k16,good,22.782385000027716,0,False,False,0.0,"[0, 2, 33, 35, 40, 47, 51, 52, 54, 55, 56, 57, 58, 59, 60, 61]",5,pg19,6,d7031cd6-0ebd-4367-b8ee-87af766601ef,20681,796,False,16,16,104,"[0, 2, 33, 35, 40, 47, 51, 52, 54, 55, 56, 57, 58, 59, 60, 61]",0.1450381679389313,30,[],208.04042099916842,166.71698100071808,570
0.0625,-0.75,"[2, 14]",2,,1781072246524.2798,0.0,1781072246381.3628,0,0,142.9165320005268,279,10462.62158203125,1.2674187421798706,32,0.5446019768714905,0.2952650189399719,6,6,32,1781072246533.032,1781072246367.3691,3937,406,late,1.0,37.421663999339216,4.164198999205837,observability_fixed_R16_k16,good,22.743861998606008,0,False,False,0.0,"[0, 2, 33, 35, 40, 47, 51, 52, 54, 55, 56, 57, 58, 59, 60, 61]",5,pg19,2,d7031cd6-0ebd-4367-b8ee-87af766601ef,20696,766,False,16,16,105,"[0, 2, 33, 35, 40, 47, 51, 52, 54, 55, 56, 57, 58, 59, 60, 61]",0.14655829311658625,33,[],210.4639440003666,165.6603939991328,577
0.0,-2.75,[],0,,1781072246931.7944,0.0,1781072246789.6326,0,0,142.16134399976,2070,10460.1279296875,4.851064682006836,32,0.07459104806184769,0.006675124168395996,4,6,32,1781072246940.6714,1781072246775.3938,3940,409,late,1.0,31.81157699873438,0.07005800034676213,observability_fixed_R16_k16,good,23.113683000701712,0,False,False,0.0,"[0, 2, 33, 35, 40, 47, 51, 52, 54, 55, 56, 57, 58, 59, 60, 61]",5,pg19,0,d7031cd6-0ebd-4367-b8ee-87af766601ef,20725,754,False,16,16,106,"[0, 2, 33, 35, 40, 47, 51, 52, 54, 55, 56, 57, 58, 59, 60, 61]",0.14720812182741116,34,[],209.60552399992594,165.2750270004617,580
0.15625,2.5,"[0, 1, 10, 20, 28]",5,,1781072247334.4275,0.0,1781072247192.7224,0,0,141.70419899892295,2677,10458.96875,0.0058630662970244884,32,0.9994896650314331,0.9992863004881656,6,6,32,1781072247343.1067,1781072247178.7737,3941,410,late,1.0,30.404944998736028,0.07178700070653576,observability_fixed_R16_k16,good,22.62584100208187,0,False,False,0.0,"[0, 2, 33, 35, 40, 47, 51, 52, 54, 55, 56, 57, 58, 59, 60, 61]",5,pg19,5,d7031cd6-0ebd-4367-b8ee-87af766601ef,20718,788,False,16,16,107,"[0, 2, 33, 35, 40, 47, 51, 52, 54, 55, 56, 57, 58, 59, 60, 61]",0.14742451154529307,40,[],206.57629200104566,164.33004000100482,581
0.0,-3.25,[],0,,1781072247743.331,0.0,1781072247599.9565,0,0,143.37512699967192,63647,10461.86669921875,3.1557235717773438,32,0.2533988058567047,0.1426970660686493,3,6,32,1781072247751.9736,1781072247584.3462,3947,416,late,1.0,32.63094499925501,0.07078999988152646,observability_fixed_R16_k16,good,24.249236999821733,0,False,False,0.0,"[0, 2, 33, 35, 40, 47, 51, 52, 54, 55, 56, 57, 58, 59, 60, 61]",5,pg19,0,d7031cd6-0ebd-4367-b8ee-87af766601ef,20753,765,False,16,16,108,"[0, 2, 33, 35, 40, 47, 51, 52, 54, 55, 56, 57, 58, 59, 60, 61]",0.14872054725107678,41,[],207.43361499989987,167.62436399949365,587
0.15625,3.25,"[0, 3, 14, 21, 29]",5,,1781072248146.0967,0.0,1781072248004.0364,0,0,142.06005999949411,359,10458.96875,0.5076723098754883,32,0.8903283476829529,0.8297407403588295,6,6,32,1781072248154.7305,1781072247988.539,3948,417,late,1.0,30.228340001485776,0.07061200085445307,observability_fixed_R16_k16,good,24.12914200067462,0,False,False,0.0,"[0, 2, 33, 35, 40, 47, 51, 52, 54, 55, 56, 57, 58, 59, 60, 61]",5,pg19,5,d7031cd6-0ebd-4367-b8ee-87af766601ef,20754,786,False,16,16,109,"[0, 2, 33, 35, 40, 47, 51, 52, 54, 55, 56, 57, 58, 59, 60, 61]",0.14893617021276595,47,[],205.21009399999457,166.18920200016873,588
0.125,1.5,"[1, 3, 10, 21]",4,,1781072248550.9304,0.0,1781072248408.1501,0,0,142.7795960007643,1550,10461.86669921875,0.3996596932411194,32,0.8633201122283936,0.7267230153083801,5,6,32,1781072248560.1265,1781072248394.0566,3954,423,late,1.0,32.15512299902912,0.0701079989084974,observability_fixed_R16_k16,good,23.287667998374673,0,False,False,0.0,"[0, 2, 33, 35, 40, 47, 51, 52, 54, 55, 56, 57, 58, 59, 60, 61]",5,pg19,4,d7031cd6-0ebd-4367-b8ee-87af766601ef,20764,779,False,16,16,110,"[0, 2, 33, 35, 40, 47, 51, 52, 54, 55, 56, 57, 58, 59, 60, 61]",0.15022761760242792,52,[],205.98716300082742,166.06726399913896,594
0.0625,-1.5,"[0, 9]",2,,1781072248956.713,0.0,1781072248812.7861,0,0,143.92600300016056,33125,10461.287109375,2.466468572616577,32,0.3175449073314667,0.11252249777317047,4,6,32,1781072248965.5034,1781072248798.8354,3959,428,late,1.0,32.55942999930994,0.07152099897211883,observability_fixed_R16_k16,good,22.73979900019185,0,False,False,0.0,"[0, 2, 33, 35, 40, 47, 51, 52, 54, 55, 56, 57, 58, 59, 60, 61]",5,pg19,2,d7031cd6-0ebd-4367-b8ee-87af766601ef,20822,771,False,16,16,111,"[0, 2, 33, 35, 40, 47, 51, 52, 54, 55, 56, 57, 58, 59, 60, 61]",0.1513008335438242,55,[],204.97079600136203,166.66580200035241,599
0.0,-2.75,[],0,0.846832811832428,1781072249426.8164,66.01590899845178,1781072249217.1384,16,1019,209.67822999955388,18401,10460.1279296875,2.673485517501831,32,0.23253406584262848,0.017475217580795288,6,6,32,1781072249435.6445,1781072249202.9817,3962,431,late,0.6842105263157895,32.273206999889226,0.07088699931045994,observability_fixed_R16_k16,good,22.982072001468623,0,False,False,0.0,"[0, 2, 33, 35, 40, 47, 51, 52, 54, 55, 56, 57, 58, 59, 60, 61]",5,pg19,0,d7031cd6-0ebd-4367-b8ee-87af766601ef,20819,963,True,16,16,112,"[0, 9, 35, 47, 49, 50, 51, 52, 54, 55, 56, 57, 58, 59, 60, 61]",0.1519434628975265,56,"[0, 3962, 3961, 3959, 3960, 3955, 3957, 3956, 3950, 3951, 3942, 2254, 3947, 3943, 3937, 3958]",204.30107099855377,232.6603020010225,602
0.03125,-1.75,[1],1,,1781072249769.0767,0.0,1781072249691.9976,0,0,77.07906899850059,697,10458.96875,0.9215543270111084,32,0.7547981142997742,0.6151745021343231,6,6,32,1781072249777.587,1781072249676.283,3963,432,late,1.0,30.365131000507972,4.224705999149592,observability_fixed_R16_k16,good,24.222575000749202,0,False,False,0.0,"[0, 9, 35, 47, 49, 50, 51, 52, 54, 55, 56, 57, 58, 59, 60, 61]",5,pg19,1,d7031cd6-0ebd-4367-b8ee-87af766601ef,20829,761,False,16,16,113,"[0, 9, 35, 47, 49, 50, 51, 52, 54, 55, 56, 57, 58, 59, 60, 61]",0.13600807469089074,2,[],204.81277200087789,101.30164399924979,539
0.09375,1.25,"[0, 5, 12]",3,,1781072250181.8005,0.0,1781072250029.0889,0,0,152.71104199928232,13,10459.54833984375,0.013869925402104855,32,0.9986211061477661,0.9981773031759076,6,6,32,1781072250190.412,1781072250014.672,3965,434,late,1.0,31.064947001141263,0.05729500117013231,observability_fixed_R16_k16,good,23.026127000775887,0,False,False,0.0,"[0, 9, 35, 47, 49, 50, 51, 52, 54, 55, 56, 57, 58, 59, 60, 61]",5,pg19,3,d7031cd6-0ebd-4367-b8ee-87af766601ef,20833,772,False,16,16,114,"[0, 9, 35, 47, 49, 50, 51, 52, 54, 55, 56, 57, 58, 59, 60, 61]",0.1364438839848676,6,[],204.8461739996128,175.7371690000582,541
0.09375,1.5,"[0, 14, 28]",3,,1781072250593.6074,0.0,1781072250451.587,0,0,142.0196079998277,63647,10460.70751953125,3.0159525871276855,32,0.21587419509887695,0.025365889072418213,3,6,32,1781072250602.2175,1781072250437.2869,3969,438,late,0.9411764705882353,37.99918299955607,4.190483999991557,observability_fixed_R16_k16,good,22.908541999640875,0,False,False,0.0,"[0, 9, 35, 47, 49, 50, 51, 52, 54, 55, 56, 57, 58, 59, 60, 61, 62]",5,pg19,3,d7031cd6-0ebd-4367-b8ee-87af766601ef,20855,775,False,16,16,115,"[0, 9, 35, 47, 49, 50, 51, 52, 54, 55, 56, 57, 58, 59, 60, 61]",0.145376669186193,10,[],203.55749999907857,164.9281499994686,577
0.0625,0.25,"[0, 7]",2,,1781072250996.9756,0.0,1781072250853.5686,0,0,143.40633999927377,1849,10460.70751953125,0.6504107117652893,32,0.8380471467971802,0.7191867828369141,4,6,32,1781072251005.8633,1781072250839.661,3973,442,late,0.9411764705882353,32.04715100036992,0.06448000021919142,observability_fixed_R16_k16,good,22.794325999711873,0,False,False,0.0,"[0, 9, 35, 47, 49, 50, 51, 52, 54, 55, 56, 57, 58, 59, 60, 61, 62]",5,pg19,2,d7031cd6-0ebd-4367-b8ee-87af766601ef,20869,770,False,16,16,116,"[0, 9, 35, 47, 49, 50, 51, 52, 54, 55, 56, 57, 58, 59, 60, 61]",0.14623710042788823,13,[],204.45427499907964,166.20066599898564,581
0.0625,-0.25,"[0, 10]",2,,1781072251407.6577,0.0,1781072251264.4194,0,0,143.23771400086116,198,10460.1279296875,0.1312331259250641,32,0.9810218811035156,0.9718447038903832,6,6,32,1781072251416.4878,1781072251250.127,3976,445,late,0.9411764705882353,32.136481000634376,0.06959399979677983,observability_fixed_R16_k16,good,23.120755999116227,0,False,False,0.0,"[0, 9, 35, 47, 49, 50, 51, 52, 54, 55, 56, 57, 58, 59, 60, 61, 62]",5,pg19,2,d7031cd6-0ebd-4367-b8ee-87af766601ef,20881,770,False,16,16,117,"[0, 9, 35, 47, 49, 50, 51, 52, 54, 55, 56, 57, 58, 59, 60, 61]",0.14688128772635814,16,[],211.1469350002153,166.3584699999774,584
0.125,1.5,"[0, 5, 15, 25]",4,,1781072251811.4346,0.0,1781072251668.398,0,0,143.0360969989124,8947,10460.1279296875,1.3664500713348389,32,0.5771562457084656,0.3511386066675186,6,6,32,1781072251820.1685,1781072251654.5833,3979,448,late,0.9411764705882353,32.44050099965534,0.06734400085406378,observability_fixed_R16_k16,good,22.54700500088802,0,False,False,0.0,"[0, 9, 35, 47, 49, 50, 51, 52, 54, 55, 56, 57, 58, 59, 60, 61, 62]",5,pg19,4,d7031cd6-0ebd-4367-b8ee-87af766601ef,20889,778,False,16,16,118,"[0, 9, 35, 47, 49, 50, 51, 52, 54, 55, 56, 57, 58, 59, 60, 61]",0.1475245036441317,21,[],204.4863589999295,165.58310199980042,587
0.0625,-0.75,"[7, 20]",2,,1781072252207.8525,0.0,1781072252067.602,0,0,140.24989300014568,2952,10461.287109375,2.417926073074341,32,0.3460477292537689,0.045396238565444946,5,6,32,1781072252216.472,1781072252053.5354,3984,453,late,0.9411764705882353,31.343515000116895,0.06704599945805967,observability_fixed_R16_k16,good,22.68108199859853,0,False,False,0.0,"[0, 9, 35, 47, 49, 50, 51, 52, 54, 55, 56, 57, 58, 59, 60, 61, 62]",5,pg19,2,d7031cd6-0ebd-4367-b8ee-87af766601ef,20932,771,False,16,16,119,"[0, 9, 35, 47, 49, 50, 51, 52, 54, 55, 56, 57, 58, 59, 60, 61]",0.14859437751004015,24,[],201.00157100023353,162.9309749987442,592
0.09375,0.5,"[2, 12, 25]",3,,1781072252610.8716,0.0,1781072252468.4832,0,0,142.3881339997024,13,10460.1279296875,1.6757214069366455,32,0.5541223287582397,0.3596070855855942,5,6,32,1781072252619.4175,1781072252454.4197,3987,456,late,0.9411764705882353,32.67511800004286,0.0693319998390507,observability_fixed_R16_k16,good,22.607284001423977,0,False,False,0.0,"[0, 9, 35, 47, 49, 50, 51, 52, 54, 55, 56, 57, 58, 59, 60, 61, 62]",5,pg19,3,d7031cd6-0ebd-4367-b8ee-87af766601ef,20939,771,False,16,16,120,"[0, 9, 35, 47, 49, 50, 51, 52, 54, 55, 56, 57, 58, 59, 60, 61]",0.1492350137948332,28,[],204.05483700051263,164.99541800112638,595
0.125,1.25,"[0, 7, 14, 27]",4,,1781072253015.6646,0.0,1781072252874.0625,0,0,141.6011460005393,4764,10460.70751953125,2.1279399394989014,32,0.4131527841091156,0.24092507362365723,5,6,32,1781072253024.2566,1781072252860.2039,3991,460,late,0.9411764705882353,32.10867899906589,0.069796000389033,observability_fixed_R16_k16,good,22.45077299994591,0,False,False,0.0,"[0, 9, 35, 47, 49, 50, 51, 52, 54, 55, 56, 57, 58, 59, 60, 61, 62]",5,pg19,4,d7031cd6-0ebd-4367-b8ee-87af766601ef,20956,779,False,16,16,121,"[0, 9, 35, 47, 49, 50, 51, 52, 54, 55, 56, 57, 58, 59, 60, 61]",0.15008769731896768,33,[],207.5391540001874,164.0519190004852,599
0.03125,-2.25,[0],1,,1781072253423.3672,0.0,1781072253280.3406,0,0,143.02594199943997,10342,10461.287109375,0.00030556527781300247,32,0.9999812841415405,0.9999787229007779,6,6,32,1781072253432.2666,1781072253266.6643,3996,465,late,0.9411764705882353,32.14216899868916,0.07070599895087071,observability_fixed_R16_k16,good,22.57369099970674,0,False,False,0.0,"[0, 9, 35, 47, 49, 50, 51, 52, 54, 55, 56, 57, 58, 59, 60, 61, 62]",5,pg19,1,d7031cd6-0ebd-4367-b8ee-87af766601ef,20974,767,False,16,16,122,"[0, 9, 35, 47, 49, 50, 51, 52, 54, 55, 56, 57, 58, 59, 60, 61]",0.15115115115115116,35,[],209.328570001162,165.5996329991467,604
0.15625,2.5,"[0, 7, 14, 21, 29]",5,,1781072253832.9734,0.0,1781072253691.392,0,0,141.58056500127714,6731,10459.54833984375,1.3452212810516357,32,0.5146642327308655,0.187523752450943,5,6,32,1781072253842.0789,1781072253677.6238,3998,467,late,0.9411764705882353,32.60943600071187,0.0712609999027336,observability_fixed_R16_k16,good,22.87221499864245,0,False,False,0.0,"[0, 9, 35, 47, 49, 50, 51, 52, 54, 55, 56, 57, 58, 59, 60, 61, 62]",5,pg19,5,d7031cd6-0ebd-4367-b8ee-87af766601ef,20985,786,False,16,16,123,"[0, 9, 35, 47, 49, 50, 51, 52, 54, 55, 56, 57, 58, 59, 60, 61]",0.15157578789394696,41,[],211.7370319992915,164.45277999991958,606
0.09375,-0.25,"[0, 9, 23]",3,,1781072254245.5144,0.0,1781072254103.8994,0,0,141.61480399889115,3213,10462.33203125,1.9286136627197266,32,0.3354252278804779,0.010319948196411133,5,6,32,1781072254254.096,1781072254089.778,4004,473,late,0.9411764705882353,36.31336000034935,4.281599998648744,observability_fixed_R16_k16,good,22.701827001583297,0,False,False,0.0,"[0, 9, 35, 47, 49, 50, 51, 52, 54, 55, 56, 57, 58, 59, 60, 61, 62]",5,pg19,3,d7031cd6-0ebd-4367-b8ee-87af766601ef,21001,776,False,16,16,124,"[0, 9, 35, 47, 49, 50, 51, 52, 54, 55, 56, 57, 58, 59, 60, 61]",0.15284715284715283,45,[],205.98768899981224,164.31663100047444,612
0.125,0.75,"[0, 1, 3, 5]",4,,1781072254643.5488,0.0,1781072254503.3481,0,0,140.1992370010703,14756,10461.287109375,0.018250079825520515,32,0.9977084398269653,0.9962084458675236,6,6,32,1781072254652.325,1781072254489.1104,4008,477,late,0.9411764705882353,32.07306400145171,0.07198099956440274,observability_fixed_R16_k16,good,23.012890998870716,0,False,False,0.0,"[0, 9, 35, 47, 49, 50, 51, 52, 54, 55, 56, 57, 58, 59, 60, 61, 62]",5,pg19,4,d7031cd6-0ebd-4367-b8ee-87af766601ef,21031,776,False,16,16,125,"[0, 9, 35, 47, 49, 50, 51, 52, 54, 55, 56, 57, 58, 59, 60, 61]",0.1536926147704591,50,[],202.07904699964274,163.212127999941,616
0.09375,-0.25,"[0, 7, 13]",3,,1781072255052.0105,0.0,1781072254908.003,0,0,144.0065919996414,6277,10461.287109375,3.0532660484313965,32,0.4546630084514618,0.3718627244234085,6,6,32,1781072255060.8364,1781072254894.1897,4013,482,late,0.9411764705882353,32.53649699945527,0.0736659985705046,observability_fixed_R16_k16,good,22.638378000920056,0,False,False,0.0,"[0, 9, 35, 47, 49, 50, 51, 52, 54, 55, 56, 57, 58, 59, 60, 61, 62]",5,pg19,3,d7031cd6-0ebd-4367-b8ee-87af766601ef,21065,772,False,16,16,126,"[0, 9, 35, 47, 49, 50, 51, 52, 54, 55, 56, 57, 58, 59, 60, 61]",0.15474707201594817,54,[],208.2194119993801,166.64497000056144,621
0.0,-3.75,[],0,,1781072255462.029,0.0,1781072255318.326,0,0,143.70275100009167,68424,10460.70751953125,2.0855443477630615,32,0.38501402735710144,0.0756465494632721,5,6,32,1781072255470.8423,1781072255304.0034,4017,486,late,0.9411764705882353,32.32244299942977,0.08062699998845346,observability_fixed_R16_k16,good,23.13445999971009,0,False,False,0.0,"[0, 9, 35, 47, 49, 50, 51, 52, 54, 55, 56, 57, 58, 59, 60, 61, 62]",5,pg19,0,d7031cd6-0ebd-4367-b8ee-87af766601ef,21065,763,False,16,16,127,"[0, 9, 35, 47, 49, 50, 51, 52, 54, 55, 56, 57, 58, 59, 60, 61]",0.15558874782175752,55,[],209.9064020003425,166.83721099980175,625
0.15625,2.5,"[0, 4, 15, 24, 28]",5,0.9331530332565308,1781072255997.8496,126.25880300038261,1781072255727.961,16,1016,269.8891790005291,258,10458.96875,1.3244861364364624,32,0.5866786241531372,0.37749190628528595,6,6,32,1781072256006.86,1781072255712.2546,4018,487,late,0.7368421052631579,30.427087998759816,0.0736780002625892,observability_fixed_R16_k16,good,24.71250899907318,0,False,False,0.0,"[0, 9, 35, 47, 49, 50, 51, 52, 54, 55, 56, 57, 58, 59, 60, 61, 62]",5,pg19,5,d7031cd6-0ebd-4367-b8ee-87af766601ef,21060,983,True,16,16,128,"[0, 35, 48, 50, 51, 52, 53, 54, 55, 56, 57, 58, 59, 60, 61, 62]",0.15579890492782478,61,"[0, 4022, 4023, 4021, 4020, 2254, 4018, 4016, 4017, 3966, 4019, 3999, 4015, 4006, 4013, 3998]",210.0574369997048,294.6016879996023,626
0.1875,3.0,"[0, 1, 5, 14, 21, 28]",6,,1781072256339.6587,0.0,1781072256263.5476,0,0,76.11080199967546,1012,10461.86669921875,0.07623975723981857,32,0.9896615743637085,0.9852884048596025,6,6,32,1781072256348.254,1781072256249.7732,4024,493,late,1.0,32.20993300055852,4.206644000078086,observability_fixed_R16_k16,good,22.36601900040114,0,False,False,0.0,"[0, 35, 48, 50, 51, 52, 53, 54, 55, 56, 57, 58, 59, 60, 61, 62]",5,pg19,6,d7031cd6-0ebd-4367-b8ee-87af766601ef,21098,788,False,16,16,129,"[0, 35, 48, 50, 51, 52, 53, 54, 55, 56, 57, 58, 59, 60, 61, 62]",0.13320079522862824,7,[],205.36100800018176,98.4768210000766,536
0.09375,-0.5,"[0, 7, 19]",3,,1781072256748.8376,0.0,1781072256598.214,0,0,150.6225170014659,5938,10462.4462890625,2.8161516189575195,32,0.5034643411636353,0.3945825397968292,4,6,32,1781072256757.7305,1781072256584.7144,4031,500,late,1.0,30.952712000726024,0.06181299977470189,observability_fixed_R16_k16,good,22.391147998860106,0,False,False,0.0,"[0, 35, 48, 50, 51, 52, 53, 54, 55, 56, 57, 58, 59, 60, 61, 62]",5,pg19,3,d7031cd6-0ebd-4367-b8ee-87af766601ef,21122,772,False,16,16,130,"[0, 35, 48, 50, 51, 52, 53, 54, 55, 56, 57, 58, 59, 60, 61, 62]",0.13470602828082362,11,[],204.30673199916782,173.013665000326,543
0.0,-3.5,[],0,,1781072257159.2578,0.0,1781072257017.23,0,0,142.0274550000613,198,10460.70751953125,2.340430974960327,32,0.4743053913116455,0.3543822094798088,6,6,32,1781072257168.044,1781072257002.837,4035,504,late,0.9411764705882353,36.538110000037705,4.1953309992095456,observability_fixed_R16_k16,good,23.178051998911542,0,False,False,0.0,"[0, 35, 48, 50, 51, 52, 53, 54, 55, 56, 57, 58, 59, 60, 61, 62, 63]",5,pg19,0,d7031cd6-0ebd-4367-b8ee-87af766601ef,21161,757,False,16,16,131,"[0, 35, 48, 50, 51, 52, 53, 54, 55, 56, 57, 58, 59, 60, 61, 62]",0.14349442379182156,12,[],203.25507699999434,165.20550699897285,579
0.0,-3.5,[],0,,1781072257558.7676,0.0,1781072257417.6252,0,0,141.14170299944817,359,10458.96875,1.5725574493408203,32,0.5278146862983704,0.33364249765872955,6,6,32,1781072257567.4392,1781072257403.667,4036,505,late,0.9411764705882353,30.281573999673128,0.07066699981805868,observability_fixed_R16_k16,good,22.628578000876587,0,False,False,0.0,"[0, 35, 48, 50, 51, 52, 53, 54, 55, 56, 57, 58, 59, 60, 61, 62, 63]",5,pg19,0,d7031cd6-0ebd-4367-b8ee-87af766601ef,21163,762,False,16,16,132,"[0, 35, 48, 50, 51, 52, 53, 54, 55, 56, 57, 58, 59, 60, 61, 62]",0.14370664023785926,13,[],204.4555800002854,163.77028100032476,580
0.09375,0.75,"[0, 2, 7]",3,,1781072257962.8513,0.0,1781072257819.308,0,0,143.54236799954379,1205,10458.96875,0.5034142136573792,32,0.7981507182121277,0.5963466167449951,6,6,32,1781072257971.4546,1781072257805.1914,4037,506,late,0.9411764705882353,30.837704000077792,0.07138000000850298,observability_fixed_R16_k16,good,22.716311001204303,0,False,False,0.0,"[0, 35, 48, 50, 51, 52, 53, 54, 55, 56, 57, 58, 59, 60, 61, 62, 63]",5,pg19,3,d7031cd6-0ebd-4367-b8ee-87af766601ef,21148,772,False,16,16,133,"[0, 35, 48, 50, 51, 52, 53, 54, 55, 56, 57, 58, 59, 60, 61, 62]",0.14391875154817935,17,[],205.903109999781,166.2586790007481,581
0.03125,-0.5,[1],1,,1781072258371.7393,0.0,1781072258225.4338,0,0,146.3045919990691,1083,10460.70751953125,2.225592851638794,32,0.42201685905456543,0.19962958991527557,4,6,32,1781072258380.5886,1781072258211.412,4041,510,late,0.9411764705882353,32.2582050011988,0.06830500024079811,observability_fixed_R16_k16,good,22.869271000672597,0,False,False,0.0,"[0, 35, 48, 50, 51, 52, 53, 54, 55, 56, 57, 58, 59, 60, 61, 62, 63]",5,pg19,1,d7031cd6-0ebd-4367-b8ee-87af766601ef,21171,762,False,16,16,134,"[0, 35, 48, 50, 51, 52, 53, 54, 55, 56, 57, 58, 59, 60, 61, 62]",0.1447661469933185,19,[],206.69385899964254,169.1738629997417,585
