accept_ratio,acceptance_trend_slope,accepted_indices,accepted_len,attention_mass_covered,cloud_finish_ts_ms,cloud_guidance_generation_time_ms,cloud_receive_ts_ms,cloud_selected_count,cloud_selected_token_count,cloud_target_verify_time_ms,correction_token_id,cuda_memory_allocated_mb,draft_entropy,draft_tokens,draft_top1_confidence,draft_top1_top2_margin,draft_tree_actual_depth,draft_tree_max_depth,draft_tree_nodes,edge_finish_ts_ms,edge_start_ts_ms,full_kv_tokens,generated_token_offset,generation_phase,guidance_jaccard,kv_append_ms,kv_select_ms,method,network,network_time_ms,pipeline_built,pipeline_hit,pipeline_reuse,pipeline_wait_ms,previous_selected_chunk_ids,prompt_id,prompt_type,rejected_position,request_id,request_payload_bytes,response_payload_bytes,retrieval,retrieve_every_n_steps,retrieve_top_k,round,selected_chunk_ids,selected_full_ratio,tokens_since_guidance_update,top_attention_token_indices,tree_construct_ms,verify_elapsed_ms,working_kv_tokens
0.03125,0.0,[1],1,0.8711445331573486,1781073565700.0571,237.43087599905266,1781073565334.2769,16,984,365.7800250002765,332,12770.95263671875,3.787804126739502,32,0.2045602798461914,0.03230324387550354,6,6,32,1781073565710.0068,1781073565313.4553,3990,0,early,0.6842105263157895,354.67774700009613,6.910060999871348,observability_fixed_R16_k16,good,30.76743499877921,0,False,False,0.0,"[47, 48, 49, 50, 51, 52, 53, 54, 55, 56, 57, 58, 59, 60, 61, 62]",1,pg19,1,2e881eb3-2ab2-4511-95ad-281d06446d4c,21353,958,True,16,16,0,"[0, 4, 9, 50, 51, 52, 53, 54, 55, 56, 57, 58, 59, 60, 61, 62]",0.12832080200501253,2,"[0, 3991, 3988, 3990, 3987, 3989, 3986, 3966, 3977, 3976, 3970, 3973, 3949, 3967, 3979, 3968]",291.0887019988877,396.5474599990557,512
0.0,-1.0,[],0,,1781073566173.8457,0.0,1781073566071.7454,0,0,102.10012099923915,1119,10459.82568359375,0.5615354776382446,32,0.8707907795906067,0.8067175447940826,6,6,32,1781073566182.7634,1781073566055.8916,3992,2,early,1.0,51.854469000318204,7.295425000847899,observability_fixed_R16_k16,good,24.768807999862474,0,False,False,0.0,"[0, 4, 9, 50, 51, 52, 53, 54, 55, 56, 57, 58, 59, 60, 61, 62]",1,pg19,0,2e881eb3-2ab2-4511-95ad-281d06446d4c,21356,764,False,16,16,1,"[0, 4, 9, 50, 51, 52, 53, 54, 55, 56, 57, 58, 59, 60, 61, 62]",0.1342685370741483,1,[],285.3320009999152,126.86892899910163,536
0.03125,0.5,[0],1,,1781073566762.8235,0.0,1781073566559.01,0,0,203.81184999860125,11794,10458.96875,1.2450599670410156,32,0.8561057448387146,0.8281529024243355,5,6,32,1781073566772.8423,1781073566543.0435,3993,3,early,1.0,67.09507000050507,0.08795100075076334,observability_fixed_R16_k16,good,25.984286001403234,0,False,False,0.0,"[0, 4, 9, 50, 51, 52, 53, 54, 55, 56, 57, 58, 59, 60, 61, 62]",1,pg19,1,2e881eb3-2ab2-4511-95ad-281d06446d4c,21347,766,False,16,16,2,"[0, 4, 9, 50, 51, 52, 53, 54, 55, 56, 57, 58, 59, 60, 61, 62]",0.13448534936138243,3,[],291.6758009996556,229.79613600000448,537
0.0625,1.3333333333333335,"[0, 7]",2,,1781073567332.6506,0.0,1781073567129.1165,0,0,203.53179500125407,1803,10459.54833984375,1.9164032936096191,32,0.5711461305618286,0.4354870319366455,6,6,32,1781073567342.3613,1781073567114.2214,3995,5,early,1.0,46.023922999665956,0.104228000054718,observability_fixed_R16_k16,good,24.606035998658626,0,False,False,0.0,"[0, 4, 9, 50, 51, 52, 53, 54, 55, 56, 57, 58, 59, 60, 61, 62]",1,pg19,2,2e881eb3-2ab2-4511-95ad-281d06446d4c,21363,770,False,16,16,3,"[0, 4, 9, 50, 51, 52, 53, 54, 55, 56, 57, 58, 59, 60, 61, 62]",0.134918648310388,6,[],293.9652439999918,228.1378309999127,539
0.0625,1.0,"[3, 15]",2,,1781073567895.8618,0.0,1781073567692.8325,0,0,203.02757899844437,10497,10460.1279296875,2.5643417835235596,32,0.3865717947483063,0.12500420212745667,5,6,32,1781073567905.9768,1781073567677.9688,3998,8,early,1.0,44.16236600081902,0.09622399920772295,observability_fixed_R16_k16,good,24.97756900083914,0,False,False,0.0,"[0, 4, 9, 50, 51, 52, 53, 54, 55, 56, 57, 58, 59, 60, 61, 62]",1,pg19,2,2e881eb3-2ab2-4511-95ad-281d06446d4c,21376,774,False,16,16,4,"[0, 4, 9, 50, 51, 52, 53, 54, 55, 56, 57, 58, 59, 60, 61, 62]",0.135567783891946,9,[],290.07410899976094,228.0051479992835,542
0.0625,0.75,"[0, 7]",2,,1781073568463.8337,0.0,1781073568267.152,0,0,196.67581599969708,4916,10460.1279296875,2.2292914390563965,32,0.3767346739768982,0.17820943892002106,5,6,32,1781073568474.855,1781073568252.1648,4001,11,early,1.0,49.34105800020916,5.52767000044696,observability_fixed_R16_k16,good,26.01202400001057,0,False,False,0.0,"[0, 4, 9, 50, 51, 52, 53, 54, 55, 56, 57, 58, 59, 60, 61, 62]",1,pg19,2,2e881eb3-2ab2-4511-95ad-281d06446d4c,21385,769,False,16,16,5,"[0, 4, 9, 50, 51, 52, 53, 54, 55, 56, 57, 58, 59, 60, 61, 62]",0.13621594601349662,12,[],289.93910499957565,222.68783999970765,545
0.0625,0.25,"[1, 14]",2,,1781073569019.9404,0.0,1781073568822.1353,0,0,197.8019239995774,8872,10460.1279296875,2.1721060276031494,32,0.46106868982315063,0.3289702981710434,5,6,32,1781073569029.316,1781073568806.1575,4004,14,early,1.0,43.542643999899155,0.0913479998416733,observability_fixed_R16_k16,good,25.3543870003341,0,False,False,0.0,"[0, 4, 9, 50, 51, 52, 53, 54, 55, 56, 57, 58, 59, 60, 61, 62]",1,pg19,2,2e881eb3-2ab2-4511-95ad-281d06446d4c,21407,768,False,16,16,6,"[0, 4, 9, 50, 51, 52, 53, 54, 55, 56, 57, 58, 59, 60, 61, 62]",0.13686313686313686,15,[],286.5067159982573,223.1563109999115,548
0.0625,0.0,"[0, 14]",2,,1781073569534.4534,0.0,1781073569351.35,0,0,183.1028039996454,13,10460.1279296875,1.7170323133468628,32,0.5311353802680969,0.3357415646314621,6,6,32,1781073569543.2207,1781073569337.4177,4007,17,early,1.0,43.63831700175069,0.09086200043384451,observability_fixed_R16_k16,good,22.6986890011176,0,False,False,0.0,"[0, 4, 9, 50, 51, 52, 53, 54, 55, 56, 57, 58, 59, 60, 61, 62]",1,pg19,2,2e881eb3-2ab2-4511-95ad-281d06446d4c,21425,763,False,16,16,7,"[0, 4, 9, 50, 51, 52, 53, 54, 55, 56, 57, 58, 59, 60, 61, 62]",0.1375093586224108,18,[],263.4306740001193,205.801493000763,551
0.0625,0.0,"[0, 16]",2,,1781073570002.5483,0.0,1781073569812.4216,0,0,190.12590700003784,1983,10460.1279296875,2.1738500595092773,32,0.6390275359153748,0.57575523853302,4,6,32,1781073570011.8213,1781073569797.784,4010,20,early,1.0,33.83076099999016,0.06628099981753621,observability_fixed_R16_k16,good,23.90720999937912,0,False,False,0.0,"[0, 4, 9, 50, 51, 52, 53, 54, 55, 56, 57, 58, 59, 60, 61, 62]",1,pg19,2,2e881eb3-2ab2-4511-95ad-281d06446d4c,21437,772,False,16,16,8,"[0, 4, 9, 50, 51, 52, 53, 54, 55, 56, 57, 58, 59, 60, 61, 62]",0.13815461346633418,21,[],219.69695500047237,214.03311699941696,554
0.15625,3.0,"[0, 2, 8, 17, 25]",5,,1781073570458.559,0.0,1781073570277.2627,0,0,181.2954280012491,11794,10460.1279296875,0.5125075578689575,32,0.8439463973045349,0.7061759233474731,6,6,32,1781073570467.531,1781073570263.274,4013,23,early,1.0,33.0792240001756,0.06665900036750827,observability_fixed_R16_k16,good,22.958892999668024,0,False,False,0.0,"[0, 4, 9, 50, 51, 52, 53, 54, 55, 56, 57, 58, 59, 60, 61, 62]",1,pg19,5,2e881eb3-2ab2-4511-95ad-281d06446d4c,21439,784,False,16,16,9,"[0, 4, 9, 50, 51, 52, 53, 54, 55, 56, 57, 58, 59, 60, 61, 62]",0.1387989035634189,27,[],217.14078199875075,204.25432100091712,557
0.125,1.25,"[0, 2, 15, 26]",4,,1781073570919.64,0.0,1781073570736.4858,0,0,183.15061700013757,576,10461.86669921875,1.3393561840057373,32,0.733333945274353,0.586657926440239,5,6,32,1781073570928.5654,1781073570722.3335,4019,29,early,1.0,32.628491999275866,0.06656999903498217,observability_fixed_R16_k16,good,23.079597000105423,0,False,False,0.0,"[0, 4, 9, 50, 51, 52, 53, 54, 55, 56, 57, 58, 59, 60, 61, 62]",1,pg19,4,2e881eb3-2ab2-4511-95ad-281d06446d4c,21476,778,False,16,16,10,"[0, 4, 9, 50, 51, 52, 53, 54, 55, 56, 57, 58, 59, 60, 61, 62]",0.14008459815874597,32,[],221.18331499950727,206.230214000243,563
0.125,0.75,"[4, 14, 26, 31]",4,,1781073571367.1157,0.0,1781073571184.298,0,0,182.8146129992092,624,10461.46240234375,5.354586124420166,32,0.12929129600524902,0.05788986384868622,4,6,32,1781073571376.271,1781073571170.3513,4024,34,early,1.0,32.59515600075247,0.07104100041033234,observability_fixed_R16_k16,good,23.103463001461932,0,False,False,0.0,"[0, 4, 9, 50, 51, 52, 53, 54, 55, 56, 57, 58, 59, 60, 61, 62]",1,pg19,4,2e881eb3-2ab2-4511-95ad-281d06446d4c,21508,778,False,16,16,11,"[0, 4, 9, 50, 51, 52, 53, 54, 55, 56, 57, 58, 59, 60, 61, 62]",0.1411530815109344,37,[],208.30859600027907,205.91807600067114,568
0.03125,-2.75,[0],1,,1781073571818.4546,0.0,1781073571636.9458,0,0,181.50826300006884,3729,10461.86669921875,2.6505093574523926,32,0.5252884030342102,0.45307884365320206,4,6,32,1781073571827.2542,1781073571622.772,4029,39,early,1.0,32.494961998963845,0.06929700066393707,observability_fixed_R16_k16,good,22.97165900017717,0,False,False,0.0,"[0, 4, 9, 50, 51, 52, 53, 54, 55, 56, 57, 58, 59, 60, 61, 62]",1,pg19,1,2e881eb3-2ab2-4511-95ad-281d06446d4c,21530,765,False,16,16,12,"[0, 4, 9, 50, 51, 52, 53, 54, 55, 56, 57, 58, 59, 60, 61, 62]",0.14221891288160834,39,[],213.11902399975224,204.479922000246,573
0.09375,-0.5,"[0, 4, 23]",3,,1781073572278.4578,0.0,1781073572092.9458,0,0,185.50862099982623,576,10459.83837890625,0.404759019613266,32,0.9242213368415833,0.8736845441162586,4,6,32,1781073572287.3608,1781073572078.8914,4031,41,early,1.0,32.71031700023741,0.06967700028326362,observability_fixed_R16_k16,good,22.958659999858355,0,False,False,0.0,"[0, 4, 9, 50, 51, 52, 53, 54, 55, 56, 57, 58, 59, 60, 61, 62]",1,pg19,3,2e881eb3-2ab2-4511-95ad-281d06446d4c,21518,774,False,16,16,13,"[0, 4, 9, 50, 51, 52, 53, 54, 55, 56, 57, 58, 59, 60, 61, 62]",0.1426445050855867,43,[],217.87450200099556,208.4672809996846,575
0.0,-3.0,[],0,,1781073572744.371,0.0,1781073572562.6406,0,0,181.72959299954528,2326,10460.70751953125,4.582943916320801,32,0.0754658430814743,0.0023218393325805664,5,6,32,1781073572752.9766,1781073572548.6152,4035,45,early,0.9411764705882353,36.966640000173356,4.208740001558908,observability_fixed_R16_k16,good,22.63043099992501,0,False,False,0.0,"[0, 4, 9, 50, 51, 52, 53, 54, 55, 56, 57, 58, 59, 60, 61, 62, 63]",1,pg19,0,2e881eb3-2ab2-4511-95ad-281d06446d4c,21563,763,False,16,16,14,"[0, 4, 9, 50, 51, 52, 53, 54, 55, 56, 57, 58, 59, 60, 61, 62]",0.15142503097893434,44,[],219.19744500155502,204.3600239994703,611
0.09375,1.0,"[0, 3, 14]",3,,1781073573193.5825,0.0,1781073573012.7083,0,0,180.87470400132588,264,10458.96875,0.47559383511543274,32,0.9329956769943237,0.9174365010112524,6,6,32,1781073573202.5474,1781073572997.0415,4036,46,early,0.9411764705882353,30.672302000311902,0.07474499943782575,observability_fixed_R16_k16,good,24.62947999993048,0,False,False,0.0,"[0, 4, 9, 50, 51, 52, 53, 54, 55, 56, 57, 58, 59, 60, 61, 62, 63]",1,pg19,3,2e881eb3-2ab2-4511-95ad-281d06446d4c,21560,774,False,16,16,15,"[0, 4, 9, 50, 51, 52, 53, 54, 55, 56, 57, 58, 59, 60, 61, 62]",0.15163528245787908,48,[],212.4058369990962,205.50418400125636,612
0.0,-1.75,[],0,0.8824520707130432,1781073573753.011,117.855939999572,1781073573456.5579,16,969,296.4529490000132,27395,10460.70751953125,4.605737209320068,32,0.1486004889011383,0.07029353082180023,4,6,32,1781073573762.2832,1781073573442.195,4040,50,early,0.7368421052631579,31.876765000561136,0.072200999056804,observability_fixed_R16_k16,good,23.633426999367657,0,False,False,0.0,"[0, 4, 9, 50, 51, 52, 53, 54, 55, 56, 57, 58, 59, 60, 61, 62, 63]",1,pg19,0,2e881eb3-2ab2-4511-95ad-281d06446d4c,21586,960,True,16,16,16,"[0, 45, 49, 50, 51, 53, 54, 55, 56, 57, 58, 59, 60, 61, 62, 63]",0.15247524752475247,49,"[0, 4039, 4040, 4038, 4037, 4036, 4035, 4034, 4033, 4032, 4030, 4029, 4028, 4031, 4003, 4023]",206.76935800111096,320.08637599938083,616
0.0625,0.5,"[0, 6]",2,,1781073574127.3962,0.0,1781073574035.135,0,0,92.26075100013986,35,10458.96875,1.2215527296066284,32,0.7803610563278198,0.7320091016590595,6,6,32,1781073574136.2185,1781073574020.8472,4041,51,early,1.0,31.07581400035997,4.307894001613022,observability_fixed_R16_k16,good,23.10852899972815,0,False,False,0.0,"[0, 45, 49, 50, 51, 53, 54, 55, 56, 57, 58, 59, 60, 61, 62, 63]",1,pg19,2,2e881eb3-2ab2-4511-95ad-281d06446d4c,21575,762,False,16,16,17,"[0, 45, 49, 50, 51, 53, 54, 55, 56, 57, 58, 59, 60, 61, 62, 63]",0.12892848304875032,3,[],222.13618100067833,115.36927999986801,521
0.0,-1.25,[],0,,1781073574588.4727,0.0,1781073574398.1714,0,0,190.30047900014324,2253,10460.1279296875,2.8760528564453125,32,0.5545395612716675,0.5162083990871906,6,6,32,1781073574597.1475,1781073574383.9824,4044,54,early,1.0,31.48290499848372,0.053363000915851444,observability_fixed_R16_k16,good,22.863076999783516,0,False,False,0.0,"[0, 45, 49, 50, 51, 53, 54, 55, 56, 57, 58, 59, 60, 61, 62, 63]",1,pg19,0,2e881eb3-2ab2-4511-95ad-281d06446d4c,21587,763,False,16,16,18,"[0, 45, 49, 50, 51, 53, 54, 55, 56, 57, 58, 59, 60, 61, 62, 63]",0.12957467853610286,4,[],215.37486699889996,213.16355599992676,524
0.125,2.75,"[0, 1, 12, 24]",4,,1781073575043.156,0.0,1781073574858.026,0,0,185.12867500066932,279,10458.96875,4.285604882170446e-05,32,0.9999971389770508,0.9999962675449297,6,6,32,1781073575052.334,1781073574843.8735,4045,55,early,1.0,30.963916000473546,0.056230001064250246,observability_fixed_R16_k16,good,23.328957000558148,0,False,False,0.0,"[0, 45, 49, 50, 51, 53, 54, 55, 56, 57, 58, 59, 60, 61, 62, 63]",1,pg19,4,2e881eb3-2ab2-4511-95ad-281d06446d4c,21591,777,False,16,16,19,"[0, 45, 49, 50, 51, 53, 54, 55, 56, 57, 58, 59, 60, 61, 62, 63]",0.12978986402966625,9,[],214.86572499998147,208.45763200122747,525
0.03125,-0.5,[0],1,,1781073575509.274,0.0,1781073575324.7556,0,0,184.51529599951755,3139,10461.287109375,5.613382816314697,32,0.17574499547481537,0.13400189951062202,4,6,32,1781073575518.527,1781073575310.8035,4050,60,early,1.0,34.25941199930094,0.06348600072669797,observability_fixed_R16_k16,good,23.204754999824218,0,False,False,0.0,"[0, 45, 49, 50, 51, 53, 54, 55, 56, 57, 58, 59, 60, 61, 62, 63]",1,pg19,1,2e881eb3-2ab2-4511-95ad-281d06446d4c,21633,765,False,16,16,20,"[0, 45, 49, 50, 51, 53, 54, 55, 56, 57, 58, 59, 60, 61, 62, 63]",0.1308641975308642,11,[],223.03948199987644,207.72005099934177,530
0.0625,0.25,"[2, 12]",2,,1781073575967.7761,0.0,1781073575784.9805,0,0,182.79396000070847,12850,10459.83837890625,1.7610764503479004,32,0.2838383913040161,0.0294073224067688,6,6,32,1781073575976.5398,1781073575770.6982,4052,62,early,1.0,33.727854999597184,0.08006099960766733,observability_fixed_R16_k16,good,23.046608999720775,0,False,False,0.0,"[0, 45, 49, 50, 51, 53, 54, 55, 56, 57, 58, 59, 60, 61, 62, 63]",1,pg19,2,2e881eb3-2ab2-4511-95ad-281d06446d4c,21618,773,False,16,16,21,"[0, 45, 49, 50, 51, 53, 54, 55, 56, 57, 58, 59, 60, 61, 62, 63]",0.13129318854886476,14,[],217.25643199897604,205.84056900042924,532
0.09375,1.25,"[0, 2, 14]",3,,1781073576444.591,0.0,1781073576251.3289,0,0,193.25889500032645,20162,10460.1279296875,0.10772229731082916,32,0.9844676852226257,0.9749659337103367,6,6,32,1781073576453.7273,1781073576237.3198,4055,65,early,1.0,34.22798099927604,0.06421299985959195,observability_fixed_R16_k16,good,23.147228001107578,0,False,False,0.0,"[0, 45, 49, 50, 51, 53, 54, 55, 56, 57, 58, 59, 60, 61, 62, 63]",1,pg19,3,2e881eb3-2ab2-4511-95ad-281d06446d4c,21638,776,False,16,16,22,"[0, 45, 49, 50, 51, 53, 54, 55, 56, 57, 58, 59, 60, 61, 62, 63]",0.1319358816276202,18,[],225.53291500116757,216.40612300143403,535
0.0,-2.5,[],0,,1781073576900.7073,0.0,1781073576719.1567,0,0,181.54979199971422,624,10461.201171875,1.716963768005371,32,0.387203574180603,0.17994843423366547,5,6,32,1781073576909.761,1781073576705.1182,4059,69,early,1.0,33.76815000046918,0.06487099926744122,observability_fixed_R16_k16,good,23.090509001121973,0,False,False,0.0,"[0, 45, 49, 50, 51, 53, 54, 55, 56, 57, 58, 59, 60, 61, 62, 63]",1,pg19,0,2e881eb3-2ab2-4511-95ad-281d06446d4c,21650,761,False,16,16,23,"[0, 45, 49, 50, 51, 53, 54, 55, 56, 57, 58, 59, 60, 61, 62, 63]",0.13279132791327913,19,[],216.6708969998581,204.6403010008362,539
0.03125,-0.5,[1],1,,1781073577347.648,0.0,1781073577168.468,0,0,179.17929599934723,17490,10458.96875,2.3591721057891846,32,0.45256102085113525,0.2725446820259094,6,6,32,1781073577356.645,1781073577154.3176,4060,70,early,1.0,31.431593999514007,0.059239000620436855,observability_fixed_R16_k16,good,23.146327999711502,0,False,False,0.0,"[0, 45, 49, 50, 51, 53, 54, 55, 56, 57, 58, 59, 60, 61, 62, 63]",1,pg19,1,2e881eb3-2ab2-4511-95ad-281d06446d4c,21675,766,False,16,16,24,"[0, 45, 49, 50, 51, 53, 54, 55, 56, 57, 58, 59, 60, 61, 62, 63]",0.1330049261083744,21,[],211.9720620012231,202.32562399905873,540
0.15625,3.5,"[0, 4, 11, 18, 25]",5,,1781073577800.4219,0.0,1781073577619.7808,0,0,180.64006500026153,37799,10459.54833984375,1.0515600442886353,32,0.6245661973953247,0.34741660952568054,6,6,32,1781073577809.4165,1781073577604.3828,4062,72,early,1.0,32.65819099942746,0.06240899892873131,observability_fixed_R16_k16,good,24.39057099945785,0,False,False,0.0,"[0, 45, 49, 50, 51, 53, 54, 55, 56, 57, 58, 59, 60, 61, 62, 63]",1,pg19,5,2e881eb3-2ab2-4511-95ad-281d06446d4c,21682,790,False,16,16,25,"[0, 45, 49, 50, 51, 53, 54, 55, 56, 57, 58, 59, 60, 61, 62, 63]",0.13343180699162974,27,[],214.15914799945313,205.03063599971938,542
0.03125,-1.25,[6],1,,1781073578265.336,0.0,1781073578084.2405,0,0,181.09440399894083,806,10461.86669921875,1.9272445440292358,32,0.2761288583278656,0.02471068501472473,3,6,32,1781073578274.3801,1781073578070.274,4068,78,early,1.0,36.15422900111298,4.167678000158048,observability_fixed_R16_k16,good,23.01040800193732,0,False,False,0.0,"[0, 45, 49, 50, 51, 53, 54, 55, 56, 57, 58, 59, 60, 61, 62, 63]",1,pg19,1,2e881eb3-2ab2-4511-95ad-281d06446d4c,21688,763,False,16,16,26,"[0, 45, 49, 50, 51, 53, 54, 55, 56, 57, 58, 59, 60, 61, 62, 63]",0.13470993117010815,29,[],219.33452200028114,204.10481200087816,548
0.09375,1.25,"[0, 6, 11]",3,,1781073578728.0557,0.0,1781073578541.7402,0,0,186.31478299903392,1221,10459.54833984375,1.491277813911438,32,0.799185574054718,0.7809687927365303,4,6,32,1781073578737.1936,1781073578527.1956,4070,80,early,1.0,32.617022001431906,0.06442000085371546,observability_fixed_R16_k16,good,23.681465001573088,0,False,False,0.0,"[0, 45, 49, 50, 51, 53, 54, 55, 56, 57, 58, 59, 60, 61, 62, 63]",1,pg19,3,2e881eb3-2ab2-4511-95ad-281d06446d4c,21704,776,False,16,16,27,"[0, 45, 49, 50, 51, 53, 54, 55, 56, 57, 58, 59, 60, 61, 62, 63]",0.13513513513513514,33,[],219.10432299955573,209.996248000607,550
0.03125,-1.5,[3],1,,1781073579159.081,0.0,1781073579001.0613,0,0,158.0189579999569,2441,10460.70751953125,4.501320838928223,32,0.09163129329681396,0.022464364767074585,3,6,32,1781073579167.9255,1781073578987.021,4074,84,early,1.0,32.74662599869771,0.06218899943633005,observability_fixed_R16_k16,good,22.883468000145513,0,False,False,0.0,"[0, 45, 49, 50, 51, 53, 54, 55, 56, 57, 58, 59, 60, 61, 62, 63]",1,pg19,1,2e881eb3-2ab2-4511-95ad-281d06446d4c,21736,762,False,16,16,28,"[0, 45, 49, 50, 51, 53, 54, 55, 56, 57, 58, 59, 60, 61, 62, 63]",0.13598429062346587,35,[],216.0824610000418,180.90242600010242,554
0.0625,-0.5,"[0, 13]",2,,1781073579575.6824,0.0,1781073579427.0728,0,0,148.60866900016845,2441,10459.54833984375,1.7030240297317505,32,0.5932181477546692,0.516611248254776,6,6,32,1781073579584.5874,1781073579412.9963,4076,86,early,1.0,32.598829000562546,0.0737369991838932,observability_fixed_R16_k16,good,22.9801290006435,0,False,False,0.0,"[0, 45, 49, 50, 51, 53, 54, 55, 56, 57, 58, 59, 60, 61, 62, 63]",1,pg19,2,2e881eb3-2ab2-4511-95ad-281d06446d4c,21731,772,False,16,16,29,"[0, 45, 49, 50, 51, 53, 54, 55, 56, 57, 58, 59, 60, 61, 62, 63]",0.1364082433758587,38,[],211.54180300072767,171.58879800081195,556
0.0625,0.25,"[0, 5]",2,,1781073579989.929,0.0,1781073579843.3093,0,0,146.61020300081873,9099,10460.70751953125,1.232080101966858,32,0.65236496925354,0.5090593993663788,6,6,32,1781073579999.1099,1781073579829.5945,4079,89,early,1.0,32.44849400107341,0.07004100007179659,observability_fixed_R16_k16,good,22.90366799934418,0,False,False,0.0,"[0, 45, 49, 50, 51, 53, 54, 55, 56, 57, 58, 59, 60, 61, 62, 63]",1,pg19,2,2e881eb3-2ab2-4511-95ad-281d06446d4c,21753,768,False,16,16,30,"[0, 45, 49, 50, 51, 53, 54, 55, 56, 57, 58, 59, 60, 61, 62, 63]",0.13704339298847756,41,[],211.63295699989249,169.5138710001629,559
0.09375,1.0,"[0, 5, 14]",3,,1781073580505.8906,0.0,1781073580345.403,0,0,160.48671600037778,11794,10460.1279296875,0.7479074001312256,32,0.8291850686073303,0.7390153780579567,6,6,32,1781073580514.6104,1781073580330.527,4082,92,early,1.0,43.49006799930066,0.09060599950316828,observability_fixed_R16_k16,good,23.593972999151447,0,False,False,0.0,"[0, 45, 49, 50, 51, 53, 54, 55, 56, 57, 58, 59, 60, 61, 62, 63]",1,pg19,3,2e881eb3-2ab2-4511-95ad-281d06446d4c,21765,776,False,16,16,31,"[0, 45, 49, 50, 51, 53, 54, 55, 56, 57, 58, 59, 60, 61, 62, 63]",0.13767760901518863,45,[],286.68177899999137,184.08068899952923,562
0.0625,0.0,"[0, 6]",2,0.894562304019928,1781073581160.5945,139.44106300004933,1781073580861.678,16,1017,298.91674499958754,17490,10460.70751953125,1.669298529624939,32,0.5266105532646179,0.30708661675453186,5,6,32,1781073581169.6562,1781073580846.7537,4086,96,early,0.7777777777777778,43.31604899925878,0.09142400085693225,observability_fixed_R16_k16,good,23.984319999726722,0,False,False,0.0,"[0, 45, 49, 50, 51, 53, 54, 55, 56, 57, 58, 59, 60, 61, 62, 63]",1,pg19,2,2e881eb3-2ab2-4511-95ad-281d06446d4c,21773,971,True,16,16,32,"[0, 21, 45, 51, 52, 53, 54, 55, 56, 57, 58, 59, 60, 61, 62, 63]",0.13852178169358786,48,"[0, 4088, 4087, 4086, 4061, 4074, 4081, 4063, 4071, 4080, 4079, 4085, 4064, 4065, 4067, 4082]",287.3276350001106,322.90106499931426,566
0.0625,-0.25,"[2, 8]",2,,1781073581611.9756,0.0,1781073581522.3374,0,0,89.63793699876987,323,10460.1279296875,1.412158727645874,32,0.6087943911552429,0.4316251277923584,6,6,32,1781073581620.6536,1781073581507.5737,4089,99,early,1.0,43.66377599944826,5.813603000206058,observability_fixed_R16_k16,good,23.440284001480904,0,False,False,0.0,"[0, 21, 45, 51, 52, 53, 54, 55, 56, 57, 58, 59, 60, 61, 62, 63]",1,pg19,2,2e881eb3-2ab2-4511-95ad-281d06446d4c,21790,764,False,16,16,33,"[0, 21, 45, 51, 52, 53, 54, 55, 56, 57, 58, 59, 60, 61, 62, 63]",0.13132795304475423,3,[],287.07966599904466,113.07822100025078,537
0.03125,-1.25,[0],1,,1781073582132.7158,0.0,1781073581968.061,0,0,164.65536499890732,31635,10460.1279296875,0.031114017590880394,32,0.9960178732872009,0.9930398336146027,5,6,32,1781073582141.7751,1781073581952.96,4092,102,early,1.0,43.049559000792215,0.08835599874146283,observability_fixed_R16_k16,good,24.157349002052797,0,False,False,0.0,"[0, 21, 45, 51, 52, 53, 54, 55, 56, 57, 58, 59, 60, 61, 62, 63]",1,pg19,1,2e881eb3-2ab2-4511-95ad-281d06446d4c,21805,767,False,16,16,34,"[0, 21, 45, 51, 52, 53, 54, 55, 56, 57, 58, 59, 60, 61, 62, 63]",0.13196480938416422,5,[],287.9776949994266,188.8127140009601,540
0.03125,-1.0,[0],1,,1781073582649.5083,0.0,1781073582489.613,0,0,159.89325800001097,37799,10459.54833984375,1.2539924383163452,32,0.5896810293197632,0.31970536708831787,6,6,32,1781073582658.3083,1781073582474.7996,4094,104,early,1.0,43.43489500024589,0.089414999820292,observability_fixed_R16_k16,good,23.613847999513382,0,False,False,0.0,"[0, 21, 45, 51, 52, 53, 54, 55, 56, 57, 58, 59, 60, 61, 62, 63]",1,pg19,1,2e881eb3-2ab2-4511-95ad-281d06446d4c,21817,767,False,16,16,35,"[0, 21, 45, 51, 52, 53, 54, 55, 56, 57, 58, 59, 60, 61, 62, 63]",0.13238886174890083,7,[],288.108161999844,183.50710599952436,542
0.0625,0.5,"[1, 9]",2,,1781073583155.0913,0.0,1781073582996.1863,0,0,158.90423899872985,1156,10460.1279296875,2.5991530418395996,32,0.20908668637275696,0.006432920694351196,6,6,32,1781073583163.9578,1781073582981.3145,4096,106,early,1.0,41.75470900008804,0.08845900083542801,observability_fixed_R16_k16,good,23.736110000754707,0,False,False,0.0,"[0, 21, 45, 51, 52, 53, 54, 55, 56, 57, 58, 59, 60, 61, 62, 63]",1,pg19,2,2e881eb3-2ab2-4511-95ad-281d06446d4c,21829,769,False,16,16,36,"[0, 21, 45, 51, 52, 53, 54, 55, 56, 57, 58, 59, 60, 61, 62, 63]",0.1328125,10,[],279.97205700012273,182.64034899948456,544
0.1875,4.5,"[0, 5, 16, 22, 24, 28]",6,,1781073583694.2175,0.0,1781073583535.5022,0,0,158.71517599953222,566,10460.1279296875,1.5896410942077637,32,0.4352097511291504,0.19486410915851593,6,6,32,1781073583703.1404,1781073583520.6743,4099,109,early,0.9411764705882353,44.02982699866698,6.4880580011958955,observability_fixed_R16_k16,good,23.749450001560035,0,False,False,0.0,"[0, 21, 45, 51, 52, 53, 54, 55, 56, 57, 58, 59, 60, 61, 62, 63, 64]",1,pg19,6,2e881eb3-2ab2-4511-95ad-281d06446d4c,21830,792,False,16,16,37,"[0, 21, 45, 51, 52, 53, 54, 55, 56, 57, 58, 59, 60, 61, 62, 63]",0.1412539643815565,17,[],304.7625480012357,182.46462600109226,579
0.125,1.5,"[0, 1, 22, 27]",4,,1781073584212.6863,0.0,1781073584052.7136,0,0,159.97210000023188,51205,10462.4462890625,0.2869923710823059,32,0.9580034613609314,0.9449640493839979,6,6,32,1781073584222.4111,1781073584037.5273,4106,116,early,0.9411764705882353,44.939681998585,0.09899199903884437,observability_fixed_R16_k16,good,24.90682500138064,0,False,False,0.0,"[0, 21, 45, 51, 52, 53, 54, 55, 56, 57, 58, 59, 60, 61, 62, 63, 64]",1,pg19,4,2e881eb3-2ab2-4511-95ad-281d06446d4c,21872,784,False,16,16,38,"[0, 21, 45, 51, 52, 53, 54, 55, 56, 57, 58, 59, 60, 61, 62, 63]",0.14271797369702874,22,[],288.0128090000653,184.87892500161252,586
0.09375,-0.25,"[0, 6, 16]",3,,1781073584763.3635,0.0,1781073584571.6455,0,0,191.71672800075612,11794,10461.287109375,0.7128463387489319,32,0.8268710970878601,0.7184092178940773,6,6,32,1781073584772.4817,1781073584556.7004,4111,121,early,0.9411764705882353,42.896524999378016,0.10416800068924204,observability_fixed_R16_k16,good,24.06266300022253,0,False,False,0.0,"[0, 21, 45, 51, 52, 53, 54, 55, 56, 57, 58, 59, 60, 61, 62, 63, 64]",1,pg19,3,2e881eb3-2ab2-4511-95ad-281d06446d4c,21899,778,False,16,16,39,"[0, 21, 45, 51, 52, 53, 54, 55, 56, 57, 58, 59, 60, 61, 62, 63]",0.14376064217951837,26,[],289.8483640001359,215.77939100097865,591
0.09375,-0.75,"[0, 9, 26]",3,,1781073585306.0132,0.0,1781073585123.248,0,0,182.7645699995628,3867,10460.70751953125,2.0829970836639404,32,0.36351099610328674,0.1360316127538681,3,6,32,1781073585314.8171,1781073585108.4504,4115,125,early,0.9411764705882353,44.325564998871414,0.10593099977995735,observability_fixed_R16_k16,good,23.600661001182743,0,False,False,0.0,"[0, 21, 45, 51, 52, 53, 54, 55, 56, 57, 58, 59, 60, 61, 62, 63, 64]",1,pg19,3,2e881eb3-2ab2-4511-95ad-281d06446d4c,21906,772,False,16,16,40,"[0, 21, 45, 51, 52, 53, 54, 55, 56, 57, 58, 59, 60, 61, 62, 63]",0.1445929526123937,30,[],290.29464599989296,206.36523100074555,595
0.03125,-3.0,[1],1,,1781073585789.8755,0.0,1781073585594.9036,0,0,194.97112099998049,16642,10460.70751953125,1.676255702972412,32,0.46240517497062683,0.18194225430488586,6,6,32,1781073585798.8489,1781073585580.4731,4119,129,early,0.9411764705882353,43.41898399979982,0.09619400043447968,observability_fixed_R16_k16,good,23.40275599999586,0,False,False,0.0,"[0, 21, 45, 51, 52, 53, 54, 55, 56, 57, 58, 59, 60, 61, 62, 63, 64]",1,pg19,1,2e881eb3-2ab2-4511-95ad-281d06446d4c,21940,767,False,16,16,41,"[0, 21, 45, 51, 52, 53, 54, 55, 56, 57, 58, 59, 60, 61, 62, 63]",0.1454236465161447,32,[],221.19591800037597,218.37387699997635,599
0.03125,-1.75,[0],1,,1781073586242.813,0.0,1781073586060.5037,0,0,182.30869699982577,19534,10459.54833984375,1.3163623809814453,32,0.6615613698959351,0.5019522458314896,6,6,32,1781073586251.7346,1781073586045.111,4121,131,early,0.9411764705882353,34.0662179987703,0.07479899977624882,observability_fixed_R16_k16,good,24.311785000463715,0,False,False,0.0,"[0, 21, 45, 51, 52, 53, 54, 55, 56, 57, 58, 59, 60, 61, 62, 63, 64]",1,pg19,1,2e881eb3-2ab2-4511-95ad-281d06446d4c,21944,767,False,16,16,42,"[0, 21, 45, 51, 52, 53, 54, 55, 56, 57, 58, 59, 60, 61, 62, 63]",0.14583838874059693,34,[],211.3072829997691,206.62048200028948,601
0.09375,1.0,"[0, 4, 15]",3,,1781073586694.3083,0.0,1781073586512.435,0,0,181.87333199966815,198,10459.54833984375,1.2671003341674805,32,0.5885822176933289,0.41185779869556427,6,6,32,1781073586703.2205,1781073586496.9116,4123,133,early,0.9411764705882353,32.51862099932623,0.07918899973446969,observability_fixed_R16_k16,good,24.433819000478252,0,False,False,0.0,"[0, 21, 45, 51, 52, 53, 54, 55, 56, 57, 58, 59, 60, 61, 62, 63, 64]",1,pg19,3,2e881eb3-2ab2-4511-95ad-281d06446d4c,21956,772,False,16,16,43,"[0, 21, 45, 51, 52, 53, 54, 55, 56, 57, 58, 59, 60, 61, 62, 63]",0.14625272859568275,38,[],211.62363500116044,206.3071510001464,603
0.09375,1.0,"[5, 16, 24]",3,,1781073587142.412,0.0,1781073586960.6196,0,0,181.7916919990239,279,10460.70751953125,4.162204265594482,32,0.09787051379680634,0.014157421886920929,5,6,32,1781073587151.2305,1781073586946.538,4127,137,early,0.9411764705882353,32.75627799848735,0.0750519993744092,observability_fixed_R16_k16,good,22.899096000401187,0,False,False,0.0,"[0, 21, 45, 51, 52, 53, 54, 55, 56, 57, 58, 59, 60, 61, 62, 63, 64]",1,pg19,3,2e881eb3-2ab2-4511-95ad-281d06446d4c,21987,771,False,16,16,44,"[0, 21, 45, 51, 52, 53, 54, 55, 56, 57, 58, 59, 60, 61, 62, 63]",0.1470802035376787,42,[],209.58118599992304,204.69078799942508,607
0.0,-2.0,[],0,,1781073587600.444,0.0,1781073587416.9658,0,0,183.4776959985902,11794,10460.91162109375,3.226567029953003,32,0.27768492698669434,0.11444239318370819,4,6,32,1781073587609.1072,1781073587403.1106,4131,141,early,0.9411764705882353,36.37460400022974,4.2190460007986985,observability_fixed_R16_k16,good,22.517722001794027,0,False,False,0.0,"[0, 21, 45, 51, 52, 53, 54, 55, 56, 57, 58, 59, 60, 61, 62, 63, 64]",1,pg19,0,2e881eb3-2ab2-4511-95ad-281d06446d4c,21990,761,False,16,16,45,"[0, 21, 45, 51, 52, 53, 54, 55, 56, 57, 58, 59, 60, 61, 62, 63]",0.14790607601065117,43,[],210.42059600040375,205.99541800038423,611
0.09375,1.25,"[1, 7, 20]",3,,1781073588051.0117,0.0,1781073587868.441,0,0,182.5691949998145,89009,10458.96875,1.5729655027389526,32,0.40106165409088135,0.10301795601844788,5,6,32,1781073588059.9614,1781073587854.0764,4132,142,early,0.9411764705882353,30.701201998454053,0.07279900091816671,observability_fixed_R16_k16,good,23.31414800028142,0,False,False,0.0,"[0, 21, 45, 51, 52, 53, 54, 55, 56, 57, 58, 59, 60, 61, 62, 63, 64]",1,pg19,3,2e881eb3-2ab2-4511-95ad-281d06446d4c,21991,774,False,16,16,46,"[0, 21, 45, 51, 52, 53, 54, 55, 56, 57, 58, 59, 60, 61, 62, 63]",0.14811229428848016,47,[],213.26790599960077,205.88334300009592,612
0.09375,0.75,"[0, 10, 28]",3,,1781073588492.6736,0.0,1781073588313.0762,0,0,179.59617100132164,49359,10460.70751953125,2.250732660293579,32,0.3656259775161743,0.2224447876214981,4,6,32,1781073588501.6123,1781073588298.7056,4136,146,early,0.9411764705882353,31.863789999988512,0.07455299964931328,observability_fixed_R16_k16,good,23.308790998271434,0,False,False,0.0,"[0, 21, 45, 51, 52, 53, 54, 55, 56, 57, 58, 59, 60, 61, 62, 63, 64]",1,pg19,3,2e881eb3-2ab2-4511-95ad-281d06446d4c,22017,780,False,16,16,47,"[0, 21, 45, 51, 52, 53, 54, 55, 56, 57, 58, 59, 60, 61, 62, 63]",0.14893617021276595,51,[],205.9341719996155,202.90496199959307,616
0.125,1.75,"[2, 9, 18, 25]",4,0.866789698600769,1781073589134.6533,186.90133200107084,1781073588760.7803,16,1009,373.8735490005638,90353,10460.91162109375,2.2845382690429688,32,0.276004433631897,0.03620763123035431,6,6,32,1781073589143.9033,1781073588746.6892,4140,150,early,0.8333333333333334,34.54476200022327,0.08288599929073825,observability_fixed_R16_k16,good,23.337614000411122,0,False,False,0.0,"[0, 21, 45, 51, 52, 53, 54, 55, 56, 57, 58, 59, 60, 61, 62, 63, 64]",1,pg19,4,2e881eb3-2ab2-4511-95ad-281d06446d4c,22027,981,True,16,16,48,"[0, 47, 51, 52, 53, 54, 55, 56, 57, 58, 59, 60, 61, 62, 63, 64]",0.1497584541062802,56,"[0, 4144, 4142, 4143, 4140, 4118, 4141, 4132, 4124, 4115, 4129, 4125, 4138, 4137, 4136, 4120]",209.45389099870226,397.2111630009749,620
0.03125,-1.5,[0],1,,1781073589489.5425,0.0,1781073589405.0815,0,0,84.4599179999932,19534,10461.287109375,1.2832002639770508,32,0.575552225112915,0.2861464023590088,6,6,32,1781073589498.0532,1781073589390.7139,4145,155,early,1.0,32.58921599990572,4.159124999205233,observability_fixed_R16_k16,good,22.87787000022945,0,False,False,0.0,"[0, 47, 51, 52, 53, 54, 55, 56, 57, 58, 59, 60, 61, 62, 63, 64]",1,pg19,1,2e881eb3-2ab2-4511-95ad-281d06446d4c,22072,762,False,16,16,49,"[0, 47, 51, 52, 53, 54, 55, 56, 57, 58, 59, 60, 61, 62, 63, 64]",0.1276236429433052,2,[],209.03306400032307,107.33778800022264,529
0.1875,3.25,"[0, 7, 15, 20, 27, 30]",6,,1781073589907.566,0.0,1781073589752.2686,0,0,155.2966950002883,11794,10459.54833984375,1.6286656856536865,32,0.4101967513561249,0.10536441206932068,6,6,32,1781073589916.1,1781073589738.064,4147,157,early,1.0,30.998063000879483,0.05652399886457715,observability_fixed_R16_k16,good,22.73768499981088,0,False,False,0.0,"[0, 47, 51, 52, 53, 54, 55, 56, 57, 58, 59, 60, 61, 62, 63, 64]",1,pg19,6,2e881eb3-2ab2-4511-95ad-281d06446d4c,22073,792,False,16,16,50,"[0, 47, 51, 52, 53, 54, 55, 56, 57, 58, 59, 60, 61, 62, 63, 64]",0.12804436942367978,9,[],208.1139180008904,178.0343800000992,531
0.09375,-0.5,"[0, 5, 13]",3,,1781073590342.6267,0.0,1781073590186.3062,0,0,156.3182619993313,279,10462.4462890625,1.7283260822296143,32,0.4144466817378998,0.16307204961776733,6,6,32,1781073590351.5293,1781073590172.0574,4154,164,early,1.0,32.67100199991546,0.06181900062074419,observability_fixed_R16_k16,good,23.150941999119823,0,False,False,0.0,"[0, 47, 51, 52, 53, 54, 55, 56, 57, 58, 59, 60, 61, 62, 63, 64]",1,pg19,3,2e881eb3-2ab2-4511-95ad-281d06446d4c,22109,771,False,16,16,51,"[0, 47, 51, 52, 53, 54, 55, 56, 57, 58, 59, 60, 61, 62, 63, 64]",0.1295137217140106,13,[],222.35962200102222,179.46920399845112,538
0.03125,-2.5,[0],1,,1781073590763.0557,0.0,1781073590614.0898,0,0,148.96442200006277,1312,10460.70751953125,1.2445701360702515,32,0.6466465592384338,0.44943052530288696,6,6,32,1781073590771.7192,1781073590599.844,4158,168,early,1.0,32.476225000209524,0.06701200072711799,observability_fixed_R16_k16,good,22.90894100042351,0,False,False,0.0,"[0, 47, 51, 52, 53, 54, 55, 56, 57, 58, 59, 60, 61, 62, 63, 64]",1,pg19,1,2e881eb3-2ab2-4511-95ad-281d06446d4c,22129,765,False,16,16,52,"[0, 47, 51, 52, 53, 54, 55, 56, 57, 58, 59, 60, 61, 62, 63, 64]",0.13035113035113036,15,[],214.67111600031785,171.87336300048628,542
0.1875,3.25,"[0, 1, 4, 10, 19, 28]",6,,1781073591169.8914,0.0,1781073591020.8843,0,0,149.00663400112535,1549,10459.54833984375,0.002088337205350399,32,0.999790608882904,0.9996219629974803,6,6,32,1781073591178.7258,1781073591007.2031,4160,170,early,1.0,29.69623200078786,0.05477800004882738,observability_fixed_R16_k16,good,22.514395999678527,0,False,False,0.0,"[0, 47, 51, 52, 53, 54, 55, 56, 57, 58, 59, 60, 61, 62, 63, 64]",1,pg19,6,2e881eb3-2ab2-4511-95ad-281d06446d4c,22133,792,False,16,16,53,"[0, 47, 51, 52, 53, 54, 55, 56, 57, 58, 59, 60, 61, 62, 63, 64]",0.13076923076923078,22,[],204.89637099854008,171.52103000080388,544
0.1875,2.0,"[0, 4, 11, 18, 25, 30]",6,,1781073591589.2876,0.0,1781073591443.8257,0,0,145.46047499970882,198,10462.91162109375,1.299466848373413,32,0.5414099097251892,0.3513571619987488,6,6,32,1781073591597.814,1781073591429.806,4167,177,middle,0.9411764705882353,33.00507200037828,4.469093000807334,observability_fixed_R16_k16,good,22.54556400112051,0,False,False,0.0,"[0, 47, 51, 52, 53, 54, 55, 56, 57, 58, 59, 60, 61, 62, 63, 64, 65]",1,pg19,6,2e881eb3-2ab2-4511-95ad-281d06446d4c,22168,792,False,16,16,54,"[0, 47, 51, 52, 53, 54, 55, 56, 57, 58, 59, 60, 61, 62, 63, 64]",0.13990880729541635,29,[],212.71971099849907,168.00603900082933,583
0.09375,-1.0,"[2, 7, 16]",3,,1781073592000.7698,0.0,1781073591856.4666,0,0,144.30285399976128,8048,10462.4462890625,1.1047378778457642,32,0.7704020142555237,0.6465871408581734,5,6,32,1781073592009.2937,1781073591842.6677,4174,184,middle,0.9411764705882353,32.29984700010391,0.06823300100222696,observability_fixed_R16_k16,good,22.321825999824796,0,False,False,0.0,"[0, 47, 51, 52, 53, 54, 55, 56, 57, 58, 59, 60, 61, 62, 63, 64, 65]",1,pg19,3,2e881eb3-2ab2-4511-95ad-281d06446d4c,22208,775,False,16,16,55,"[0, 47, 51, 52, 53, 54, 55, 56, 57, 58, 59, 60, 61, 62, 63, 64]",0.1413512218495448,33,[],211.50005600065924,166.62467999958608,590
0.09375,-1.0,"[1, 8, 19]",3,,1781073592419.0183,0.0,1781073592273.0823,0,0,145.9349229990039,3867,10460.70751953125,1.516087293624878,32,0.3285179138183594,0.029398947954177856,6,6,32,1781073592427.6948,1781073592258.6343,4178,188,middle,0.9411764705882353,32.37467899998592,0.06754399873898365,observability_fixed_R16_k16,good,23.124187000576057,0,False,False,0.0,"[0, 47, 51, 52, 53, 54, 55, 56, 57, 58, 59, 60, 61, 62, 63, 64, 65]",1,pg19,3,2e881eb3-2ab2-4511-95ad-281d06446d4c,22220,773,False,16,16,56,"[0, 47, 51, 52, 53, 54, 55, 56, 57, 58, 59, 60, 61, 62, 63, 64]",0.1421732886548588,37,[],215.9532969999418,169.05910999957996,594
0.15625,0.5,"[0, 4, 11, 16, 23]",5,,1781073592847.4146,0.0,1781073592697.6868,0,0,149.72591300102067,9664,10460.70751953125,0.7999165058135986,32,0.8062522411346436,0.697137862443924,6,6,32,1781073592856.1895,1781073592683.4436,4182,192,middle,0.9411764705882353,32.66424199864559,0.07750700024189427,observability_fixed_R16_k16,good,23.0178359997808,0,False,False,0.0,"[0, 47, 51, 52, 53, 54, 55, 56, 57, 58, 59, 60, 61, 62, 63, 64, 65]",1,pg19,5,2e881eb3-2ab2-4511-95ad-281d06446d4c,22247,787,False,16,16,57,"[0, 47, 51, 52, 53, 54, 55, 56, 57, 58, 59, 60, 61, 62, 63, 64]",0.14299378287900527,43,[],222.0794089989795,172.74374900080147,598
0.1875,1.75,"[0, 4, 8, 13, 18, 25]",6,,1781073593276.3198,0.0,1781073593124.3225,0,0,151.99678400131234,11,10461.86669921875,0.7315147519111633,32,0.7914790511131287,0.6176141798496246,6,6,32,1781073593285.363,1781073593110.0369,4188,198,middle,0.9411764705882353,32.68582099917694,0.07596199975523632,observability_fixed_R16_k16,good,23.326694998104358,0,False,False,0.0,"[0, 47, 51, 52, 53, 54, 55, 56, 57, 58, 59, 60, 61, 62, 63, 64, 65]",1,pg19,6,2e881eb3-2ab2-4511-95ad-281d06446d4c,22282,788,False,16,16,58,"[0, 47, 51, 52, 53, 54, 55, 56, 57, 58, 59, 60, 61, 62, 63, 64]",0.14422158548233047,50,[],220.0996120009222,175.3234789994167,604
0.1875,1.75,"[0, 3, 12, 19, 24, 29]",6,,1781073593709.0283,0.0,1781073593560.741,0,0,148.28733600006672,11794,10462.4462890625,1.5006965398788452,32,0.6854041218757629,0.5371750891208649,6,6,32,1781073593717.728,1781073593543.8872,4195,205,middle,0.9411764705882353,39.00476200033154,4.216028000882943,observability_fixed_R16_k16,good,25.55165699959616,0,False,False,0.0,"[0, 47, 51, 52, 53, 54, 55, 56, 57, 58, 59, 60, 61, 62, 63, 64, 65]",1,pg19,6,2e881eb3-2ab2-4511-95ad-281d06446d4c,22301,794,False,16,16,59,"[0, 47, 51, 52, 53, 54, 55, 56, 57, 58, 59, 60, 61, 62, 63, 64]",0.14564958283671037,57,[],214.15361400067923,173.83899299966288,611
0.15625,0.0,"[0, 1, 8, 15, 26]",5,,1781073594126.8235,0.0,1781073593978.876,0,0,147.94713700030115,3867,10462.4462890625,0.01069197803735733,32,0.999072790145874,0.998835132093518,6,6,32,1781073594135.6216,1781073593964.9983,4202,212,middle,0.9411764705882353,32.547494000027655,0.06851399848528672,observability_fixed_R16_k16,good,22.674863999782247,0,False,False,0.0,"[0, 47, 51, 52, 53, 54, 55, 56, 57, 58, 59, 60, 61, 62, 63, 64, 65]",1,pg19,5,2e881eb3-2ab2-4511-95ad-281d06446d4c,22328,785,False,16,16,60,"[0, 47, 51, 52, 53, 54, 55, 56, 57, 58, 59, 60, 61, 62, 63, 64]",0.14707282246549264,63,[],213.50259500104585,170.6220010000834,618
0.1875,0.5,"[0, 4, 8, 13, 20, 25]",6,,1781073594542.9297,0.0,1781073594395.3342,0,0,147.595407001063,64254,10461.86669921875,0.20735785365104675,32,0.9684576988220215,0.9552759947255254,6,6,32,1781073594551.6755,1781073594381.2524,4208,218,middle,0.9411764705882353,31.735260999994352,0.06782099990232382,observability_fixed_R16_k16,good,22.825854997790884,0,False,False,0.0,"[0, 47, 51, 52, 53, 54, 55, 56, 57, 58, 59, 60, 61, 62, 63, 64, 65]",1,pg19,6,2e881eb3-2ab2-4511-95ad-281d06446d4c,22373,787,False,16,16,61,"[0, 47, 51, 52, 53, 54, 55, 56, 57, 58, 59, 60, 61, 62, 63, 64]",0.1482889733840304,70,[],212.94289199977356,170.42126199885388,624
0.1875,0.25,"[0, 2, 3, 5, 14, 24]",6,,1781073594963.8684,0.0,1781073594817.7812,0,0,146.08562299872574,64254,10462.4462890625,0.13142818212509155,32,0.981208324432373,0.9723118087276816,6,6,32,1781073594972.6116,1781073594804.0999,4215,225,middle,0.9411764705882353,34.54361199874256,0.07252899922605138,observability_fixed_R16_k16,good,22.424218001106055,0,False,False,0.0,"[0, 47, 51, 52, 53, 54, 55, 56, 57, 58, 59, 60, 61, 62, 63, 64, 65]",1,pg19,6,2e881eb3-2ab2-4511-95ad-281d06446d4c,22386,791,False,16,16,62,"[0, 47, 51, 52, 53, 54, 55, 56, 57, 58, 59, 60, 61, 62, 63, 64]",0.14970344009489917,77,[],216.90943499925197,168.5098409998318,631
0.1875,0.25,"[0, 2, 6, 12, 18, 22]",6,,1781073595399.978,0.0,1781073595252.108,0,0,147.87063999938255,13,10462.4462890625,0.049607839435338974,32,0.9932262301445007,0.9880142570473254,6,6,32,1781073595408.6238,1781073595236.2944,4222,232,middle,0.9411764705882353,32.87566699873423,0.0765269996918505,observability_fixed_R16_k16,good,24.457203999190824,0,False,False,0.0,"[0, 47, 51, 52, 53, 54, 55, 56, 57, 58, 59, 60, 61, 62, 63, 64, 65]",1,pg19,6,2e881eb3-2ab2-4511-95ad-281d06446d4c,22437,786,False,16,16,63,"[0, 47, 51, 52, 53, 54, 55, 56, 57, 58, 59, 60, 61, 62, 63, 64]",0.15111321648507817,84,[],229.79962900171813,172.32784399857337,638
0.1875,0.25,"[0, 8, 16, 20, 24, 28]",6,0.8841609358787537,1781073595957.9377,135.5185900010838,1781073595677.3198,16,972,280.6184149994806,64254,10462.4462890625,1.4182902574539185,32,0.7172302603721619,0.6354920268058777,6,6,32,1781073595966.7314,1781073595663.3113,4229,239,middle,0.7894736842105263,36.78059599951666,4.224983000312932,observability_fixed_R16_k16,good,22.800206001193146,0,False,False,0.0,"[0, 47, 51, 52, 53, 54, 55, 56, 57, 58, 59, 60, 61, 62, 63, 64, 65, 66]",1,pg19,6,2e881eb3-2ab2-4511-95ad-281d06446d4c,22474,993,True,16,16,64,"[0, 23, 53, 54, 55, 56, 57, 58, 59, 60, 61, 62, 63, 64, 65, 66]",0.16008512650744858,91,"[0, 4235, 4234, 4232, 4228, 4231, 4175, 4230, 4229, 4214, 4233, 4190, 4176, 4216, 3989, 4227]",212.81651400022383,303.41862100067374,677
0.125,-2.0,"[0, 1, 6, 15]",4,,1781073596312.4136,0.0,1781073596231.5881,0,0,80.82370400006766,1221,10462.4462890625,0.04585815221071243,32,0.9940081834793091,0.9894763780757785,5,6,32,1781073596321.0405,1781073596217.3447,4236,246,middle,1.0,30.808314999376307,3.8977350013738032,observability_fixed_R16_k16,good,22.87015999900177,0,False,False,0.0,"[0, 23, 53, 54, 55, 56, 57, 58, 59, 60, 61, 62, 63, 64, 65, 66]",1,pg19,4,2e881eb3-2ab2-4511-95ad-281d06446d4c,22486,777,False,16,16,65,"[0, 23, 53, 54, 55, 56, 57, 58, 59, 60, 61, 62, 63, 64, 65, 66]",0.12370160528800755,5,[],214.87168699968606,103.69386399906944,524
0.0625,-3.5,"[2, 16]",2,,1781073596732.6016,0.0,1781073596576.9531,0,0,155.64759299923026,19534,10461.287109375,4.087724208831787,32,0.18691937625408173,0.06433466076850891,5,6,32,1781073596741.7,1781073596562.5864,4241,251,middle,1.0,31.059283999638865,0.06910000047355425,observability_fixed_R16_k16,good,23.463090999939595,0,False,False,0.0,"[0, 23, 53, 54, 55, 56, 57, 58, 59, 60, 61, 62, 63, 64, 65, 66]",1,pg19,2,2e881eb3-2ab2-4511-95ad-281d06446d4c,22527,774,False,16,16,66,"[0, 23, 53, 54, 55, 56, 57, 58, 59, 60, 61, 62, 63, 64, 65, 66]",0.12473473237444,8,[],209.55477399911615,179.11068399916985,529
0.09375,-1.5,"[0, 5, 25]",3,,1781073597165.3696,0.0,1781073597011.2236,0,0,154.14586999941093,9664,10460.1279296875,1.4940370321273804,32,0.6358868479728699,0.5164072439074516,5,6,32,1781073597174.165,1781073596997.1123,4244,254,middle,1.0,32.87683099915739,0.07697799992456567,observability_fixed_R16_k16,good,22.903973002030398,0,False,False,0.0,"[0, 23, 53, 54, 55, 56, 57, 58, 59, 60, 61, 62, 63, 64, 65, 66]",1,pg19,3,2e881eb3-2ab2-4511-95ad-281d06446d4c,22532,775,False,16,16,67,"[0, 23, 53, 54, 55, 56, 57, 58, 59, 60, 61, 62, 63, 64, 65, 66]",0.12535344015080113,12,[],221.31808899939642,177.04984300144133,532
0.03125,-2.75,[0],1,,1781073597611.8372,0.0,1781073597468.2166,0,0,143.61973999984912,1312,10460.70751953125,0.08550962060689926,32,0.9880303740501404,0.9808321208693087,6,6,32,1781073597620.6523,1781073597454.0151,4248,258,middle,1.0,33.42975699888484,0.07518100028391927,observability_fixed_R16_k16,good,23.016384000584367,0,False,False,0.0,"[0, 23, 53, 54, 55, 56, 57, 58, 59, 60, 61, 62, 63, 64, 65, 66]",1,pg19,1,2e881eb3-2ab2-4511-95ad-281d06446d4c,22564,765,False,16,16,68,"[0, 23, 53, 54, 55, 56, 57, 58, 59, 60, 61, 62, 63, 64, 65, 66]",0.12617702448210924,14,[],245.19678199976624,166.63612400043348,536
0.09375,0.5,"[0, 2, 5]",3,,1781073598023.972,0.0,1781073597878.591,0,0,145.37934700092592,11794,10459.54833984375,0.10213178396224976,32,0.9805591702461243,0.9623167812824249,6,6,32,1781073598033.0676,1781073597864.66,4250,260,middle,1.0,32.29989000101341,0.06640199899266008,observability_fixed_R16_k16,good,23.026006998406956,0,False,False,0.0,"[0, 23, 53, 54, 55, 56, 57, 58, 59, 60, 61, 62, 63, 64, 65, 66]",1,pg19,3,2e881eb3-2ab2-4511-95ad-281d06446d4c,22570,774,False,16,16,69,"[0, 23, 53, 54, 55, 56, 57, 58, 59, 60, 61, 62, 63, 64, 65, 66]",0.12658823529411764,18,[],210.77884700025606,168.40535399933287,538
0.0625,-0.25,"[2, 12]",2,,1781073598432.6252,0.0,1781073598289.261,0,0,143.36357200045313,279,10460.70751953125,2.4862780570983887,32,0.2633529007434845,0.10110588371753693,5,6,32,1781073598441.2654,1781073598274.9578,4254,264,middle,1.0,31.776984000316588,0.0665440002194373,observability_fixed_R16_k16,good,22.94282100046985,0,False,False,0.0,"[0, 23, 53, 54, 55, 56, 57, 58, 59, 60, 61, 62, 63, 64, 65, 66]",1,pg19,2,2e881eb3-2ab2-4511-95ad-281d06446d4c,22593,768,False,16,16,70,"[0, 23, 53, 54, 55, 56, 57, 58, 59, 60, 61, 62, 63, 64, 65, 66]",0.12740949694405265,21,[],209.21590000034485,166.30639300092298,542
0.0,-2.25,[],0,,1781073598854.1836,0.0,1781073598708.1936,0,0,145.9908719989471,64254,10460.91162109375,2.7214841842651367,32,0.6104599237442017,0.5720395594835281,6,6,32,1781073598862.691,1781073598692.4568,4257,267,middle,1.0,36.08998799973051,4.041346999656525,observability_fixed_R16_k16,good,24.24137200068799,0,False,False,0.0,"[0, 23, 53, 54, 55, 56, 57, 58, 59, 60, 61, 62, 63, 64, 65, 66]",1,pg19,0,2e881eb3-2ab2-4511-95ad-281d06446d4c,22600,763,False,16,16,71,"[0, 23, 53, 54, 55, 56, 57, 58, 59, 60, 61, 62, 63, 64, 65, 66]",0.12802443035001174,22,[],210.1935049995518,170.2322439996351,545
0.03125,-0.5,[4],1,,1781073599263.1775,0.0,1781073599119.291,0,0,143.88587299981737,323,10458.96875,3.4533615112304688,32,0.21427521109580994,0.09777580201625824,5,6,32,1781073599272.0073,1781073599105.4624,4258,268,middle,1.0,31.511619001321378,0.06253999890759587,observability_fixed_R16_k16,good,22.657342000456993,0,False,False,0.0,"[0, 23, 53, 54, 55, 56, 57, 58, 59, 60, 61, 62, 63, 64, 65, 66]",1,pg19,1,2e881eb3-2ab2-4511-95ad-281d06446d4c,22616,763,False,16,16,72,"[0, 23, 53, 54, 55, 56, 57, 58, 59, 60, 61, 62, 63, 64, 65, 66]",0.12822921559417566,24,[],210.3342660011549,166.54321500027436,546
0.09375,1.5,"[2, 11, 19]",3,,1781073599684.662,0.0,1781073599535.3403,0,0,149.32076000150118,1549,10459.54833984375,3.309882640838623,32,0.21081487834453583,0.07681278884410858,4,6,32,1781073599693.5042,1781073599521.5068,4260,270,middle,1.0,32.08170799916843,0.07113699939509388,observability_fixed_R16_k16,good,22.673907997159404,0,False,False,0.0,"[0, 23, 53, 54, 55, 56, 57, 58, 59, 60, 61, 62, 63, 64, 65, 66]",1,pg19,3,2e881eb3-2ab2-4511-95ad-281d06446d4c,22630,777,False,16,16,73,"[0, 23, 53, 54, 55, 56, 57, 58, 59, 60, 61, 62, 63, 64, 65, 66]",0.12863849765258217,28,[],216.52824500051793,171.9946679986606,548
0.15625,3.5,"[0, 5, 21, 30, 31]",5,,1781073600101.925,0.0,1781073599947.3462,0,0,154.5762839996314,19534,10460.70751953125,1.5934146642684937,32,0.35226306319236755,0.0,5,6,32,1781073600110.8772,1781073599933.3542,4264,274,middle,1.0,31.585337999786134,0.06879600005049724,observability_fixed_R16_k16,good,22.94516899928567,0,False,False,0.0,"[0, 23, 53, 54, 55, 56, 57, 58, 59, 60, 61, 62, 63, 64, 65, 66]",1,pg19,5,2e881eb3-2ab2-4511-95ad-281d06446d4c,22626,786,False,16,16,74,"[0, 23, 53, 54, 55, 56, 57, 58, 59, 60, 61, 62, 63, 64, 65, 66]",0.1294559099437148,34,[],207.15742699940165,177.52145299891708,552
0.1875,3.75,"[0, 5, 14, 21, 26, 30]",6,,1781073600512.9844,0.0,1781073600369.393,0,0,143.5905920006917,279,10461.86669921875,0.5604826807975769,32,0.893341600894928,0.8396922685205936,6,6,32,1781073600521.7422,1781073600355.1074,4270,280,middle,1.0,33.47451500121679,0.07353000000875909,observability_fixed_R16_k16,good,23.042167998937657,0,False,False,0.0,"[0, 23, 53, 54, 55, 56, 57, 58, 59, 60, 61, 62, 63, 64, 65, 66]",1,pg19,6,2e881eb3-2ab2-4511-95ad-281d06446d4c,22667,788,False,16,16,75,"[0, 23, 53, 54, 55, 56, 57, 58, 59, 60, 61, 62, 63, 64, 65, 66]",0.1306791569086651,41,[],209.8054210000555,166.63275999962934,558
0.1875,2.25,"[0, 2, 6, 12, 19, 26]",6,,1781073600927.728,0.0,1781073600781.8257,0,0,145.9007510002266,323,10462.4462890625,0.032464638352394104,32,0.9973604083061218,0.9970509750128258,6,6,32,1781073600936.398,1781073600767.6653,4277,287,middle,1.0,31.917053000142914,0.06948500049475115,observability_fixed_R16_k16,good,22.830160000012256,0,False,False,0.0,"[0, 23, 53, 54, 55, 56, 57, 58, 59, 60, 61, 62, 63, 64, 65, 66]",1,pg19,6,2e881eb3-2ab2-4511-95ad-281d06446d4c,22707,785,False,16,16,76,"[0, 23, 53, 54, 55, 56, 57, 58, 59, 60, 61, 62, 63, 64, 65, 66]",0.1321019406125789,48,[],213.0814680003823,168.73091100023885,565
0.1875,1.0,"[0, 1, 2, 3, 4, 10]",6,,1781073601347.8901,0.0,1781073601201.44,0,0,146.45062400086317,11504,10462.4462890625,0.005727714393287897,32,0.9993849992752075,0.9988492612028494,6,6,32,1781073601356.6821,1781073601187.213,4284,294,middle,1.0,33.86849700109451,0.07196300066425465,observability_fixed_R16_k16,good,23.017046998575097,0,False,False,0.0,"[0, 23, 53, 54, 55, 56, 57, 58, 59, 60, 61, 62, 63, 64, 65, 66]",1,pg19,6,2e881eb3-2ab2-4511-95ad-281d06446d4c,22722,788,False,16,16,77,"[0, 23, 53, 54, 55, 56, 57, 58, 59, 60, 61, 62, 63, 64, 65, 66]",0.13352007469654528,55,[],215.99266100020031,169.46767099943827,572
0.1875,0.25,"[0, 1, 5, 12, 19, 26]",6,,1781073601787.5652,0.0,1781073601640.442,0,0,147.12223400056246,8048,10462.4462890625,0.0024914946407079697,32,0.9997881054878235,0.9996920142002637,6,6,32,1781073601796.2603,1781073601626.1235,4291,301,middle,0.9411764705882353,35.70897499957937,4.22351699853607,observability_fixed_R16_k16,good,23.01289699789777,0,False,False,0.0,"[0, 23, 53, 54, 55, 56, 57, 58, 59, 60, 61, 62, 63, 64, 65, 66, 67]",1,pg19,6,2e881eb3-2ab2-4511-95ad-281d06446d4c,22777,791,False,16,16,78,"[0, 23, 53, 54, 55, 56, 57, 58, 59, 60, 61, 62, 63, 64, 65, 66]",0.1423910510370543,62,[],228.4592160012835,170.13513099846023,611
0.1875,0.0,"[0, 4, 15, 22, 27, 30]",6,,1781073602214.3333,0.0,1781073602068.31,0,0,146.02338499935286,323,10462.4462890625,0.6242928504943848,32,0.841549277305603,0.7240426689386368,6,6,32,1781073602222.8494,1781073602052.5781,4298,308,middle,0.9411764705882353,33.410464000553475,0.07808800000930205,observability_fixed_R16_k16,good,24.24553900164028,0,False,False,0.0,"[0, 23, 53, 54, 55, 56, 57, 58, 59, 60, 61, 62, 63, 64, 65, 66, 67]",1,pg19,6,2e881eb3-2ab2-4511-95ad-281d06446d4c,22801,790,False,16,16,79,"[0, 23, 53, 54, 55, 56, 57, 58, 59, 60, 61, 62, 63, 64, 65, 66]",0.14378780828292229,69,[],221.90429200054496,170.26892400099314,618
0.1875,0.0,"[0, 1, 2, 5, 13, 23]",6,0.8419632911682129,1781073602759.9785,132.3543200014683,1781073602484.4019,16,984,275.57694200004335,1119,10462.4462890625,0.0002698595926631242,32,0.9999803304672241,0.9999673234251532,6,6,32,1781073602768.9277,1781073602469.9067,4305,315,middle,0.7368421052631579,32.01531499871635,0.07541000013588928,observability_fixed_R16_k16,good,23.44268199885846,0,False,False,0.0,"[0, 23, 53, 54, 55, 56, 57, 58, 59, 60, 61, 62, 63, 64, 65, 66, 67]",1,pg19,6,2e881eb3-2ab2-4511-95ad-281d06446d4c,22835,990,True,16,16,80,"[0, 14, 48, 54, 55, 56, 57, 59, 60, 61, 62, 63, 64, 65, 66, 67]",0.14518002322880372,76,"[0, 4311, 4310, 4298, 4297, 4305, 4307, 3099, 4228, 4304, 4251, 4260, 4275, 4303, 3785, 4276]",213.93523600090703,299.0196239989018,625
0.03125,-5.0,[0],1,,1781073603106.0032,0.0,1781073603027.8237,0,0,78.18044799932977,11794,10462.4462890625,0.00016364162729587406,32,0.9999899864196777,0.9999873022388783,6,6,32,1781073603114.6406,1781073603012.106,4312,322,middle,1.0,31.43951600031869,4.141940000408795,observability_fixed_R16_k16,good,24.35267800137808,0,False,False,0.0,"[0, 14, 48, 54, 55, 56, 57, 59, 60, 61, 62, 63, 64, 65, 66, 67]",1,pg19,1,2e881eb3-2ab2-4511-95ad-281d06446d4c,22861,765,False,16,16,81,"[0, 14, 48, 54, 55, 56, 57, 59, 60, 61, 62, 63, 64, 65, 66, 67]",0.12430426716141002,2,[],206.5944980004133,102.53312600070785,536
0.09375,-1.75,"[1, 7, 22]",3,,1781073603532.7285,0.0,1781073603372.5605,0,0,160.1673530003609,64254,10460.30322265625,1.8386247158050537,32,0.47647494077682495,0.2548935115337372,5,6,32,1781073603541.4172,1781073603358.0815,4314,324,middle,1.0,30.959112000346067,0.06263599971134681,observability_fixed_R16_k16,good,23.166166998635163,0,False,False,0.0,"[0, 14, 48, 54, 55, 56, 57, 59, 60, 61, 62, 63, 64, 65, 66, 67]",1,pg19,3,2e881eb3-2ab2-4511-95ad-281d06446d4c,22874,774,False,16,16,82,"[0, 14, 48, 54, 55, 56, 57, 59, 60, 61, 62, 63, 64, 65, 66, 67]",0.12471024571163654,6,[],211.54467599990312,183.33351999899605,538
0.03125,-3.0,[3],1,,1781073603966.6865,0.0,1781073603817.1633,0,0,149.5231059998332,323,10460.70751953125,2.8058252334594727,32,0.5094627737998962,0.443671852350235,6,6,32,1781073603975.493,1781073603803.1113,4318,328,middle,1.0,36.74003299965989,0.07175499922595918,observability_fixed_R16_k16,good,22.855895000247983,0,False,False,0.0,"[0, 14, 48, 54, 55, 56, 57, 59, 60, 61, 62, 63, 64, 65, 66, 67]",1,pg19,1,2e881eb3-2ab2-4511-95ad-281d06446d4c,22908,761,False,16,16,83,"[0, 14, 48, 54, 55, 56, 57, 59, 60, 61, 62, 63, 64, 65, 66, 67]",0.12552107457156092,8,[],223.74493999996048,172.3790010000812,542
0.09375,0.25,"[0, 13, 30]",3,,1781073604396.2249,0.0,1781073604241.3977,0,0,154.82628300014767,1549,10459.54833984375,3.7999186515808105,32,0.14194227755069733,0.02241489291191101,4,6,32,1781073604404.9844,1781073604226.8677,4320,330,middle,1.0,34.42606900171086,0.07143699986045249,observability_fixed_R16_k16,good,23.288624999622698,0,False,False,0.0,"[0, 14, 48, 54, 55, 56, 57, 59, 60, 61, 62, 63, 64, 65, 66, 67]",1,pg19,3,2e881eb3-2ab2-4511-95ad-281d06446d4c,22920,777,False,16,16,84,"[0, 14, 48, 54, 55, 56, 57, 59, 60, 61, 62, 63, 64, 65, 66, 67]",0.1259259259259259,12,[],215.67468299872417,178.11490799977037,544
0.09375,1.0,"[0, 5, 19]",3,,1781073604817.3247,0.0,1781073604670.7344,0,0,146.58926400079508,3867,10460.70751953125,1.5969781875610352,32,0.40413719415664673,0.17743676900863647,6,6,32,1781073604826.0215,1781073604656.5537,4324,334,middle,1.0,33.54566600137332,0.07319699943764135,observability_fixed_R16_k16,good,22.876196999277454,0,False,False,0.0,"[0, 14, 48, 54, 55, 56, 57, 59, 60, 61, 62, 63, 64, 65, 66, 67]",1,pg19,3,2e881eb3-2ab2-4511-95ad-281d06446d4c,22921,775,False,16,16,85,"[0, 14, 48, 54, 55, 56, 57, 59, 60, 61, 62, 63, 64, 65, 66, 67]",0.1267345050878816,16,[],217.02522700070404,169.46546100007254,548
0.1875,3.5,"[0, 3, 12, 20, 24, 27]",6,,1781073605246.3022,0.0,1781073605096.1333,0,0,150.16835799906403,64254,10460.70751953125,0.27105775475502014,32,0.9443585872650146,0.9008751101791859,6,6,32,1781073605255.0671,1781073605081.6528,4328,338,middle,1.0,33.15033999933803,0.07329300024139229,observability_fixed_R16_k16,good,23.244126999998116,0,False,False,0.0,"[0, 14, 48, 54, 55, 56, 57, 59, 60, 61, 62, 63, 64, 65, 66, 67]",1,pg19,6,2e881eb3-2ab2-4511-95ad-281d06446d4c,22944,796,False,16,16,86,"[0, 14, 48, 54, 55, 56, 57, 59, 60, 61, 62, 63, 64, 65, 66, 67]",0.12754158964879853,23,[],221.43850199972803,173.41248499906214,552
0.1875,2.75,"[0, 1, 3, 8, 15, 23]",6,,1781073605664.8506,0.0,1781073605515.722,0,0,149.12765500048408,64254,10462.4462890625,0.10823626071214676,32,0.9860045313835144,0.9820989333093166,6,6,32,1781073605673.3884,1781073605501.0032,4335,345,late,1.0,32.90482800002792,0.06699899859086145,observability_fixed_R16_k16,good,23.255916999914916,0,False,False,0.0,"[0, 14, 48, 54, 55, 56, 57, 59, 60, 61, 62, 63, 64, 65, 66, 67]",1,pg19,6,2e881eb3-2ab2-4511-95ad-281d06446d4c,22968,791,False,16,16,87,"[0, 14, 48, 54, 55, 56, 57, 59, 60, 61, 62, 63, 64, 65, 66, 67]",0.12895040369088812,30,[],212.07409199996619,172.383572000399,559
0.1875,1.5,"[0, 2, 6, 13, 20, 26]",6,,1781073606081.9368,0.0,1781073605935.0864,0,0,146.84954900076264,13,10462.4462890625,0.048304833471775055,32,0.9933196306228638,0.9878570162691176,6,6,32,1781073606090.873,1781073605920.792,4342,352,late,1.0,34.31586800070363,0.07100000038917642,observability_fixed_R16_k16,good,23.228456999277114,0,False,False,0.0,"[0, 14, 48, 54, 55, 56, 57, 59, 60, 61, 62, 63, 64, 65, 66, 67]",1,pg19,6,2e881eb3-2ab2-4511-95ad-281d06446d4c,23023,787,False,16,16,88,"[0, 14, 48, 54, 55, 56, 57, 59, 60, 61, 62, 63, 64, 65, 66, 67]",0.13035467526485492,37,[],212.1268909995706,170.07800600003975,566
0.1875,0.75,"[0, 7, 15, 19, 24, 28]",6,,1781073606500.813,0.0,1781073606353.9885,0,0,146.82440900105576,64254,10462.4462890625,0.29016801714897156,32,0.9605103135108948,0.9524559434503317,6,6,32,1781073606509.6206,1781073606339.8564,4349,359,late,1.0,33.125746000223444,0.07005199950071983,observability_fixed_R16_k16,good,22.93871799884073,0,False,False,0.0,"[0, 14, 48, 54, 55, 56, 57, 59, 60, 61, 62, 63, 64, 65, 66, 67]",1,pg19,6,2e881eb3-2ab2-4511-95ad-281d06446d4c,23053,795,False,16,16,89,"[0, 14, 48, 54, 55, 56, 57, 59, 60, 61, 62, 63, 64, 65, 66, 67]",0.13175442630489767,44,[],214.67684900017048,169.76312699989649,573
0.1875,0.0,"[0, 1, 2, 5, 15, 26]",6,,1781073606930.5024,0.0,1781073606782.2227,0,0,148.27882800091174,279,10462.4462890625,0.0018471708754077554,32,0.9998506307601929,0.9997757901001023,6,6,32,1781073606939.1387,1781073606767.8555,4356,366,late,0.9411764705882353,36.04186399934406,4.19392600088031,observability_fixed_R16_k16,good,23.002250998615636,0,False,False,0.0,"[0, 14, 48, 54, 55, 56, 57, 59, 60, 61, 62, 63, 64, 65, 66, 67, 68]",1,pg19,6,2e881eb3-2ab2-4511-95ad-281d06446d4c,23077,788,False,16,16,90,"[0, 14, 48, 54, 55, 56, 57, 59, 60, 61, 62, 63, 64, 65, 66, 67]",0.14049586776859505,51,[],217.1151029997418,171.28107899952738,612
0.1875,0.0,"[0, 1, 4, 12, 21, 27]",6,,1781073607356.1355,0.0,1781073607201.8818,0,0,154.25012800005788,1312,10462.4462890625,0.011962488293647766,32,0.9990321397781372,0.9987907489703503,6,6,32,1781073607365.5596,1781073607187.9233,4363,373,late,0.9411764705882353,32.93798000049719,0.07065299905661959,observability_fixed_R16_k16,good,23.38337000037427,0,False,False,0.0,"[0, 14, 48, 54, 55, 56, 57, 59, 60, 61, 62, 63, 64, 65, 66, 67, 68]",1,pg19,6,2e881eb3-2ab2-4511-95ad-281d06446d4c,23119,791,False,16,16,91,"[0, 14, 48, 54, 55, 56, 57, 59, 60, 61, 62, 63, 64, 65, 66, 67]",0.1418748567499427,58,[],214.86104899850034,177.63349800043216,619
0.1875,0.0,"[0, 1, 2, 4, 7, 16]",6,,1781073607782.9165,0.0,1781073607632.2554,0,0,150.66046799984179,279,10462.4462890625,0.00016051904822234064,32,0.9999877214431763,0.9999817663415342,6,6,32,1781073607791.6892,1781073607617.0305,4370,380,late,0.9411764705882353,32.86406400002306,0.07487800030503422,observability_fixed_R16_k16,good,23.993091001102584,0,False,False,0.0,"[0, 14, 48, 54, 55, 56, 57, 59, 60, 61, 62, 63, 64, 65, 66, 67, 68]",1,pg19,6,2e881eb3-2ab2-4511-95ad-281d06446d4c,23129,786,False,16,16,92,"[0, 14, 48, 54, 55, 56, 57, 59, 60, 61, 62, 63, 64, 65, 66, 67]",0.14324942791762013,65,[],217.3278760001267,174.65355900094437,626
0.1875,0.0,"[0, 3, 7, 15, 21, 26]",6,,1781073608254.5447,0.0,1781073608093.8254,0,0,160.71757299869205,1549,10462.4462890625,0.03829826042056084,32,0.9953873753547668,0.9921693855430931,6,6,32,1781073608263.2507,1781073608079.5447,4377,387,late,0.9411764705882353,45.237489001010545,0.10107500020239968,observability_fixed_R16_k16,good,22.98665600028471,0,False,False,0.0,"[0, 14, 48, 54, 55, 56, 57, 59, 60, 61, 62, 63, 64, 65, 66, 67, 68]",1,pg19,6,2e881eb3-2ab2-4511-95ad-281d06446d4c,23191,792,False,16,16,93,"[0, 14, 48, 54, 55, 56, 57, 59, 60, 61, 62, 63, 64, 65, 66, 67]",0.14461960246744346,72,[],241.49726500036195,183.70422899897676,633
0.1875,0.0,"[0, 3, 14, 20, 25, 29]",6,,1781073608693.2004,0.0,1781073608521.5183,0,0,171.6814589999558,323,10462.4462890625,0.3325255215167999,32,0.9207523465156555,0.8550873473286629,6,6,32,1781073608702.036,1781073608507.0796,4384,394,late,0.9411764705882353,31.81618599955982,0.07341900163737591,observability_fixed_R16_k16,good,23.272439000720624,0,False,False,0.0,"[0, 14, 48, 54, 55, 56, 57, 59, 60, 61, 62, 63, 64, 65, 66, 67, 68]",1,pg19,6,2e881eb3-2ab2-4511-95ad-281d06446d4c,23219,785,False,16,16,94,"[0, 14, 48, 54, 55, 56, 57, 59, 60, 61, 62, 63, 64, 65, 66, 67]",0.145985401459854,79,[],211.0389089993987,194.95389800067642,640
0.1875,0.0,"[0, 2, 6, 12, 17, 25]",6,,1781073609151.3496,0.0,1781073608971.6777,0,0,179.66983000042092,11794,10462.4462890625,0.009754162281751633,32,0.99922776222229,0.9991137149481801,6,6,32,1781073609160.316,1781073608957.3345,4391,401,late,0.9411764705882353,33.956086001126096,0.07376999928965233,observability_fixed_R16_k16,good,23.307874998863554,0,False,False,0.0,"[0, 14, 48, 54, 55, 56, 57, 59, 60, 61, 62, 63, 64, 65, 66, 67, 68]",1,pg19,6,2e881eb3-2ab2-4511-95ad-281d06446d4c,23256,793,False,16,16,95,"[0, 14, 48, 54, 55, 56, 57, 59, 60, 61, 62, 63, 64, 65, 66, 67]",0.1473468458209975,86,[],220.11362800003553,202.97770499928447,647
0.1875,0.0,"[0, 3, 8, 14, 20, 26]",6,0.8217216730117798,1781073609718.1326,142.76760400025523,1781073609428.742,16,1013,289.3911890005256,279,10462.4462890625,0.5714648962020874,32,0.8036186099052429,0.621483325958252,6,6,32,1781073609727.0085,1781073609414.1875,4398,408,late,0.65,36.30197600068641,0.07651099986105692,observability_fixed_R16_k16,good,23.426838999512256,0,False,False,0.0,"[0, 14, 48, 54, 55, 56, 57, 59, 60, 61, 62, 63, 64, 65, 66, 67, 68]",1,pg19,6,2e881eb3-2ab2-4511-95ad-281d06446d4c,23294,986,True,16,16,96,"[0, 4, 16, 56, 57, 58, 59, 60, 61, 62, 63, 64, 65, 66, 67, 68]",0.14870395634379263,93,"[0, 4404, 4402, 4403, 4260, 4320, 4224, 4372, 4399, 4400, 4401, 4309, 4308, 4391, 4393, 4398]",216.26189699964016,312.8180280000379,654
0.0625,-4.0,"[0, 1]",2,,1781073610069.8716,0.0,1781073609990.426,0,0,79.44464199863432,1549,10462.4462890625,7.116985216271132e-06,32,0.9999996423721313,0.9999993765996749,6,6,32,1781073610078.7842,1781073609976.104,4405,415,late,1.0,32.96238400071161,4.233632000250509,observability_fixed_R16_k16,good,23.234231002788874,0,False,False,0.0,"[0, 4, 16, 56, 57, 58, 59, 60, 61, 62, 63, 64, 65, 66, 67, 68]",1,pg19,2,2e881eb3-2ab2-4511-95ad-281d06446d4c,23302,766,False,16,16,97,"[0, 4, 16, 56, 57, 58, 59, 60, 61, 62, 63, 64, 65, 66, 67, 68]",0.12099886492622021,3,[],210.54163700136996,102.6788730014232,533
0.0625,-3.0,"[0, 10]",2,,1781073610489.3286,0.0,1781073610336.215,0,0,153.1124869998166,11504,10460.30322265625,1.5420936346054077,32,0.4733295142650604,0.1530587077140808,6,6,32,1781073610497.9038,1781073610321.951,4408,418,late,1.0,32.74670700011484,0.07317200106626842,observability_fixed_R16_k16,good,22.838814998976886,0,False,False,0.0,"[0, 4, 16, 56, 57, 58, 59, 60, 61, 62, 63, 64, 65, 66, 67, 68]",1,pg19,2,2e881eb3-2ab2-4511-95ad-281d06446d4c,23323,770,False,16,16,98,"[0, 4, 16, 56, 57, 58, 59, 60, 61, 62, 63, 64, 65, 66, 67, 68]",0.12159709618874773,6,[],209.44984999914595,175.9513019987935,536
0.0625,-2.0,"[0, 6]",2,,1781073610908.3945,0.0,1781073610757.301,0,0,151.09182800006238,198,10460.1279296875,0.9876692891120911,32,0.7405209541320801,0.5828549563884735,6,6,32,1781073610917.6128,1781073610742.9604,4411,421,late,1.0,32.47640899826365,0.06960000064282212,observability_fixed_R16_k16,good,23.558607001177734,0,False,False,0.0,"[0, 4, 16, 56, 57, 58, 59, 60, 61, 62, 63, 64, 65, 66, 67, 68]",1,pg19,2,2e881eb3-2ab2-4511-95ad-281d06446d4c,23340,767,False,16,16,99,"[0, 4, 16, 56, 57, 58, 59, 60, 61, 62, 63, 64, 65, 66, 67, 68]",0.12219451371571072,9,[],211.63643900035822,174.6504350012401,539
0.03125,-2.0,[1],1,,1781073611331.1982,0.0,1781073611180.9446,0,0,150.25107099972956,64254,10460.1279296875,1.9271011352539062,32,0.41106244921684265,0.05392521619796753,5,6,32,1781073611340.053,1781073611166.6287,4414,424,late,1.0,32.92596600113029,0.07096000081219245,observability_fixed_R16_k16,good,23.17167700130085,0,False,False,0.0,"[0, 4, 16, 56, 57, 58, 59, 60, 61, 62, 63, 64, 65, 66, 67, 68]",1,pg19,1,2e881eb3-2ab2-4511-95ad-281d06446d4c,23374,768,False,16,16,100,"[0, 4, 16, 56, 57, 58, 59, 60, 61, 62, 63, 64, 65, 66, 67, 68]",0.12279111916628908,11,[],214.89225799996348,173.4227480010304,542
0.125,2.25,"[0, 5, 11, 21]",4,,1781073611745.6248,0.0,1781073611601.2615,0,0,144.36253600069904,1221,10460.1279296875,0.9171994924545288,32,0.8394548892974854,0.7976608946919441,5,6,32,1781073611754.3853,1781073611586.882,4416,426,late,1.0,31.760768999447464,0.07030999950075056,observability_fixed_R16_k16,good,23.138045999075985,0,False,False,0.0,"[0, 4, 16, 56, 57, 58, 59, 60, 61, 62, 63, 64, 65, 66, 67, 68]",1,pg19,4,2e881eb3-2ab2-4511-95ad-281d06446d4c,23368,781,False,16,16,101,"[0, 4, 16, 56, 57, 58, 59, 60, 61, 62, 63, 64, 65, 66, 67, 68]",0.12318840579710146,16,[],214.14147399991634,167.50058199977502,544
0.0625,-0.25,"[2, 14]",2,,1781073612161.578,0.0,1781073612016.5747,0,0,145.0036080004793,19534,10461.287109375,4.349454879760742,32,0.17927591502666473,0.07871124893426895,5,6,32,1781073612170.1099,1781073612000.7402,4421,431,late,0.9411764705882353,32.53099699941231,4.225313999995706,observability_fixed_R16_k16,good,24.364167999010533,0,False,False,0.0,"[0, 4, 16, 56, 57, 58, 59, 60, 61, 62, 63, 64, 65, 66, 67, 68, 69]",1,pg19,2,2e881eb3-2ab2-4511-95ad-281d06446d4c,23399,770,False,16,16,102,"[0, 4, 16, 56, 57, 58, 59, 60, 61, 62, 63, 64, 65, 66, 67, 68]",0.13141823116941867,19,[],208.44970800135343,169.36777599948982,581
0.09375,0.75,"[0, 7, 21]",3,,1781073612568.397,0.0,1781073612423.7878,0,0,144.60820500062255,9664,10460.1279296875,1.6152514219284058,32,0.5627211332321167,0.4311353266239166,5,6,32,1781073612577.532,1781073612409.6582,4424,434,late,0.9411764705882353,31.51734499988379,0.07252499926835299,observability_fixed_R16_k16,good,23.263306999069755,0,False,False,0.0,"[0, 4, 16, 56, 57, 58, 59, 60, 61, 62, 63, 64, 65, 66, 67, 68, 69]",1,pg19,3,2e881eb3-2ab2-4511-95ad-281d06446d4c,23404,775,False,16,16,103,"[0, 4, 16, 56, 57, 58, 59, 60, 61, 62, 63, 64, 65, 66, 67, 68]",0.13200723327305605,23,[],207.11419100007333,167.8715119996923,584
0.15625,2.5,"[0, 1, 10, 17, 26]",5,,1781073612978.572,0.0,1781073612833.9424,0,0,144.62891800030775,11794,10460.70751953125,0.09356870502233505,32,0.9893229603767395,0.9854042180813849,6,6,32,1781073612987.059,1781073612819.6577,4428,438,late,0.9411764705882353,32.10279900122259,0.07861899939598516,observability_fixed_R16_k16,good,22.771065998313134,0,False,False,0.0,"[0, 4, 16, 56, 57, 58, 59, 60, 61, 62, 63, 64, 65, 66, 67, 68, 69]",1,pg19,5,2e881eb3-2ab2-4511-95ad-281d06446d4c,23438,789,False,16,16,104,"[0, 4, 16, 56, 57, 58, 59, 60, 61, 62, 63, 64, 65, 66, 67, 68]",0.13279132791327913,29,[],208.93375699961325,167.39998399862088,588
0.09375,-0.5,"[2, 6, 16]",3,,1781073613389.3596,0.0,1781073613245.6436,0,0,143.71504700102378,64254,10461.86669921875,1.8626736402511597,32,0.372892826795578,0.15707901120185852,6,6,32,1781073613397.8591,1781073613231.4224,4434,444,late,0.9411764705882353,32.29184500014526,0.07338799878198188,observability_fixed_R16_k16,good,22.72022199758794,0,False,False,0.0,"[0, 4, 16, 56, 57, 58, 59, 60, 61, 62, 63, 64, 65, 66, 67, 68, 69]",1,pg19,3,2e881eb3-2ab2-4511-95ad-281d06446d4c,23461,778,False,16,16,105,"[0, 4, 16, 56, 57, 58, 59, 60, 61, 62, 63, 64, 65, 66, 67, 68]",0.13396481732070364,33,[],211.15408799960278,166.43526899861172,594
0.03125,-2.25,[2],1,,1781073613826.5674,0.0,1781073613677.1702,0,0,149.39714899992396,323,10460.70751953125,1.8022220134735107,32,0.4747122526168823,0.14844760298728943,6,6,32,1781073613835.105,1781073613661.9224,4438,448,late,0.9411764705882353,32.20737499941606,0.07400200047413819,observability_fixed_R16_k16,good,23.78327100086608,0,False,False,0.0,"[0, 4, 16, 56, 57, 58, 59, 60, 61, 62, 63, 64, 65, 66, 67, 68, 69]",1,pg19,1,2e881eb3-2ab2-4511-95ad-281d06446d4c,23477,764,False,16,16,106,"[0, 4, 16, 56, 57, 58, 59, 60, 61, 62, 63, 64, 65, 66, 67, 68]",0.13474538080216314,35,[],230.38685900064593,173.18042000079004,598
0.1875,3.0,"[1, 4, 8, 14, 20, 28]",6,,1781073614235.689,0.0,1781073614091.3442,0,0,144.34435500152176,1221,10459.54833984375,1.2717469930648804,32,0.5988739132881165,0.29774120450019836,6,6,32,1781073614244.2148,1781073614077.1604,4440,450,late,0.9411764705882353,35.1832939995802,0.07365400051639881,observability_fixed_R16_k16,good,22.70845999919402,0,False,False,0.0,"[0, 4, 16, 56, 57, 58, 59, 60, 61, 62, 63, 64, 65, 66, 67, 68, 69]",1,pg19,6,2e881eb3-2ab2-4511-95ad-281d06446d4c,23485,790,False,16,16,107,"[0, 4, 16, 56, 57, 58, 59, 60, 61, 62, 63, 64, 65, 66, 67, 68]",0.13513513513513514,42,[],205.88455299912312,167.05281500071578,600
0.1875,2.25,"[0, 5, 11, 19, 24, 29]",6,,1781073614645.2043,0.0,1781073614501.3274,0,0,143.87640200038732,9664,10462.91162109375,1.8292176723480225,32,0.6649823188781738,0.5457575544714928,6,6,32,1781073614653.846,1781073614487.1094,4447,457,late,0.9411764705882353,32.128001999808475,0.07414299943775404,observability_fixed_R16_k16,good,22.858897998958128,0,False,False,0.0,"[0, 4, 16, 56, 57, 58, 59, 60, 61, 62, 63, 64, 65, 66, 67, 68, 69]",1,pg19,6,2e881eb3-2ab2-4511-95ad-281d06446d4c,23534,794,False,16,16,108,"[0, 4, 16, 56, 57, 58, 59, 60, 61, 62, 63, 64, 65, 66, 67, 68]",0.13649651450416012,49,[],209.72261099996103,166.73529999934544,607
0.1875,2.0,"[0, 1, 5, 8, 12, 20]",6,,1781073615069.0732,0.0,1781073614918.1658,0,0,150.9065099999134,279,10462.4462890625,0.03961606323719025,32,0.9963866472244263,0.9958441052003764,6,6,32,1781073615077.9993,1781073614903.8555,4454,464,late,0.9411764705882353,36.1723299993173,4.211628000120982,observability_fixed_R16_k16,good,23.234131000208436,0,False,False,0.0,"[0, 4, 16, 56, 57, 58, 59, 60, 61, 62, 63, 64, 65, 66, 67, 68, 69]",1,pg19,6,2e881eb3-2ab2-4511-95ad-281d06446d4c,23546,785,False,16,16,109,"[0, 4, 16, 56, 57, 58, 59, 60, 61, 62, 63, 64, 65, 66, 67, 68]",0.13785361472833407,56,[],208.74815200113517,174.14064100012183,614
0.1875,1.25,"[0, 2, 5, 10, 18, 26]",6,,1781073615493.4067,0.0,1781073615347.0437,0,0,146.36233000055654,1549,10462.4462890625,0.08482755720615387,32,0.9880856275558472,0.9789856737479568,6,6,32,1781073615501.9185,1781073615332.7993,4461,471,late,0.9411764705882353,34.51261500049441,0.08300799891003408,observability_fixed_R16_k16,good,22.754797999368748,0,False,False,0.0,"[0, 4, 16, 56, 57, 58, 59, 60, 61, 62, 63, 64, 65, 66, 67, 68, 69]",1,pg19,6,2e881eb3-2ab2-4511-95ad-281d06446d4c,23595,792,False,16,16,110,"[0, 4, 16, 56, 57, 58, 59, 60, 61, 62, 63, 64, 65, 66, 67, 68]",0.13920645595158038,63,[],219.03398299946275,169.1171279999253,621
0.1875,0.0,"[0, 3, 12, 18, 25, 29]",6,,1781073615912.147,0.0,1781073615760.3853,0,0,151.76261299893667,1782,10462.4462890625,0.9085100889205933,32,0.6952235102653503,0.4695174843072891,6,6,32,1781073615921.1335,1781073615744.0347,4468,478,late,0.9411764705882353,33.22514399951615,0.08472299850836862,observability_fixed_R16_k16,good,25.33460599988757,0,False,False,0.0,"[0, 4, 16, 56, 57, 58, 59, 60, 61, 62, 63, 64, 65, 66, 67, 68, 69]",1,pg19,6,2e881eb3-2ab2-4511-95ad-281d06446d4c,23629,792,False,16,16,111,"[0, 4, 16, 56, 57, 58, 59, 60, 61, 62, 63, 64, 65, 66, 67, 68]",0.1405550581915846,70,[],207.86194500033162,177.09721899882425,628
0.1875,0.0,"[0, 1, 2, 3, 9, 24]",6,0.8066402673721313,1781073616488.3193,136.92138800070097,1781073616206.5024,16,962,281.8169919992215,3867,10462.4462890625,0.07015922665596008,32,0.9919923543930054,0.9892917776014656,6,6,32,1781073616497.645,1781073616192.1306,4475,485,late,0.7368421052631579,32.90031399956206,0.07560400081274565,observability_fixed_R16_k16,good,23.694581001109327,0,False,False,0.0,"[0, 4, 16, 56, 57, 58, 59, 60, 61, 62, 63, 64, 65, 66, 67, 68, 69]",1,pg19,6,2e881eb3-2ab2-4511-95ad-281d06446d4c,23645,985,True,16,16,112,"[0, 48, 57, 58, 59, 60, 61, 62, 63, 64, 65, 66, 67, 68, 69, 70]",0.1418994413407821,77,"[0, 4481, 4480, 4478, 4479, 4418, 4421, 4361, 4477, 4301, 4042, 4358, 4387, 4396, 4298, 4448]",237.11610000100336,305.5115730003308,635
0.1875,0.0,"[0, 1, 2, 7, 15, 23]",6,,1781073616847.3967,0.0,1781073616767.4124,0,0,79.98313700045401,198,10462.4462890625,0.002174933673813939,32,0.999835729598999,0.9997924158014939,6,6,32,1781073616855.99,1781073616753.1633,4482,492,late,1.0,37.77009599980374,4.2319959993619705,observability_fixed_R16_k16,good,22.84220900037326,0,False,False,0.0,"[0, 48, 57, 58, 59, 60, 61, 62, 63, 64, 65, 66, 67, 68, 69, 70]",1,pg19,6,2e881eb3-2ab2-4511-95ad-281d06446d4c,23687,785,False,16,16,113,"[0, 48, 57, 58, 59, 60, 61, 62, 63, 64, 65, 66, 67, 68, 69, 70]",0.12182061579651941,7,[],212.07921799941687,102.82534600082727,546
0.1875,0.0,"[0, 1, 2, 3, 7, 18]",6,,1781073617274.572,0.0,1781073617117.7275,0,0,156.8441610015725,323,10462.4462890625,0.0012005880707874894,32,0.9999040365219116,0.9998484167008428,6,6,32,1781073617283.368,1781073617103.0803,4489,499,late,1.0,32.71510600097827,0.06927699905645568,observability_fixed_R16_k16,good,23.4423429974413,0,False,False,0.0,"[0, 48, 57, 58, 59, 60, 61, 62, 63, 64, 65, 66, 67, 68, 69, 70]",1,pg19,6,2e881eb3-2ab2-4511-95ad-281d06446d4c,23709,782,False,16,16,114,"[0, 48, 57, 58, 59, 60, 61, 62, 63, 64, 65, 66, 67, 68, 69, 70]",0.12319002004900868,14,[],213.42241499951342,180.2865039990138,553
0.1875,0.0,"[0, 2, 6, 13, 22, 27]",6,,1781073617680.9397,0.0,1781073617536.8489,0,0,144.09034100026474,49359,10462.4462890625,0.09959681332111359,32,0.983075737953186,0.9681485211476684,6,6,32,1781073617690.2131,1781073617522.3826,4496,506,late,1.0,31.699574001322617,0.07208600072772242,observability_fixed_R16_k16,good,23.73764799813216,0,False,False,0.0,"[0, 48, 57, 58, 59, 60, 61, 62, 63, 64, 65, 66, 67, 68, 69, 70]",1,pg19,6,2e881eb3-2ab2-4511-95ad-281d06446d4c,23755,794,False,16,16,115,"[0, 48, 57, 58, 59, 60, 61, 62, 63, 64, 65, 66, 67, 68, 69, 70]",0.12455516014234876,21,[],206.37978899867448,167.8279889983969,560
0.0625,0.0,"[1, 7]",2,0.8902696967124939,1781073655973.699,167.7796509993641,1781073653487.2095,16,994,2486.492657000781,817,12813.2626953125,1.9528396129608154,32,0.6492432951927185,0.5193864703178406,6,6,32,1781073655982.726,1781073653469.2751,4063,0,early,0.45454545454545453,356.50709900073707,5.59676300144929,observability_fixed_R16_k16,good,26.95650699934049,0,False,False,0.0,"[48, 49, 50, 51, 52, 53, 54, 55, 56, 57, 58, 59, 60, 61, 62, 63]",2,pg19,2,9e72e1b1-63c9-4883-b970-90759cf7a7f6,21226,960,True,16,16,0,"[0, 2, 10, 21, 39, 45, 51, 53, 55, 56, 58, 59, 60, 61, 62, 63]",0.1260152596603495,3,"[0, 4065, 4064, 4063, 4062, 4059, 4061, 4057, 645, 2537, 4058, 3225, 4054, 3978, 4044, 3932]",278.89459200014244,2513.4491640001215,512
0.0,-2.0,[],0,,1781073656433.934,0.0,1781073656344.4885,0,0,89.44482899823925,2889,10460.1279296875,0.030377576127648354,32,0.9968127608299255,0.9956815224140882,6,6,32,1781073656442.8357,1781073656330.2146,4066,3,early,1.0,49.01443299968378,5.747301000155858,observability_fixed_R16_k16,good,23.173654000856914,0,False,False,0.0,"[0, 2, 10, 21, 39, 45, 51, 53, 55, 56, 58, 59, 60, 61, 62, 63]",2,pg19,0,9e72e1b1-63c9-4883-b970-90759cf7a7f6,21259,760,False,16,16,1,"[0, 2, 10, 21, 39, 45, 51, 53, 55, 56, 58, 59, 60, 61, 62, 63]",0.13428430890309886,1,[],291.41202100072405,112.61848299909616,546
0.03125,0.0,[0],1,,1781073656956.2627,0.0,1781073656786.45,0,0,169.81197899986,29918,10458.96875,2.5215072631835938,32,0.43261057138442993,0.2184528112411499,6,6,32,1781073656965.4148,1781073656771.465,4067,4,early,1.0,40.62613799942483,0.09703400064609013,observability_fixed_R16_k16,good,24.13505799995619,0,False,False,0.0,"[0, 2, 10, 21, 39, 45, 51, 53, 55, 56, 58, 59, 60, 61, 62, 63]",2,pg19,1,9e72e1b1-63c9-4883-b970-90759cf7a7f6,21268,757,False,16,16,2,"[0, 2, 10, 21, 39, 45, 51, 53, 55, 56, 58, 59, 60, 61, 62, 63]",0.13449717236292108,3,[],286.6919879998022,193.9470369998162,547
0.0625,1.0,"[3, 7]",2,,1781073657476.3296,0.0,1781073657314.2534,0,0,162.07460400073614,16,10459.54833984375,1.5053606033325195,32,0.35612016916275024,0.04671758413314819,6,6,32,1781073657485.0198,1781073657299.5862,4069,6,early,1.0,44.1198490007082,0.09953800145012792,observability_fixed_R16_k16,good,23.35674499954621,0,False,False,0.0,"[0, 2, 10, 21, 39, 45, 51, 53, 55, 56, 58, 59, 60, 61, 62, 63]",2,pg19,2,9e72e1b1-63c9-4883-b970-90759cf7a7f6,21274,765,False,16,16,3,"[0, 2, 10, 21, 39, 45, 51, 53, 55, 56, 58, 59, 60, 61, 62, 63]",0.13492258540181862,6,[],288.6433349995059,185.43134900028235,549
0.0,-1.25,[],0,,1781073657997.3848,0.0,1781073657826.7122,0,0,170.6720040001528,817,10460.1279296875,0.265000581741333,32,0.9611696600914001,0.9503238815814257,6,6,32,1781073658006.1787,1781073657811.7778,4072,9,early,1.0,42.599678999977186,0.09713400140753947,observability_fixed_R16_k16,good,23.72601099887106,0,False,False,0.0,"[0, 2, 10, 21, 39, 45, 51, 53, 55, 56, 58, 59, 60, 61, 62, 63]",2,pg19,0,9e72e1b1-63c9-4883-b970-90759cf7a7f6,21299,759,False,16,16,4,"[0, 2, 10, 21, 39, 45, 51, 53, 55, 56, 58, 59, 60, 61, 62, 63]",0.13555992141453832,7,[],282.8774670015264,194.39801499902387,552
0.0625,1.25,"[0, 1]",2,,1781073658517.816,0.0,1781073658352.4575,0,0,165.35754800133873,22531,10458.96875,0.001608384889550507,32,0.9998681545257568,0.9998133989756752,6,6,32,1781073658527.056,1781073658337.8345,4073,10,early,1.0,41.42751800100086,0.0969319989962969,observability_fixed_R16_k16,good,23.860953999246703,0,False,False,0.0,"[0, 2, 10, 21, 39, 45, 51, 53, 55, 56, 58, 59, 60, 61, 62, 63]",2,pg19,2,9e72e1b1-63c9-4883-b970-90759cf7a7f6,21300,771,False,16,16,5,"[0, 2, 10, 21, 39, 45, 51, 53, 55, 56, 58, 59, 60, 61, 62, 63]",0.13577215811441198,10,[],288.9248960000259,189.21850200058543,553
0.0625,0.75,"[0, 3]",2,,1781073659045.5647,0.0,1781073658879.6511,0,0,165.91285600043193,653,10460.1279296875,1.1691137552261353,32,0.4922219514846802,0.11482226848602295,6,6,32,1781073659054.3171,1781073658864.6953,4076,13,early,1.0,44.04408499976853,0.10031300007540267,observability_fixed_R16_k16,good,23.706969997874694,0,False,False,0.0,"[0, 2, 10, 21, 39, 45, 51, 53, 55, 56, 58, 59, 60, 61, 62, 63]",2,pg19,2,9e72e1b1-63c9-4883-b970-90759cf7a7f6,21311,768,False,16,16,6,"[0, 2, 10, 21, 39, 45, 51, 53, 55, 56, 58, 59, 60, 61, 62, 63]",0.1364082433758587,13,[],292.03892599980463,189.61982599830662,556
0.1875,4.5,"[0, 1, 6, 17, 25, 30]",6,,1781073659587.8599,0.0,1781073659403.3843,0,0,184.474378998857,48958,10460.1279296875,0.16770817339420319,32,0.9775502681732178,0.9681152822449803,6,6,32,1781073659596.8213,1781073659388.8572,4079,16,early,1.0,44.011342999510816,0.09917999886965845,observability_fixed_R16_k16,good,23.486408001190284,0,False,False,0.0,"[0, 2, 10, 21, 39, 45, 51, 53, 55, 56, 58, 59, 60, 61, 62, 63]",2,pg19,6,9e72e1b1-63c9-4883-b970-90759cf7a7f6,21331,788,False,16,16,7,"[0, 2, 10, 21, 39, 45, 51, 53, 55, 56, 58, 59, 60, 61, 62, 63]",0.13704339298847756,20,[],289.22839900042163,207.96078700004728,559
0.09375,0.5,"[0, 8, 19]",3,,1781073660139.588,0.0,1781073659946.0386,0,0,193.54838099934568,653,10462.4462890625,1.7962654829025269,32,0.5554519891738892,0.4171890467405319,6,6,32,1781073660148.458,1781073659931.2327,4086,23,early,1.0,43.94260899971414,0.10006299999076873,observability_fixed_R16_k16,good,23.675174999880255,0,False,False,0.0,"[0, 2, 10, 21, 39, 45, 51, 53, 55, 56, 58, 59, 60, 61, 62, 63]",2,pg19,3,9e72e1b1-63c9-4883-b970-90759cf7a7f6,21356,773,False,16,16,8,"[0, 2, 10, 21, 39, 45, 51, 53, 55, 56, 58, 59, 60, 61, 62, 63]",0.13852178169358786,24,[],289.0771840011439,217.22355599922594,566
0.15625,1.75,"[0, 2, 17, 23, 30]",5,,1781073660695.5066,0.0,1781073660497.0098,0,0,198.4959159999562,15460,10460.70751953125,0.13280364871025085,32,0.9821281433105469,0.9705140218138695,5,6,32,1781073660704.4065,1781073660482.3572,4090,27,early,1.0,43.55655399922398,0.10227000166196376,observability_fixed_R16_k16,good,23.551659000077052,0,False,False,0.0,"[0, 2, 10, 21, 39, 45, 51, 53, 55, 56, 58, 59, 60, 61, 62, 63]",2,pg19,5,9e72e1b1-63c9-4883-b970-90759cf7a7f6,21378,785,False,16,16,9,"[0, 2, 10, 21, 39, 45, 51, 53, 55, 56, 58, 59, 60, 61, 62, 63]",0.1393643031784841,30,[],289.05224700065446,222.04757500003325,570
0.125,0.0,"[0, 3, 10, 20]",4,,1781073661193.9998,0.0,1781073661004.7642,0,0,189.2349280005874,537,10461.86669921875,1.1937205791473389,32,0.5806720852851868,0.3602738082408905,6,6,32,1781073661203.007,1781073660990.1594,4096,33,early,1.0,42.783386999872164,0.10207699961028993,observability_fixed_R16_k16,good,23.610214999280288,0,False,False,0.0,"[0, 2, 10, 21, 39, 45, 51, 53, 55, 56, 58, 59, 60, 61, 62, 63]",2,pg19,4,9e72e1b1-63c9-4883-b970-90759cf7a7f6,21394,777,False,16,16,10,"[0, 2, 10, 21, 39, 45, 51, 53, 55, 56, 58, 59, 60, 61, 62, 63]",0.140625,35,[],241.93490000106976,212.84514299986768,576
0.09375,-1.5,"[9, 19, 25]",3,,1781073661657.371,0.0,1781073661474.4045,0,0,182.96495399954438,11,10461.287109375,5.784676551818848,32,0.07818713784217834,0.008100643754005432,4,6,32,1781073661666.2683,1781073661460.5535,4101,38,early,0.9411764705882353,34.608445999765536,4.555216000881046,observability_fixed_R16_k16,good,22.747110999262077,0,False,False,0.0,"[0, 2, 10, 21, 39, 45, 51, 53, 55, 56, 58, 59, 60, 61, 62, 63, 64]",2,pg19,3,9e72e1b1-63c9-4883-b970-90759cf7a7f6,21435,773,False,16,16,11,"[0, 2, 10, 21, 39, 45, 51, 53, 55, 56, 58, 59, 60, 61, 62, 63]",0.14947573762496952,39,[],217.26776499963307,205.71206499880645,613
0.1875,2.25,"[0, 7, 16, 24, 28, 31]",6,,1781073662117.8274,0.0,1781073661928.2224,0,0,189.60331500056782,198,10460.70751953125,2.0140793323516846,32,0.48575690388679504,0.3629383221268654,6,6,32,1781073662126.485,1781073661913.781,4105,42,early,0.9411764705882353,32.60703600062698,0.08336600149050355,observability_fixed_R16_k16,good,23.098576999473153,0,False,False,0.0,"[0, 2, 10, 21, 39, 45, 51, 53, 55, 56, 58, 59, 60, 61, 62, 63, 64]",2,pg19,6,9e72e1b1-63c9-4883-b970-90759cf7a7f6,21443,792,False,16,16,12,"[0, 2, 10, 21, 39, 45, 51, 53, 55, 56, 58, 59, 60, 61, 62, 63]",0.15030450669914738,46,[],213.8228470012109,212.70189200004097,617
0.03125,-3.5,[0],1,,1781073662567.1516,0.0,1781073662385.3713,0,0,181.77919799927622,330,10462.4462890625,3.753187656402588,32,0.4269280731678009,0.3859570287168026,4,6,32,1781073662575.8865,1781073662371.4214,4112,49,early,0.9411764705882353,33.19720499894174,0.09285099986300338,observability_fixed_R16_k16,good,22.68445099980454,0,False,False,0.0,"[0, 2, 10, 21, 39, 45, 51, 53, 55, 56, 58, 59, 60, 61, 62, 63, 64]",2,pg19,1,9e72e1b1-63c9-4883-b970-90759cf7a7f6,21490,764,False,16,16,13,"[0, 2, 10, 21, 39, 45, 51, 53, 55, 56, 58, 59, 60, 61, 62, 63]",0.1517509727626459,48,[],210.75526700042246,204.46364899908076,624
0.0,-3.5,[],0,,1781073663032.2334,0.0,1781073662845.6033,0,0,186.6289540012076,85376,10459.54833984375,6.534547805786133,32,0.023720242083072662,0.00212271511554718,3,6,32,1781073663041.713,1781073662830.3745,4114,51,early,0.9411764705882353,32.43636000115657,0.0811789996078005,observability_fixed_R16_k16,good,24.706734999199398,0,False,False,0.0,"[0, 2, 10, 21, 39, 45, 51, 53, 55, 56, 58, 59, 60, 61, 62, 63, 64]",2,pg19,0,9e72e1b1-63c9-4883-b970-90759cf7a7f6,21491,763,False,16,16,14,"[0, 2, 10, 21, 39, 45, 51, 53, 55, 56, 58, 59, 60, 61, 62, 63]",0.15216334467671366,49,[],221.014157999889,211.335689000407,626
0.09375,0.5,"[0, 6, 14]",3,,1781073663518.5337,0.0,1781073663335.9578,0,0,182.57506099871534,74934,10458.96875,1.7490739822387695,32,0.5810558795928955,0.46300721168518066,5,6,32,1781073663527.5325,1781073663320.3418,4115,52,early,0.9411764705882353,31.565051998768467,0.08317599895235617,observability_fixed_R16_k16,good,24.61303200107068,0,False,False,0.0,"[0, 2, 10, 21, 39, 45, 51, 53, 55, 56, 58, 59, 60, 61, 62, 63, 64]",2,pg19,3,9e72e1b1-63c9-4883-b970-90759cf7a7f6,21487,778,False,16,16,15,"[0, 2, 10, 21, 39, 45, 51, 53, 55, 56, 58, 59, 60, 61, 62, 63]",0.15236938031591737,53,[],245.80374299875984,207.18809299978602,627
0.15625,2.5,"[0, 4, 9, 21, 29]",5,0.8934395909309387,1781073664223.454,187.08051500107103,1781073663788.8071,16,989,434.64761399991403,6707,10460.70751953125,0.003538762219250202,32,0.9996590614318848,0.9994492058467586,6,6,32,1781073664232.2698,1781073663774.1113,4119,56,early,0.5,33.25171899996349,0.08886100113159046,observability_fixed_R16_k16,good,23.50590099922556,0,False,False,0.0,"[0, 2, 10, 21, 39, 45, 51, 53, 55, 56, 58, 59, 60, 61, 62, 63, 64]",2,pg19,5,9e72e1b1-63c9-4883-b970-90759cf7a7f6,21490,983,True,16,16,16,"[0, 9, 10, 22, 52, 53, 54, 56, 57, 58, 59, 60, 61, 62, 63, 64]",0.153192522456907,59,"[0, 4124, 4123, 4122, 4121, 4119, 4120, 4100, 4114, 4113, 4116, 3971, 4118, 4117, 3970, 4108]",212.33291000135068,458.1535149991396,631
0.15625,2.75,"[0, 12, 21, 27, 31]",5,,1781073664590.118,0.0,1781073664498.0425,0,0,92.07393399992725,198,10461.86669921875,3.6037545204162598,32,0.2518044710159302,0.14006690680980682,5,6,32,1781073664598.6792,1781073664484.026,4125,62,early,1.0,33.21319299902825,4.213410999000189,observability_fixed_R16_k16,good,22.57836099852284,0,False,False,0.0,"[0, 9, 10, 22, 52, 53, 54, 56, 57, 58, 59, 60, 61, 62, 63, 64]",2,pg19,5,9e72e1b1-63c9-4883-b970-90759cf7a7f6,21544,784,False,16,16,17,"[0, 9, 10, 22, 52, 53, 54, 56, 57, 58, 59, 60, 61, 62, 63, 64]",0.13115151515151516,6,[],213.03009300027043,114.65229499845009,541
0.15625,1.75,"[0, 1, 16, 24, 30]",5,,1781073665048.6677,0.0,1781073664860.9797,0,0,187.68605000150274,1330,10461.86669921875,0.013306687586009502,32,0.9987775683403015,0.9981708665727638,5,6,32,1781073665057.7031,1781073664846.6816,4131,68,early,1.0,34.60276100122428,3.9274840000871336,observability_fixed_R16_k16,good,23.33235999867611,0,False,False,0.0,"[0, 9, 10, 22, 52, 53, 54, 56, 57, 58, 59, 60, 61, 62, 63, 64]",2,pg19,5,9e72e1b1-63c9-4883-b970-90759cf7a7f6,21554,787,False,16,16,18,"[0, 9, 10, 22, 52, 53, 54, 56, 57, 58, 59, 60, 61, 62, 63, 64]",0.13241345921084482,12,[],208.64263899966318,211.01841000017885,547
0.1875,1.5,"[0, 3, 7, 11, 14, 22]",6,,1781073665510.3296,0.0,1781073665328.2021,0,0,182.1257230003539,2379,10461.86669921875,0.34794577956199646,32,0.9432843327522278,0.9267986416816711,6,6,32,1781073665519.1057,1781073665313.973,4137,74,early,1.0,33.628745999521925,0.08396299926971551,observability_fixed_R16_k16,good,23.00162299980002,0,False,False,0.0,"[0, 9, 10, 22, 52, 53, 54, 56, 57, 58, 59, 60, 61, 62, 63, 64]",2,pg19,6,9e72e1b1-63c9-4883-b970-90759cf7a7f6,21582,789,False,16,16,19,"[0, 9, 10, 22, 52, 53, 54, 56, 57, 58, 59, 60, 61, 62, 63, 64]",0.13367174280879865,19,[],221.60501500002283,205.12734600015392,553
0.1875,0.75,"[1, 5, 10, 20, 25, 29]",6,,1781073666017.0952,0.0,1781073665827.7266,0,0,189.36694799958786,330,10462.4462890625,1.1282665729522705,32,0.7343512773513794,0.5755366683006287,6,6,32,1781073666025.9827,1781073665813.313,4144,81,early,1.0,49.57788600040658,0.11492999874462839,observability_fixed_R16_k16,good,23.297842999454588,0,False,False,0.0,"[0, 9, 10, 22, 52, 53, 54, 56, 57, 58, 59, 60, 61, 62, 63, 64]",2,pg19,6,9e72e1b1-63c9-4883-b970-90759cf7a7f6,21614,792,False,16,16,20,"[0, 9, 10, 22, 52, 53, 54, 56, 57, 58, 59, 60, 61, 62, 63, 64]",0.13513513513513514,26,[],243.20040800012066,212.66479099904245,560
0.0,-5.5,[],0,,1781073666469.3145,0.0,1781073666286.8481,0,0,182.46481200003473,4370,10462.4462890625,5.449641704559326,32,0.14213815331459045,0.10077359527349472,5,6,32,1781073666478.4822,1781073666272.9336,4151,88,early,1.0,32.90301499873749,0.06951800060051028,observability_fixed_R16_k16,good,23.079169000993716,0,False,False,0.0,"[0, 9, 10, 22, 52, 53, 54, 56, 57, 58, 59, 60, 61, 62, 63, 64]",2,pg19,0,9e72e1b1-63c9-4883-b970-90759cf7a7f6,21633,764,False,16,16,21,"[0, 9, 10, 22, 52, 53, 54, 56, 57, 58, 59, 60, 61, 62, 63, 64]",0.13659359190556492,27,[],212.83669100012048,205.54398100102844,567
0.1875,1.75,"[0, 1, 3, 6, 8, 18]",6,,1781073667004.211,0.0,1781073666814.6074,0,0,189.60229300137144,323,10458.96875,0.01518742274492979,32,0.9980999827384949,0.9965273857815191,6,6,32,1781073667013.5415,1781073666800.1716,4152,89,early,1.0,40.92202600077144,0.10044000009656884,observability_fixed_R16_k16,good,23.764727999150637,0,False,False,0.0,"[0, 9, 10, 22, 52, 53, 54, 56, 57, 58, 59, 60, 61, 62, 63, 64]",2,pg19,6,9e72e1b1-63c9-4883-b970-90759cf7a7f6,21634,785,False,16,16,22,"[0, 9, 10, 22, 52, 53, 54, 56, 57, 58, 59, 60, 61, 62, 63, 64]",0.13680154142581888,34,[],279.2611559998477,213.36702100052207,568
0.1875,1.5,"[0, 8, 16, 22, 26, 29]",6,,1781073667557.0012,0.0,1781073667362.4822,0,0,194.51820100039185,330,10462.4462890625,1.6942875385284424,32,0.6996464729309082,0.6562956720590591,6,6,32,1781073667566.1536,1781073667347.6016,4159,96,early,1.0,43.754385000283946,0.15000399980635848,observability_fixed_R16_k16,good,24.02946499933023,0,False,False,0.0,"[0, 9, 10, 22, 52, 53, 54, 56, 57, 58, 59, 60, 61, 62, 63, 64]",2,pg19,6,9e72e1b1-63c9-4883-b970-90759cf7a7f6,21675,792,False,16,16,23,"[0, 9, 10, 22, 52, 53, 54, 56, 57, 58, 59, 60, 61, 62, 63, 64]",0.13825438807405627,41,[],288.58271700119076,218.54766599972208,575
0.09375,-1.5,"[4, 14, 20]",3,,1781073668132.3445,0.0,1781073667925.0159,0,0,207.32747100009874,698,10462.4462890625,4.961816310882568,32,0.14568015933036804,0.04555574804544449,6,6,32,1781073668141.7742,1781073667910.1104,4166,103,early,0.9411764705882353,49.22618800083001,5.7844670009217225,observability_fixed_R16_k16,good,24.33374000065669,0,False,False,0.0,"[0, 9, 10, 22, 52, 53, 54, 56, 57, 58, 59, 60, 61, 62, 63, 64, 65]",2,pg19,3,9e72e1b1-63c9-4883-b970-90759cf7a7f6,21706,776,False,16,16,24,"[0, 9, 10, 22, 52, 53, 54, 56, 57, 58, 59, 60, 61, 62, 63, 64]",0.14738358137301968,45,[],287.64584499913326,231.66121100075543,614
0.15625,1.25,"[0, 10, 21, 28, 30]",5,,1781073668684.4714,0.0,1781073668492.5303,0,0,191.94069799959834,2379,10460.70751953125,5.215564727783203,32,0.10636495798826218,0.04669962450861931,5,6,32,1781073668694.3022,1781073668475.913,4170,107,early,0.9411764705882353,43.78176600039296,0.1008849994832417,observability_fixed_R16_k16,good,26.443355000083102,0,False,False,0.0,"[0, 9, 10, 22, 52, 53, 54, 56, 57, 58, 59, 60, 61, 62, 63, 64, 65]",2,pg19,5,9e72e1b1-63c9-4883-b970-90759cf7a7f6,21731,789,False,16,16,25,"[0, 9, 10, 22, 52, 53, 54, 56, 57, 58, 59, 60, 61, 62, 63, 64]",0.14820143884892087,51,[],288.66830300103175,218.38405299968144,618
0.1875,1.0,"[1, 5, 13, 22, 26, 30]",6,,1781073669223.913,0.0,1781073669035.1316,0,0,188.78077400040638,76,10461.86669921875,1.5171822309494019,32,0.5131237506866455,0.17130959033966064,6,6,32,1781073669232.897,1781073669020.4797,4176,113,early,0.9411764705882353,42.921498001305736,0.10430699876451399,observability_fixed_R16_k16,good,23.63166299983277,0,False,False,0.0,"[0, 9, 10, 22, 52, 53, 54, 56, 57, 58, 59, 60, 61, 62, 63, 64, 65]",2,pg19,6,9e72e1b1-63c9-4883-b970-90759cf7a7f6,21748,787,False,16,16,26,"[0, 9, 10, 22, 52, 53, 54, 56, 57, 58, 59, 60, 61, 62, 63, 64]",0.14942528735632185,58,[],281.7672270011826,212.41243700023915,624
0.125,-1.0,"[2, 7, 14, 20]",4,,1781073669773.8765,0.0,1781073669581.0542,0,0,192.82097999894177,3364,10462.4462890625,1.2094647884368896,32,0.6888648271560669,0.5063338130712509,6,6,32,1781073669782.9673,1781073669566.1028,4183,120,early,0.9411764705882353,43.832954001118196,0.10924599882855546,observability_fixed_R16_k16,good,24.040412999966065,0,False,False,0.0,"[0, 9, 10, 22, 52, 53, 54, 56, 57, 58, 59, 60, 61, 62, 63, 64, 65]",2,pg19,4,9e72e1b1-63c9-4883-b970-90759cf7a7f6,21773,782,False,16,16,27,"[0, 9, 10, 22, 52, 53, 54, 56, 57, 58, 59, 60, 61, 62, 63, 64]",0.15084867320105189,63,[],287.9407269992953,216.86139299890783,631
0.1875,1.5,"[0, 5, 10, 17, 23, 28]",6,,1781073670330.006,0.0,1781073670136.3008,0,0,193.7045320009929,4411,10461.287109375,1.2298543453216553,32,0.5749078392982483,0.307550847530365,6,6,32,1781073670339.0903,1781073670120.9812,4188,125,early,0.9411764705882353,43.84635499991418,0.10962200030917302,observability_fixed_R16_k16,good,24.401647997365217,0,False,False,0.0,"[0, 9, 10, 22, 52, 53, 54, 56, 57, 58, 59, 60, 61, 62, 63, 64, 65]",2,pg19,6,9e72e1b1-63c9-4883-b970-90759cf7a7f6,21797,789,False,16,16,28,"[0, 9, 10, 22, 52, 53, 54, 56, 57, 58, 59, 60, 61, 62, 63, 64]",0.1518624641833811,70,[],292.6970079988678,218.10617999835813,636
0.09375,-2.25,"[0, 2, 4]",3,,1781073670825.601,0.0,1781073670640.2944,0,0,185.3025960008381,1994,10462.4462890625,0.09710711985826492,32,0.9825671315193176,0.9666854124516249,6,6,32,1781073670834.7754,1781073670625.9985,4195,132,early,0.9411764705882353,50.02007499933825,5.892426999707823,observability_fixed_R16_k16,good,23.4694809987559,0,False,False,0.0,"[0, 9, 10, 22, 52, 53, 54, 56, 57, 58, 59, 60, 61, 62, 63, 64, 65]",2,pg19,3,9e72e1b1-63c9-4883-b970-90759cf7a7f6,21810,770,False,16,16,29,"[0, 9, 10, 22, 52, 53, 54, 56, 57, 58, 59, 60, 61, 62, 63, 64]",0.1532777115613826,74,[],230.00331100047333,208.772076999594,643
0.1875,1.25,"[0, 1, 5, 9, 18, 28]",6,,1781073671284.0203,0.0,1781073671099.6074,0,0,184.41035199975886,653,10460.70751953125,0.03784492611885071,32,0.9948363304138184,0.9910169881768525,6,6,32,1781073671292.9631,1781073671085.0496,4199,136,early,0.9411764705882353,32.701239999369136,0.09707400022307411,observability_fixed_R16_k16,good,23.498487998949713,0,False,False,0.0,"[0, 9, 10, 22, 52, 53, 54, 56, 57, 58, 59, 60, 61, 62, 63, 64, 65]",2,pg19,6,9e72e1b1-63c9-4883-b970-90759cf7a7f6,21838,788,False,16,16,30,"[0, 9, 10, 22, 52, 53, 54, 56, 57, 58, 59, 60, 61, 62, 63, 64]",0.15408430578709217,81,[],216.25571099866647,207.90883999870857,647
0.1875,1.25,"[0, 1, 4, 14, 20, 25]",6,,1781073671733.8162,0.0,1781073671551.0242,0,0,182.79122300009476,330,10462.4462890625,0.010073445737361908,32,0.9990052580833435,0.9984078261768445,6,6,32,1781073671742.891,1781073671536.5833,4206,143,early,0.9411764705882353,32.401697999375756,0.0865339989104541,observability_fixed_R16_k16,good,23.511998000685708,0,False,False,0.0,"[0, 9, 10, 22, 52, 53, 54, 56, 57, 58, 59, 60, 61, 62, 63, 64, 65]",2,pg19,6,9e72e1b1-63c9-4883-b970-90759cf7a7f6,21873,789,False,16,16,31,"[0, 9, 10, 22, 52, 53, 54, 56, 57, 58, 59, 60, 61, 62, 63, 64]",0.15549215406562053,88,[],210.03694699902553,206.30322100078047,654
0.0,-5.25,[],0,0.8852596282958984,1781073672283.4448,98.84711700033222,1781073672002.5486,16,1014,280.89600000021164,1994,10462.4462890625,5.872308731079102,32,0.049373555928468704,0.004418421536684036,6,6,32,1781073672292.4338,1781073671988.1223,4213,150,early,0.5714285714285714,33.4673159995873,0.08051999975577928,observability_fixed_R16_k16,good,23.41082400016603,0,False,False,0.0,"[0, 9, 10, 22, 52, 53, 54, 56, 57, 58, 59, 60, 61, 62, 63, 64, 65]",2,pg19,0,9e72e1b1-63c9-4883-b970-90759cf7a7f6,21888,965,True,16,16,32,"[0, 41, 42, 51, 53, 54, 55, 57, 58, 59, 60, 61, 62, 63, 64, 65]",0.15689532399715167,89,"[0, 4213, 4212, 4198, 4211, 4199, 4184, 4210, 4183, 4209, 4152, 4137, 4202, 4200, 4187, 4185]",210.49924100043427,304.3068240003777,661
0.15625,1.25,"[0, 1, 2, 4, 17]",5,,1781073672680.4426,0.0,1781073672559.0725,0,0,121.37010899823508,323,10458.96875,0.0672214925289154,32,0.9884892106056213,0.9776783343404531,6,6,32,1781073672689.9229,1781073672544.009,4214,151,early,1.0,31.21577099955175,4.2415450006956235,observability_fixed_R16_k16,good,24.539776002711733,0,False,False,0.0,"[0, 41, 42, 51, 53, 54, 55, 57, 58, 59, 60, 61, 62, 63, 64, 65]",2,pg19,5,9e72e1b1-63c9-4883-b970-90759cf7a7f6,21902,781,False,16,16,33,"[0, 41, 42, 51, 53, 54, 55, 57, 58, 59, 60, 61, 62, 63, 64, 65]",0.1267204556241101,6,[],214.71205199850374,145.90988500094682,534
0.1875,1.75,"[0, 10, 18, 22, 25, 29]",6,,1781073673246.9495,0.0,1781073673052.9463,0,0,194.00103499901888,1782,10461.86669921875,3.0793347358703613,32,0.3622296154499054,0.28747931867837906,6,6,32,1781073673256.0627,1781073673037.827,4220,157,early,1.0,52.7093340006104,0.10892400132433977,observability_fixed_R16_k16,good,24.23141100007342,0,False,False,0.0,"[0, 41, 42, 51, 53, 54, 55, 57, 58, 59, 60, 61, 62, 63, 64, 65]",2,pg19,6,9e72e1b1-63c9-4883-b970-90759cf7a7f6,21932,796,False,16,16,34,"[0, 41, 42, 51, 53, 54, 55, 57, 58, 59, 60, 61, 62, 63, 64, 65]",0.12796208530805686,13,[],293.5896950002643,218.2324459990923,540
0.1875,1.75,"[0, 4, 9, 14, 19, 23]",6,,1781073673812.0112,0.0,1781073673619.0847,0,0,192.92498600043473,13,10462.4462890625,1.5913783311843872,32,0.8170779943466187,0.7868472430855036,6,6,32,1781073673821.1174,1781073673604.2146,4227,164,early,0.9411764705882353,49.352873998941504,5.679851999957464,observability_fixed_R16_k16,good,23.974531999556348,0,False,False,0.0,"[0, 41, 42, 51, 53, 54, 55, 57, 58, 59, 60, 61, 62, 63, 64, 65, 66]",2,pg19,6,9e72e1b1-63c9-4883-b970-90759cf7a7f6,21974,788,False,16,16,35,"[0, 41, 42, 51, 53, 54, 55, 57, 58, 59, 60, 61, 62, 63, 64, 65]",0.1369765791341377,20,[],291.82816699903924,216.89951799999108,579
0.1875,1.75,"[0, 10, 20, 25, 28, 30]",6,,1781073674363.914,0.0,1781073674170.9963,0,0,192.91612399865699,330,10462.4462890625,3.2802956104278564,32,0.3202756345272064,0.22411146014928818,6,6,32,1781073674372.92,1781073674156.2556,4234,171,middle,0.9411764705882353,43.81731600005878,0.0951549991441425,observability_fixed_R16_k16,good,23.745040001813322,0,False,False,0.0,"[0, 41, 42, 51, 53, 54, 55, 57, 58, 59, 60, 61, 62, 63, 64, 65, 66]",2,pg19,6,9e72e1b1-63c9-4883-b970-90759cf7a7f6,21992,790,False,16,16,36,"[0, 41, 42, 51, 53, 54, 55, 57, 58, 59, 60, 61, 62, 63, 64, 65]",0.13840340103920643,27,[],289.9361109994061,216.6611640004703,586
0.1875,0.25,"[0, 1, 5, 10, 16, 22]",6,,1781073674914.66,0.0,1781073674722.2166,0,0,192.4423830005253,11,10462.4462890625,0.1023126095533371,32,0.9913444519042969,0.9904544778401032,6,6,32,1781073674923.5593,1781073674707.4001,4241,178,middle,0.9411764705882353,44.0444279993244,0.09544000022287946,observability_fixed_R16_k16,good,23.714920000202255,0,False,False,0.0,"[0, 41, 42, 51, 53, 54, 55, 57, 58, 59, 60, 61, 62, 63, 64, 65, 66]",2,pg19,6,9e72e1b1-63c9-4883-b970-90759cf7a7f6,22016,783,False,16,16,37,"[0, 41, 42, 51, 53, 54, 55, 57, 58, 59, 60, 61, 62, 63, 64, 65]",0.13982551285074274,34,[],289.0636669999367,216.15730300072755,593
0.1875,0.0,"[0, 6, 12, 17, 22, 27]",6,,1781073675459.5107,0.0,1781073675269.2434,0,0,190.26610900073138,279,10462.4462890625,0.19995330274105072,32,0.9728760123252869,0.9660062347538769,6,6,32,1781073675468.4548,1781073675254.308,4248,185,middle,0.9411764705882353,42.824111000300036,0.09859499914455228,observability_fixed_R16_k16,good,23.877597999671707,0,False,False,0.0,"[0, 41, 42, 51, 53, 54, 55, 57, 58, 59, 60, 61, 62, 63, 64, 65, 66]",2,pg19,6,9e72e1b1-63c9-4883-b970-90759cf7a7f6,22045,791,False,16,16,38,"[0, 41, 42, 51, 53, 54, 55, 57, 58, 59, 60, 61, 62, 63, 64, 65]",0.14124293785310735,41,[],286.5710059995763,214.14370700040308,600
0.1875,0.0,"[0, 3, 6, 10, 14, 20]",6,,1781073676001.548,0.0,1781073675807.935,0,0,193.61353099884582,382,10462.4462890625,0.07065780460834503,32,0.9912972450256348,0.9870516182854772,6,6,32,1781073676010.2676,1781073675792.2239,4255,192,middle,0.9411764705882353,43.791262000013376,0.09842599865805823,observability_fixed_R16_k16,good,24.42713399977947,0,False,False,0.0,"[0, 41, 42, 51, 53, 54, 55, 57, 58, 59, 60, 61, 62, 63, 64, 65, 66]",2,pg19,6,9e72e1b1-63c9-4883-b970-90759cf7a7f6,22086,788,False,16,16,39,"[0, 41, 42, 51, 53, 54, 55, 57, 58, 59, 60, 61, 62, 63, 64, 65]",0.1426556991774383,48,[],278.89131200026895,218.0406649986253,607
0.1875,0.0,"[0, 14, 21, 25, 28, 30]",6,,1781073676470.7139,0.0,1781073676285.1826,0,0,185.52869800078042,981,10462.4462890625,3.9407622814178467,32,0.2210862934589386,0.12450084835290909,6,6,32,1781073676480.0522,1781073676270.9604,4262,199,middle,0.9411764705882353,37.05108900066989,4.215708999254275,observability_fixed_R16_k16,good,23.55962100045872,0,False,False,0.0,"[0, 41, 42, 51, 53, 54, 55, 57, 58, 59, 60, 61, 62, 63, 64, 65, 66]",2,pg19,6,9e72e1b1-63c9-4883-b970-90759cf7a7f6,22112,794,False,16,16,40,"[0, 41, 42, 51, 53, 54, 55, 57, 58, 59, 60, 61, 62, 63, 64, 65]",0.14406381980290944,55,[],218.48640700045507,209.08831900123914,614
0.125,-2.0,"[1, 2, 12, 22]",4,,1781073676925.0107,0.0,1781073676742.532,0,0,182.47620199872472,45862,10462.4462890625,0.5455378890037537,32,0.7881374359130859,0.5825394839048386,5,6,32,1781073676934.0723,1781073676727.9822,4269,206,middle,0.9411764705882353,34.32133999922371,0.07518299935327377,observability_fixed_R16_k16,good,23.610500002178014,0,False,False,0.0,"[0, 41, 42, 51, 53, 54, 55, 57, 58, 59, 60, 61, 62, 63, 64, 65, 66]",2,pg19,4,9e72e1b1-63c9-4883-b970-90759cf7a7f6,22138,783,False,16,16,41,"[0, 41, 42, 51, 53, 54, 55, 57, 58, 59, 60, 61, 62, 63, 64, 65]",0.14546732255797612,60,[],212.52576699953352,206.08670200090273,621
0.09375,-2.5,"[0, 1, 6]",3,,1781073677463.2014,0.0,1781073677279.286,0,0,183.91388099917094,537,10461.287109375,0.024078596383333206,32,0.9977942705154419,0.9972593851853162,6,6,32,1781073677472.6921,1781073677264.6982,4274,211,middle,0.9411764705882353,43.506855001396616,0.09918899922922719,observability_fixed_R16_k16,good,24.07585599939921,0,False,False,0.0,"[0, 41, 42, 51, 53, 54, 55, 57, 58, 59, 60, 61, 62, 63, 64, 65, 66]",2,pg19,3,9e72e1b1-63c9-4883-b970-90759cf7a7f6,22150,770,False,16,16,42,"[0, 41, 42, 51, 53, 54, 55, 57, 58, 59, 60, 61, 62, 63, 64, 65]",0.1464670098268601,64,[],285.7270249987778,207.98973699857015,626
0.0625,-2.75,"[0, 13]",2,,1781073678017.4512,0.0,1781073677824.2185,0,0,193.2312440003443,315,10460.70751953125,2.684279441833496,32,0.4610186219215393,0.2940487414598465,6,6,32,1781073678026.4841,1781073677809.4224,4278,215,middle,0.9411764705882353,46.913975000279606,0.10123600077349693,observability_fixed_R16_k16,good,23.826664999432978,0,False,False,0.0,"[0, 41, 42, 51, 53, 54, 55, 57, 58, 59, 60, 61, 62, 63, 64, 65, 66]",2,pg19,2,9e72e1b1-63c9-4883-b970-90759cf7a7f6,22173,767,False,16,16,43,"[0, 41, 42, 51, 53, 54, 55, 57, 58, 59, 60, 61, 62, 63, 64, 65]",0.14726507713884993,67,[],288.17609600082505,217.05790899977728,630
0.0,-3.75,[],0,,1781073678567.1042,0.0,1781073678374.6682,0,0,192.43549999919196,1657,10460.1279296875,4.242965221405029,32,0.3926521837711334,0.34114742651581764,6,6,32,1781073678576.089,1781073678359.5752,4281,218,middle,0.9411764705882353,43.48123599993414,0.10036700041382574,observability_fixed_R16_k16,good,24.075221001112368,0,False,False,0.0,"[0, 41, 42, 51, 53, 54, 55, 57, 58, 59, 60, 61, 62, 63, 64, 65, 66]",2,pg19,0,9e72e1b1-63c9-4883-b970-90759cf7a7f6,22175,763,False,16,16,44,"[0, 41, 42, 51, 53, 54, 55, 57, 58, 59, 60, 61, 62, 63, 64, 65]",0.14786264891380518,68,[],288.23618000024,216.51072100030433,633
0.125,1.75,"[0, 8, 14, 20]",4,,1781073679112.8665,0.0,1781073678921.977,0,0,190.88851600099588,537,10458.96875,2.7032902240753174,32,0.40579283237457275,0.18858756124973297,6,6,32,1781073679121.8171,1781073678906.6465,4282,219,middle,0.9411764705882353,41.34091599917156,0.09903200043481775,observability_fixed_R16_k16,good,24.278699998831144,0,False,False,0.0,"[0, 41, 42, 51, 53, 54, 55, 57, 58, 59, 60, 61, 62, 63, 64, 65, 66]",2,pg19,4,9e72e1b1-63c9-4883-b970-90759cf7a7f6,22186,779,False,16,16,45,"[0, 41, 42, 51, 53, 54, 55, 57, 58, 59, 60, 61, 62, 63, 64, 65]",0.14806165343297525,73,[],287.87076600019645,215.16721599982702,634
0.0,-2.25,[],0,,1781073679726.7288,0.0,1781073679524.9893,0,0,201.73842499934835,13694,10461.287109375,2.1909501552581787,32,0.6180942058563232,0.5317889153957367,6,6,32,1781073679735.828,1781073679509.7732,4287,224,middle,0.9411764705882353,43.403346000559395,0.10161099999095313,observability_fixed_R16_k16,good,24.313069001436816,0,False,False,0.0,"[0, 41, 42, 51, 53, 54, 55, 57, 58, 59, 60, 61, 62, 63, 64, 65, 66]",2,pg19,0,9e72e1b1-63c9-4883-b970-90759cf7a7f6,22216,766,False,16,16,46,"[0, 41, 42, 51, 53, 54, 55, 57, 58, 59, 60, 61, 62, 63, 64, 65]",0.1490552834149755,74,[],343.19936700012477,226.05149400078517,639
0.125,2.5,"[1, 6, 17, 24]",4,,1781073680267.508,0.0,1781073680086.7432,0,0,180.76359599945135,198,10458.96875,1.0703026056289673,32,0.610074520111084,0.3033097982406616,6,6,32,1781073680276.62,1781073680072.22,4288,225,middle,0.9411764705882353,41.44055600045249,0.10282300172548275,observability_fixed_R16_k16,good,23.63290300127119,0,False,False,0.0,"[0, 41, 42, 51, 53, 54, 55, 57, 58, 59, 60, 61, 62, 63, 64, 65, 66]",2,pg19,4,9e72e1b1-63c9-4883-b970-90759cf7a7f6,22208,778,False,16,16,47,"[0, 41, 42, 51, 53, 54, 55, 57, 58, 59, 60, 61, 62, 63, 64, 65]",0.14925373134328357,79,[],293.56144399935147,204.39649900072254,640
0.09375,1.0,"[9, 14, 24]",3,0.8757359385490417,1781073681013.3442,187.6797910008463,1781073680632.974,16,969,380.370494998715,387,10461.287109375,5.097469329833984,32,0.22878290712833405,0.19369791075587273,6,6,32,1781073681022.5168,1781073680618.1792,4293,230,middle,0.5454545454545454,43.9168700013397,6.455684000684414,observability_fixed_R16_k16,good,23.96419800061267,0,False,False,0.0,"[0, 41, 42, 51, 53, 54, 55, 57, 58, 59, 60, 61, 62, 63, 64, 65, 66, 67]",2,pg19,3,9e72e1b1-63c9-4883-b970-90759cf7a7f6,22243,968,True,16,16,48,"[0, 13, 14, 24, 39, 55, 57, 59, 60, 61, 62, 63, 64, 65, 66, 67]",0.15769857908222687,83,"[0, 4295, 4296, 4294, 4291, 4289, 4288, 4287, 4292, 4286, 4284, 4285, 4280, 4283, 4278, 4277]",289.88995799954864,404.3346929993277,677
0.125,1.25,"[0, 4, 13, 21]",4,,1781073681478.1875,0.0,1781073681378.4846,0,0,99.70102199986286,537,10460.70751953125,2.2028324604034424,32,0.49522894620895386,0.26129934191703796,6,6,32,1781073681487.262,1781073681363.6555,4297,234,middle,1.0,43.41353100062406,5.629039998893859,observability_fixed_R16_k16,good,23.901810000097612,0,False,False,0.0,"[0, 13, 14, 24, 39, 55, 57, 59, 60, 61, 62, 63, 64, 65, 66, 67]",2,pg19,4,9e72e1b1-63c9-4883-b970-90759cf7a7f6,22246,777,False,16,16,49,"[0, 13, 14, 24, 39, 55, 57, 59, 60, 61, 62, 63, 64, 65, 66, 67]",0.12124738189434489,5,[],290.67481200036127,123.60283199996047,521
0.1875,3.25,"[0, 11, 22, 27, 30, 31]",6,,1781073682038.2136,0.0,1781073681835.2554,0,0,202.95678399997996,323,10461.287109375,3.659064531326294,32,0.3548126518726349,0.26510196179151535,6,6,32,1781073682047.321,1781073681819.845,4302,239,middle,1.0,44.81731600026251,0.09105000026465859,observability_fixed_R16_k16,good,24.51533600105904,0,False,False,0.0,"[0, 13, 14, 24, 39, 55, 57, 59, 60, 61, 62, 63, 64, 65, 66, 67]",2,pg19,6,9e72e1b1-63c9-4883-b970-90759cf7a7f6,22279,794,False,16,16,50,"[0, 13, 14, 24, 39, 55, 57, 59, 60, 61, 62, 63, 64, 65, 66, 67]",0.12226871222687122,12,[],286.4067470000009,227.472120001039,526
0.125,-0.25,"[0, 14, 22, 25]",4,,1781073682593.382,0.0,1781073682397.3271,0,0,196.05367599979218,91157,10462.4462890625,3.482713460922241,32,0.2905227243900299,0.20329198241233826,6,6,32,1781073682602.4114,1781073682382.1409,4309,246,middle,1.0,44.449715000155265,0.09646699982113205,observability_fixed_R16_k16,good,24.213706999944407,0,False,False,0.0,"[0, 13, 14, 24, 39, 55, 57, 59, 60, 61, 62, 63, 64, 65, 66, 67]",2,pg19,4,9e72e1b1-63c9-4883-b970-90759cf7a7f6,22308,785,False,16,16,51,"[0, 13, 14, 24, 39, 55, 57, 59, 60, 61, 62, 63, 64, 65, 66, 67]",0.12369459271292643,17,[],288.98153199952503,220.26738299973658,533
0.1875,1.75,"[0, 1, 3, 12, 24, 29]",6,,1781073683260.2043,0.0,1781073683051.8555,0,0,208.3454259991413,374,10461.287109375,0.00012333989434409887,32,0.9999915361404419,0.9999876306746955,6,6,32,1781073683269.4014,1781073683035.2556,4314,251,middle,1.0,64.41436899876862,0.15372599955298938,observability_fixed_R16_k16,good,25.797709002290503,0,False,False,0.0,"[0, 13, 14, 24, 39, 55, 57, 59, 60, 61, 62, 63, 64, 65, 66, 67]",2,pg19,6,9e72e1b1-63c9-4883-b970-90759cf7a7f6,22323,786,False,16,16,52,"[0, 13, 14, 24, 39, 55, 57, 59, 60, 61, 62, 63, 64, 65, 66, 67]",0.12471024571163654,24,[],366.2527729993599,234.1431350014318,538
0.1875,1.0,"[1, 8, 13, 19, 24, 28]",6,,1781073683895.1406,0.0,1781073683690.7476,0,0,204.3925220004894,11,10462.4462890625,3.0323402881622314,32,0.28600382804870605,0.05257430672645569,6,6,32,1781073683904.3718,1781073683675.5286,4321,258,middle,1.0,52.47121899992635,5.594270000074175,observability_fixed_R16_k16,good,24.447447000056854,0,False,False,0.0,"[0, 13, 14, 24, 39, 55, 57, 59, 60, 61, 62, 63, 64, 65, 66, 67]",2,pg19,6,9e72e1b1-63c9-4883-b970-90759cf7a7f6,22356,786,False,16,16,53,"[0, 13, 14, 24, 39, 55, 57, 59, 60, 61, 62, 63, 64, 65, 66, 67]",0.1261282110622541,31,[],346.6360619986517,228.83996900054626,545
0.1875,0.5,"[0, 3, 11, 19, 25, 29]",6,,1781073684467.5142,0.0,1781073684276.6672,0,0,190.84537800154067,1589,10462.4462890625,0.874901294708252,32,0.7729021310806274,0.6276781260967255,6,6,32,1781073684476.6694,1781073684261.6204,4328,265,middle,1.0,47.593979999874136,0.09872599912341684,observability_fixed_R16_k16,good,24.200480998842977,0,False,False,0.0,"[0, 13, 14, 24, 39, 55, 57, 59, 60, 61, 62, 63, 64, 65, 66, 67]",2,pg19,6,9e72e1b1-63c9-4883-b970-90759cf7a7f6,22389,794,False,16,16,54,"[0, 13, 14, 24, 39, 55, 57, 59, 60, 61, 62, 63, 64, 65, 66, 67]",0.12754158964879853,38,[],308.1644710000546,215.04585900038364,552
0.1875,0.5,"[0, 1, 3, 4, 8, 23]",6,,1781073685053.0454,0.0,1781073684855.9102,0,0,197.13480999962485,537,10462.4462890625,0.018641149625182152,32,0.9978675842285156,0.9964360516751185,6,6,32,1781073685062.2632,1781073684840.6763,4335,272,middle,1.0,47.67255500155443,0.10584399933577515,observability_fixed_R16_k16,good,24.44982099950721,0,False,False,0.0,"[0, 13, 14, 24, 39, 55, 57, 59, 60, 61, 62, 63, 64, 65, 66, 67]",2,pg19,6,9e72e1b1-63c9-4883-b970-90759cf7a7f6,22413,785,False,16,16,55,"[0, 13, 14, 24, 39, 55, 57, 59, 60, 61, 62, 63, 64, 65, 66, 67]",0.12895040369088812,45,[],314.8891389992059,221.58463099913206,559
0.1875,0.0,"[0, 8, 14, 18, 21, 23]",6,,1781073685636.1802,0.0,1781073685444.4224,0,0,191.75667700073973,323,10462.4462890625,0.10924233496189117,32,0.9889517426490784,0.9875979695934802,6,6,32,1781073685645.8083,1781073685429.1443,4342,279,middle,1.0,48.88272800053528,0.09812999996938743,observability_fixed_R16_k16,good,24.90188699994178,0,False,False,0.0,"[0, 13, 14, 24, 39, 55, 57, 59, 60, 61, 62, 63, 64, 65, 66, 67]",2,pg19,6,9e72e1b1-63c9-4883-b970-90759cf7a7f6,22451,791,False,16,16,56,"[0, 13, 14, 24, 39, 55, 57, 59, 60, 61, 62, 63, 64, 65, 66, 67]",0.13035467526485492,52,[],316.5462180004397,216.6585640006815,566
0.1875,0.0,"[0, 5, 10, 15, 21, 28]",6,,1781073686210.856,0.0,1781073686018.7007,0,0,192.1550480001315,311,10462.4462890625,0.018151767551898956,32,0.9983610510826111,0.9980561094998848,6,6,32,1781073686219.9585,1781073686003.2236,4349,286,middle,1.0,46.971211000709445,0.2487579986336641,observability_fixed_R16_k16,good,24.5748140005162,0,False,False,0.0,"[0, 13, 14, 24, 39, 55, 57, 59, 60, 61, 62, 63, 64, 65, 66, 67]",2,pg19,6,9e72e1b1-63c9-4883-b970-90759cf7a7f6,22487,788,False,16,16,57,"[0, 13, 14, 24, 39, 55, 57, 59, 60, 61, 62, 63, 64, 65, 66, 67]",0.13175442630489767,59,[],308.5466520005866,216.7298620006477,573
0.1875,0.0,"[0, 1, 2, 5, 18, 27]",6,,1781073686772.5378,0.0,1781073686589.9429,0,0,182.59421899892914,264,10462.4462890625,0.0032261088490486145,32,0.9997625946998596,0.9996985857360414,6,6,32,1781073686782.0232,1781073686575.0732,4356,293,middle,0.9411764705882353,52.40124800002377,6.017659999997704,observability_fixed_R16_k16,good,24.35076000074332,0,False,False,0.0,"[0, 13, 14, 24, 39, 55, 57, 59, 60, 61, 62, 63, 64, 65, 66, 67, 68]",2,pg19,6,9e72e1b1-63c9-4883-b970-90759cf7a7f6,22501,787,False,16,16,58,"[0, 13, 14, 24, 39, 55, 57, 59, 60, 61, 62, 63, 64, 65, 66, 67]",0.14049586776859505,66,[],295.2406250005879,206.94497899967246,612
0.1875,0.0,"[0, 1, 2, 3, 4, 13]",6,,1781073687338.3628,0.0,1781073687141.2585,0,0,197.10357800067868,566,10462.4462890625,0.0006077238358557224,32,0.9999614953994751,0.9999558131507911,6,6,32,1781073687348.3857,1781073687124.8813,4363,300,middle,0.9411764705882353,43.96629500115523,0.10142700011783745,observability_fixed_R16_k16,good,26.395733999379445,0,False,False,0.0,"[0, 13, 14, 24, 39, 55, 57, 59, 60, 61, 62, 63, 64, 65, 66, 67, 68]",2,pg19,6,9e72e1b1-63c9-4883-b970-90759cf7a7f6,22520,786,False,16,16,59,"[0, 13, 14, 24, 39, 55, 57, 59, 60, 61, 62, 63, 64, 65, 66, 67]",0.1418748567499427,73,[],297.06463100046676,223.49931200005813,619
0.1875,0.0,"[0, 1, 3, 7, 18, 25]",6,,1781073687912.46,0.0,1781073687718.6533,0,0,193.80514899967238,387,10462.4462890625,0.0005581568693742156,32,0.9999614953994751,0.9999532277761318,6,6,32,1781073687921.872,1781073687703.6006,4370,307,middle,0.9411764705882353,45.98477200124762,0.10988200119754765,observability_fixed_R16_k16,good,24.461128001348698,0,False,False,0.0,"[0, 13, 14, 24, 39, 55, 57, 59, 60, 61, 62, 63, 64, 65, 66, 67, 68]",2,pg19,6,9e72e1b1-63c9-4883-b970-90759cf7a7f6,22564,786,False,16,16,60,"[0, 13, 14, 24, 39, 55, 57, 59, 60, 61, 62, 63, 64, 65, 66, 67]",0.14324942791762013,80,[],307.6780470000813,218.26627700102108,626
0.1875,0.0,"[0, 1, 4, 18, 26, 30]",6,,1781073688484.502,0.0,1781073688291.9133,0,0,192.58772899956966,883,10462.4462890625,0.009948000311851501,32,0.9990202188491821,0.9985171232256107,6,6,32,1781073688494.049,1781073688276.328,4377,314,middle,0.9411764705882353,46.7032519991335,0.11937199997191783,observability_fixed_R16_k16,good,25.127725000857026,0,False,False,0.0,"[0, 13, 14, 24, 39, 55, 57, 59, 60, 61, 62, 63, 64, 65, 66, 67, 68]",2,pg19,6,9e72e1b1-63c9-4883-b970-90759cf7a7f6,22592,789,False,16,16,61,"[0, 13, 14, 24, 39, 55, 57, 59, 60, 61, 62, 63, 64, 65, 66, 67]",0.14461960246744346,87,[],306.1438389995601,217.7154540004267,633
0.1875,0.0,"[0, 1, 2, 3, 11, 22]",6,,1781073689042.1392,0.0,1781073688852.8364,0,0,189.30136899871286,374,10462.4462890625,0.001371670514345169,32,0.9998987913131714,0.9998685515020043,6,6,32,1781073689051.1213,1781073688838.0562,4384,321,middle,0.9411764705882353,45.67889499958255,0.1035939985740697,observability_fixed_R16_k16,good,23.75793000101112,0,False,False,0.0,"[0, 13, 14, 24, 39, 55, 57, 59, 60, 61, 62, 63, 64, 65, 66, 67, 68]",2,pg19,6,9e72e1b1-63c9-4883-b970-90759cf7a7f6,22618,788,False,16,16,62,"[0, 13, 14, 24, 39, 55, 57, 59, 60, 61, 62, 63, 64, 65, 66, 67]",0.145985401459854,94,[],297.05338399980974,213.05929899972398,640
0.1875,0.0,"[0, 2, 5, 15, 21, 27]",6,,1781073689512.7197,0.0,1781073689328.3135,0,0,184.4051940006466,13694,10462.4462890625,0.0010576251661404967,32,0.9999053478240967,0.9998244213638827,6,6,32,1781073689522.1543,1781073689313.7144,4391,328,middle,0.9411764705882353,34.9295890009671,0.07784899935359135,observability_fixed_R16_k16,good,24.032191999140196,0,False,False,0.0,"[0, 13, 14, 24, 39, 55, 57, 59, 60, 61, 62, 63, 64, 65, 66, 67, 68]",2,pg19,6,9e72e1b1-63c9-4883-b970-90759cf7a7f6,22657,790,False,16,16,63,"[0, 13, 14, 24, 39, 55, 57, 59, 60, 61, 62, 63, 64, 65, 66, 67]",0.1473468458209975,101,[],226.29509800026426,208.43738599978678,647
0.1875,0.0,"[0, 3, 16, 23, 26, 29]",6,0.8569158911705017,1781073690213.4792,208.02186900073139,1781073689804.8801,16,1013,408.59938799985684,315,10462.4462890625,0.6933084726333618,32,0.7494644522666931,0.524434432387352,6,6,32,1781073690222.5625,1781073689790.2803,4398,335,middle,0.5,35.625103999336716,0.07894100053817965,observability_fixed_R16_k16,good,23.679721000007703,0,False,False,0.0,"[0, 13, 14, 24, 39, 55, 57, 59, 60, 61, 62, 63, 64, 65, 66, 67, 68]",2,pg19,6,9e72e1b1-63c9-4883-b970-90759cf7a7f6,22683,994,True,16,16,64,"[0, 15, 16, 21, 26, 57, 58, 60, 61, 62, 63, 64, 65, 66, 67, 68]",0.14870395634379263,108,"[0, 4403, 4404, 4401, 4324, 4304, 4396, 4344, 4384, 4402, 4400, 4280, 4364, 4398, 4385, 4394]",231.1599650001881,432.27910899986455,654
0.1875,0.0,"[0, 1, 2, 6, 13, 22]",6,,1781073690598.8296,0.0,1781073690504.1057,0,0,94.72307699979865,537,10462.4462890625,0.001061227056197822,32,0.9999228715896606,0.9999085869694682,6,6,32,1781073690607.6394,1781073690488.1443,4405,342,late,1.0,36.07540699886158,4.540846000963938,observability_fixed_R16_k16,good,24.766618998910417,0,False,False,0.0,"[0, 15, 16, 21, 26, 57, 58, 60, 61, 62, 63, 64, 65, 66, 67, 68]",2,pg19,6,9e72e1b1-63c9-4883-b970-90759cf7a7f6,22712,785,False,16,16,65,"[0, 15, 16, 21, 26, 57, 58, 60, 61, 62, 63, 64, 65, 66, 67, 68]",0.12099886492622021,7,[],223.5892730004707,119.48969599870907,533
0.1875,0.0,"[0, 3, 5, 7, 9, 16]",6,,1781073691097.7778,0.0,1781073690880.0476,0,0,217.72906099977263,13,10462.4462890625,0.3910682201385498,32,0.920016348361969,0.8672952093183994,6,6,32,1781073691106.8264,1781073690864.3054,4412,349,late,1.0,33.141926000098465,0.07145400013541803,observability_fixed_R16_k16,good,24.787935999484034,0,False,False,0.0,"[0, 15, 16, 21, 26, 57, 58, 60, 61, 62, 63, 64, 65, 66, 67, 68]",2,pg19,6,9e72e1b1-63c9-4883-b970-90759cf7a7f6,22746,784,False,16,16,66,"[0, 15, 16, 21, 26, 57, 58, 60, 61, 62, 63, 64, 65, 66, 67, 68]",0.12239347234814144,14,[],222.46787599942763,242.51699699925666,540
0.1875,0.0,"[0, 10, 15, 22, 27, 29]",6,,1781073691622.74,0.0,1781073691386.2783,0,0,236.45919100090396,1657,10462.4462890625,2.3634049892425537,32,0.5548108220100403,0.48644471168518066,6,6,32,1781073691631.678,1781073691371.4211,4419,356,late,0.9411764705882353,39.22351799883472,4.424468001161586,observability_fixed_R16_k16,good,23.794499998984975,0,False,False,0.0,"[0, 15, 16, 21, 26, 57, 58, 60, 61, 62, 63, 64, 65, 66, 67, 68, 69]",2,pg19,6,9e72e1b1-63c9-4883-b970-90759cf7a7f6,22792,794,False,16,16,67,"[0, 15, 16, 21, 26, 57, 58, 60, 61, 62, 63, 64, 65, 66, 67, 68]",0.13102511880515955,21,[],219.61617399938405,260.25369099988893,579
0.1875,0.0,"[0, 1, 5, 13, 22, 28]",6,,1781073692156.7441,0.0,1781073691915.4087,0,0,241.33561499911593,198,10462.4462890625,0.3556588888168335,32,0.9558529853820801,0.9432431245222688,6,6,32,1781073692166.1587,1781073691900.1492,4426,363,late,0.9411764705882353,34.47570000025735,0.07696099964960013,observability_fixed_R16_k16,good,24.669394002557965,0,False,False,0.0,"[0, 15, 16, 21, 26, 57, 58, 60, 61, 62, 63, 64, 65, 66, 67, 68, 69]",2,pg19,6,9e72e1b1-63c9-4883-b970-90759cf7a7f6,22799,789,False,16,16,68,"[0, 15, 16, 21, 26, 57, 58, 60, 61, 62, 63, 64, 65, 66, 67, 68]",0.13239945774966108,28,[],232.83165199973155,266.0050090016739,586
0.1875,0.0,"[0, 1, 2, 4, 8, 19]",6,,1781073692680.3843,0.0,1781073692452.7754,0,0,227.60834799919394,1260,10462.4462890625,0.0007359835435636342,32,0.9999438524246216,0.9999121599430509,6,6,32,1781073692689.8345,1781073692436.727,4433,370,late,0.9411764705882353,37.375387000793125,0.0787980006862199,observability_fixed_R16_k16,good,25.495600000795093,0,False,False,0.0,"[0, 15, 16, 21, 26, 57, 58, 60, 61, 62, 63, 64, 65, 66, 67, 68, 69]",2,pg19,6,9e72e1b1-63c9-4883-b970-90759cf7a7f6,22823,787,False,16,16,69,"[0, 15, 16, 21, 26, 57, 58, 60, 61, 62, 63, 64, 65, 66, 67, 68]",0.1337694563501015,35,[],231.78974499933247,253.10394799998903,593
0.1875,0.0,"[0, 2, 6, 14, 18, 24]",6,,1781073693187.3638,0.0,1781073692962.4175,0,0,224.9450640010764,4244,10462.4462890625,0.13357238471508026,32,0.9842256307601929,0.980139983817935,6,6,32,1781073693196.4714,1781073692947.8855,4440,377,late,0.9411764705882353,33.787434000259964,0.07818799895176198,observability_fixed_R16_k16,good,23.636226000235183,0,False,False,0.0,"[0, 15, 16, 21, 26, 57, 58, 60, 61, 62, 63, 64, 65, 66, 67, 68, 69]",2,pg19,6,9e72e1b1-63c9-4883-b970-90759cf7a7f6,22872,789,False,16,16,70,"[0, 15, 16, 21, 26, 57, 58, 60, 61, 62, 63, 64, 65, 66, 67, 68]",0.13513513513513514,42,[],222.93006199834053,248.58129000131157,600
0.1875,0.0,"[0, 3, 10, 17, 23, 28]",6,,1781073693701.0947,0.0,1781073693471.6228,0,0,229.46981499990216,91157,10462.4462890625,0.5843942165374756,32,0.8691394329071045,0.7870237827301025,6,6,32,1781073693710.0742,1781073693457.135,4447,384,late,0.9411764705882353,34.84944199954043,0.0767759993323125,observability_fixed_R16_k16,good,23.46636199945351,0,False,False,0.0,"[0, 15, 16, 21, 26, 57, 58, 60, 61, 62, 63, 64, 65, 66, 67, 68, 69]",2,pg19,6,9e72e1b1-63c9-4883-b970-90759cf7a7f6,22898,796,False,16,16,71,"[0, 15, 16, 21, 26, 57, 58, 60, 61, 62, 63, 64, 65, 66, 67, 68]",0.13649651450416012,49,[],224.70206700018025,252.93617699935567,607
0.1875,0.0,"[0, 1, 2, 4, 5, 8]",6,,1781073694198.9753,0.0,1781073693990.3647,0,0,208.60937199904583,374,10462.4462890625,0.0017417938215658069,32,0.9998499155044556,0.999785900945426,6,6,32,1781073694208.0085,1781073693975.7202,4454,391,late,0.9411764705882353,39.16973900049925,4.528858000412583,observability_fixed_R16_k16,good,23.675771000853274,0,False,False,0.0,"[0, 15, 16, 21, 26, 57, 58, 60, 61, 62, 63, 64, 65, 66, 67, 68, 69]",2,pg19,6,9e72e1b1-63c9-4883-b970-90759cf7a7f6,22920,783,False,16,16,72,"[0, 15, 16, 21, 26, 57, 58, 60, 61, 62, 63, 64, 65, 66, 67, 68]",0.13785361472833407,56,[],220.85617300035665,232.2851429998991,614
0.1875,0.0,"[0, 4, 9, 13, 17, 23]",6,,1781073694680.3555,0.0,1781073694495.4763,0,0,184.878223000851,11,10462.4462890625,0.19732487201690674,32,0.9632599353790283,0.9327760487794876,6,6,32,1781073694689.453,1781073694481.1284,4461,398,late,0.9411764705882353,34.94035900075687,0.0828120009828126,observability_fixed_R16_k16,good,23.44095499938703,0,False,False,0.0,"[0, 15, 16, 21, 26, 57, 58, 60, 61, 62, 63, 64, 65, 66, 67, 68, 69]",2,pg19,6,9e72e1b1-63c9-4883-b970-90759cf7a7f6,22959,782,False,16,16,73,"[0, 15, 16, 21, 26, 57, 58, 60, 61, 62, 63, 64, 65, 66, 67, 68]",0.13920645595158038,63,[],236.9010989987146,208.31917800023803,621
0.1875,0.0,"[0, 4, 9, 15, 21, 27]",6,,1781073695148.934,0.0,1781073694963.874,0,0,185.0577629993495,1589,10462.4462890625,0.09653211385011673,32,0.9861964583396912,0.9799541155807674,6,6,32,1781073695157.99,1781073694949.1216,4468,405,late,0.9411764705882353,35.13556799953221,0.07651600026292726,observability_fixed_R16_k16,good,23.80533900031878,0,False,False,0.0,"[0, 15, 16, 21, 26, 57, 58, 60, 61, 62, 63, 64, 65, 66, 67, 68, 69]",2,pg19,6,9e72e1b1-63c9-4883-b970-90759cf7a7f6,22998,787,False,16,16,74,"[0, 15, 16, 21, 26, 57, 58, 60, 61, 62, 63, 64, 65, 66, 67, 68]",0.1405550581915846,70,[],223.26936200079217,208.8631019996683,628
0.1875,0.0,"[0, 1, 2, 3, 5, 23]",6,,1781073695628.9922,0.0,1781073695444.6306,0,0,184.3601700002182,537,10462.4462890625,0.004663672298192978,32,0.9995868802070618,0.9993669693503762,6,6,32,1781073695638.078,1781073695429.9998,4475,412,late,0.9411764705882353,34.06774600080098,0.07557900062238332,observability_fixed_R16_k16,good,23.712887999863597,0,False,False,0.0,"[0, 15, 16, 21, 26, 57, 58, 60, 61, 62, 63, 64, 65, 66, 67, 68, 69]",2,pg19,6,9e72e1b1-63c9-4883-b970-90759cf7a7f6,23015,783,False,16,16,75,"[0, 15, 16, 21, 26, 57, 58, 60, 61, 62, 63, 64, 65, 66, 67, 68]",0.1418994413407821,77,[],236.52963600034127,208.0730580000818,635
0.1875,0.0,"[0, 4, 6, 9, 16, 22]",6,,1781073696108.4338,0.0,1781073695924.1104,0,0,184.32222499905038,323,10462.4462890625,0.039288703352212906,32,0.9962053894996643,0.995540773961693,6,6,32,1781073696117.6365,1781073695908.943,4482,419,late,0.8888888888888888,39.26556999977038,4.614154000591952,observability_fixed_R16_k16,good,24.367924001126084,0,False,False,0.0,"[0, 15, 16, 21, 26, 57, 58, 60, 61, 62, 63, 64, 65, 66, 67, 68, 69, 70]",2,pg19,6,9e72e1b1-63c9-4883-b970-90759cf7a7f6,23051,788,False,16,16,76,"[0, 15, 16, 21, 26, 57, 58, 60, 61, 62, 63, 64, 65, 66, 67, 68]",0.1503792949576082,84,[],225.7809000002453,208.69014900017646,674
0.1875,0.0,"[0, 5, 8, 12, 17, 26]",6,,1781073696587.1526,0.0,1781073696402.4792,0,0,184.67174800025532,311,10462.4462890625,0.025750968605279922,32,0.9976513981819153,0.997253962123068,6,6,32,1781073696596.1414,1781073696387.442,4489,426,late,0.8888888888888888,35.073514000032446,0.0798050004959805,observability_fixed_R16_k16,good,24.024689999350812,0,False,False,0.0,"[0, 15, 16, 21, 26, 57, 58, 60, 61, 62, 63, 64, 65, 66, 67, 68, 69, 70]",2,pg19,6,9e72e1b1-63c9-4883-b970-90759cf7a7f6,23090,790,False,16,16,77,"[0, 15, 16, 21, 26, 57, 58, 60, 61, 62, 63, 64, 65, 66, 67, 68]",0.1517041657384718,91,[],233.4869719998096,208.69643799960613,681
0.1875,0.0,"[0, 1, 2, 4, 20, 26]",6,,1781073697055.0774,0.0,1781073696872.958,0,0,182.11751600028947,264,10462.4462890625,0.004134802147746086,32,0.9996805191040039,0.9995916587504325,6,6,32,1781073697064.0642,1781073696858.042,4496,433,late,0.8888888888888888,35.07687099954637,0.08798799899523146,observability_fixed_R16_k16,good,23.90004399967438,0,False,False,0.0,"[0, 15, 16, 21, 26, 57, 58, 60, 61, 62, 63, 64, 65, 66, 67, 68, 69, 70]",2,pg19,6,9e72e1b1-63c9-4883-b970-90759cf7a7f6,23106,787,False,16,16,78,"[0, 15, 16, 21, 26, 57, 58, 60, 61, 62, 63, 64, 65, 66, 67, 68]",0.15302491103202848,98,[],225.52562399869203,206.01755999996385,688
0.1875,0.0,"[0, 1, 2, 7, 11, 20]",6,,1781073697525.0093,0.0,1781073697341.9421,0,0,183.06599599964102,566,10462.4462890625,0.0035625454038381577,32,0.9997597336769104,0.9997382934216148,6,6,32,1781073697533.9053,1781073697327.1636,4503,440,late,0.8888888888888888,34.80322600080399,0.09761000001162756,observability_fixed_R16_k16,good,23.673119001614396,0,False,False,0.0,"[0, 15, 16, 21, 26, 57, 58, 60, 61, 62, 63, 64, 65, 66, 67, 68, 69, 70]",2,pg19,6,9e72e1b1-63c9-4883-b970-90759cf7a7f6,23134,787,False,16,16,79,"[0, 15, 16, 21, 26, 57, 58, 60, 61, 62, 63, 64, 65, 66, 67, 68]",0.15434155007772596,105,[],226.95823299909534,206.7391150012554,695
0.1875,0.0,"[0, 2, 5, 11, 19, 26]",6,0.8889434933662415,1781073698185.2942,189.86085100004857,1781073697811.335,16,997,373.9593300015258,387,10462.4462890625,0.0027537704445421696,32,0.999763548374176,0.9996494399456424,6,6,32,1781073698194.0925,1781073697796.3186,4510,447,late,0.6190476190476191,34.48340199975064,0.09534800119581632,observability_fixed_R16_k16,good,23.811686996850767,0,False,False,0.0,"[0, 15, 16, 21, 26, 57, 58, 60, 61, 62, 63, 64, 65, 66, 67, 68, 69, 70]",2,pg19,6,9e72e1b1-63c9-4883-b970-90759cf7a7f6,23176,984,True,16,16,80,"[0, 1, 17, 58, 59, 60, 61, 62, 63, 64, 65, 66, 67, 68, 69, 70]",0.1556541019955654,112,"[0, 4514, 4516, 4511, 4496, 4508, 4515, 4396, 4456, 4476, 4376, 4436, 4416, 4512, 4356, 4510]",226.39268900093157,397.7710169983766,702
0.1875,0.0,"[0, 1, 3, 19, 25, 29]",6,,1781073698569.3179,0.0,1781073698474.9036,0,0,94.41348200016364,883,10462.4462890625,0.01315955352038145,32,0.998668909072876,0.9980026499833912,6,6,32,1781073698578.2827,1781073698460.1694,4517,454,late,1.0,38.48003600069205,4.366650000520167,observability_fixed_R16_k16,good,23.696311000094283,0,False,False,0.0,"[0, 1, 17, 58, 59, 60, 61, 62, 63, 64, 65, 66, 67, 68, 69, 70]",2,pg19,6,9e72e1b1-63c9-4883-b970-90759cf7a7f6,23196,787,False,16,16,81,"[0, 1, 17, 58, 59, 60, 61, 62, 63, 64, 65, 66, 67, 68, 69, 70]",0.12154084569404472,7,[],222.02848300003097,118.10979300025792,549
0.1875,0.0,"[0, 1, 2, 3, 10, 19]",6,,1781073699039.926,0.0,1781073698849.4001,0,0,190.5246320002334,374,10462.4462890625,0.02611429989337921,32,0.9971070885658264,0.9955113156465814,6,6,32,1781073699048.9492,1781073698834.2812,4524,461,late,1.0,32.966337999823736,0.07767500028421637,observability_fixed_R16_k16,good,24.138291999406647,0,False,False,0.0,"[0, 1, 17, 58, 59, 60, 61, 62, 63, 64, 65, 66, 67, 68, 69, 70]",2,pg19,6,9e72e1b1-63c9-4883-b970-90759cf7a7f6,23223,784,False,16,16,82,"[0, 1, 17, 58, 59, 60, 61, 62, 63, 64, 65, 66, 67, 68, 69, 70]",0.1229000884173298,14,[],221.7069159996754,214.66292399964004,556
0.1875,0.0,"[0, 1, 6, 11, 17, 24]",6,,1781073699506.8594,0.0,1781073699323.118,0,0,183.74056200082123,13694,10462.4462890625,0.01887757144868374,32,0.9978512525558472,0.9962790474528447,6,6,32,1781073699515.847,1781073699308.3374,4531,468,late,1.0,34.100926999599324,0.07414599895128049,observability_fixed_R16_k16,good,23.765848998664296,0,False,False,0.0,"[0, 1, 17, 58, 59, 60, 61, 62, 63, 64, 65, 66, 67, 68, 69, 70]",2,pg19,6,9e72e1b1-63c9-4883-b970-90759cf7a7f6,23266,793,False,16,16,83,"[0, 1, 17, 58, 59, 60, 61, 62, 63, 64, 65, 66, 67, 68, 69, 70]",0.12425513131758993,21,[],224.18710000056308,207.50641099948552,563
0.1875,0.0,"[0, 3, 15, 23, 28, 30]",6,,1781073699975.8025,0.0,1781073699790.4343,0,0,185.3668359999574,315,10462.4462890625,0.7215704917907715,32,0.7753236293792725,0.5792911052703857,6,6,32,1781073699984.594,1781073699775.8323,4538,475,late,1.0,35.08434300056251,0.09479999971517827,observability_fixed_R16_k16,good,23.391135999190737,0,False,False,0.0,"[0, 1, 17, 58, 59, 60, 61, 62, 63, 64, 65, 66, 67, 68, 69, 70]",2,pg19,6,9e72e1b1-63c9-4883-b970-90759cf7a7f6,23289,789,False,16,16,84,"[0, 1, 17, 58, 59, 60, 61, 62, 63, 64, 65, 66, 67, 68, 69, 70]",0.125605993829881,28,[],223.69629900094878,208.75797199914814,570
0.1875,0.0,"[0, 3, 6, 12, 20, 27]",6,,1781073700481.07,0.0,1781073700288.3108,0,0,192.75836999986495,537,10462.4462890625,0.10940580070018768,32,0.9872962236404419,0.9830677327699959,6,6,32,1781073700490.2346,1781073700271.925,4545,482,late,0.9411764705882353,40.29868100042222,4.738351999549195,observability_fixed_R16_k16,good,25.548352001351304,0,False,False,0.0,"[0, 1, 17, 58, 59, 60, 61, 62, 63, 64, 65, 66, 67, 68, 69, 70, 71]",2,pg19,6,9e72e1b1-63c9-4883-b970-90759cf7a7f6,23313,788,False,16,16,85,"[0, 1, 17, 58, 59, 60, 61, 62, 63, 64, 65, 66, 67, 68, 69, 70]",0.13399339933993398,35,[],240.96918199938955,218.30672200121626,609
0.1875,0.0,"[0, 4, 6, 8, 10, 14]",6,,1781073700935.7334,0.0,1781073700755.2742,0,0,180.45850099952077,13,10462.4462890625,0.032579630613327026,32,0.9961875081062317,0.9949263121234253,6,6,32,1781073700944.5303,1781073700740.656,4552,489,late,0.9411764705882353,34.06022000126541,0.08876500032783952,observability_fixed_R16_k16,good,23.413633001837297,0,False,False,0.0,"[0, 1, 17, 58, 59, 60, 61, 62, 63, 64, 65, 66, 67, 68, 69, 70, 71]",2,pg19,6,9e72e1b1-63c9-4883-b970-90759cf7a7f6,23377,786,False,16,16,86,"[0, 1, 17, 58, 59, 60, 61, 62, 63, 64, 65, 66, 67, 68, 69, 70]",0.13532513181019332,42,[],215.15685099984694,203.87213400135806,616
0.1875,0.0,"[0, 9, 14, 20, 25, 29]",6,,1781073701471.1492,0.0,1781073701237.4634,0,0,233.68456899879675,1657,10462.4462890625,0.5572993159294128,32,0.9257858991622925,0.910821964032948,6,6,32,1781073701480.0425,1781073701222.224,4559,496,late,0.9411764705882353,35.285878999275155,0.08130999958666507,observability_fixed_R16_k16,good,24.128950000886107,0,False,False,0.0,"[0, 1, 17, 58, 59, 60, 61, 62, 63, 64, 65, 66, 67, 68, 69, 70, 71]",2,pg19,6,9e72e1b1-63c9-4883-b970-90759cf7a7f6,23386,794,False,16,16,87,"[0, 1, 17, 58, 59, 60, 61, 62, 63, 64, 65, 66, 67, 68, 69, 70]",0.13665277473130072,49,[],241.23500899986539,257.81351899968286,623
0.1875,0.0,"[0, 1, 7, 14, 20, 25]",6,,1781073701942.3108,0.0,1781073701758.05,0,0,184.2587850005657,198,10462.4462890625,0.005351983476430178,32,0.9996121525764465,0.9995510839944473,6,6,32,1781073701951.5408,1781073701743.5986,4566,503,late,0.9411764705882353,36.66153299855068,0.07814499986125156,observability_fixed_R16_k16,good,23.678332998315454,0,False,False,0.0,"[0, 1, 17, 58, 59, 60, 61, 62, 63, 64, 65, 66, 67, 68, 69, 70, 71]",2,pg19,6,9e72e1b1-63c9-4883-b970-90759cf7a7f6,23404,784,False,16,16,88,"[0, 1, 17, 58, 59, 60, 61, 62, 63, 64, 65, 66, 67, 68, 69, 70]",0.13797634691195795,56,[],225.53814599996258,207.93711799888115,630
0.1875,0.0,"[0, 1, 2, 3, 5, 16]",6,,1781073702414.8306,0.0,1781073702232.2278,0,0,182.60092700074892,1260,10462.4462890625,1.3296952374730608e-06,32,1.0,0.9999999634651786,6,6,32,1781073702423.9692,1781073702217.2305,4573,510,late,0.9411764705882353,36.31510299965157,0.08115099990391172,observability_fixed_R16_k16,good,24.133963999702246,0,False,False,0.0,"[0, 1, 17, 58, 59, 60, 61, 62, 63, 64, 65, 66, 67, 68, 69, 70, 71]",2,pg19,6,9e72e1b1-63c9-4883-b970-90759cf7a7f6,23439,788,False,16,16,89,"[0, 1, 17, 58, 59, 60, 61, 62, 63, 64, 65, 66, 67, 68, 69, 70]",0.13929586704570304,63,[],228.0008159996214,206.73489100045117,637
0.03125,0.0,[0],1,0.8720272779464722,1781073740341.737,136.41814900074678,1781073737897.4866,16,1022,2444.2528279996623,16301,12792.97705078125,1.657728910446167,32,0.6131595969200134,0.49795032292604446,6,6,32,1781073740350.7688,1781073737879.6711,4028,0,early,0.45454545454545453,340.87336599986884,5.615926998871146,observability_fixed_R16_k16,good,26.843297000596067,0,False,False,0.0,"[47, 48, 49, 50, 51, 52, 53, 54, 55, 56, 57, 58, 59, 60, 61, 62]",3,pg19,1,0d163d4c-bbdd-45a5-a969-da6200b88b74,21181,963,True,16,16,0,"[0, 7, 8, 9, 10, 21, 51, 52, 53, 55, 57, 58, 59, 60, 61, 62]",0.12711022840119166,2,"[0, 4029, 4028, 4025, 4026, 4027, 4024, 4023, 4022, 4007, 4013, 4015, 4021, 3990, 4014, 3674]",280.25333500045235,2471.0961250002583,512
0.0,-1.0,[],0,,1781073740798.245,0.0,1781073740708.3545,0,0,89.89079799903266,38935,10459.54833984375,0.008668431080877781,32,0.9990947246551514,0.9986967136210296,6,6,32,1781073740806.8386,1781073740694.0483,4030,2,early,1.0,49.599087000387954,5.641734000164433,observability_fixed_R16_k16,good,22.896485001183464,0,False,False,0.0,"[0, 7, 8, 9, 10, 21, 51, 52, 53, 55, 57, 58, 59, 60, 61, 62]",3,pg19,0,0d163d4c-bbdd-45a5-a969-da6200b88b74,21223,762,False,16,16,1,"[0, 7, 8, 9, 10, 21, 51, 52, 53, 55, 57, 58, 59, 60, 61, 62]",0.1344913151364764,1,[],286.73252199951094,112.78728300021612,542
0.09375,2.5,"[0, 7, 24]",3,,1781073741325.231,0.0,1781073741151.6433,0,0,173.5869600015576,1033,10458.96875,1.5912162065505981,32,0.5391655564308167,0.32470032572746277,6,6,32,1781073741333.9414,1781073741136.5442,4031,3,early,1.0,40.79834100048174,0.09305900130129885,observability_fixed_R16_k16,good,23.808126998119405,0,False,False,0.0,"[0, 7, 8, 9, 10, 21, 51, 52, 53, 55, 57, 58, 59, 60, 61, 62]",3,pg19,3,0d163d4c-bbdd-45a5-a969-da6200b88b74,21225,772,False,16,16,2,"[0, 7, 8, 9, 10, 21, 51, 52, 53, 55, 57, 58, 59, 60, 61, 62]",0.13470602828082362,5,[],287.62920500048494,197.395086999677,543
0.125,2.666666666666667,"[0, 1, 13, 20]",4,,1781073741857.163,0.0,1781073741694.2444,0,0,162.91786099827732,91127,10460.70751953125,0.11392451077699661,32,0.9839870929718018,0.9772526319138706,6,6,32,1781073741865.8445,1781073741679.525,4035,7,early,0.9411764705882353,50.26595600065775,5.629753999528475,observability_fixed_R16_k16,good,23.399647001497215,0,False,False,0.0,"[0, 7, 8, 9, 10, 21, 51, 52, 53, 55, 57, 58, 59, 60, 61, 62, 63]",3,pg19,4,0d163d4c-bbdd-45a5-a969-da6200b88b74,21255,782,False,16,16,3,"[0, 7, 8, 9, 10, 21, 51, 52, 53, 55, 57, 58, 59, 60, 61, 62]",0.14349442379182156,10,[],288.50096099995426,186.31750799977453,579
0.09375,1.0,"[1, 8, 13]",3,,1781073742365.922,0.0,1781073742206.9736,0,0,158.9482430008502,1156,10461.287109375,1.773179292678833,32,0.44480764865875244,0.17501816153526306,6,6,32,1781073742374.617,1781073742192.303,4040,12,early,0.9411764705882353,42.50853099983942,0.09745799980009906,observability_fixed_R16_k16,good,23.36035299958894,0,False,False,0.0,"[0, 7, 8, 9, 10, 21, 51, 52, 53, 55, 57, 58, 59, 60, 61, 62, 63]",3,pg19,3,0d163d4c-bbdd-45a5-a969-da6200b88b74,21273,772,False,16,16,4,"[0, 7, 8, 9, 10, 21, 51, 52, 53, 55, 57, 58, 59, 60, 61, 62]",0.14455445544554454,14,[],282.6407430002291,182.30859600043914,584
0.15625,2.5,"[0, 5, 12, 19, 27]",5,,1781073742883.157,0.0,1781073742722.8044,0,0,160.35155900135578,16062,10460.70751953125,3.0135669708251953,32,0.3633540868759155,0.21188557147979736,6,6,32,1781073742891.7458,1781073742707.9065,4044,16,early,0.9411764705882353,43.40722199958691,0.09366099948238116,observability_fixed_R16_k16,good,23.484747998736566,0,False,False,0.0,"[0, 7, 8, 9, 10, 21, 51, 52, 53, 55, 57, 58, 59, 60, 61, 62, 63]",3,pg19,5,0d163d4c-bbdd-45a5-a969-da6200b88b74,21298,789,False,16,16,5,"[0, 7, 8, 9, 10, 21, 51, 52, 53, 55, 57, 58, 59, 60, 61, 62]",0.14540059347181009,20,[],288.3589659995778,183.83630700009235,588
0.15625,1.25,"[0, 11, 18, 24, 29]",5,,1781073743400.407,0.0,1781073743239.5774,0,0,160.83004200118012,264,10461.86669921875,2.7012429237365723,32,0.2136828899383545,0.09193006157875061,6,6,32,1781073743409.232,1781073743224.5654,4050,22,early,0.9411764705882353,43.44543200022599,0.10108999958902132,observability_fixed_R16_k16,good,23.8336940001318,0,False,False,0.0,"[0, 7, 8, 9, 10, 21, 51, 52, 53, 55, 57, 58, 59, 60, 61, 62, 63]",3,pg19,5,0d163d4c-bbdd-45a5-a969-da6200b88b74,21320,787,False,16,16,6,"[0, 7, 8, 9, 10, 21, 51, 52, 53, 55, 57, 58, 59, 60, 61, 62]",0.14666666666666667,26,[],288.0713899994589,184.66373600131192,594
0.0625,-2.25,"[0, 17]",2,,1781073743909.7034,0.0,1781073743747.1372,0,0,162.56500100098492,35118,10461.86669921875,3.671696662902832,32,0.31077679991722107,0.20829348266124725,4,6,32,1781073743918.308,1781073743733.006,4056,28,early,0.9411764705882353,42.359380999187124,0.09873099952528719,observability_fixed_R16_k16,good,22.732594999979483,0,False,False,0.0,"[0, 7, 8, 9, 10, 21, 51, 52, 53, 55, 57, 58, 59, 60, 61, 62, 63]",3,pg19,2,0d163d4c-bbdd-45a5-a969-da6200b88b74,21376,773,False,16,16,7,"[0, 7, 8, 9, 10, 21, 51, 52, 53, 55, 57, 58, 59, 60, 61, 62]",0.14792899408284024,29,[],280.1599160011392,185.2975960009644,600
0.09375,-0.75,"[0, 6, 19]",3,,1781073744323.6033,0.0,1781073744175.9658,0,0,147.6380660005816,279,10460.91162109375,1.3593124151229858,32,0.6567181348800659,0.4714822918176651,5,6,32,1781073744332.1147,1781073744160.554,4059,31,early,0.9411764705882353,32.7998499997193,0.07276600081240758,observability_fixed_R16_k16,good,23.921406000226852,0,False,False,0.0,"[0, 7, 8, 9, 10, 21, 51, 52, 53, 55, 57, 58, 59, 60, 61, 62, 63]",3,pg19,3,0d163d4c-bbdd-45a5-a969-da6200b88b74,21351,771,False,16,16,8,"[0, 7, 8, 9, 10, 21, 51, 52, 53, 55, 57, 58, 59, 60, 61, 62]",0.14855875831485588,33,[],208.25984899965988,171.55947200080846,603
0.0625,-1.75,"[6, 15]",2,,1781073744737.8206,0.0,1781073744593.2295,0,0,144.59082900066278,264,10460.70751953125,4.412971496582031,32,0.29488518834114075,0.2248438149690628,4,6,32,1781073744746.3564,1781073744579.234,4063,35,early,0.9411764705882353,32.903899998927955,0.07656600064365193,observability_fixed_R16_k16,good,22.529674000907107,0,False,False,0.0,"[0, 7, 8, 9, 10, 21, 51, 52, 53, 55, 57, 58, 59, 60, 61, 62, 63]",3,pg19,2,0d163d4c-bbdd-45a5-a969-da6200b88b74,21385,770,False,16,16,9,"[0, 7, 8, 9, 10, 21, 51, 52, 53, 55, 57, 58, 59, 60, 61, 62]",0.14939699729264092,36,[],213.3206219987187,167.1205030015699,607
0.09375,0.0,"[0, 7, 13]",3,,1781073745167.717,0.0,1781073745012.8503,0,0,154.86551000140025,57951,10460.91162109375,2.249635934829712,32,0.5994462966918945,0.541919182986021,6,6,32,1781073745176.365,1781073744998.4023,4066,38,early,0.9411764705882353,36.25410699896747,4.23457699980645,observability_fixed_R16_k16,good,23.092403998816735,0,False,False,0.0,"[0, 7, 8, 9, 10, 21, 51, 52, 53, 55, 57, 58, 59, 60, 61, 62, 63]",3,pg19,3,0d163d4c-bbdd-45a5-a969-da6200b88b74,21398,777,False,16,16,10,"[0, 7, 8, 9, 10, 21, 51, 52, 53, 55, 57, 58, 59, 60, 61, 62]",0.1500245941957698,40,[],210.6797779997578,177.957914000217,610
0.03125,-1.5,[1],1,,1781073745579.549,0.0,1781073745433.3594,0,0,146.18902300026093,1519,10460.70751953125,0.9428474307060242,32,0.7548317909240723,0.5990634560585022,5,6,32,1781073745588.167,1781073745419.63,4070,42,early,0.9411764705882353,32.853348999196896,0.07652000022062566,observability_fixed_R16_k16,good,22.343374001138727,0,False,False,0.0,"[0, 7, 8, 9, 10, 21, 51, 52, 53, 55, 57, 58, 59, 60, 61, 62, 63]",3,pg19,1,0d163d4c-bbdd-45a5-a969-da6200b88b74,21406,765,False,16,16,11,"[0, 7, 8, 9, 10, 21, 51, 52, 53, 55, 57, 58, 59, 60, 61, 62]",0.15085995085995085,42,[],209.21665499918163,168.53239700139966,614
0.03125,-1.25,[5],1,,1781073745993.2146,0.0,1781073745844.629,0,0,148.5852670011809,518,10459.54833984375,3.8342809677124023,32,0.1952531635761261,0.08400126546621323,6,6,32,1781073746001.962,1781073745829.2285,4072,44,early,0.9411764705882353,31.42149000086647,0.07457300125679467,observability_fixed_R16_k16,good,24.143611999534187,0,False,False,0.0,"[0, 7, 8, 9, 10, 21, 51, 52, 53, 55, 57, 58, 59, 60, 61, 62, 63]",3,pg19,1,0d163d4c-bbdd-45a5-a969-da6200b88b74,21432,760,False,16,16,12,"[0, 7, 8, 9, 10, 21, 51, 52, 53, 55, 57, 58, 59, 60, 61, 62]",0.1512770137524558,44,[],208.44615599889948,172.7288790007151,616
0.125,2.25,"[0, 1, 9, 15]",4,,1781073746420.4214,0.0,1781073746272.2317,0,0,148.1876910002029,51478,10459.54833984375,0.06698819249868393,32,0.9909558892250061,0.9873256627470255,6,6,32,1781073746429.6467,1781073746258.306,4074,46,early,0.9411764705882353,33.00424400003976,0.08253699888882693,observability_fixed_R16_k16,good,23.150156999690807,0,False,False,0.0,"[0, 7, 8, 9, 10, 21, 51, 52, 53, 55, 57, 58, 59, 60, 61, 62, 63]",3,pg19,4,0d163d4c-bbdd-45a5-a969-da6200b88b74,21437,779,False,16,16,13,"[0, 7, 8, 9, 10, 21, 51, 52, 53, 55, 57, 58, 59, 60, 61, 62]",0.15169366715758467,49,[],222.0654859993374,171.3378479998937,618
0.15625,2.75,"[0, 7, 18, 27, 31]",5,,1781073746829.4448,0.0,1781073746683.3801,0,0,146.063571999548,3283,10461.287109375,0.7392216324806213,32,0.8615861535072327,0.8137323744595051,5,6,32,1781073746838.0547,1781073746669.4292,4079,51,early,0.9411764705882353,32.54580199973134,0.08178300049621612,observability_fixed_R16_k16,good,22.559961000297335,0,False,False,0.0,"[0, 7, 8, 9, 10, 21, 51, 52, 53, 55, 57, 58, 59, 60, 61, 62, 63]",3,pg19,5,0d163d4c-bbdd-45a5-a969-da6200b88b74,21450,781,False,16,16,14,"[0, 7, 8, 9, 10, 21, 51, 52, 53, 55, 57, 58, 59, 60, 61, 62]",0.15273351311595978,55,[],206.15860900034022,168.62353299984534,623
0.0625,-0.75,"[2, 12]",2,,1781073747245.0122,0.0,1781073747097.9587,0,0,147.05289599987736,36,10461.86669921875,2.0303127765655518,32,0.4337661862373352,0.2716795951128006,4,6,32,1781073747253.7578,1781073747083.8655,4085,57,early,0.9411764705882353,32.92639099890948,0.09085099918593187,observability_fixed_R16_k16,good,22.83678000094369,0,False,False,0.0,"[0, 7, 8, 9, 10, 21, 51, 52, 53, 55, 57, 58, 59, 60, 61, 62, 63]",3,pg19,2,0d163d4c-bbdd-45a5-a969-da6200b88b74,21470,768,False,16,16,15,"[0, 7, 8, 9, 10, 21, 51, 52, 53, 55, 57, 58, 59, 60, 61, 62]",0.1539779681762546,58,[],211.81468600116204,169.88967600082105,629
0.0,-3.0,[],0,0.8182293176651001,1781073747720.2986,70.1912929998798,1781073747506.092,16,1017,214.20681299969146,7221,10460.91162109375,1.1544592380523682,32,0.7910642027854919,0.7337597012519836,6,6,32,1781073747729.7085,1781073747492.2104,4088,60,early,0.375,32.28784699967946,0.07577799988212064,observability_fixed_R16_k16,good,23.288776999834226,0,False,False,0.0,"[0, 7, 8, 9, 10, 21, 51, 52, 53, 55, 57, 58, 59, 60, 61, 62, 63]",3,pg19,0,0d163d4c-bbdd-45a5-a969-da6200b88b74,21475,949,True,16,16,16,"[0, 1, 6, 7, 9, 14, 18, 36, 47, 49, 55, 57, 58, 61, 62, 63]",0.15459882583170254,59,"[0, 4088, 4087, 4086, 1188, 3674, 4085, 4084, 104, 907, 463, 605, 598, 464, 4083, 3548]",205.16307199977746,237.4955899995257,632
0.15625,2.25,"[0, 1, 2, 9, 20]",5,,1781073748073.6345,0.0,1781073747993.0671,0,0,80.56685100018512,8094,10458.96875,0.03885704278945923,32,0.995524525642395,0.9936907174997032,6,6,32,1781073748082.2964,1781073747979.0532,4089,61,early,1.0,31.152548999671126,4.205335000733612,observability_fixed_R16_k16,good,22.67484099866124,0,False,False,0.0,"[0, 1, 6, 7, 9, 14, 18, 36, 47, 49, 55, 57, 58, 61, 62, 63]",3,pg19,5,0d163d4c-bbdd-45a5-a969-da6200b88b74,21488,781,False,16,16,17,"[0, 1, 6, 7, 9, 14, 18, 36, 47, 49, 55, 57, 58, 61, 62, 63]",0.13132795304475423,6,[],212.8901539999788,103.24169199884636,537
0.0,-3.0,[],0,,1781073748507.4395,0.0,1781073748341.6504,0,0,165.78794399902108,14285,10462.650390625,1.5045429468154907,32,0.7102532386779785,0.5848860889673233,4,6,32,1781073748516.3203,1781073748327.517,4095,67,early,1.0,31.578859998262487,0.06317500083241612,observability_fixed_R16_k16,good,23.013981999611133,0,False,False,0.0,"[0, 1, 6, 7, 9, 14, 18, 36, 47, 49, 55, 57, 58, 61, 62, 63]",3,pg19,0,0d163d4c-bbdd-45a5-a969-da6200b88b74,21518,766,False,16,16,18,"[0, 1, 6, 7, 9, 14, 18, 36, 47, 49, 55, 57, 58, 61, 62, 63]",0.1326007326007326,7,[],212.72936500099604,188.8019259986322,543
0.09375,1.25,"[1, 8, 14]",3,,1781073748914.5579,0.0,1781073748770.3406,0,0,144.21551799932786,34131,10458.96875,1.2660694122314453,32,0.5203306078910828,0.13964861631393433,4,6,32,1781073748923.4478,1781073748756.1858,4096,68,early,1.0,32.0820819997607,0.06654699973296374,observability_fixed_R16_k16,good,23.044420000587706,0,False,False,0.0,"[0, 1, 6, 7, 9, 14, 18, 36, 47, 49, 55, 57, 58, 61, 62, 63]",3,pg19,3,0d163d4c-bbdd-45a5-a969-da6200b88b74,21532,778,False,16,16,19,"[0, 1, 6, 7, 9, 14, 18, 36, 47, 49, 55, 57, 58, 61, 62, 63]",0.1328125,11,[],206.87119099966367,167.25993799991556,544
0.0625,0.0,"[3, 14]",2,,1781073749342.6091,0.0,1781073749193.8667,0,0,148.74172800045926,1380,10460.70751953125,2.424079656600952,32,0.23743495345115662,0.01087293028831482,5,6,32,1781073749351.376,1781073749179.1924,4100,72,early,0.9411764705882353,33.1810019997647,4.262069998731022,observability_fixed_R16_k16,good,23.439305998181226,0,False,False,0.0,"[0, 1, 6, 7, 9, 14, 18, 36, 47, 49, 55, 57, 58, 61, 62, 63, 64]",3,pg19,2,0d163d4c-bbdd-45a5-a969-da6200b88b74,21551,772,False,16,16,20,"[0, 1, 6, 7, 9, 14, 18, 36, 47, 49, 55, 57, 58, 61, 62, 63]",0.14146341463414633,14,[],217.25924400016083,172.1810339986405,580
0.03125,-1.5,[0],1,,1781073749757.7397,0.0,1781073749611.85,0,0,145.88919599918881,7324,10460.91162109375,1.1779414415359497,32,0.8554903268814087,0.8368831053376198,5,6,32,1781073749766.2776,1781073749597.86,4103,75,early,0.9411764705882353,32.87818099852302,0.07503699998778757,observability_fixed_R16_k16,good,22.527049999553128,0,False,False,0.0,"[0, 1, 6, 7, 9, 14, 18, 36, 47, 49, 55, 57, 58, 61, 62, 63, 64]",3,pg19,1,0d163d4c-bbdd-45a5-a969-da6200b88b74,21565,764,False,16,16,21,"[0, 1, 6, 7, 9, 14, 18, 36, 47, 49, 55, 57, 58, 61, 62, 63]",0.14209115281501342,16,[],212.67554400037625,168.41624599874194,583
0.03125,-0.5,[0],1,,1781073750178.8455,0.0,1781073750029.0688,0,0,149.77559499857307,19308,10459.54833984375,0.1258837878704071,32,0.981194794178009,0.9695917097851634,4,6,32,1781073750187.4558,1781073750014.9507,4105,77,early,0.9411764705882353,32.039612999142264,0.07879700024204794,observability_fixed_R16_k16,good,22.726681001586257,0,False,False,0.0,"[0, 1, 6, 7, 9, 14, 18, 36, 47, 49, 55, 57, 58, 61, 62, 63, 64]",3,pg19,1,0d163d4c-bbdd-45a5-a969-da6200b88b74,21569,768,False,16,16,22,"[0, 1, 6, 7, 9, 14, 18, 36, 47, 49, 55, 57, 58, 61, 62, 63]",0.1425091352009744,18,[],215.60360500006936,172.50227600015933,585
0.09375,1.25,"[0, 3, 11]",3,,1781073750596.8013,0.0,1781073750448.0488,0,0,148.7515259996144,4270,10459.54833984375,0.6858542561531067,32,0.7747841477394104,0.638026624917984,5,6,32,1781073750605.76,1781073750433.8955,4107,79,early,0.9411764705882353,33.258241999647,0.07707899931119755,observability_fixed_R16_k16,good,23.10937300171645,0,False,False,0.0,"[0, 1, 6, 7, 9, 14, 18, 36, 47, 49, 55, 57, 58, 61, 62, 63, 64]",3,pg19,3,0d163d4c-bbdd-45a5-a969-da6200b88b74,21574,773,False,16,16,23,"[0, 1, 6, 7, 9, 14, 18, 36, 47, 49, 55, 57, 58, 61, 62, 63]",0.14292671049427808,22,[],211.95946599982562,171.86089900133084,587
0.0625,0.25,"[0, 2]",2,,1781073751024.7253,0.0,1781073750872.0203,0,0,152.70434000012756,976,10460.70751953125,0.15215781331062317,32,0.9690337181091309,0.9406717419624329,6,6,32,1781073751033.4497,1781073750857.933,4111,83,early,0.9411764705882353,32.453665999128134,0.07173999983933754,observability_fixed_R16_k16,good,22.810480999396532,0,False,False,0.0,"[0, 1, 6, 7, 9, 14, 18, 36, 47, 49, 55, 57, 58, 61, 62, 63, 64]",3,pg19,2,0d163d4c-bbdd-45a5-a969-da6200b88b74,21590,768,False,16,16,24,"[0, 1, 6, 7, 9, 14, 18, 36, 47, 49, 55, 57, 58, 61, 62, 63]",0.14376064217951837,25,[],218.51432800031034,175.5148209995241,591
0.0625,0.25,"[0, 1]",2,,1781073751439.608,0.0,1781073751293.1833,0,0,146.42472000014095,54151,10460.70751953125,0.030622947961091995,32,0.9960015416145325,0.9937182369176298,6,6,32,1781073751448.4102,1781073751279.1653,4114,86,early,0.9411764705882353,33.19170299982943,0.07396500041068066,observability_fixed_R16_k16,good,22.819051000624313,0,False,False,0.0,"[0, 1, 6, 7, 9, 14, 18, 36, 47, 49, 55, 57, 58, 61, 62, 63, 64]",3,pg19,2,0d163d4c-bbdd-45a5-a969-da6200b88b74,21603,771,False,16,16,25,"[0, 1, 6, 7, 9, 14, 18, 36, 47, 49, 55, 57, 58, 61, 62, 63]",0.1443850267379679,28,[],211.59763200012094,169.24377100076526,594
0.09375,1.0,"[0, 3, 11]",3,,1781073751848.8257,0.0,1781073751704.3765,0,0,144.4488849992922,65841,10460.1279296875,0.005448231007903814,32,0.9994370341300964,0.9990326167608146,6,6,32,1781073751857.6138,1781073751690.3123,4117,89,early,0.9411764705882353,32.25810899857606,0.0734269997337833,observability_fixed_R16_k16,good,22.85143700100889,0,False,False,0.0,"[0, 1, 6, 7, 9, 14, 18, 36, 47, 49, 55, 57, 58, 61, 62, 63, 64]",3,pg19,3,0d163d4c-bbdd-45a5-a969-da6200b88b74,21614,774,False,16,16,26,"[0, 1, 6, 7, 9, 14, 18, 36, 47, 49, 55, 57, 58, 61, 62, 63]",0.14500850133592422,32,[],208.7079350003478,167.3003220003011,597
0.03125,-1.5,[1],1,,1781073752262.2954,0.0,1781073752116.552,0,0,145.7429050005885,264,10460.70751953125,1.4772025346755981,32,0.4669208824634552,0.13582441210746765,6,6,32,1781073752271.1296,1781073752102.742,4121,93,early,0.9411764705882353,32.481182999617886,0.08106200039037503,observability_fixed_R16_k16,good,22.643115999017027,0,False,False,0.0,"[0, 1, 6, 7, 9, 14, 18, 36, 47, 49, 55, 57, 58, 61, 62, 63, 64]",3,pg19,1,0d163d4c-bbdd-45a5-a969-da6200b88b74,21638,760,False,16,16,27,"[0, 1, 6, 7, 9, 14, 18, 36, 47, 49, 55, 57, 58, 61, 62, 63]",0.14583838874059693,34,[],211.69556499989994,168.38602099960553,601
0.0,-2.0,[],0,,1781073752669.7502,0.0,1781073752523.6172,0,0,146.13164000002143,8094,10459.54833984375,4.176791667938232,32,0.10264839231967926,0.006219148635864258,4,6,32,1781073752678.4756,1781073752509.8289,4123,95,early,0.9411764705882353,32.29796699997678,0.07531300070695579,observability_fixed_R16_k16,good,22.513595000418718,0,False,False,0.0,"[0, 1, 6, 7, 9, 14, 18, 36, 47, 49, 55, 57, 58, 61, 62, 63, 64]",3,pg19,0,0d163d4c-bbdd-45a5-a969-da6200b88b74,21667,763,False,16,16,28,"[0, 1, 6, 7, 9, 14, 18, 36, 47, 49, 55, 57, 58, 61, 62, 63]",0.14625272859568275,35,[],205.49364299949957,168.64523500044015,603
0.0625,0.5,"[0, 12]",2,,1781073753091.7952,0.0,1781073752937.3914,0,0,154.40360799948394,66,10458.96875,2.9651596546173096,32,0.21627198159694672,0.058044031262397766,5,6,32,1781073753100.8884,1781073752922.8523,4124,96,early,0.9411764705882353,30.11770000011893,0.07436400119331665,observability_fixed_R16_k16,good,23.630878000403754,0,False,False,0.0,"[0, 1, 6, 7, 9, 14, 18, 36, 47, 49, 55, 57, 58, 61, 62, 63, 64]",3,pg19,2,0d163d4c-bbdd-45a5-a969-da6200b88b74,21672,768,False,16,16,29,"[0, 1, 6, 7, 9, 14, 18, 36, 47, 49, 55, 57, 58, 61, 62, 63]",0.14645974781765275,38,[],213.25462700042408,178.0344859998877,604
0.09375,1.5,"[0, 3, 8]",3,,1781073753517.858,0.0,1781073753368.4849,0,0,149.37232099873654,3729,10460.1279296875,0.5224247574806213,32,0.9067560434341431,0.8669159635901451,5,6,32,1781073753526.677,1781073753354.5537,4127,99,early,0.9411764705882353,33.16285599976254,0.08194600013666786,observability_fixed_R16_k16,good,22.747912002159865,0,False,False,0.0,"[0, 1, 6, 7, 9, 14, 18, 36, 47, 49, 55, 57, 58, 61, 62, 63, 64]",3,pg19,3,0d163d4c-bbdd-45a5-a969-da6200b88b74,21659,773,False,16,16,30,"[0, 1, 6, 7, 9, 14, 18, 36, 47, 49, 55, 57, 58, 61, 62, 63]",0.1470802035376787,42,[],219.58779599845002,172.1202330008964,607
0.03125,-0.5,[0],1,,1781073753944.7432,0.0,1781073753797.3457,0,0,147.396492999178,12299,10461.4912109375,1.28946852684021,32,0.6706507205963135,0.5446391850709915,6,6,32,1781073753953.741,1781073753783.308,4131,103,early,0.9411764705882353,37.040627999886055,4.218804000629461,observability_fixed_R16_k16,good,23.033178000332555,0,False,False,0.0,"[0, 1, 6, 7, 9, 14, 18, 36, 47, 49, 55, 57, 58, 61, 62, 63, 64]",3,pg19,1,0d163d4c-bbdd-45a5-a969-da6200b88b74,21679,762,False,16,16,31,"[0, 1, 6, 7, 9, 14, 18, 36, 47, 49, 55, 57, 58, 61, 62, 63]",0.14790607601065117,44,[],214.25773200098774,170.42967099951056,611
0.09375,1.5,"[0, 8, 15]",3,0.8753969073295593,1781073754504.2368,134.89407100132667,1781073754218.4468,16,1001,285.7900150011119,1899,10459.54833984375,1.7505379915237427,32,0.6317995190620422,0.5586634129285812,6,6,32,1781073754513.6829,1781073754204.3413,4133,105,early,0.375,33.06129700104066,0.07805300083418842,observability_fixed_R16_k16,good,23.548443998151924,0,False,False,0.0,"[0, 1, 6, 7, 9, 14, 18, 36, 47, 49, 55, 57, 58, 61, 62, 63, 64]",3,pg19,3,0d163d4c-bbdd-45a5-a969-da6200b88b74,21692,974,True,16,16,32,"[0, 49, 50, 52, 53, 54, 55, 56, 57, 58, 59, 60, 61, 62, 63, 64]",0.1483184127752238,48,"[0, 4136, 4135, 4134, 4130, 4133, 4132, 4131, 4128, 4129, 4027, 3674, 4127, 4107, 4099, 4048]",216.2773340005515,309.3384589992638,613
0.0625,-0.25,"[0, 18]",2,,1781073754863.1086,0.0,1781073754781.6843,0,0,81.42231200145034,13,10460.70751953125,1.3440526723861694,32,0.6451533436775208,0.4324043393135071,6,6,32,1781073754871.7373,1781073754767.576,4137,109,early,1.0,32.89010800108372,4.154966998612508,observability_fixed_R16_k16,good,22.737601999324397,0,False,False,0.0,"[0, 49, 50, 52, 53, 54, 55, 56, 57, 58, 59, 60, 61, 62, 63, 64]",3,pg19,2,0d163d4c-bbdd-45a5-a969-da6200b88b74,21711,765,False,16,16,33,"[0, 49, 50, 52, 53, 54, 55, 56, 57, 58, 59, 60, 61, 62, 63, 64]",0.1259366690838772,3,[],215.49254399906204,104.15991400077473,521
0.03125,-1.25,[1],1,,1781073755308.4128,0.0,1781073755146.4006,0,0,162.01099899990368,6476,10460.70751953125,2.6144602298736572,32,0.5250335931777954,0.4713980369269848,5,6,32,1781073755317.287,1781073755131.9214,4140,112,early,1.0,31.923380000080215,0.06228699930943549,observability_fixed_R16_k16,good,23.352578000412905,0,False,False,0.0,"[0, 49, 50, 52, 53, 54, 55, 56, 57, 58, 59, 60, 61, 62, 63, 64]",3,pg19,1,0d163d4c-bbdd-45a5-a969-da6200b88b74,21734,766,False,16,16,34,"[0, 49, 50, 52, 53, 54, 55, 56, 57, 58, 59, 60, 61, 62, 63, 64]",0.12657004830917876,5,[],227.26582499853976,185.36357700031658,524
0.03125,-0.75,[0],1,,1781073755740.7644,0.0,1781073755588.502,0,0,152.26111999982095,198,10459.54833984375,1.9743237495422363,32,0.568733274936676,0.46834588795900345,5,6,32,1781073755749.9143,1781073755574.4966,4142,114,early,1.0,36.12820899979852,0.06834899977548048,observability_fixed_R16_k16,good,23.15542500036827,0,False,False,0.0,"[0, 49, 50, 52, 53, 54, 55, 56, 57, 58, 59, 60, 61, 62, 63, 64]",3,pg19,1,0d163d4c-bbdd-45a5-a969-da6200b88b74,21730,763,False,16,16,35,"[0, 49, 50, 52, 53, 54, 55, 56, 57, 58, 59, 60, 61, 62, 63, 64]",0.1269917914051183,7,[],219.98451099898375,175.41654500018922,526
0.09375,1.25,"[0, 17, 24]",3,,1781073756157.7686,0.0,1781073756009.383,0,0,148.38448900081858,85031,10459.54833984375,6.215121746063232,32,0.06162117049098015,0.028118323534727097,5,6,32,1781073756166.5881,1781073755995.0217,4144,116,early,1.0,31.845593000980443,0.06328599920379929,observability_fixed_R16_k16,good,23.178977999123163,0,False,False,0.0,"[0, 49, 50, 52, 53, 54, 55, 56, 57, 58, 59, 60, 61, 62, 63, 64]",3,pg19,3,0d163d4c-bbdd-45a5-a969-da6200b88b74,21754,777,False,16,16,36,"[0, 49, 50, 52, 53, 54, 55, 56, 57, 58, 59, 60, 61, 62, 63, 64]",0.1274131274131274,11,[],212.31902500039723,171.56346699994174,528
0.0625,0.25,"[0, 8]",2,,1781073756580.2017,0.0,1781073756433.265,0,0,146.93524900030752,342,10460.70751953125,2.6381897926330566,32,0.2135988175868988,0.0280209481716156,5,6,32,1781073756588.9717,1781073756418.9565,4148,120,early,1.0,32.779741999547696,0.06022600064170547,observability_fixed_R16_k16,good,23.077093999745557,0,False,False,0.0,"[0, 49, 50, 52, 53, 54, 55, 56, 57, 58, 59, 60, 61, 62, 63, 64]",3,pg19,2,0d163d4c-bbdd-45a5-a969-da6200b88b74,21757,765,False,16,16,37,"[0, 49, 50, 52, 53, 54, 55, 56, 57, 58, 59, 60, 61, 62, 63, 64]",0.12825458052073288,14,[],218.4904120003921,170.01234300005308,532
0.15625,3.25,"[0, 1, 2, 10, 19]",5,,1781073756996.4214,0.0,1781073756849.6023,0,0,146.8183000015415,3381,10460.70751953125,0.07555790990591049,32,0.9895775318145752,0.9832151480950415,6,6,32,1781073757005.7053,1781073756835.596,4151,123,early,1.0,32.531391001612064,0.05828800021845382,observability_fixed_R16_k16,good,23.288609998417087,0,False,False,0.0,"[0, 49, 50, 52, 53, 54, 55, 56, 57, 58, 59, 60, 61, 62, 63, 64]",3,pg19,5,0d163d4c-bbdd-45a5-a969-da6200b88b74,21761,783,False,16,16,38,"[0, 49, 50, 52, 53, 54, 55, 56, 57, 58, 59, 60, 61, 62, 63, 64]",0.12888460611900746,20,[],212.94986800057814,170.1069099999586,535
0.0625,-0.75,"[0, 3]",2,,1781073757411.7383,0.0,1781073757264.5867,0,0,147.1506119996775,11618,10461.86669921875,0.728422224521637,32,0.8114660382270813,0.665978193283081,4,6,32,1781073757420.382,1781073757250.498,4157,129,early,1.0,32.68670399847906,0.061609000113094226,observability_fixed_R16_k16,good,22.73153400165029,0,False,False,0.0,"[0, 49, 50, 52, 53, 54, 55, 56, 57, 58, 59, 60, 61, 62, 63, 64]",3,pg19,2,0d163d4c-bbdd-45a5-a969-da6200b88b74,21793,768,False,16,16,39,"[0, 49, 50, 52, 53, 54, 55, 56, 57, 58, 59, 60, 61, 62, 63, 64]",0.13014192927592014,23,[],211.11890300016967,169.88214600132778,541
0.1875,3.0,"[0, 8, 15, 24, 28, 31]",6,,1781073757819.2393,0.0,1781073757674.5354,0,0,144.70319399879372,1260,10460.91162109375,2.174358606338501,32,0.4570510983467102,0.3015472888946533,6,6,32,1781073757828.0195,1781073757660.528,4160,132,early,1.0,32.07572099927347,0.07132400060072541,observability_fixed_R16_k16,good,22.78629000102228,0,False,False,0.0,"[0, 49, 50, 52, 53, 54, 55, 56, 57, 58, 59, 60, 61, 62, 63, 64]",3,pg19,6,0d163d4c-bbdd-45a5-a969-da6200b88b74,21820,794,False,16,16,40,"[0, 49, 50, 52, 53, 54, 55, 56, 57, 58, 59, 60, 61, 62, 63, 64]",0.13076923076923078,30,[],207.10482399954344,167.489483999816,544
0.03125,-2.75,[0],1,,1781073758244.833,0.0,1781073758096.6077,0,0,148.22484299838834,1865,10462.4462890625,2.981207847595215,32,0.262457937002182,0.019724041223526,4,6,32,1781073758253.6218,1781073758082.5059,4167,139,early,0.9411764705882353,32.610103000479285,4.223355999783962,observability_fixed_R16_k16,good,22.88828500059026,0,False,False,0.0,"[0, 49, 50, 52, 53, 54, 55, 56, 57, 58, 59, 60, 61, 62, 63, 64, 65]",3,pg19,1,0d163d4c-bbdd-45a5-a969-da6200b88b74,21839,765,False,16,16,41,"[0, 49, 50, 52, 53, 54, 55, 56, 57, 58, 59, 60, 61, 62, 63, 64]",0.13990880729541635,32,[],216.77881799951138,171.1131279989786,583
0.125,0.5,"[1, 6, 19, 28]",4,,1781073758654.052,0.0,1781073758508.0989,0,0,145.95242600080383,566,10460.33203125,2.1829776763916016,32,0.2725841999053955,0.020485013723373413,4,6,32,1781073758662.8887,1781073758494.0747,4169,141,early,0.9411764705882353,32.32308399856265,0.061395001466735266,observability_fixed_R16_k16,good,22.85989699885249,0,False,False,0.0,"[0, 49, 50, 52, 53, 54, 55, 56, 57, 58, 59, 60, 61, 62, 63, 64, 65]",3,pg19,4,0d163d4c-bbdd-45a5-a969-da6200b88b74,21847,778,False,16,16,42,"[0, 49, 50, 52, 53, 54, 55, 56, 57, 58, 59, 60, 61, 62, 63, 64]",0.1403214200047973,37,[],207.18909300012456,168.81232299965632,585
0.03125,-2.25,[0],1,,1781073759063.24,0.0,1781073758916.9043,0,0,146.33483699981298,1795,10461.287109375,1.5019512176513672,32,0.5367128252983093,0.32322320342063904,5,6,32,1781073759072.025,1781073758902.682,4174,146,early,0.9411764705882353,31.364424001367297,0.06595400009246077,observability_fixed_R16_k16,good,23.00661000117543,0,False,False,0.0,"[0, 49, 50, 52, 53, 54, 55, 56, 57, 58, 59, 60, 61, 62, 63, 64, 65]",3,pg19,1,0d163d4c-bbdd-45a5-a969-da6200b88b74,21871,763,False,16,16,43,"[0, 49, 50, 52, 53, 54, 55, 56, 57, 58, 59, 60, 61, 62, 63, 64]",0.1413512218495448,39,[],207.51580000069225,169.3414470009884,590
0.03125,-2.0,[1],1,,1781073759466.3286,0.0,1781073759323.0972,0,0,143.23082299961243,1841,10459.54833984375,0.4687391221523285,32,0.915024995803833,0.8816952109336853,6,6,32,1781073759475.1274,1781073759309.3176,4176,148,early,0.9411764705882353,32.20086600049399,0.06833099905634299,observability_fixed_R16_k16,good,22.57688700046856,0,False,False,0.0,"[0, 49, 50, 52, 53, 54, 55, 56, 57, 58, 59, 60, 61, 62, 63, 64, 65]",3,pg19,1,0d163d4c-bbdd-45a5-a969-da6200b88b74,21871,766,False,16,16,44,"[0, 49, 50, 52, 53, 54, 55, 56, 57, 58, 59, 60, 61, 62, 63, 64]",0.1417624521072797,41,[],204.07894300115004,165.807710000081,592
0.0,-1.75,[],0,,1781073759882.3484,0.0,1781073759732.8132,0,0,149.53446199979226,304,10460.33203125,1.1765789985656738,32,0.649699330329895,0.42865025997161865,6,6,32,1781073759890.9746,1781073759718.7083,4178,150,early,0.9411764705882353,32.259113000691286,0.06752100125595462,observability_fixed_R16_k16,good,22.730228000000352,0,False,False,0.0,"[0, 49, 50, 52, 53, 54, 55, 56, 57, 58, 59, 60, 61, 62, 63, 64, 65]",3,pg19,0,0d163d4c-bbdd-45a5-a969-da6200b88b74,21889,761,False,16,16,45,"[0, 49, 50, 52, 53, 54, 55, 56, 57, 58, 59, 60, 61, 62, 63, 64]",0.1421732886548588,42,[],210.42333799960034,172.2646899997926,594
0.09375,1.5,"[0, 1, 6]",3,,1781073760326.066,0.0,1781073760166.4382,0,0,159.62664200014842,11,10458.96875,0.02640329860150814,32,0.9967989921569824,0.9954764586873353,6,6,32,1781073760334.8745,1781073760151.92,4179,151,early,0.9411764705882353,31.13867999854847,0.0703269997757161,observability_fixed_R16_k16,good,23.325767000642372,0,False,False,0.0,"[0, 49, 50, 52, 53, 54, 55, 56, 57, 58, 59, 60, 61, 62, 63, 64, 65]",3,pg19,3,0d163d4c-bbdd-45a5-a969-da6200b88b74,21882,769,False,16,16,46,"[0, 49, 50, 52, 53, 54, 55, 56, 57, 58, 59, 60, 61, 62, 63, 64]",0.1423785594639866,46,[],228.8074609987234,182.9524090007908,595
0.15625,3.75,"[1, 12, 19, 27, 30]",5,,1781073760746.4512,0.0,1781073760599.7651,0,0,146.6855470007431,311,10460.70751953125,3.1142683029174805,32,0.18906854093074799,0.024802953004837036,6,6,32,1781073760755.2236,1781073760585.6877,4183,155,early,0.9411764705882353,32.99930600041989,0.06827000106568448,observability_fixed_R16_k16,good,22.84881299783592,0,False,False,0.0,"[0, 49, 50, 52, 53, 54, 55, 56, 57, 58, 59, 60, 61, 62, 63, 64, 65]",3,pg19,5,0d163d4c-bbdd-45a5-a969-da6200b88b74,21918,785,False,16,16,47,"[0, 49, 50, 52, 53, 54, 55, 56, 57, 58, 59, 60, 61, 62, 63, 64]",0.1431986612479082,52,[],216.88064400041185,169.53435999857902,599
0.1875,3.75,"[0, 5, 10, 15, 19, 24]",6,0.9406046271324158,1781073761296.313,133.85826599915163,1781073761016.065,16,996,280.24881899909815,522,10461.86669921875,1.147674798965454,32,0.7603849768638611,0.6343007981777191,6,6,32,1781073761305.6536,1781073761001.8252,4189,161,early,0.375,32.22921800079348,0.06499899973277934,observability_fixed_R16_k16,good,23.577315001602983,0,False,False,0.0,"[0, 49, 50, 52, 53, 54, 55, 56, 57, 58, 59, 60, 61, 62, 63, 64, 65]",3,pg19,6,0d163d4c-bbdd-45a5-a969-da6200b88b74,21940,955,True,16,16,48,"[0, 1, 2, 3, 5, 6, 9, 25, 55, 57, 58, 61, 62, 63, 64, 65]",0.1444258772976844,59,"[0, 4195, 4194, 64, 22, 69, 19, 18, 20, 3674, 63, 24, 48, 23, 427, 5]",213.45530100006727,303.82613400070113,605
0.0625,-1.5,"[0, 2]",2,,1781073761653.7537,0.0,1781073761574.0508,0,0,79.7029309997015,32313,10462.4462890625,6.799581024097279e-05,32,0.9999957084655762,0.9999937137404231,6,6,32,1781073761662.4944,1781073761559.8167,4196,168,early,1.0,36.94608600017091,4.108330000235583,observability_fixed_R16_k16,good,22.973522001848323,0,False,False,0.0,"[0, 1, 2, 3, 5, 6, 9, 25, 55, 57, 58, 61, 62, 63, 64, 65]",3,pg19,2,0d163d4c-bbdd-45a5-a969-da6200b88b74,21971,766,False,16,16,49,"[0, 1, 2, 3, 5, 6, 9, 25, 55, 57, 58, 61, 62, 63, 64, 65]",0.1306005719733079,3,[],211.78039999904286,102.67645300154982,548
0.1875,2.0,"[0, 2, 7, 14, 21, 29]",6,,1781073762077.9397,0.0,1781073761920.288,0,0,157.65058299984958,1196,10460.33203125,0.00030966129270382226,32,0.9999802112579346,0.9999748731793261,6,6,32,1781073762086.7866,1781073761905.92,4199,171,middle,1.0,31.499112001256435,0.0652069993520854,observability_fixed_R16_k16,good,23.212959000375122,0,False,False,0.0,"[0, 1, 2, 3, 5, 6, 9, 25, 55, 57, 58, 61, 62, 63, 64, 65]",3,pg19,6,0d163d4c-bbdd-45a5-a969-da6200b88b74,21983,790,False,16,16,50,"[0, 1, 2, 3, 5, 6, 9, 25, 55, 57, 58, 61, 62, 63, 64, 65]",0.13122171945701358,10,[],210.98836000055599,180.8635420002247,551
0.1875,1.25,"[0, 3, 6, 9, 16, 28]",6,,1781073762503.332,0.0,1781073762352.0293,0,0,151.30201399915677,11,10462.4462890625,0.13950908184051514,32,0.9708394408226013,0.9432988446205854,6,6,32,1781073762512.3113,1781073762337.709,4206,178,middle,1.0,32.88141699886182,0.06797199966968037,observability_fixed_R16_k16,good,23.296230001506046,0,False,False,0.0,"[0, 1, 2, 3, 5, 6, 9, 25, 55, 57, 58, 61, 62, 63, 64, 65]",3,pg19,6,0d163d4c-bbdd-45a5-a969-da6200b88b74,22014,784,False,16,16,51,"[0, 1, 2, 3, 5, 6, 9, 25, 55, 57, 58, 61, 62, 63, 64, 65]",0.1326676176890157,17,[],216.79603699885774,174.59824400066282,558
0.1875,1.0,"[1, 6, 11, 17, 23, 29]",6,,1781073762923.4824,0.0,1781073762775.9421,0,0,147.53816400116193,6944,10462.4462890625,0.3547828793525696,32,0.9228327870368958,0.8809992633759975,6,6,32,1781073762932.3628,1781073762762.0305,4213,185,middle,1.0,35.04791699924681,0.07062099939503241,observability_fixed_R16_k16,good,22.791703999246238,0,False,False,0.0,"[0, 1, 2, 3, 5, 6, 9, 25, 55, 57, 58, 61, 62, 63, 64, 65]",3,pg19,6,0d163d4c-bbdd-45a5-a969-da6200b88b74,22038,794,False,16,16,52,"[0, 1, 2, 3, 5, 6, 9, 25, 55, 57, 58, 61, 62, 63, 64, 65]",0.13410871113220982,24,[],213.35623699997086,170.32986800040817,565
0.09375,-2.0,"[0, 1, 5]",3,,1781073763335.8643,0.0,1781073763189.6057,0,0,146.25747199897887,5166,10462.4462890625,0.00043205017573200166,32,0.9999638795852661,0.9999437342157762,6,6,32,1781073763344.609,1781073763175.4329,4220,192,middle,1.0,32.88966200125287,0.0732079988665646,observability_fixed_R16_k16,good,22.917170001164777,0,False,False,0.0,"[0, 1, 2, 3, 5, 6, 9, 25, 55, 57, 58, 61, 62, 63, 64, 65]",3,pg19,3,0d163d4c-bbdd-45a5-a969-da6200b88b74,22066,773,False,16,16,53,"[0, 1, 2, 3, 5, 6, 9, 25, 55, 57, 58, 61, 62, 63, 64, 65]",0.13554502369668248,28,[],209.24272299998847,169.17464200014365,572
0.1875,0.75,"[0, 2, 4, 7, 13, 20]",6,,1781073763739.5146,0.0,1781073763596.2039,0,0,143.31016600044677,5008,10460.70751953125,3.091727558057755e-05,32,0.9999980926513672,0.9999969381901792,6,6,32,1781073763748.294,1781073763582.2002,4224,196,middle,1.0,31.82595299949753,0.0857679988257587,observability_fixed_R16_k16,good,22.78102200034482,0,False,False,0.0,"[0, 1, 2, 3, 5, 6, 9, 25, 55, 57, 58, 61, 62, 63, 64, 65]",3,pg19,6,0d163d4c-bbdd-45a5-a969-da6200b88b74,22089,789,False,16,16,54,"[0, 1, 2, 3, 5, 6, 9, 25, 55, 57, 58, 61, 62, 63, 64, 65]",0.13636363636363635,35,[],204.79777800028387,166.0911880007916,576
0.1875,0.75,"[0, 3, 7, 14, 21, 27]",6,,1781073764157.657,0.0,1781073764011.1194,0,0,146.53681400159257,9756,10462.4462890625,0.41307955980300903,32,0.8852567672729492,0.7874735742807388,6,6,32,1781073764166.4253,1781073763997.066,4231,203,middle,0.9411764705882353,32.44600600010017,4.320572999858996,observability_fixed_R16_k16,good,22.81979899817088,0,False,False,0.0,"[0, 1, 2, 3, 5, 6, 9, 25, 55, 57, 58, 61, 62, 63, 64, 65, 66]",3,pg19,6,0d163d4c-bbdd-45a5-a969-da6200b88b74,22120,791,False,16,16,55,"[0, 1, 2, 3, 5, 6, 9, 25, 55, 57, 58, 61, 62, 63, 64, 65]",0.1453557078704798,42,[],211.0343210006249,169.35661299976346,615
0.1875,0.75,"[0, 1, 2, 9, 16, 24]",6,,1781073764573.5515,0.0,1781073764425.8533,0,0,147.69777500077907,15,10462.4462890625,0.00022406334755942225,32,0.9999829530715942,0.9999738726683063,6,6,32,1781073764582.1692,1781073764411.6562,4238,210,middle,0.9411764705882353,32.56266099924687,0.08062399865593761,observability_fixed_R16_k16,good,22.81360499910079,0,False,False,0.0,"[0, 1, 2, 3, 5, 6, 9, 25, 55, 57, 58, 61, 62, 63, 64, 65, 66]",3,pg19,6,0d163d4c-bbdd-45a5-a969-da6200b88b74,22154,786,False,16,16,56,"[0, 1, 2, 3, 5, 6, 9, 25, 55, 57, 58, 61, 62, 63, 64, 65]",0.1467673430863615,49,[],211.61940999991202,170.51137999987986,622
0.1875,0.75,"[0, 1, 2, 6, 11, 21]",6,,1781073764994.4841,0.0,1781073764845.921,0,0,148.56203800081857,1265,10462.4462890625,9.208883655631439e-11,32,1.0,0.999999999998466,6,6,32,1781073765003.3481,1781073764831.689,4245,217,middle,0.9411764705882353,32.59657899980084,0.07735299914202187,observability_fixed_R16_k16,good,23.093328998584184,0,False,False,0.0,"[0, 1, 2, 3, 5, 6, 9, 25, 55, 57, 58, 61, 62, 63, 64, 65, 66]",3,pg19,6,0d163d4c-bbdd-45a5-a969-da6200b88b74,22179,789,False,16,16,57,"[0, 1, 2, 3, 5, 6, 9, 25, 55, 57, 58, 61, 62, 63, 64, 65]",0.14817432273262662,56,[],215.94959300091432,171.65536699940276,629
0.1875,0.0,"[0, 2, 4, 7, 13, 23]",6,,1781073765415.2937,0.0,1781073765268.0564,0,0,147.2366680009145,6243,10462.4462890625,0.5975085496902466,32,0.7774438261985779,0.5681976526975632,6,6,32,1781073765423.955,1781073765254.0742,4252,224,middle,0.9411764705882353,33.782538999730605,0.08561700087739155,observability_fixed_R16_k16,good,22.642360998361255,0,False,False,0.0,"[0, 1, 2, 3, 5, 6, 9, 25, 55, 57, 58, 61, 62, 63, 64, 65, 66]",3,pg19,6,0d163d4c-bbdd-45a5-a969-da6200b88b74,22206,787,False,16,16,58,"[0, 1, 2, 3, 5, 6, 9, 25, 55, 57, 58, 61, 62, 63, 64, 65]",0.1495766698024459,63,[],215.6884590003756,169.87902899927576,636
0.1875,0.0,"[0, 2, 4, 11, 17, 23]",6,,1781073765834.3813,0.0,1781073765688.9646,0,0,145.41645299868833,11,10462.4462890625,0.1772874891757965,32,0.9584822654724121,0.9176651649177074,6,6,32,1781073765843.2295,1781073765674.8506,4259,231,middle,0.9411764705882353,36.272130000725156,4.239308000251185,observability_fixed_R16_k16,good,22.960507001698716,0,False,False,0.0,"[0, 1, 2, 3, 5, 6, 9, 25, 55, 57, 58, 61, 62, 63, 64, 65, 66]",3,pg19,6,0d163d4c-bbdd-45a5-a969-da6200b88b74,22241,788,False,16,16,59,"[0, 1, 2, 3, 5, 6, 9, 25, 55, 57, 58, 61, 62, 63, 64, 65]",0.15097440713782578,70,[],209.54091400017205,168.37696000038704,643
0.1875,0.0,"[0, 1, 2, 8, 16, 24]",6,,1781073766251.5513,0.0,1781073766104.1616,0,0,147.38883799873292,8471,10462.4462890625,0.03048613853752613,32,0.9952197670936584,0.9904646864160895,6,6,32,1781073766260.2256,1781073766089.9646,4266,238,middle,0.9411764705882353,32.65897700111964,0.08196000089810695,observability_fixed_R16_k16,good,22.869903999890084,0,False,False,0.0,"[0, 1, 2, 3, 5, 6, 9, 25, 55, 57, 58, 61, 62, 63, 64, 65, 66]",3,pg19,6,0d163d4c-bbdd-45a5-a969-da6200b88b74,22269,790,False,16,16,60,"[0, 1, 2, 3, 5, 6, 9, 25, 55, 57, 58, 61, 62, 63, 64, 65]",0.15236755743084857,77,[],213.00548299950606,170.258741998623,650
0.0,-6.0,[],0,,1781073766667.583,0.0,1781073766521.773,0,0,145.80954200027918,304,10462.4462890625,0.004549392964690924,32,0.9994968175888062,0.9990729664859828,6,6,32,1781073766676.4622,1781073766507.4407,4273,245,middle,0.9411764705882353,33.59448499941209,0.08860700108925812,observability_fixed_R16_k16,good,23.210014998767292,0,False,False,0.0,"[0, 1, 2, 3, 5, 6, 9, 25, 55, 57, 58, 61, 62, 63, 64, 65, 66]",3,pg19,0,0d163d4c-bbdd-45a5-a969-da6200b88b74,22305,760,False,16,16,61,"[0, 1, 2, 3, 5, 6, 9, 25, 55, 57, 58, 61, 62, 63, 64, 65]",0.15375614322490053,78,[],212.54816600048798,169.01955699904647,657
0.03125,-3.5,[3],1,,1781073767080.937,0.0,1781073766934.0925,0,0,146.84221999959846,20465,10458.96875,1.2116329669952393,32,0.5388528108596802,0.32451197504997253,6,6,32,1781073767089.8594,1781073766919.6497,4274,246,middle,0.9411764705882353,31.20192400092492,0.08262700066552497,observability_fixed_R16_k16,good,23.365426999589545,0,False,False,0.0,"[0, 1, 2, 3, 5, 6, 9, 25, 55, 57, 58, 61, 62, 63, 64, 65, 66]",3,pg19,1,0d163d4c-bbdd-45a5-a969-da6200b88b74,22314,766,False,16,16,62,"[0, 1, 2, 3, 5, 6, 9, 25, 55, 57, 58, 61, 62, 63, 64, 65]",0.1539541413196069,80,[],210.9752140004275,170.207646999188,658
0.1875,2.75,"[0, 1, 3, 8, 13, 23]",6,,1781073767525.8125,0.0,1781073767373.0566,0,0,152.75531800034514,264,10459.54833984375,1.9830117707897443e-06,32,0.9999998807907104,0.9999998406650619,6,6,32,1781073767534.5432,1781073767358.624,4276,248,middle,0.9411764705882353,44.82247299893061,0.13664099969901145,observability_fixed_R16_k16,good,23.158972000601352,0,False,False,0.0,"[0, 1, 2, 3, 5, 6, 9, 25, 55, 57, 58, 61, 62, 63, 64, 65, 66]",3,pg19,6,0d163d4c-bbdd-45a5-a969-da6200b88b74,22319,788,False,16,16,63,"[0, 1, 2, 3, 5, 6, 9, 25, 55, 57, 58, 61, 62, 63, 64, 65]",0.15434985968194576,87,[],222.78461300084018,175.9142900009465,660
0.0,-3.25,[],0,0.930560827255249,1781073768019.3796,73.03159099865297,1781073767795.661,16,1020,223.71881499930169,62590,10462.4462890625,0.09249097108840942,32,0.9856367111206055,0.9746872754767537,6,6,32,1781073768028.2576,1781073767781.1492,4283,255,middle,0.5,32.60974600016198,0.07907600047474261,observability_fixed_R16_k16,good,23.386464001305285,0,False,False,0.0,"[0, 1, 2, 3, 5, 6, 9, 25, 55, 57, 58, 61, 62, 63, 64, 65, 66]",3,pg19,0,0d163d4c-bbdd-45a5-a969-da6200b88b74,22353,950,True,16,16,64,"[0, 1, 2, 4, 5, 6, 7, 8, 13, 14, 57, 62, 63, 64, 65, 66]",0.15573196357693206,88,"[0, 4282, 4283, 4280, 4281, 4278, 4277, 4273, 4276, 4198, 4271, 4272, 4274, 4279, 4258, 3674]",212.67070099929697,247.10527900060697,667
0.125,2.25,"[1, 10, 16, 22]",4,,1781073768365.8699,0.0,1781073768296.0488,0,0,69.81994999841845,949,10458.96875,2.362633228302002,32,0.25678375363349915,0.05990080535411835,6,6,32,1781073768375.2837,1781073768281.723,4284,256,middle,1.0,31.42108399879362,4.2455840011825785,observability_fixed_R16_k16,good,23.73814900238358,0,False,False,0.0,"[0, 1, 2, 4, 5, 6, 7, 8, 13, 14, 57, 62, 63, 64, 65, 66]",3,pg19,4,0d163d4c-bbdd-45a5-a969-da6200b88b74,22356,778,False,16,16,65,"[0, 1, 2, 4, 5, 6, 7, 8, 13, 14, 57, 62, 63, 64, 65, 66]",0.12605042016806722,5,[],216.50556699933077,93.55809900080203,540
0.0625,-0.75,"[0, 2]",2,,1781073768815.9023,0.0,1781073768654.3135,0,0,161.587253000107,6879,10461.287109375,3.3902233553817496e-05,32,0.9999980926513672,0.9999973236144797,6,6,32,1781073768824.583,1781073768639.5122,4289,261,middle,0.9411764705882353,35.82458299933933,4.513194000537624,observability_fixed_R16_k16,good,23.480788000597386,0,False,False,0.0,"[0, 1, 2, 4, 5, 6, 7, 8, 13, 14, 57, 62, 63, 64, 65, 66, 67]",3,pg19,2,0d163d4c-bbdd-45a5-a969-da6200b88b74,22381,764,False,16,16,66,"[0, 1, 2, 4, 5, 6, 7, 8, 13, 14, 57, 62, 63, 64, 65, 66]",0.13453019351830264,8,[],222.70972600017558,185.0680410007044,577
0.125,1.0,"[0, 1, 4, 11]",4,,1781073769250.6262,0.0,1781073769100.5393,0,0,150.08590499928687,20045,10460.1279296875,0.00372113473713398,32,0.9996216297149658,0.9993163030885626,6,6,32,1781073769259.586,1781073769086.0115,4292,264,middle,0.9411764705882353,33.504405999337905,0.07332299901463557,observability_fixed_R16_k16,good,23.486471001888276,0,False,False,0.0,"[0, 1, 2, 4, 5, 6, 7, 8, 13, 14, 57, 62, 63, 64, 65, 66, 67]",3,pg19,4,0d163d4c-bbdd-45a5-a969-da6200b88b74,22387,782,False,16,16,67,"[0, 1, 2, 4, 5, 6, 7, 8, 13, 14, 57, 62, 63, 64, 65, 66]",0.13513513513513514,13,[],226.71931300101278,173.57237600117514,580
0.09375,0.5,"[0, 3, 9]",3,,1781073769698.0708,0.0,1781073769532.1077,0,0,165.9627669996553,3118,10461.287109375,0.8162675499916077,32,0.5377039313316345,0.10564666986465454,6,6,32,1781073769706.8193,1781073769517.0422,4297,269,middle,0.9411764705882353,34.303983999052434,0.07421600093948655,observability_fixed_R16_k16,good,23.812398001609836,0,False,False,0.0,"[0, 1, 2, 4, 5, 6, 7, 8, 13, 14, 57, 62, 63, 64, 65, 66, 67]",3,pg19,3,0d163d4c-bbdd-45a5-a969-da6200b88b74,22405,771,False,16,16,68,"[0, 1, 2, 4, 5, 6, 7, 8, 13, 14, 57, 62, 63, 64, 65, 66]",0.13614149406562717,17,[],222.09522299999662,189.77516500126512,585
0.125,0.75,"[0, 1, 5, 19]",4,,1781073770150.2942,0.0,1781073769996.82,0,0,153.4732210002403,264,10460.70751953125,9.942235192283988e-05,32,0.999992847442627,0.9999873398460295,6,6,32,1781073770159.224,1781073769982.5435,4301,273,middle,0.9411764705882353,36.90515400012373,0.1037519996316405,observability_fixed_R16_k16,good,23.20522899935895,0,False,False,0.0,"[0, 1, 2, 4, 5, 6, 7, 8, 13, 14, 57, 62, 63, 64, 65, 66, 67]",3,pg19,4,0d163d4c-bbdd-45a5-a969-da6200b88b74,22417,773,False,16,16,69,"[0, 1, 2, 4, 5, 6, 7, 8, 13, 14, 57, 62, 63, 64, 65, 66]",0.13694489653568936,22,[],237.7776690009341,176.67844999959925,589
0.03125,-2.25,[0],1,,1781073770566.1257,0.0,1781073770417.3533,0,0,148.77157599948987,41980,10461.287109375,0.8104952573776245,32,0.8338966369628906,0.7725380919873714,6,6,32,1781073770574.8086,1781073770403.0654,4306,278,middle,0.9411764705882353,33.152117999634356,0.07051499960653018,observability_fixed_R16_k16,good,22.970412001086515,0,False,False,0.0,"[0, 1, 2, 4, 5, 6, 7, 8, 13, 14, 57, 62, 63, 64, 65, 66, 67]",3,pg19,1,0d163d4c-bbdd-45a5-a969-da6200b88b74,22442,768,False,16,16,70,"[0, 1, 2, 4, 5, 6, 7, 8, 13, 14, 57, 62, 63, 64, 65, 66]",0.13794705062703205,24,[],209.71359200120787,171.74198800057638,594
0.1875,3.0,"[0, 2, 5, 7, 11, 21]",6,,1781073770992.7898,0.0,1781073770843.1538,0,0,149.63539699965622,5301,10459.54833984375,0.19065101444721222,32,0.955778956413269,0.9131236523389816,6,6,32,1781073771001.7043,1781073770828.864,4308,280,middle,0.9411764705882353,32.97420299895748,0.07138600085454527,observability_fixed_R16_k16,good,23.199891000331263,0,False,False,0.0,"[0, 1, 2, 4, 5, 6, 7, 8, 13, 14, 57, 62, 63, 64, 65, 66, 67]",3,pg19,6,0d163d4c-bbdd-45a5-a969-da6200b88b74,22449,789,False,16,16,71,"[0, 1, 2, 4, 5, 6, 7, 8, 13, 14, 57, 62, 63, 64, 65, 66]",0.13834726090993502,31,[],220.0814990010258,172.8352879999875,596
0.03125,-2.5,[1],1,,1781073771409.2004,0.0,1781073771264.3499,0,0,144.85121200050344,1513,10462.4462890625,1.8357959985733032,32,0.5071820020675659,0.35250023007392883,6,6,32,1781073771417.8928,1781073771248.4792,4315,287,middle,0.9411764705882353,32.59326400075224,0.07162700057961047,observability_fixed_R16_k16,good,24.55811999971047,0,False,False,0.0,"[0, 1, 2, 4, 5, 6, 7, 8, 13, 14, 57, 62, 63, 64, 65, 66, 67]",3,pg19,1,0d163d4c-bbdd-45a5-a969-da6200b88b74,22494,766,False,16,16,72,"[0, 1, 2, 4, 5, 6, 7, 8, 13, 14, 57, 62, 63, 64, 65, 66]",0.13974507531865585,33,[],213.0694700008462,169.4093320002139,603
0.03125,-2.0,[0],1,,1781073771822.0632,0.0,1781073771675.7236,0,0,146.33891799894627,1824,10460.33203125,0.002022374654188752,32,0.999788224697113,0.9995783420017688,6,6,32,1781073771830.7954,1781073771661.7808,4317,289,middle,0.9411764705882353,32.413945000371314,0.07362699943769258,observability_fixed_R16_k16,good,22.673259001749102,0,False,False,0.0,"[0, 1, 2, 4, 5, 6, 7, 8, 13, 14, 57, 62, 63, 64, 65, 66, 67]",3,pg19,1,0d163d4c-bbdd-45a5-a969-da6200b88b74,22484,766,False,16,16,73,"[0, 1, 2, 4, 5, 6, 7, 8, 13, 14, 57, 62, 63, 64, 65, 66]",0.14014361825341673,35,[],210.40559799985203,169.01217700069537,605
0.1875,3.75,"[0, 3, 7, 12, 18, 27]",6,,1781073772242.879,0.0,1781073772096.1282,0,0,146.75024600001052,13,10459.54833984375,0.5836604833602905,32,0.8143035173416138,0.6705704033374786,6,6,32,1781073772251.5989,1781073772082.1562,4319,291,middle,0.9411764705882353,32.89864900034445,0.07399999958579428,observability_fixed_R16_k16,good,22.687677999783773,0,False,False,0.0,"[0, 1, 2, 4, 5, 6, 7, 8, 13, 14, 57, 62, 63, 64, 65, 66, 67]",3,pg19,6,0d163d4c-bbdd-45a5-a969-da6200b88b74,22506,787,False,16,16,74,"[0, 1, 2, 4, 5, 6, 7, 8, 13, 14, 57, 62, 63, 64, 65, 66]",0.14054179208150036,42,[],217.18269899974985,169.4379239997943,607
0.03125,-2.5,[0],1,,1781073772666.4785,0.0,1781073772516.35,0,0,150.12735500022245,1376,10462.4462890625,1.4331947565078735,32,0.42327842116355896,0.12778246402740479,6,6,32,1781073772675.373,1781073772502.4246,4326,298,middle,0.9411764705882353,36.77922700080671,4.216445000565727,observability_fixed_R16_k16,good,22.819543000878184,0,False,False,0.0,"[0, 1, 2, 4, 5, 6, 7, 8, 13, 14, 57, 62, 63, 64, 65, 66, 67]",3,pg19,1,0d163d4c-bbdd-45a5-a969-da6200b88b74,22546,763,False,16,16,75,"[0, 1, 2, 4, 5, 6, 7, 8, 13, 14, 57, 62, 63, 64, 65, 66]",0.14193250115580214,44,[],208.8106510000216,172.94689800110064,614
0.0,-2.25,[],0,,1781073773075.8003,0.0,1781073772931.6062,0,0,144.1930199998751,3501,10460.33203125,1.7998512983322144,32,0.4870292842388153,0.31871645152568817,6,6,32,1781073773084.6472,1781073772917.3162,4328,300,middle,0.9411764705882353,32.23874700051965,0.08192300083464943,observability_fixed_R16_k16,good,23.136567999245017,0,False,False,0.0,"[0, 1, 2, 4, 5, 6, 7, 8, 13, 14, 57, 62, 63, 64, 65, 66, 67]",3,pg19,0,0d163d4c-bbdd-45a5-a969-da6200b88b74,22546,761,False,16,16,76,"[0, 1, 2, 4, 5, 6, 7, 8, 13, 14, 57, 62, 63, 64, 65, 66]",0.1423290203327172,45,[],208.6826340000698,167.32958799912012,616
0.0625,0.0,"[0, 5]",2,,1781073773486.5554,0.0,1781073773340.951,0,0,145.60372900086804,5480,10458.96875,0.5087937712669373,32,0.8839074373245239,0.8198773935437202,6,6,32,1781073773495.3054,1781073773326.7144,4329,301,middle,0.9411764705882353,31.0177469982591,0.07332399945880752,observability_fixed_R16_k16,good,22.985200997936772,0,False,False,0.0,"[0, 1, 2, 4, 5, 6, 7, 8, 13, 14, 57, 62, 63, 64, 65, 66, 67]",3,pg19,2,0d163d4c-bbdd-45a5-a969-da6200b88b74,22554,769,False,16,16,77,"[0, 1, 2, 4, 5, 6, 7, 8, 13, 14, 57, 62, 63, 64, 65, 66]",0.14252714252714252,48,[],210.08937799888372,168.58892999880482,617
0.1875,3.75,"[0, 3, 8, 15, 21, 27]",6,,1781073773898.954,0.0,1781073773753.281,0,0,145.6723850005801,36901,10460.1279296875,0.374445378780365,32,0.8930749297142029,0.7944281622767448,6,6,32,1781073773907.5315,1781073773739.2573,4332,304,middle,0.9411764705882353,32.677455001248745,0.0756009994802298,observability_fixed_R16_k16,good,22.600320000492502,0,False,False,0.0,"[0, 1, 2, 4, 5, 6, 7, 8, 13, 14, 57, 62, 63, 64, 65, 66, 67]",3,pg19,6,0d163d4c-bbdd-45a5-a969-da6200b88b74,22560,788,False,16,16,78,"[0, 1, 2, 4, 5, 6, 7, 8, 13, 14, 57, 62, 63, 64, 65, 66]",0.14312096029547552,55,[],210.30089300074906,168.2727050010726,620
0.15625,2.75,"[0, 3, 10, 15, 19]",5,,1781073774317.9495,0.0,1781073774169.6257,0,0,148.32280600057857,806,10462.4462890625,0.8732288479804993,32,0.5932111740112305,0.2498868703842163,6,6,32,1781073774326.837,1781073774155.7612,4339,311,middle,0.9411764705882353,32.811555998705444,0.07629300125699956,observability_fixed_R16_k16,good,22.751102998881834,0,False,False,0.0,"[0, 1, 2, 4, 5, 6, 7, 8, 13, 14, 57, 62, 63, 64, 65, 66, 67]",3,pg19,5,0d163d4c-bbdd-45a5-a969-da6200b88b74,22594,786,False,16,16,79,"[0, 1, 2, 4, 5, 6, 7, 8, 13, 14, 57, 62, 63, 64, 65, 66]",0.14450334178382115,61,[],214.46932400067453,171.0739089994604,627
0.0,-3.25,[],0,0.9463096261024475,1781073774815.178,74.11642300030508,1781073774592.1245,16,1018,223.05369899913785,11618,10461.86669921875,0.3790760040283203,32,0.9441068172454834,0.9320351127535105,6,6,32,1781073774823.8745,1781073774577.822,4345,317,middle,0.375,33.483728000646806,0.07541400009358767,observability_fixed_R16_k16,good,22.996591002083733,0,False,False,0.0,"[0, 1, 2, 4, 5, 6, 7, 8, 13, 14, 57, 62, 63, 64, 65, 66, 67]",3,pg19,0,0d163d4c-bbdd-45a5-a969-da6200b88b74,22625,964,True,16,16,80,"[0, 5, 50, 55, 56, 57, 58, 59, 60, 61, 62, 63, 64, 65, 66, 67]",0.14568469505178366,62,"[0, 4345, 4344, 4343, 4269, 4342, 4341, 4325, 4335, 4299, 4337, 4198, 4328, 4336, 4338, 4339]",216.4986610005144,246.05029000122158,633
0.0,-3.25,[],0,,1781073775175.4478,0.0,1781073775095.7944,0,0,79.65269099986472,382,10458.96875,0.9714260697364807,32,0.7863949537277222,0.7097384706139565,6,6,32,1781073775184.402,1781073775081.3813,4346,318,middle,1.0,31.108084998777485,4.176554000878241,observability_fixed_R16_k16,good,23.363292999420082,0,False,False,0.0,"[0, 5, 50, 55, 56, 57, 58, 59, 60, 61, 62, 63, 64, 65, 66, 67]",3,pg19,0,0d163d4c-bbdd-45a5-a969-da6200b88b74,22628,759,False,16,16,81,"[0, 5, 50, 55, 56, 57, 58, 59, 60, 61, 62, 63, 64, 65, 66, 67]",0.1237919926369075,1,[],221.13402799914184,103.0159839992848,538
0.0,-2.75,[],0,,1781073775592.1428,0.0,1781073775439.3318,0,0,152.80973600056313,40,10458.96875,2.1805121898651123,32,0.6380089521408081,0.5664263367652893,5,6,32,1781073775600.8108,1781073775424.9233,4347,319,middle,1.0,30.135069000607473,0.060582999140024185,observability_fixed_R16_k16,good,23.075545999745373,0,False,False,0.0,"[0, 5, 50, 55, 56, 57, 58, 59, 60, 61, 62, 63, 64, 65, 66, 67]",3,pg19,0,0d163d4c-bbdd-45a5-a969-da6200b88b74,22629,759,False,16,16,82,"[0, 5, 50, 55, 56, 57, 58, 59, 60, 61, 62, 63, 64, 65, 66, 67]",0.12399355877616747,2,[],209.1421259992785,175.8852820003085,539
0.0625,0.75,"[7, 22]",2,,1781073776004.4116,0.0,1781073775855.9006,0,0,148.5102820006432,1281,10458.96875,3.7682108879089355,32,0.21495366096496582,0.08043909072875977,3,6,32,1781073776013.6553,1781073775841.6375,4348,320,middle,1.0,30.528887000400573,0.06383999971149024,observability_fixed_R16_k16,good,23.50496100007149,0,False,False,0.0,"[0, 5, 50, 55, 56, 57, 58, 59, 60, 61, 62, 63, 64, 65, 66, 67]",3,pg19,2,0d163d4c-bbdd-45a5-a969-da6200b88b74,22640,769,False,16,16,83,"[0, 5, 50, 55, 56, 57, 58, 59, 60, 61, 62, 63, 64, 65, 66, 67]",0.12419503219871206,5,[],209.39184100097918,172.0152430007147,540
0.0625,1.5,"[0, 7]",2,,1781073776421.136,0.0,1781073776274.8547,0,0,146.28119300141407,6286,10460.1279296875,0.5593842267990112,32,0.8968788981437683,0.8684957455843687,6,6,32,1781073776430.3193,1781073776260.6028,4351,323,middle,1.0,32.65313700103434,0.06713999937346671,observability_fixed_R16_k16,good,23.432777999914833,0,False,False,0.0,"[0, 5, 50, 55, 56, 57, 58, 59, 60, 61, 62, 63, 64, 65, 66, 67]",3,pg19,2,0d163d4c-bbdd-45a5-a969-da6200b88b74,22651,769,False,16,16,84,"[0, 5, 50, 55, 56, 57, 58, 59, 60, 61, 62, 63, 64, 65, 66, 67]",0.12479889680533211,8,[],213.33753600083583,169.7139710013289,543
0.03125,0.0,[0],1,,1781073776852.0796,0.0,1781073776700.2166,0,0,151.86195600108476,65784,10460.1279296875,1.5568515062332153,32,0.5493574738502502,0.2816220223903656,6,6,32,1781073776861.0125,1781073776685.889,4354,326,middle,0.9411764705882353,36.91047400025127,4.142623998632189,observability_fixed_R16_k16,good,23.257920998730697,0,False,False,0.0,"[0, 5, 50, 55, 56, 57, 58, 59, 60, 61, 62, 63, 64, 65, 66, 67, 68]",3,pg19,1,0d163d4c-bbdd-45a5-a969-da6200b88b74,22656,767,False,16,16,85,"[0, 5, 50, 55, 56, 57, 58, 59, 60, 61, 62, 63, 64, 65, 66, 67]",0.13275149288011023,10,[],213.34819799994875,175.11987699981546,578
0.0,-1.25,[],0,,1781073777269.3823,0.0,1781073777122.9421,0,0,146.440120999614,504,10460.1279296875,2.5044896602630615,32,0.3338053524494171,0.18334747850894928,5,6,32,1781073777277.9106,1781073777108.666,4356,328,middle,0.9411764705882353,35.437163000096916,0.06980999933148269,observability_fixed_R16_k16,good,22.803134999776375,0,False,False,0.0,"[0, 5, 50, 55, 56, 57, 58, 59, 60, 61, 62, 63, 64, 65, 66, 67, 68]",3,pg19,0,0d163d4c-bbdd-45a5-a969-da6200b88b74,22667,755,False,16,16,86,"[0, 5, 50, 55, 56, 57, 58, 59, 60, 61, 62, 63, 64, 65, 66, 67]",0.13314967860422405,11,[],210.9778070007451,169.24325599939039,580
0.03125,-0.25,[0],1,,1781073777671.8223,0.0,1781073777528.652,0,0,143.1697530006204,362,10458.96875,0.4389185309410095,32,0.9496136903762817,0.9449324868619442,6,6,32,1781073777680.64,1781073777514.1887,4357,329,middle,0.9411764705882353,29.345528999328963,0.06452799971157219,observability_fixed_R16_k16,good,23.275754998394405,0,False,False,0.0,"[0, 5, 50, 55, 56, 57, 58, 59, 60, 61, 62, 63, 64, 65, 66, 67, 68]",3,pg19,1,0d163d4c-bbdd-45a5-a969-da6200b88b74,22676,760,False,16,16,87,"[0, 5, 50, 55, 56, 57, 58, 59, 60, 61, 62, 63, 64, 65, 66, 67]",0.13334863438145514,13,[],206.03208799911954,166.4455079990148,581
0.125,3.0,"[0, 4, 11, 20]",4,,1781073778078.475,0.0,1781073777934.3796,0,0,144.09481099937693,15057,10459.54833984375,1.4362822771072388,32,0.6461769342422485,0.5321199372410774,6,6,32,1781073778087.3032,1781073777920.2454,4359,331,middle,0.9411764705882353,32.32211500107951,0.06662600026174914,observability_fixed_R16_k16,good,22.961604001466185,0,False,False,0.0,"[0, 5, 50, 55, 56, 57, 58, 59, 60, 61, 62, 63, 64, 65, 66, 67, 68]",3,pg19,4,0d163d4c-bbdd-45a5-a969-da6200b88b74,22679,783,False,16,16,88,"[0, 5, 50, 55, 56, 57, 58, 59, 60, 61, 62, 63, 64, 65, 66, 67]",0.13374627208075246,18,[],206.31631200012635,167.05641500084312,583
0.03125,-0.5,[0],1,,1781073778492.305,0.0,1781073778346.7444,0,0,145.56100799927663,15118,10461.78076171875,0.21556566655635834,32,0.9699549674987793,0.9605932887643576,6,6,32,1781073778501.0676,1781073778332.5095,4364,336,middle,0.9411764705882353,31.377687999338377,0.06525299977511168,observability_fixed_R16_k16,good,22.992952001004596,0,False,False,0.0,"[0, 5, 50, 55, 56, 57, 58, 59, 60, 61, 62, 63, 64, 65, 66, 67, 68]",3,pg19,1,0d163d4c-bbdd-45a5-a969-da6200b88b74,22707,766,False,16,16,89,"[0, 5, 50, 55, 56, 57, 58, 59, 60, 61, 62, 63, 64, 65, 66, 67]",0.13473877176901924,20,[],212.91933999964385,168.55396000028122,588
0.03125,-0.5,[0],1,,1781073778912.3062,0.0,1781073778760.5608,0,0,151.7443539996748,425,10459.54833984375,1.9962459802627563,32,0.38505202531814575,0.21149547398090363,6,6,32,1781073778921.5464,1781073778746.3105,4366,338,middle,0.9411764705882353,31.701688001703587,0.06782799937354866,observability_fixed_R16_k16,good,23.48644400080957,0,False,False,0.0,"[0, 5, 50, 55, 56, 57, 58, 59, 60, 61, 62, 63, 64, 65, 66, 67, 68]",3,pg19,1,0d163d4c-bbdd-45a5-a969-da6200b88b74,22711,760,False,16,16,90,"[0, 5, 50, 55, 56, 57, 58, 59, 60, 61, 62, 63, 64, 65, 66, 67]",0.13513513513513514,22,[],212.2766730008152,175.23079800048436,590
0.15625,3.25,"[1, 5, 12, 19, 27]",5,,1781073779362.8896,0.0,1781073779182.822,0,0,180.06600199987588,279,10459.54833984375,1.625040054321289,32,0.49466755986213684,0.23803740739822388,6,6,32,1781073779371.8137,1781073779168.4568,4368,340,middle,0.9411764705882353,32.78739900088112,0.07085700053721666,observability_fixed_R16_k16,good,23.28962300089188,0,False,False,0.0,"[0, 5, 50, 55, 56, 57, 58, 59, 60, 61, 62, 63, 64, 65, 66, 67, 68]",3,pg19,5,0d163d4c-bbdd-45a5-a969-da6200b88b74,22718,785,False,16,16,91,"[0, 5, 50, 55, 56, 57, 58, 59, 60, 61, 62, 63, 64, 65, 66, 67]",0.13553113553113552,28,[],212.76439800021762,203.35562500076776,592
0.0,-2.75,[],0,,1781073779817.6316,0.0,1781073779633.782,0,0,183.84814899945923,12055,10461.86669921875,6.544422149658203,32,0.05528370663523674,0.014200344681739807,3,6,32,1781073779826.4631,1781073779619.3958,4374,346,late,0.9411764705882353,33.415907999369665,0.07056499998725485,observability_fixed_R16_k16,good,23.21433699944464,0,False,False,0.0,"[0, 5, 50, 55, 56, 57, 58, 59, 60, 61, 62, 63, 64, 65, 66, 67, 68]",3,pg19,0,0d163d4c-bbdd-45a5-a969-da6200b88b74,22756,765,False,16,16,92,"[0, 5, 50, 55, 56, 57, 58, 59, 60, 61, 62, 63, 64, 65, 66, 67]",0.13671696387745771,29,[],213.15820200106828,207.06248599890387,598
0.03125,-0.75,[0],1,,1781073780273.6213,0.0,1781073780093.389,0,0,180.23090499991667,806,10458.96875,0.6117867827415466,32,0.8851099014282227,0.8382007926702499,6,6,32,1781073780282.4119,1781073780077.261,4375,347,late,0.9411764705882353,31.129919001614326,0.0690969991410384,observability_fixed_R16_k16,good,24.91511300104321,0,False,False,0.0,"[0, 5, 50, 55, 56, 57, 58, 59, 60, 61, 62, 63, 64, 65, 66, 67, 68]",3,pg19,1,0d163d4c-bbdd-45a5-a969-da6200b88b74,22752,763,False,16,16,93,"[0, 5, 50, 55, 56, 57, 58, 59, 60, 61, 62, 63, 64, 65, 66, 67]",0.1369142857142857,31,[],218.5441860001447,205.14601800095988,599
0.0625,0.25,"[6, 22]",2,,1781073780728.3762,0.0,1781073780541.893,0,0,186.481819000619,279,10459.54833984375,4.894075393676758,32,0.09148962795734406,0.04016859829425812,6,6,32,1781073780737.3477,1781073780527.3591,4377,349,late,0.9411764705882353,33.16970800005947,0.06850099998700898,observability_fixed_R16_k16,good,23.503762000473216,0,False,False,0.0,"[0, 5, 50, 55, 56, 57, 58, 59, 60, 61, 62, 63, 64, 65, 66, 67, 68]",3,pg19,2,0d163d4c-bbdd-45a5-a969-da6200b88b74,22773,762,False,16,16,94,"[0, 5, 50, 55, 56, 57, 58, 59, 60, 61, 62, 63, 64, 65, 66, 67]",0.13730865889878913,34,[],210.72346300024947,209.9855810010922,601
0.0625,0.0,"[1, 15]",2,,1781073781185.2673,0.0,1781073781003.0732,0,0,182.19255199983309,3800,10460.1279296875,5.5899200439453125,32,0.12164314836263657,0.06681428104639053,4,6,32,1781073781194.5046,1781073780988.0842,4380,352,late,0.9411764705882353,35.672521000378765,0.06931300049473066,observability_fixed_R16_k16,good,24.224823000622564,0,False,False,0.0,"[0, 5, 50, 55, 56, 57, 58, 59, 60, 61, 62, 63, 64, 65, 66, 67, 68]",3,pg19,2,0d163d4c-bbdd-45a5-a969-da6200b88b74,22792,771,False,16,16,95,"[0, 5, 50, 55, 56, 57, 58, 59, 60, 61, 62, 63, 64, 65, 66, 67]",0.13789954337899543,37,[],213.74484499938262,206.41737500045565,604
0.0625,0.75,"[0, 5]",2,0.9687692523002625,1781073781832.545,190.86694100042223,1781073781456.0806,16,994,376.46556199979386,12126,10460.1279296875,1.3290742635726929,32,0.5942866802215576,0.4130394905805588,4,6,32,1781073781841.4575,1781073781440.2402,4383,355,late,0.7368421052631579,32.85585499907029,0.07302999983949121,observability_fixed_R16_k16,good,24.74931600045238,0,False,False,0.0,"[0, 5, 50, 55, 56, 57, 58, 59, 60, 61, 62, 63, 64, 65, 66, 67, 68]",3,pg19,2,0d163d4c-bbdd-45a5-a969-da6200b88b74,22777,972,True,16,16,96,"[0, 25, 53, 55, 56, 57, 58, 60, 61, 62, 63, 64, 65, 66, 67, 68]",0.13848961898243212,40,"[0, 4385, 4384, 4383, 4346, 4347, 4328, 4352, 4205, 4349, 4382, 4269, 4201, 4208, 4198, 4348]",211.8744309991598,401.21487800024624,607
0.0625,0.25,"[0, 10]",2,,1781073782205.4434,0.0,1781073782112.7402,0,0,92.70218999881763,806,10460.1279296875,0.8678246736526489,32,0.7368004322052002,0.5799265652894974,6,6,32,1781073782214.111,1781073782098.3525,4386,358,late,1.0,37.10744199997862,4.17391500013764,observability_fixed_R16_k16,good,23.053327000525314,0,False,False,0.0,"[0, 25, 53, 55, 56, 57, 58, 60, 61, 62, 63, 64, 65, 66, 67, 68]",3,pg19,2,0d163d4c-bbdd-45a5-a969-da6200b88b74,22800,767,False,16,16,97,"[0, 25, 53, 55, 56, 57, 58, 60, 61, 62, 63, 64, 65, 66, 67, 68]",0.12448700410396717,3,[],214.36874600112787,115.75551699934294,546
0.03125,-1.0,[9],1,,1781073782663.495,0.0,1781073782473.1687,0,0,190.32549199982896,8818,10460.1279296875,4.089344501495361,32,0.25444814562797546,0.13795329630374908,5,6,32,1781073782672.3088,1781073782458.6868,4389,361,late,1.0,32.078851998448954,0.06765100079064723,observability_fixed_R16_k16,good,23.292312998819398,0,False,False,0.0,"[0, 25, 53, 55, 56, 57, 58, 60, 61, 62, 63, 64, 65, 66, 67, 68]",3,pg19,1,0d163d4c-bbdd-45a5-a969-da6200b88b74,22838,765,False,16,16,98,"[0, 25, 53, 55, 56, 57, 58, 60, 61, 62, 63, 64, 65, 66, 67, 68]",0.12508544087491455,5,[],211.2878380012262,213.61780499864835,549
0.09375,1.25,"[0, 5, 22]",3,,1781073783079.1636,0.0,1781073782938.9727,0,0,140.18996200138645,279,10460.1279296875,1.3342640399932861,32,0.7669181227684021,0.7113627567887306,5,6,32,1781073783088.1445,1781073782924.4373,4391,363,late,1.0,32.92293399863411,0.06946599933144171,observability_fixed_R16_k16,good,23.514386999522685,0,False,False,0.0,"[0, 25, 53, 55, 56, 57, 58, 60, 61, 62, 63, 64, 65, 66, 67, 68]",3,pg19,3,0d163d4c-bbdd-45a5-a969-da6200b88b74,22821,774,False,16,16,99,"[0, 25, 53, 55, 56, 57, 58, 60, 61, 62, 63, 64, 65, 66, 67, 68]",0.1254839444317923,9,[],217.8690920009103,163.70434900090913,551
0.0,-2.0,[],0,,1781073783497.7288,0.0,1781073783348.379,0,0,149.3484440015891,17975,10461.4912109375,5.1597161293029785,32,0.1228107213973999,0.007440723478794098,6,6,32,1781073783506.3313,1781073783334.3901,4395,367,late,1.0,32.82133699940459,0.06917499922565185,observability_fixed_R16_k16,good,22.589135998714482,0,False,False,0.0,"[0, 25, 53, 55, 56, 57, 58, 60, 61, 62, 63, 64, 65, 66, 67, 68]",3,pg19,0,0d163d4c-bbdd-45a5-a969-da6200b88b74,22850,761,False,16,16,100,"[0, 25, 53, 55, 56, 57, 58, 60, 61, 62, 63, 64, 65, 66, 67, 68]",0.12627986348122866,10,[],212.44320000005246,171.93758000030357,555
0.0,-1.5,[],0,,1781073783911.0051,0.0,1781073783765.3699,0,0,145.63373900091392,448,10458.96875,1.1092538833618164,32,0.567878246307373,0.23403987288475037,6,6,32,1781073783919.63,1781073783751.3826,4396,368,late,1.0,29.991437999342452,0.06903800021973439,observability_fixed_R16_k16,good,22.610536998399766,0,False,False,0.0,"[0, 25, 53, 55, 56, 57, 58, 60, 61, 62, 63, 64, 65, 66, 67, 68]",3,pg19,0,0d163d4c-bbdd-45a5-a969-da6200b88b74,22847,759,False,16,16,101,"[0, 25, 53, 55, 56, 57, 58, 60, 61, 62, 63, 64, 65, 66, 67, 68]",0.1264786169244768,11,[],214.06392700009746,168.2442759993137,556
0.03125,0.0,[0],1,,1781073784330.9856,0.0,1781073784184.5273,0,0,146.45686499898147,85031,10458.96875,2.324983835220337,32,0.6371167898178101,0.5264024958014488,6,6,32,1781073784339.6238,1781073784170.4985,4397,369,late,1.0,32.42754500024603,0.0765390013839351,observability_fixed_R16_k16,good,22.66509500077518,0,False,False,0.0,"[0, 25, 53, 55, 56, 57, 58, 60, 61, 62, 63, 64, 65, 66, 67, 68]",3,pg19,1,0d163d4c-bbdd-45a5-a969-da6200b88b74,22849,768,False,16,16,102,"[0, 25, 53, 55, 56, 57, 58, 60, 61, 62, 63, 64, 65, 66, 67, 68]",0.12667727996361156,13,[],217.41780200136418,169.12195999975665,557
0.09375,2.0,"[0, 5, 11]",3,,1781073784755.2588,0.0,1781073784603.2935,0,0,151.9643330011604,7167,10459.54833984375,1.2140917778015137,32,0.514430820941925,0.1874387264251709,5,6,32,1781073784763.8464,1781073784589.3271,4399,371,late,1.0,33.7897539993719,0.06974899952183478,observability_fixed_R16_k16,good,22.552225998879294,0,False,False,0.0,"[0, 25, 53, 55, 56, 57, 58, 60, 61, 62, 63, 64, 65, 66, 67, 68]",3,pg19,3,0d163d4c-bbdd-45a5-a969-da6200b88b74,22876,773,False,16,16,103,"[0, 25, 53, 55, 56, 57, 58, 60, 61, 62, 63, 64, 65, 66, 67, 68]",0.12707433507615368,17,[],214.90156800064142,174.5165590000397,559
0.125,3.0,"[0, 2, 5, 12]",4,,1781073785181.9688,0.0,1781073785029.1743,0,0,152.79312300117454,40,10460.70751953125,0.024637561291456223,32,0.9977834820747375,0.9973797338316217,6,6,32,1781073785190.54,1781073785014.6558,4403,375,late,1.0,32.768253000540426,0.07203599852800835,observability_fixed_R16_k16,good,23.088613997970242,0,False,False,0.0,"[0, 25, 53, 55, 56, 57, 58, 60, 61, 62, 63, 64, 65, 66, 67, 68]",3,pg19,4,0d163d4c-bbdd-45a5-a969-da6200b88b74,22870,776,False,16,16,104,"[0, 25, 53, 55, 56, 57, 58, 60, 61, 62, 63, 64, 65, 66, 67, 68]",0.1278673631614808,22,[],216.97100599885744,175.88173699914478,563
0.03125,-1.0,[7],1,,1781073785594.404,0.0,1781073785450.132,0,0,144.27100899956713,5648,10461.287109375,3.005976676940918,32,0.31070733070373535,0.23690786957740784,6,6,32,1781073785602.9617,1781073785435.9258,4408,380,late,1.0,33.61652800049342,0.07703499977651518,observability_fixed_R16_k16,good,22.76228000118863,0,False,False,0.0,"[0, 25, 53, 55, 56, 57, 58, 60, 61, 62, 63, 64, 65, 66, 67, 68]",3,pg19,1,0d163d4c-bbdd-45a5-a969-da6200b88b74,22920,764,False,16,16,105,"[0, 25, 53, 55, 56, 57, 58, 60, 61, 62, 63, 64, 65, 66, 67, 68]",0.12885662431941924,24,[],210.768843000551,167.03328900075576,568
0.0,-2.25,[],0,,1781073786007.1226,0.0,1781073785859.3088,0,0,147.81191299880447,3709,10459.54833984375,2.655329942703247,32,0.36148756742477417,0.15227460861206055,6,6,32,1781073786015.7092,1781073785845.1892,4410,382,late,1.0,32.70053099913639,0.07371900028374512,observability_fixed_R16_k16,good,22.705756000505062,0,False,False,0.0,"[0, 25, 53, 55, 56, 57, 58, 60, 61, 62, 63, 64, 65, 66, 67, 68]",3,pg19,0,0d163d4c-bbdd-45a5-a969-da6200b88b74,22918,764,False,16,16,106,"[0, 25, 53, 55, 56, 57, 58, 60, 61, 62, 63, 64, 65, 66, 67, 68]",0.1292517006802721,25,[],208.5293170002842,170.51766899930954,570
0.15625,3.0,"[3, 8, 17, 22, 26]",5,,1781073786429.6897,0.0,1781073786281.2385,0,0,148.4504250001919,11682,10458.96875,1.853830099105835,32,0.3565234839916229,0.03693792223930359,6,6,32,1781073786438.2952,1781073786267.1367,4411,383,late,1.0,31.179531000816496,0.07535400072811171,observability_fixed_R16_k16,good,22.7053069993417,0,False,False,0.0,"[0, 25, 53, 55, 56, 57, 58, 60, 61, 62, 63, 64, 65, 66, 67, 68]",3,pg19,5,0d163d4c-bbdd-45a5-a969-da6200b88b74,22930,786,False,16,16,107,"[0, 25, 53, 55, 56, 57, 58, 60, 61, 62, 63, 64, 65, 66, 67, 68]",0.12944910451144864,31,[],219.21415999895544,171.1557319995336,571
0.09375,0.5,"[0, 14, 24]",3,,1781073786853.1833,0.0,1781073786705.3462,0,0,147.83628400073212,6243,10462.650390625,4.82948112487793,32,0.08475400507450104,0.03492970019578934,3,6,32,1781073786861.823,1781073786691.2178,4417,389,late,0.9411764705882353,36.95281900036207,4.253371000231709,observability_fixed_R16_k16,good,22.763493998354534,0,False,False,0.0,"[0, 25, 53, 55, 56, 57, 58, 60, 61, 62, 63, 64, 65, 66, 67, 68, 69]",3,pg19,3,0d163d4c-bbdd-45a5-a969-da6200b88b74,22960,778,False,16,16,108,"[0, 25, 53, 55, 56, 57, 58, 60, 61, 62, 63, 64, 65, 66, 67, 68]",0.13787638668779714,35,[],210.75476400073967,170.59977799908665,609
0.0625,-0.25,"[1, 6]",2,,1781073787279.0625,0.0,1781073787128.0466,0,0,151.01402700020117,56579,10460.70751953125,1.3792625665664673,32,0.3603917360305786,0.011088073253631592,6,6,32,1781073787287.6558,1781073787113.8782,4421,393,late,0.9411764705882353,33.131943999251234,0.07573299990326632,observability_fixed_R16_k16,good,22.76069599975017,0,False,False,0.0,"[0, 25, 53, 55, 56, 57, 58, 60, 61, 62, 63, 64, 65, 66, 67, 68, 69]",3,pg19,2,0d163d4c-bbdd-45a5-a969-da6200b88b74,22948,771,False,16,16,109,"[0, 25, 53, 55, 56, 57, 58, 60, 61, 62, 63, 64, 65, 66, 67, 68]",0.1386564125763402,38,[],217.56316899882222,173.77472299995134,613
0.03125,-1.5,[1],1,,1781073787708.3582,0.0,1781073787562.4817,0,0,145.8749749999697,25806,10460.1279296875,1.7093387842178345,32,0.3408445119857788,0.03050205111503601,6,6,32,1781073787717.1072,1781073787548.2795,4424,396,late,0.9411764705882353,31.990537001547636,0.07911099964985624,observability_fixed_R16_k16,good,22.94754500144336,0,False,False,0.0,"[0, 25, 53, 55, 56, 57, 58, 60, 61, 62, 63, 64, 65, 66, 67, 68, 69]",3,pg19,1,0d163d4c-bbdd-45a5-a969-da6200b88b74,22979,765,False,16,16,110,"[0, 25, 53, 55, 56, 57, 58, 60, 61, 62, 63, 64, 65, 66, 67, 68]",0.13924050632911392,40,[],227.484019998883,168.82252000141307,616
0.0625,-0.75,"[0, 3]",2,,1781073788128.312,0.0,1781073787980.9316,0,0,147.37933899959899,19221,10460.33203125,0.4234898090362549,32,0.9206271171569824,0.8940996658056974,6,6,32,1781073788136.9387,1781073787966.7676,4426,398,late,0.9411764705882353,36.0162910001236,0.07778200051689055,observability_fixed_R16_k16,good,22.786405999795534,0,False,False,0.0,"[0, 25, 53, 55, 56, 57, 58, 60, 61, 62, 63, 64, 65, 66, 67, 68, 69]",3,pg19,2,0d163d4c-bbdd-45a5-a969-da6200b88b74,22988,770,False,16,16,111,"[0, 25, 53, 55, 56, 57, 58, 60, 61, 62, 63, 64, 65, 66, 67, 68]",0.1396294622684139,43,[],212.30062599897792,170.16574499939452,618
0.0,-2.0,[],0,0.9610152840614319,1781073788633.904,80.1226730000053,1781073788402.8286,16,974,231.07483400053752,6396,10460.1279296875,2.1017584800720215,32,0.45227593183517456,0.24520890414714813,5,6,32,1781073788642.6228,1781073788388.6262,4429,401,late,0.9411764705882353,35.156456999175134,0.0810350011306582,observability_fixed_R16_k16,good,22.91852599955746,0,False,False,0.0,"[0, 25, 53, 55, 56, 57, 58, 60, 61, 62, 63, 64, 65, 66, 67, 68, 69]",3,pg19,0,0d163d4c-bbdd-45a5-a969-da6200b88b74,23003,961,True,16,16,112,"[0, 53, 55, 56, 57, 58, 60, 61, 62, 63, 64, 65, 66, 67, 68, 69]",0.14021223752540077,44,"[0, 4429, 4428, 4426, 4427, 4424, 4425, 4423, 4255, 4198, 4406, 4346, 4202, 4417, 4269, 4420]",215.11114299937617,253.99336000009498,621
0.0,-1.25,[],0,,1781073788996.3384,0.0,1781073788916.15,0,0,80.1879070004361,25,10458.96875,0.9623404145240784,32,0.7377146482467651,0.624582439661026,6,6,32,1781073789005.0051,1781073788902.0486,4430,402,late,1.0,33.16977299982682,4.410605999510153,observability_fixed_R16_k16,good,22.762626998883206,0,False,False,0.0,"[0, 53, 55, 56, 57, 58, 60, 61, 62, 63, 64, 65, 66, 67, 68, 69]",3,pg19,0,0d163d4c-bbdd-45a5-a969-da6200b88b74,23005,752,False,16,16,113,"[0, 53, 55, 56, 57, 58, 60, 61, 62, 63, 64, 65, 66, 67, 68, 69]",0.11873589164785553,1,[],220.68390599997656,102.9505339993193,526
0.03125,0.25,[0],1,,1781073789450.156,0.0,1781073789291.2373,0,0,158.91808299966215,22888,10458.96875,1.5873944759368896,32,0.6748867034912109,0.593013659119606,6,6,32,1781073789458.7886,1781073789276.0632,4431,403,late,1.0,35.146142001394765,0.08029899981920607,observability_fixed_R16_k16,good,23.804421000022558,0,False,False,0.0,"[0, 53, 55, 56, 57, 58, 60, 61, 62, 63, 64, 65, 66, 67, 68, 69]",3,pg19,1,0d163d4c-bbdd-45a5-a969-da6200b88b74,23010,766,False,16,16,114,"[0, 53, 55, 56, 57, 58, 60, 61, 62, 63, 64, 65, 66, 67, 68, 69]",0.11893477770255022,3,[],234.62530199867615,182.7225039996847,527
0.09375,2.25,"[1, 3, 6]",3,,1781073789927.8845,0.0,1781073789742.2454,0,0,185.63766699844564,911,10459.54833984375,0.7208194136619568,32,0.7255648374557495,0.47481632232666016,6,6,32,1781073789936.8972,1781073789727.5732,4433,405,late,1.0,35.14249100044253,0.07112499952199869,observability_fixed_R16_k16,good,23.68282600218663,0,False,False,0.0,"[0, 53, 55, 56, 57, 58, 60, 61, 62, 63, 64, 65, 66, 67, 68, 69]",3,pg19,3,0d163d4c-bbdd-45a5-a969-da6200b88b74,23013,772,False,16,16,115,"[0, 53, 55, 56, 57, 58, 60, 61, 62, 63, 64, 65, 66, 67, 68, 69]",0.1193322806226032,7,[],232.54178499882983,209.32049300063227,529
0.03125,0.0,[0],1,,1781073790382.9497,0.0,1781073790226.7166,0,0,156.23233900078048,65784,10460.70751953125,0.5412589311599731,32,0.865572988986969,0.7555277422070503,6,6,32,1781073790391.5674,1781073790212.2441,4437,409,late,1.0,34.93256299952918,0.07395099964924157,observability_fixed_R16_k16,good,23.087822999514174,0,False,False,0.0,"[0, 53, 55, 56, 57, 58, 60, 61, 62, 63, 64, 65, 66, 67, 68, 69]",3,pg19,1,0d163d4c-bbdd-45a5-a969-da6200b88b74,23044,767,False,16,16,116,"[0, 53, 55, 56, 57, 58, 60, 61, 62, 63, 64, 65, 66, 67, 68, 69]",0.12012621140410187,9,[],239.13169799925527,179.32016200029466,533
0.0625,0.75,"[0, 3]",2,,1781073790822.217,0.0,1781073790670.1326,0,0,152.0833570011746,4780,10459.75244140625,0.5117729902267456,32,0.8714110255241394,0.7851296439766884,6,6,32,1781073790830.8853,1781073790656.104,4439,411,late,1.0,33.95113500118896,0.07858199933252763,observability_fixed_R16_k16,good,22.694211998896208,0,False,False,0.0,"[0, 53, 55, 56, 57, 58, 60, 61, 62, 63, 64, 65, 66, 67, 68, 69]",3,pg19,2,0d163d4c-bbdd-45a5-a969-da6200b88b74,23047,766,False,16,16,117,"[0, 53, 55, 56, 57, 58, 60, 61, 62, 63, 64, 65, 66, 67, 68, 69]",0.120522640234287,12,[],229.53546999997343,174.7775690000708,535
0.125,2.25,"[0, 5, 14, 23]",4,,1781073791302.1301,0.0,1781073791118.3145,0,0,183.81399899953976,5166,10460.1279296875,0.939594030380249,32,0.7962743639945984,0.6702854484319687,6,6,32,1781073791310.9827,1781073791103.3127,4442,414,late,1.0,33.91409399955592,0.07304899918381125,observability_fixed_R16_k16,good,23.854002000007313,0,False,False,0.0,"[0, 53, 55, 56, 57, 58, 60, 61, 62, 63, 64, 65, 66, 67, 68, 69]",3,pg19,4,0d163d4c-bbdd-45a5-a969-da6200b88b74,23054,782,False,16,16,118,"[0, 53, 55, 56, 57, 58, 60, 61, 62, 63, 64, 65, 66, 67, 68, 69]",0.12111661413777577,17,[],237.364198999785,207.66800099954708,538
0.0625,-0.5,"[0, 1]",2,,1781073791768.7764,0.0,1781073791583.2617,0,0,185.51360899982683,8830,10461.287109375,0.00024300176301039755,32,0.9999805688858032,0.9999636044994986,6,6,32,1781073791777.5117,1781073791568.5984,4447,419,late,1.0,33.943774998988374,0.06852099977550097,observability_fixed_R16_k16,good,23.39833800033375,0,False,False,0.0,"[0, 53, 55, 56, 57, 58, 60, 61, 62, 63, 64, 65, 66, 67, 68, 69]",3,pg19,2,0d163d4c-bbdd-45a5-a969-da6200b88b74,23092,770,False,16,16,119,"[0, 53, 55, 56, 57, 58, 60, 61, 62, 63, 64, 65, 66, 67, 68, 69]",0.12210478974589611,20,[],222.62401599982695,208.91194700016058,543
0.03125,-1.25,[1],1,,1781073792240.2717,0.0,1781073792054.6523,0,0,185.61837600100262,7281,10460.1279296875,0.9202625155448914,32,0.7093930244445801,0.5355487763881683,5,6,32,1781073792249.3591,1781073792039.8047,4450,422,late,1.0,36.94948900010786,4.0932020001491765,observability_fixed_R16_k16,good,23.932772999614826,0,False,False,0.0,"[0, 53, 55, 56, 57, 58, 60, 61, 62, 63, 64, 65, 66, 67, 68, 69]",3,pg19,1,0d163d4c-bbdd-45a5-a969-da6200b88b74,23096,766,False,16,16,120,"[0, 53, 55, 56, 57, 58, 60, 61, 62, 63, 64, 65, 66, 67, 68, 69]",0.12269662921348315,22,[],219.93741299957037,209.55114900061744,546
0.09375,0.75,"[0, 3, 15]",3,,1781073792721.1326,0.0,1781073792537.596,0,0,183.53549300081795,35296,10459.75244140625,0.42898428440093994,32,0.9288524985313416,0.9080083146691322,5,6,32,1781073792729.8909,1781073792522.1765,4452,424,late,1.0,35.0290619990119,0.06920399937371258,observability_fixed_R16_k16,good,24.17683599924203,0,False,False,0.0,"[0, 53, 55, 56, 57, 58, 60, 61, 62, 63, 64, 65, 66, 67, 68, 69]",3,pg19,3,0d163d4c-bbdd-45a5-a969-da6200b88b74,23104,777,False,16,16,121,"[0, 53, 55, 56, 57, 58, 60, 61, 62, 63, 64, 65, 66, 67, 68, 69]",0.12309074573225516,26,[],236.5036789997248,207.71232900005998,548
0.09375,0.5,"[0, 11, 20]",3,,1781073793170.5815,0.0,1781073792988.3523,0,0,182.2279290008737,85031,10460.70751953125,2.5250821113586426,32,0.2286739945411682,0.023691952228546143,6,6,32,1781073793179.335,1781073792973.8352,4456,428,late,1.0,32.219406000876916,0.06624799971177708,observability_fixed_R16_k16,good,23.269805999007076,0,False,False,0.0,"[0, 53, 55, 56, 57, 58, 60, 61, 62, 63, 64, 65, 66, 67, 68, 69]",3,pg19,3,0d163d4c-bbdd-45a5-a969-da6200b88b74,23123,777,False,16,16,122,"[0, 53, 55, 56, 57, 58, 60, 61, 62, 63, 64, 65, 66, 67, 68, 69]",0.12387791741472172,30,[],210.72173600077804,205.49773499988078,552
0.09375,0.75,"[1, 7, 15]",3,,1781073793632.5996,0.0,1781073793448.4512,0,0,184.14639200091187,438,10460.91162109375,1.609169363975525,32,0.3857324719429016,0.017663955688476562,6,6,32,1781073793641.5244,1781073793434.0688,4460,432,late,1.0,33.46765599962964,0.07075499888742343,observability_fixed_R16_k16,good,23.303609999857144,0,False,False,0.0,"[0, 53, 55, 56, 57, 58, 60, 61, 62, 63, 64, 65, 66, 67, 68, 69]",3,pg19,3,0d163d4c-bbdd-45a5-a969-da6200b88b74,23133,773,False,16,16,123,"[0, 53, 55, 56, 57, 58, 60, 61, 62, 63, 64, 65, 66, 67, 68, 69]",0.12466367713004484,34,[],220.24872600013623,207.45000200076902,556
0.0625,-0.5,"[1, 6]",2,,1781073794082.451,0.0,1781073793900.3425,0,0,182.10715599889227,806,10460.70751953125,2.5896401405334473,32,0.38316333293914795,0.19348372519016266,6,6,32,1781073794091.4766,1781073793885.9055,4464,436,late,1.0,32.47201100020902,0.06782799937354866,observability_fixed_R16_k16,good,23.46110899998166,0,False,False,0.0,"[0, 53, 55, 56, 57, 58, 60, 61, 62, 63, 64, 65, 66, 67, 68, 69]",3,pg19,2,0d163d4c-bbdd-45a5-a969-da6200b88b74,23173,767,False,16,16,124,"[0, 53, 55, 56, 57, 58, 60, 61, 62, 63, 64, 65, 66, 67, 68, 69]",0.12544802867383512,37,[],210.6392269997741,205.56826499887393,560
0.03125,-1.75,[5],1,,1781073794558.8215,0.0,1781073794373.6443,0,0,185.17490199883468,382,10460.91162109375,3.473022937774658,32,0.2457856684923172,0.11215431988239288,5,6,32,1781073794567.7832,1781073794359.2446,4467,439,late,1.0,33.688296000036644,0.07703600022068713,observability_fixed_R16_k16,good,23.360695000519627,0,False,False,0.0,"[0, 53, 55, 56, 57, 58, 60, 61, 62, 63, 64, 65, 66, 67, 68, 69]",3,pg19,1,0d163d4c-bbdd-45a5-a969-da6200b88b74,23183,764,False,16,16,125,"[0, 53, 55, 56, 57, 58, 60, 61, 62, 63, 64, 65, 66, 67, 68, 69]",0.1260353704947392,39,[],232.9681570008688,208.5355969993543,563
0.0,-2.25,[],0,,1781073795010.032,0.0,1781073794825.7217,0,0,184.30855499900645,3973,10459.54833984375,2.351762294769287,32,0.5670427680015564,0.4571165218949318,6,6,32,1781073795018.8884,1781073794811.3687,4469,441,late,1.0,31.681868000305258,0.07146000098146033,observability_fixed_R16_k16,good,23.207392001495464,0,False,False,0.0,"[0, 53, 55, 56, 57, 58, 60, 61, 62, 63, 64, 65, 66, 67, 68, 69]",3,pg19,0,0d163d4c-bbdd-45a5-a969-da6200b88b74,23194,762,False,16,16,126,"[0, 53, 55, 56, 57, 58, 60, 61, 62, 63, 64, 65, 66, 67, 68, 69]",0.1264264936227344,40,[],210.92168200084416,207.5159470005019,565
0.0625,0.5,"[0, 4]",2,,1781073795472.919,0.0,1781073795291.8457,0,0,181.07166300069366,2989,10458.96875,1.0801739692687988,32,0.6837268471717834,0.5426318347454071,6,6,32,1781073795481.61,1781073795277.2747,4470,442,late,1.0,33.11534900058177,0.07390399878204335,observability_fixed_R16_k16,good,23.261813999852166,0,False,False,0.0,"[0, 53, 55, 56, 57, 58, 60, 61, 62, 63, 64, 65, 66, 67, 68, 69]",3,pg19,2,0d163d4c-bbdd-45a5-a969-da6200b88b74,23194,769,False,16,16,127,"[0, 53, 55, 56, 57, 58, 60, 61, 62, 63, 64, 65, 66, 67, 68, 69]",0.1266219239373602,43,[],224.21972600022855,204.33347700054583,566
0.03125,-0.25,[8],1,0.9535973072052002,1781073796022.5156,140.9676759994909,1781073795744.9353,16,1019,277.5805149994994,476,10460.1279296875,2.818690776824951,32,0.3823890686035156,0.28720489889383316,6,6,32,1781073796031.1978,1781073795730.7864,4473,445,late,0.6,33.490898998934426,0.0743689997761976,observability_fixed_R16_k16,good,22.827402999610058,0,False,False,0.0,"[0, 53, 55, 56, 57, 58, 60, 61, 62, 63, 64, 65, 66, 67, 68, 69]",3,pg19,1,0d163d4c-bbdd-45a5-a969-da6200b88b74,23217,962,True,16,16,128,"[0, 47, 52, 54, 57, 58, 59, 61, 62, 63, 64, 65, 66, 67, 68, 69]",0.12720769058797227,45,"[0, 4474, 4472, 4473, 4471, 4470, 4469, 4327, 4468, 4415, 4414, 4455, 4416, 4354, 4254, 4419]",214.68715599985444,300.4079179991095,569
0.15625,4.0,"[1, 6, 13, 21, 26]",5,,1781073796378.474,0.0,1781073796298.8066,0,0,79.666936000649,5230,10459.54833984375,1.8106540441513062,32,0.5759416818618774,0.43698927760124207,6,6,32,1781073796386.9468,1781073796284.8606,4475,447,late,1.0,33.35734299980686,4.210379998767166,observability_fixed_R16_k16,good,22.416234000047552,0,False,False,0.0,"[0, 47, 52, 54, 57, 58, 59, 61, 62, 63, 64, 65, 66, 67, 68, 69]",3,pg19,5,0d163d4c-bbdd-45a5-a969-da6200b88b74,23219,778,False,16,16,129,"[0, 47, 52, 54, 57, 58, 59, 61, 62, 63, 64, 65, 66, 67, 68, 69]",0.12044692737430168,6,[],214.9507039994205,102.08317000069655,539
0.03125,-1.0,[0],1,,1781073796804.9788,0.0,1781073796649.8643,0,0,155.11429700018198,1075,10461.86669921875,1.743127703666687,32,0.3078169524669647,0.018649667501449585,6,6,32,1781073796813.5322,1781073796635.5098,4481,453,late,0.9411764705882353,34.98735100038175,4.102266000700183,observability_fixed_R16_k16,good,22.905654999703984,0,False,False,0.0,"[0, 47, 52, 54, 57, 58, 59, 61, 62, 63, 64, 65, 66, 67, 68, 69, 70]",3,pg19,1,0d163d4c-bbdd-45a5-a969-da6200b88b74,23245,765,False,16,16,130,"[0, 47, 52, 54, 57, 58, 59, 61, 62, 63, 64, 65, 66, 67, 68, 69]",0.1287659004686454,8,[],208.52803400157427,178.01995199988596,577
0.03125,-1.25,[0],1,,1781073797226.9146,0.0,1781073797075.9883,0,0,150.9257189991331,6879,10459.54833984375,1.3657342195510864,32,0.5866547226905823,0.34962479770183563,6,6,32,1781073797235.4238,1781073797061.789,4483,455,late,0.9411764705882353,32.61675800058583,0.07736999941698741,observability_fixed_R16_k16,good,22.706293002556777,0,False,False,0.0,"[0, 47, 52, 54, 57, 58, 59, 61, 62, 63, 64, 65, 66, 67, 68, 69, 70]",3,pg19,1,0d163d4c-bbdd-45a5-a969-da6200b88b74,23246,763,False,16,16,131,"[0, 47, 52, 54, 57, 58, 59, 61, 62, 63, 64, 65, 66, 67, 68, 69]",0.12915458398393934,10,[],214.61660699969798,173.63201200168987,579
0.1875,4.0,"[0, 1, 4, 9, 16, 24]",6,,1781073797652.9705,0.0,1781073797503.3826,0,0,149.58664999903704,279,10459.75244140625,0.0015502634923905134,32,0.9998570680618286,0.9997464600382955,6,6,32,1781073797661.53,1781073797488.9832,4485,457,late,0.9411764705882353,32.60510099971725,0.07305799954337999,observability_fixed_R16_k16,good,22.957759001656086,0,False,False,0.0,"[0, 47, 52, 54, 57, 58, 59, 61, 62, 63, 64, 65, 66, 67, 68, 69, 70]",3,pg19,6,0d163d4c-bbdd-45a5-a969-da6200b88b74,23250,788,False,16,16,132,"[0, 47, 52, 54, 57, 58, 59, 61, 62, 63, 64, 65, 66, 67, 68, 69]",0.12954292084726868,17,[],219.84107100070105,172.54440900069312,581
0.0,-3.25,[],0,,1781073798070.5852,0.0,1781073797920.3232,0,0,150.26106300138053,4270,10462.4462890625,4.425053596496582,32,0.1975313127040863,0.07197277247905731,6,6,32,1781073798079.2747,1781073797906.1638,4492,464,late,0.9411764705882353,32.55970499958494,0.07618500058015343,observability_fixed_R16_k16,good,22.844888997497037,0,False,False,0.0,"[0, 47, 52, 54, 57, 58, 59, 61, 62, 63, 64, 65, 66, 67, 68, 69, 70]",3,pg19,0,0d163d4c-bbdd-45a5-a969-da6200b88b74,23282,764,False,16,16,133,"[0, 47, 52, 54, 57, 58, 59, 61, 62, 63, 64, 65, 66, 67, 68, 69]",0.13089937666963491,18,[],211.0453690002032,173.10595199887757,588
0.0625,0.0,"[0, 4]",2,,1781073798584.8618,0.0,1781073798425.9773,0,0,158.88385200014454,976,10458.96875,0.7322153449058533,32,0.8398314118385315,0.7901775501668453,6,6,32,1781073798593.621,1781073798409.9495,4493,465,late,0.9411764705882353,41.62208900015685,0.10249000115436502,observability_fixed_R16_k16,good,24.784536000879598,0,False,False,0.0,"[0, 47, 52, 54, 57, 58, 59, 61, 62, 63, 64, 65, 66, 67, 68, 69, 70]",3,pg19,2,0d163d4c-bbdd-45a5-a969-da6200b88b74,23279,768,False,16,16,134,"[0, 47, 52, 54, 57, 58, 59, 61, 62, 63, 64, 65, 66, 67, 68, 69]",0.1310928110393946,21,[],287.64176799995766,183.66838800102414,589
0.0625,-0.25,"[0, 2]",2,,1781073799099.7922,0.0,1781073798938.8306,0,0,160.96169400043436,13,10460.1279296875,0.27585455775260925,32,0.9401358962059021,0.8954727165400982,6,6,32,1781073799108.6265,1781073798923.4055,4496,468,late,0.9411764705882353,45.079393001287826,0.10552599997026846,observability_fixed_R16_k16,good,24.256851998870843,0,False,False,0.0,"[0, 47, 52, 54, 57, 58, 59, 61, 62, 63, 64, 65, 66, 67, 68, 69, 70]",3,pg19,2,0d163d4c-bbdd-45a5-a969-da6200b88b74,23303,765,False,16,16,135,"[0, 47, 52, 54, 57, 58, 59, 61, 62, 63, 64, 65, 66, 67, 68, 69]",0.13167259786476868,24,[],283.28302200134203,185.2185459993052,592
0.15625,2.5,"[1, 9, 15, 22, 28]",5,,1781073799621.113,0.0,1781073799458.4875,0,0,162.62598399953276,63594,10460.1279296875,2.601992130279541,32,0.23365257680416107,0.014156296849250793,6,6,32,1781073799630.0244,1781073799442.8105,4499,471,late,0.9411764705882353,43.87753499941027,0.10462600039318204,observability_fixed_R16_k16,good,24.585552000644384,0,False,False,0.0,"[0, 47, 52, 54, 57, 58, 59, 61, 62, 63, 64, 65, 66, 67, 68, 69, 70]",3,pg19,5,0d163d4c-bbdd-45a5-a969-da6200b88b74,23329,789,False,16,16,136,"[0, 47, 52, 54, 57, 58, 59, 61, 62, 63, 64, 65, 66, 67, 68, 69]",0.13225161146921538,30,[],288.7900499990792,187.21153600017715,595
0.03125,-1.25,[2],1,,1781073800166.4119,0.0,1781073799982.5916,0,0,183.81901800057676,14521,10461.86669921875,0.7803491950035095,32,0.726523756980896,0.5014571994543076,6,6,32,1781073800175.1794,1781073799967.007,4505,477,late,0.9411764705882353,43.99942599957285,0.11525499940034933,observability_fixed_R16_k16,good,24.35128899924166,0,False,False,0.0,"[0, 47, 52, 54, 57, 58, 59, 61, 62, 63, 64, 65, 66, 67, 68, 69, 70]",3,pg19,1,0d163d4c-bbdd-45a5-a969-da6200b88b74,23344,768,False,16,16,137,"[0, 47, 52, 54, 57, 58, 59, 61, 62, 63, 64, 65, 66, 67, 68, 69]",0.13340732519422863,32,[],291.56786000021384,208.17030699981842,601
0.03125,-1.5,[0],1,,1781073800683.6968,0.0,1781073800526.538,0,0,157.15752000141947,9023,10459.54833984375,0.4366476535797119,32,0.8627258539199829,0.7324737310409546,6,6,32,1781073800692.4949,1781073800511.6584,4507,479,late,0.9411764705882353,43.89427299975068,0.10547800047788769,observability_fixed_R16_k16,good,23.677039998801774,0,False,False,0.0,"[0, 47, 52, 54, 57, 58, 59, 61, 62, 63, 64, 65, 66, 67, 68, 69, 70]",3,pg19,1,0d163d4c-bbdd-45a5-a969-da6200b88b74,23344,765,False,16,16,138,"[0, 47, 52, 54, 57, 58, 59, 61, 62, 63, 64, 65, 66, 67, 68, 69]",0.13379187929886843,34,[],291.1827190000622,180.83456000022124,603
0.03125,-1.25,[2],1,,1781073801201.9766,0.0,1781073801042.299,0,0,159.67663999981596,2041,10459.75244140625,0.8404135704040527,32,0.7805302143096924,0.6929571554064751,6,6,32,1781073801210.801,1781073801027.2566,4509,481,late,0.9411764705882353,43.937095999353915,0.11729600009857677,observability_fixed_R16_k16,good,23.864916000093217,0,False,False,0.0,"[0, 47, 52, 54, 57, 58, 59, 61, 62, 63, 64, 65, 66, 67, 68, 69, 70]",3,pg19,1,0d163d4c-bbdd-45a5-a969-da6200b88b74,23360,765,False,16,16,139,"[0, 47, 52, 54, 57, 58, 59, 61, 62, 63, 64, 65, 66, 67, 68, 69]",0.1341760922599246,36,[],289.3941350012028,183.54155599990918,605
0.0,-2.0,[],0,,1781073801626.3054,0.0,1781073801476.363,0,0,149.9404720016173,51044,10459.54833984375,2.413908004760742,32,0.3781243860721588,0.22294245660305023,6,6,32,1781073801635.1616,1781073801462.1357,4511,483,late,0.9411764705882353,37.050770999485394,0.07844799984013662,observability_fixed_R16_k16,good,23.080714998286567,0,False,False,0.0,"[0, 47, 52, 54, 57, 58, 59, 61, 62, 63, 64, 65, 66, 67, 68, 69, 70]",3,pg19,0,0d163d4c-bbdd-45a5-a969-da6200b88b74,23385,762,False,16,16,140,"[0, 47, 52, 54, 57, 58, 59, 61, 62, 63, 64, 65, 66, 67, 68, 69]",0.13455996453114608,37,[],213.22668999891903,173.02118699990388,607
0.0625,1.25,"[0, 5]",2,,1781073802034.396,0.0,1781073801889.2192,0,0,145.17567700022482,1887,10458.96875,0.00021086432388983667,32,0.9999840259552002,0.9999730728868599,6,6,32,1781073802043.3376,1781073801875.1516,4512,484,late,0.9411764705882353,31.193284999972093,0.07930799984023906,observability_fixed_R16_k16,good,23.004503000265686,0,False,False,0.0,"[0, 47, 52, 54, 57, 58, 59, 61, 62, 63, 64, 65, 66, 67, 68, 69, 70]",3,pg19,2,0d163d4c-bbdd-45a5-a969-da6200b88b74,23377,769,False,16,16,141,"[0, 47, 52, 54, 57, 58, 59, 61, 62, 63, 64, 65, 66, 67, 68, 69]",0.1347517730496454,40,[],207.5518670008023,168.1801800004905,608
0.0,-1.0,[],0,,1781073802454.4646,0.0,1781073802302.5342,0,0,151.930314999845,7089,10460.1279296875,1.00156569480896,32,0.7759036421775818,0.6757051274180412,6,6,32,1781073802463.2593,1781073802288.0667,4515,487,late,0.9411764705882353,32.8662699994311,0.07763800022075884,observability_fixed_R16_k16,good,23.260577001565252,0,False,False,0.0,"[0, 47, 52, 54, 57, 58, 59, 61, 62, 63, 64, 65, 66, 67, 68, 69, 70]",3,pg19,0,0d163d4c-bbdd-45a5-a969-da6200b88b74,23396,758,False,16,16,142,"[0, 47, 52, 54, 57, 58, 59, 61, 62, 63, 64, 65, 66, 67, 68, 69]",0.1353266888150609,41,[],210.54179899874725,175.19089200141025,611
0.0625,1.25,"[0, 4]",2,,1781073802876.3098,0.0,1781073802725.884,0,0,150.4255510008079,13655,10458.96875,0.42204806208610535,32,0.9093709588050842,0.8530254177749157,5,6,32,1781073802885.351,1781073802711.6484,4516,488,late,0.9411764705882353,31.130797000514576,0.08131499998853542,observability_fixed_R16_k16,good,23.274400999071077,0,False,False,0.0,"[0, 47, 52, 54, 57, 58, 59, 61, 62, 63, 64, 65, 66, 67, 68, 69, 70]",3,pg19,2,0d163d4c-bbdd-45a5-a969-da6200b88b74,23396,768,False,16,16,143,"[0, 47, 52, 54, 57, 58, 59, 61, 62, 63, 64, 65, 66, 67, 68, 69]",0.1355181576616475,44,[],216.2248679996992,173.69995199987898,612
0.125,3.0,"[0, 3, 9, 18]",4,0.9622146487236023,1781073803434.1123,136.83681399925263,1781073803150.9055,16,1004,283.2065180009522,30339,10460.1279296875,1.157719373703003,32,0.666864275932312,0.484553724527359,6,6,32,1781073803442.8313,1781073803136.4944,4519,491,late,0.65,35.99013900020509,0.08403799984080251,observability_fixed_R16_k16,good,23.128792998249992,0,False,False,0.0,"[0, 47, 52, 54, 57, 58, 59, 61, 62, 63, 64, 65, 66, 67, 68, 69, 70]",3,pg19,4,0d163d4c-bbdd-45a5-a969-da6200b88b74,23422,980,True,16,16,144,"[0, 53, 55, 57, 58, 60, 61, 62, 63, 64, 65, 66, 67, 68, 69, 70]",0.1360920557645497,49,"[0, 4523, 4522, 4521, 4520, 4517, 4519, 4504, 4269, 4518, 4346, 4246, 4198, 4509, 4406, 4516]",213.97747400078515,306.3353109992022,615
0.03125,-1.0,[0],1,,1781073803791.9377,0.0,1781073803712.3967,0,0,79.5407100013108,22573,10461.287109375,1.0550388097763062,32,0.7429937720298767,0.6694274246692657,6,6,32,1781073803800.6045,1781073803697.8662,4524,496,late,1.0,32.19824299958418,3.8651989998470526,observability_fixed_R16_k16,good,23.19565799916745,0,False,False,0.0,"[0, 53, 55, 57, 58, 60, 61, 62, 63, 64, 65, 66, 67, 68, 69, 70]",3,pg19,1,0d163d4c-bbdd-45a5-a969-da6200b88b74,23449,762,False,16,16,145,"[0, 53, 55, 57, 58, 60, 61, 62, 63, 64, 65, 66, 67, 68, 69, 70]",0.11582670203359859,2,[],217.90977099954034,102.73636800047825,524
0.0,-1.75,[],0,,1781073804221.011,0.0,1781073804065.893,0,0,155.11722100018233,432,10459.54833984375,0.3185083270072937,32,0.9257219433784485,0.8607260659337044,6,6,32,1781073804229.8743,1781073804051.2625,4526,498,late,1.0,33.1974029995763,0.07485700007237028,observability_fixed_R16_k16,good,23.492066999097005,0,False,False,0.0,"[0, 53, 55, 57, 58, 60, 61, 62, 63, 64, 65, 66, 67, 68, 69, 70]",3,pg19,0,0d163d4c-bbdd-45a5-a969-da6200b88b74,23456,760,False,16,16,146,"[0, 53, 55, 57, 58, 60, 61, 62, 63, 64, 65, 66, 67, 68, 69, 70]",0.11621741051701281,3,[],216.4735770002153,178.60928799927933,526
0.03125,-0.75,[0],1,,1781073804636.8748,0.0,1781073804491.4055,0,0,145.4686480010423,1212,10458.96875,1.5433716773986816,32,0.5243233442306519,0.2480243444442749,6,6,32,1781073804645.7576,1781073804477.1523,4527,499,late,1.0,31.134680000832304,0.06945300083316397,observability_fixed_R16_k16,good,23.133171000154107,0,False,False,0.0,"[0, 53, 55, 57, 58, 60, 61, 62, 63, 64, 65, 66, 67, 68, 69, 70]",3,pg19,1,0d163d4c-bbdd-45a5-a969-da6200b88b74,23460,763,False,16,16,147,"[0, 53, 55, 57, 58, 60, 61, 62, 63, 64, 65, 66, 67, 68, 69, 70]",0.11641263529931523,5,[],215.02025700101512,168.60181900119642,527
0.1875,4.5,"[0, 2, 5, 8, 12, 18]",6,,1781073805063.4407,0.0,1781073804911.5278,0,0,151.9119189997582,6771,10459.54833984375,0.058494485914707184,32,0.9905853867530823,0.9822788219898939,6,6,32,1781073805072.412,1781073804897.0127,4529,501,late,1.0,32.953111000097124,0.07146700045268517,observability_fixed_R16_k16,good,23.485339001126704,0,False,False,0.0,"[0, 53, 55, 57, 58, 60, 61, 62, 63, 64, 65, 66, 67, 68, 69, 70]",3,pg19,6,0d163d4c-bbdd-45a5-a969-da6200b88b74,23447,787,False,16,16,148,"[0, 53, 55, 57, 58, 60, 61, 62, 63, 64, 65, 66, 67, 68, 69, 70]",0.11680282623095606,12,[],217.18743800010998,175.3972580008849,529
0.03125,-1.0,[0],1,,1781073805576.8162,0.0,1781073805416.025,0,0,160.79041400007554,6573,10462.4462890625,0.8744502663612366,32,0.7151795029640198,0.4936272203922272,6,6,32,1781073805585.7124,1781073805400.6716,4536,508,late,1.0,43.228769000052125,0.0995600003079744,observability_fixed_R16_k16,good,24.247751000075368,0,False,False,0.0,"[0, 53, 55, 57, 58, 60, 61, 62, 63, 64, 65, 66, 67, 68, 69, 70]",3,pg19,1,0d163d4c-bbdd-45a5-a969-da6200b88b74,23489,764,False,16,16,149,"[0, 53, 55, 57, 58, 60, 61, 62, 63, 64, 65, 66, 67, 68, 69, 70]",0.11816578483245149,14,[],283.5942170004273,185.0381650001509,536
0.0625,0.0,"[1, 5]",2,,1781073806095.086,0.0,1781073805934.815,0,0,160.27115100041556,1431,10460.33203125,1.5961558818817139,32,0.3100478947162628,0.009539186954498291,6,6,32,1781073806103.8474,1781073805919.3738,4538,510,late,1.0,43.6821389994293,0.09470599979977123,observability_fixed_R16_k16,good,24.200248000852298,0,False,False,0.0,"[0, 53, 55, 57, 58, 60, 61, 62, 63, 64, 65, 66, 67, 68, 69, 70]",3,pg19,2,0d163d4c-bbdd-45a5-a969-da6200b88b74,23484,766,False,16,16,150,"[0, 53, 55, 57, 58, 60, 61, 62, 63, 64, 65, 66, 67, 68, 69, 70]",0.11855442926399296,17,[],288.33484099959605,184.47139900126786,538
0.03125,0.0,[1],1,0.846546471118927,1781073843575.4714,129.62249200063525,1781073841133.1736,16,984,2442.3000869992393,773,12808.04638671875,3.1430721282958984,32,0.23052313923835754,0.0950055867433548,6,6,32,1781073843584.944,1781073841114.9456,4054,0,early,0.5238095238095238,337.54675800082623,5.606022001302335,observability_fixed_R16_k16,good,27.695429000232252,0,False,False,0.0,"[48, 49, 50, 51, 52, 53, 54, 55, 56, 57, 58, 59, 60, 61, 62, 63]",4,pg19,1,7437375d-8a0c-4ea6-9f65-2667cdabb395,21112,960,True,16,16,0,"[0, 6, 9, 10, 45, 51, 53, 55, 56, 57, 58, 59, 60, 61, 62, 63]",0.1262950172668969,2,"[0, 4055, 4054, 4053, 4010, 4026, 3919, 4025, 4052, 3979, 4035, 4012, 4015, 3951, 4030, 4011]",282.40944699973625,2469.9955159994715,512
0.0,-1.0,[],0,,1781073844030.2002,0.0,1781073843940.8606,0,0,89.339010999538,11,10459.54833984375,1.31917405128479,32,0.4191596210002899,0.0977787971496582,6,6,32,1781073844039.112,1781073843925.827,4056,2,early,1.0,49.43477199958579,5.623233000733308,observability_fixed_R16_k16,good,23.94421600001806,0,False,False,0.0,"[0, 6, 9, 10, 45, 51, 53, 55, 56, 57, 58, 59, 60, 61, 62, 63]",4,pg19,0,7437375d-8a0c-4ea6-9f65-2667cdabb395,21095,751,False,16,16,1,"[0, 6, 9, 10, 45, 51, 53, 55, 56, 57, 58, 59, 60, 61, 62, 63]",0.13214990138067062,1,[],284.3529790006869,113.28322699955606,536
0.0,-0.5,[],0,,1781073844555.2083,0.0,1781073844390.41,0,0,164.79754399915691,504,10458.96875,0.9449803829193115,32,0.8484994173049927,0.7942566648125648,6,6,32,1781073844564.151,1781073844375.4963,4057,3,early,1.0,41.910279000148876,0.08953600081440527,observability_fixed_R16_k16,good,23.85490200140339,0,False,False,0.0,"[0, 6, 9, 10, 45, 51, 53, 55, 56, 57, 58, 59, 60, 61, 62, 63]",4,pg19,0,7437375d-8a0c-4ea6-9f65-2667cdabb395,21088,759,False,16,16,2,"[0, 6, 9, 10, 45, 51, 53, 55, 56, 57, 58, 59, 60, 61, 62, 63]",0.1323638156273108,2,[],293.19927700089465,188.6524460005603,537
0.09375,2.6666666666666665,"[1, 7, 17]",3,,1781073845103.0503,0.0,1781073844916.9026,0,0,186.14681200051564,566,10458.96875,2.3147523403167725,32,0.3680059015750885,0.10705065727233887,6,6,32,1781073845112.1306,1781073844900.7974,4058,4,early,1.0,41.467211000053794,0.08873200022208039,observability_fixed_R16_k16,good,25.180145999911474,0,False,False,0.0,"[0, 6, 9, 10, 45, 51, 53, 55, 56, 57, 58, 59, 60, 61, 62, 63]",4,pg19,3,7437375d-8a0c-4ea6-9f65-2667cdabb395,21092,773,False,16,16,3,"[0, 6, 9, 10, 45, 51, 53, 55, 56, 57, 58, 59, 60, 61, 62, 63]",0.13257762444553967,6,[],293.55974800091644,211.3269580004271,538
0.0625,1.0,"[6, 17]",2,,1781073845621.7097,0.0,1781073845463.2908,0,0,158.41785300108313,4227,10460.70751953125,3.684169054031372,32,0.14490021765232086,0.04531184583902359,5,6,32,1781073845630.4783,1781073845448.6968,4062,8,early,1.0,43.84958700029529,0.08578599954489619,observability_fixed_R16_k16,good,23.361513998679584,0,False,False,0.0,"[0, 6, 9, 10, 45, 51, 53, 55, 56, 57, 58, 59, 60, 61, 62, 63]",4,pg19,2,7437375d-8a0c-4ea6-9f65-2667cdabb395,21134,771,False,16,16,4,"[0, 6, 9, 10, 45, 51, 53, 55, 56, 57, 58, 59, 60, 61, 62, 63]",0.13343180699162974,9,[],291.30037700087996,181.77936699976271,542
0.0625,0.75,"[2, 13]",2,,1781073846155.217,0.0,1781073845994.8623,0,0,160.35265500067908,5510,10460.1279296875,2.9005496501922607,32,0.25066617131233215,0.05544714629650116,4,6,32,1781073846163.9124,1781073845980.2698,4065,11,early,1.0,51.86096000034013,5.589381000390858,observability_fixed_R16_k16,good,23.287883999728365,0,False,False,0.0,"[0, 6, 9, 10, 45, 51, 53, 55, 56, 57, 58, 59, 60, 61, 62, 63]",4,pg19,2,7437375d-8a0c-4ea6-9f65-2667cdabb395,21133,770,False,16,16,5,"[0, 6, 9, 10, 45, 51, 53, 55, 56, 57, 58, 59, 60, 61, 62, 63]",0.13407134071340712,12,[],291.1182279985951,183.64053900040744,545
0.03125,-0.75,[0],1,,1781073846674.652,0.0,1781073846513.9614,0,0,160.69006900033855,23389,10460.1279296875,0.09549449384212494,32,0.988080620765686,0.9819233152084053,5,6,32,1781073846683.3337,1781073846499.4766,4068,14,early,1.0,46.14183800003957,0.08974800039140973,observability_fixed_R16_k16,good,23.16495000013674,0,False,False,0.0,"[0, 6, 9, 10, 45, 51, 53, 55, 56, 57, 58, 59, 60, 61, 62, 63]",4,pg19,1,7437375d-8a0c-4ea6-9f65-2667cdabb395,21137,766,False,16,16,6,"[0, 6, 9, 10, 45, 51, 53, 55, 56, 57, 58, 59, 60, 61, 62, 63]",0.13470993117010815,14,[],288.113833999887,183.8550190004753,548
0.0625,0.0,"[0, 4]",2,,1781073847194.2761,0.0,1781073847031.5693,0,0,162.70662900024035,198,10459.54833984375,1.4535489082336426,32,0.474058598279953,0.23568697273731232,6,6,32,1781073847203.26,1781073847016.7178,4070,16,early,1.0,43.7131140006386,0.08824699943943415,observability_fixed_R16_k16,good,23.832158998629893,0,False,False,0.0,"[0, 6, 9, 10, 45, 51, 53, 55, 56, 57, 58, 59, 60, 61, 62, 63]",4,pg19,2,7437375d-8a0c-4ea6-9f65-2667cdabb395,21148,768,False,16,16,7,"[0, 6, 9, 10, 45, 51, 53, 55, 56, 57, 58, 59, 60, 61, 62, 63]",0.13513513513513514,17,[],288.3285009993415,186.53878799887025,550
0.0,-1.75,[],0,,1781073847714.0376,0.0,1781073847552.575,0,0,161.4623900004517,4197,10460.1279296875,5.004595756530762,32,0.08687026053667068,0.025270026177167892,5,6,32,1781073847722.7593,1781073847537.9666,4073,19,early,1.0,43.96226199969533,0.09162199967249762,observability_fixed_R16_k16,good,23.32818899958511,0,False,False,0.0,"[0, 6, 9, 10, 45, 51, 53, 55, 56, 57, 58, 59, 60, 61, 62, 63]",4,pg19,0,7437375d-8a0c-4ea6-9f65-2667cdabb395,21188,760,False,16,16,8,"[0, 6, 9, 10, 45, 51, 53, 55, 56, 57, 58, 59, 60, 61, 62, 63]",0.13577215811441198,18,[],289.4201859999157,184.79057900003681,553
0.09375,1.75,"[0, 8, 16]",3,,1781073848233.3152,0.0,1781073848070.7195,0,0,162.59394599910593,4264,10458.96875,2.347111940383911,32,0.48194241523742676,0.3481118381023407,6,6,32,1781073848242.289,1781073848056.4292,4074,20,early,1.0,41.63357400102541,0.10094899880641606,observability_fixed_R16_k16,good,23.26352900126949,0,False,False,0.0,"[0, 6, 9, 10, 45, 51, 53, 55, 56, 57, 58, 59, 60, 61, 62, 63]",4,pg19,3,7437375d-8a0c-4ea6-9f65-2667cdabb395,21174,776,False,16,16,9,"[0, 6, 9, 10, 45, 51, 53, 55, 56, 57, 58, 59, 60, 61, 62, 63]",0.13598429062346587,22,[],290.6983829998353,185.85747500037542,554
0.0625,0.5,"[0, 3]",2,,1781073848751.4192,0.0,1781073848592.0708,0,0,159.34772299988254,702,10460.70751953125,0.6738082766532898,32,0.8367024660110474,0.7485146820545197,6,6,32,1781073848760.1016,1781073848577.3088,4078,24,early,1.0,44.03661200012721,0.09398499969393015,observability_fixed_R16_k16,good,23.44167000046582,0,False,False,0.0,"[0, 6, 9, 10, 45, 51, 53, 55, 56, 57, 58, 59, 60, 61, 62, 63]",4,pg19,2,7437375d-8a0c-4ea6-9f65-2667cdabb395,21186,767,False,16,16,10,"[0, 6, 9, 10, 45, 51, 53, 55, 56, 57, 58, 59, 60, 61, 62, 63]",0.13683178028445317,25,[],289.6598500010441,182.78939300034835,558
0.09375,1.25,"[3, 11, 21]",3,,1781073849305.0579,0.0,1781073849112.1338,0,0,192.923474998679,264,10460.1279296875,3.0870893001556396,32,0.15883611142635345,0.03120771050453186,6,6,32,1781073849313.9688,1781073849096.218,4081,27,early,1.0,43.87598699941009,0.09400799899594858,observability_fixed_R16_k16,good,24.82406300077855,0,False,False,0.0,"[0, 6, 9, 10, 45, 51, 53, 55, 56, 57, 58, 59, 60, 61, 62, 63]",4,pg19,3,7437375d-8a0c-4ea6-9f65-2667cdabb395,21223,770,False,16,16,11,"[0, 6, 9, 10, 45, 51, 53, 55, 56, 57, 58, 59, 60, 61, 62, 63]",0.13746630727762804,29,[],290.7160729992029,217.74753799945756,561
0.0625,0.0,"[1, 7]",2,,1781073849855.4543,0.0,1781073849664.1675,0,0,191.28522500068357,5390,10460.70751953125,1.4097386598587036,32,0.7660532593727112,0.687795989215374,6,6,32,1781073849864.4292,1781073849649.1914,4085,31,early,1.0,44.225797999388305,0.09293999937654007,observability_fixed_R16_k16,good,23.94951299902459,0,False,False,0.0,"[0, 6, 9, 10, 45, 51, 53, 55, 56, 57, 58, 59, 60, 61, 62, 63]",4,pg19,2,7437375d-8a0c-4ea6-9f65-2667cdabb395,21218,770,False,16,16,12,"[0, 6, 9, 10, 45, 51, 53, 55, 56, 57, 58, 59, 60, 61, 62, 63]",0.1383108935128519,32,[],289.4619810012955,215.23473799970816,565
0.03125,-1.5,[1],1,,1781073850400.0403,0.0,1781073850211.9531,0,0,188.08625800011214,198,10460.1279296875,0.47378602623939514,32,0.9006547927856445,0.8628949150443077,5,6,32,1781073850408.8535,1781073850197.0906,4088,34,early,1.0,44.14590399937879,0.10741199912445154,observability_fixed_R16_k16,good,23.673474999668542,0,False,False,0.0,"[0, 6, 9, 10, 45, 51, 53, 55, 56, 57, 58, 59, 60, 61, 62, 63]",4,pg19,1,7437375d-8a0c-4ea6-9f65-2667cdabb395,21224,764,False,16,16,13,"[0, 6, 9, 10, 45, 51, 53, 55, 56, 57, 58, 59, 60, 61, 62, 63]",0.13894324853228962,34,[],287.02782400068827,211.75973299978068,568
0.09375,1.0,"[0, 1, 5]",3,,1781073850951.0007,0.0,1781073850759.7856,0,0,191.21384299978672,522,10459.54833984375,0.10111674666404724,32,0.9843542575836182,0.9750008955597878,6,6,32,1781073850959.928,1781073850745.2095,4090,36,early,1.0,44.19502500059025,0.09629200030758511,observability_fixed_R16_k16,good,23.502309999457793,0,False,False,0.0,"[0, 6, 9, 10, 45, 51, 53, 55, 56, 57, 58, 59, 60, 61, 62, 63]",4,pg19,3,7437375d-8a0c-4ea6-9f65-2667cdabb395,21227,772,False,16,16,14,"[0, 6, 9, 10, 45, 51, 53, 55, 56, 57, 58, 59, 60, 61, 62, 63]",0.1393643031784841,38,[],290.7012580017181,214.7161529992445,570
0.125,1.75,"[0, 1, 9, 17]",4,,1781073851463.5796,0.0,1781073851273.323,0,0,190.25544400028593,358,10460.70751953125,0.0001655709056649357,32,0.9999881982803345,0.9999803090486239,6,6,32,1781073851472.2441,1781073851259.0073,4094,40,early,1.0,44.20352700071817,0.09426200085727032,observability_fixed_R16_k16,good,22.979249000854907,0,False,False,0.0,"[0, 6, 9, 10, 45, 51, 53, 55, 56, 57, 58, 59, 60, 61, 62, 63]",4,pg19,4,7437375d-8a0c-4ea6-9f65-2667cdabb395,21254,777,False,16,16,15,"[0, 6, 9, 10, 45, 51, 53, 55, 56, 57, 58, 59, 60, 61, 62, 63]",0.14020517830972154,43,[],253.66121799925168,213.23469300114084,574
0.1875,3.5,"[0, 2, 3, 4, 6, 12]",6,0.9650967121124268,1781073852118.2734,187.9126540006837,1781073851747.8408,16,970,370.43304800135957,2686,10461.75244140625,0.006846888922154903,32,0.9993003606796265,0.9989598536922131,6,6,32,1781073852127.0835,1781073851733.8323,4099,45,early,0.65,42.143661999944015,4.896440999800689,observability_fixed_R16_k16,good,22.816246999354917,0,False,False,0.0,"[0, 6, 9, 10, 45, 51, 53, 55, 56, 57, 58, 59, 60, 61, 62, 63, 64]",4,pg19,6,7437375d-8a0c-4ea6-9f65-2667cdabb395,21271,977,True,16,16,16,"[0, 2, 4, 6, 9, 10, 11, 53, 57, 58, 59, 60, 61, 62, 63, 64]",0.14906074652354231,50,"[0, 4105, 4104, 4103, 4101, 4099, 4096, 4098, 4100, 4102, 4095, 4097, 4094, 4093, 11, 4092]",213.62778299953789,393.2492950007145,611
0.1875,2.5,"[0, 2, 5, 10, 16, 22]",6,,1781073852484.8218,0.0,1781073852393.137,0,0,91.68340399992303,13,10462.4462890625,5.49179812736611e-09,32,1.0,0.9999999997927043,6,6,32,1781073852493.7236,1781073852378.8848,4106,52,early,1.0,33.14795999904163,4.162343999269069,observability_fixed_R16_k16,good,23.151907000283245,0,False,False,0.0,"[0, 2, 4, 6, 9, 10, 11, 53, 57, 58, 59, 60, 61, 62, 63, 64]",4,pg19,6,7437375d-8a0c-4ea6-9f65-2667cdabb395,21307,784,False,16,16,17,"[0, 2, 4, 6, 9, 10, 11, 53, 57, 58, 59, 60, 61, 62, 63, 64]",0.12713102776424745,7,[],213.4971030009183,114.83531100020627,522
0.1875,1.25,"[0, 2, 5, 10, 15, 21]",6,,1781073853045.6416,0.0,1781073852845.987,0,0,199.65422800123633,279,10462.4462890625,0.13519246876239777,32,0.9708570837974548,0.9424417410045862,6,6,32,1781073853054.6694,1781073852831.1062,4113,59,early,1.0,46.7606309994153,0.09705499905976467,observability_fixed_R16_k16,good,23.90631799789844,0,False,False,0.0,"[0, 2, 4, 6, 9, 10, 11, 53, 57, 58, 59, 60, 61, 62, 63, 64]",4,pg19,6,7437375d-8a0c-4ea6-9f65-2667cdabb395,21355,788,False,16,16,18,"[0, 2, 4, 6, 9, 10, 11, 53, 57, 58, 59, 60, 61, 62, 63, 64]",0.12861658157062972,14,[],289.1270109994366,223.56054599913477,529
0.0,-5.5,[],0,,1781073853586.5117,0.0,1781073853398.1309,0,0,188.37955799972406,1467,10462.4462890625,0.09244753420352936,32,0.9845063090324402,0.9728640643879771,6,6,32,1781073853595.294,1781073853383.4434,4120,66,early,1.0,42.987408000044525,0.09040099939738866,observability_fixed_R16_k16,good,23.468073000913137,0,False,False,0.0,"[0, 2, 4, 6, 9, 10, 11, 53, 57, 58, 59, 60, 61, 62, 63, 64]",4,pg19,0,7437375d-8a0c-4ea6-9f65-2667cdabb395,21383,763,False,16,16,19,"[0, 2, 4, 6, 9, 10, 11, 53, 57, 58, 59, 60, 61, 62, 63, 64]",0.13009708737864079,15,[],284.41831700001785,211.8476310006372,536
0.1875,1.5,"[0, 3, 7, 11, 17, 25]",6,,1781073854054.455,0.0,1781073853875.9954,0,0,178.46007899970573,382,10458.96875,0.10836328566074371,32,0.980506420135498,0.9660762781277299,6,6,32,1781073854063.3606,1781073853860.294,4121,67,early,1.0,41.98467900096148,0.0954469996941043,observability_fixed_R16_k16,good,24.604484999144915,0,False,False,0.0,"[0, 2, 4, 6, 9, 10, 11, 53, 57, 58, 59, 60, 61, 62, 63, 64]",4,pg19,6,7437375d-8a0c-4ea6-9f65-2667cdabb395,21387,788,False,16,16,20,"[0, 2, 4, 6, 9, 10, 11, 53, 57, 58, 59, 60, 61, 62, 63, 64]",0.13030817762678962,22,[],221.78006699869002,203.06456399885064,537
0.1875,1.5,"[0, 1, 4, 7, 12, 21]",6,,1781073854512.6445,0.0,1781073854332.6277,0,0,180.0086809998902,7343,10462.4462890625,0.006846148520708084,32,0.9991607666015625,0.9983311854302883,6,6,32,1781073854521.2698,1781073854316.8574,4128,74,early,1.0,43.11110299931897,0.09261000013793819,observability_fixed_R16_k16,good,24.402278000707156,0,False,False,0.0,"[0, 2, 4, 6, 9, 10, 11, 53, 57, 58, 59, 60, 61, 62, 63, 64]",4,pg19,6,7437375d-8a0c-4ea6-9f65-2667cdabb395,21420,787,False,16,16,21,"[0, 2, 4, 6, 9, 10, 11, 53, 57, 58, 59, 60, 61, 62, 63, 64]",0.13178294573643412,29,[],209.19071000025724,204.41095900059736,544
0.1875,1.5,"[0, 3, 6, 9, 13, 20]",6,,1781073854964.3542,0.0,1781073854780.904,0,0,183.44921100106149,21080,10462.4462890625,0.054069750010967255,32,0.9910755157470703,0.9830205338075757,6,6,32,1781073854973.7224,1781073854766.6707,4135,81,early,1.0,33.41593099867168,0.07000200093898457,observability_fixed_R16_k16,good,23.599574999025208,0,False,False,0.0,"[0, 2, 4, 6, 9, 10, 11, 53, 57, 58, 59, 60, 61, 62, 63, 64]",4,pg19,6,7437375d-8a0c-4ea6-9f65-2667cdabb395,21461,791,False,16,16,22,"[0, 2, 4, 6, 9, 10, 11, 53, 57, 58, 59, 60, 61, 62, 63, 64]",0.1332527206771463,36,[],211.07917400149745,207.0487860000867,551
0.15625,0.5,"[0, 3, 9, 16, 21]",5,,1781073855429.0598,0.0,1781073855247.0042,0,0,182.05454999952053,1887,10462.4462890625,2.1159871721465606e-06,32,0.9999998807907104,0.9999998186428911,6,6,32,1781073855438.384,1781073855232.6047,4142,88,early,1.0,35.67529099927924,0.07292800000868738,observability_fixed_R16_k16,good,23.721650999505073,0,False,False,0.0,"[0, 2, 4, 6, 9, 10, 11, 53, 57, 58, 59, 60, 61, 62, 63, 64]",4,pg19,5,7437375d-8a0c-4ea6-9f65-2667cdabb395,21489,786,False,16,16,23,"[0, 2, 4, 6, 9, 10, 11, 53, 57, 58, 59, 60, 61, 62, 63, 64]",0.13471752776436505,42,[],221.9735260005109,205.7762009990256,558
0.09375,-2.75,"[2, 6, 11]",3,,1781073855878.726,0.0,1781073855697.3835,0,0,181.34086600002775,279,10462.736328125,0.8504337668418884,32,0.8031603097915649,0.7296129614114761,6,6,32,1781073855887.5566,1781073855682.8794,4148,94,early,1.0,32.548881999900914,0.07013200047367718,observability_fixed_R16_k16,good,23.33396799986076,0,False,False,0.0,"[0, 2, 4, 6, 9, 10, 11, 53, 57, 58, 59, 60, 61, 62, 63, 64]",4,pg19,3,7437375d-8a0c-4ea6-9f65-2667cdabb395,21503,773,False,16,16,24,"[0, 2, 4, 6, 9, 10, 11, 53, 57, 58, 59, 60, 61, 62, 63, 64]",0.1359691417550627,46,[],210.73473999967973,204.6748339998885,564
0.1875,1.0,"[0, 4, 8, 14, 19, 24]",6,,1781073856323.925,0.0,1781073856144.7144,0,0,179.2104289997951,1,10460.70751953125,0.7099619507789612,32,0.5600934624671936,0.12389224767684937,6,6,32,1781073856332.811,1781073856130.4224,4152,98,early,1.0,31.964489000529284,0.07035599992377684,observability_fixed_R16_k16,good,23.176298000180395,0,False,False,0.0,"[0, 2, 4, 6, 9, 10, 11, 53, 57, 58, 59, 60, 61, 62, 63, 64]",4,pg19,6,7437375d-8a0c-4ea6-9f65-2667cdabb395,21530,781,False,16,16,25,"[0, 2, 4, 6, 9, 10, 11, 53, 57, 58, 59, 60, 61, 62, 63, 64]",0.13680154142581888,53,[],209.62935900024604,202.3867269999755,568
0.0625,-3.0,"[0, 2]",2,,1781073856772.6667,0.0,1781073856592.0405,0,0,180.62625099992147,61361,10462.4462890625,0.6313492655754089,32,0.714845597743988,0.43490806221961975,6,6,32,1781073856781.3015,1781073856577.1372,4159,105,early,1.0,31.657723000535043,0.07105700024112593,observability_fixed_R16_k16,good,23.53537799899641,0,False,False,0.0,"[0, 2, 4, 6, 9, 10, 11, 53, 57, 58, 59, 60, 61, 62, 63, 64]",4,pg19,2,7437375d-8a0c-4ea6-9f65-2667cdabb395,21569,772,False,16,16,26,"[0, 2, 4, 6, 9, 10, 11, 53, 57, 58, 59, 60, 61, 62, 63, 64]",0.13825438807405627,56,[],211.71777399831626,204.16162899891788,575
0.1875,2.0,"[0, 1, 6, 11, 17, 26]",6,,1781073857236.7031,0.0,1781073857054.2087,0,0,182.49310800092644,19221,10460.1279296875,0.11375706642866135,32,0.9790970683097839,0.9625119511038065,6,6,32,1781073857245.6575,1781073857039.9792,4162,108,early,0.9411764705882353,40.35789299996395,4.30083599894715,observability_fixed_R16_k16,good,23.182856997664203,0,False,False,0.0,"[0, 2, 4, 6, 9, 10, 11, 53, 57, 58, 59, 60, 61, 62, 63, 64, 65]",4,pg19,6,7437375d-8a0c-4ea6-9f65-2667cdabb395,21574,794,False,16,16,27,"[0, 2, 4, 6, 9, 10, 11, 53, 57, 58, 59, 60, 61, 62, 63, 64]",0.14656415185007207,63,[],212.84085600018443,205.67596499859064,610
0.0,-4.25,[],0,,1781073857704.2305,0.0,1781073857523.9307,0,0,180.29885299984016,11017,10462.4462890625,0.21255642175674438,32,0.9658812284469604,0.954810650087893,6,6,32,1781073857713.5469,1781073857509.7715,4169,115,early,0.9411764705882353,33.21083199989516,0.08089999937510584,observability_fixed_R16_k16,good,23.47350900163292,0,False,False,0.0,"[0, 2, 4, 6, 9, 10, 11, 53, 57, 58, 59, 60, 61, 62, 63, 64, 65]",4,pg19,0,7437375d-8a0c-4ea6-9f65-2667cdabb395,21611,765,False,16,16,28,"[0, 2, 4, 6, 9, 10, 11, 53, 57, 58, 59, 60, 61, 62, 63, 64]",0.14799712161189735,64,[],229.89899599997443,203.77236200147308,617
0.03125,-2.5,[2],1,,1781073858148.984,0.0,1781073857970.5125,0,0,178.47047900067992,2585,10458.96875,0.5675889253616333,32,0.8370566964149475,0.748831570148468,6,6,32,1781073858157.693,1781073857956.3025,4170,116,early,0.9411764705882353,31.005310000182362,0.07826100045349449,observability_fixed_R16_k16,good,22.915490000741556,0,False,False,0.0,"[0, 2, 4, 6, 9, 10, 11, 53, 57, 58, 59, 60, 61, 62, 63, 64, 65]",4,pg19,1,7437375d-8a0c-4ea6-9f65-2667cdabb395,21622,765,False,16,16,29,"[0, 2, 4, 6, 9, 10, 11, 53, 57, 58, 59, 60, 61, 62, 63, 64]",0.14820143884892087,66,[],210.74201800001902,201.38596900142147,618
0.125,1.75,"[0, 1, 4, 7]",4,,1781073858601.5618,0.0,1781073858416.1514,0,0,185.4095939997933,504,10459.54833984375,3.972707418142818e-06,32,0.9999998807907104,0.9999997037480455,6,6,32,1781073858610.2476,1781073858402.0623,4172,118,early,0.9411764705882353,32.795538998470875,0.08077600068645552,observability_fixed_R16_k16,good,22.773148000851506,0,False,False,0.0,"[0, 2, 4, 6, 9, 10, 11, 53, 57, 58, 59, 60, 61, 62, 63, 64, 65]",4,pg19,4,7437375d-8a0c-4ea6-9f65-2667cdabb395,21624,773,False,16,16,30,"[0, 2, 4, 6, 9, 10, 11, 53, 57, 58, 59, 60, 61, 62, 63, 64]",0.1486097794822627,71,[],210.3234930000326,208.1827420006448,620
0.1875,3.25,"[0, 1, 2, 7, 16, 23]",6,,1781073859024.9531,0.0,1781073858873.141,0,0,151.8109779990482,5488,10461.287109375,0.002245890675112605,32,0.9997894167900085,0.9997032810060773,6,6,32,1781073859033.5293,1781073858859.075,4177,123,early,0.9411764705882353,32.7280889996473,0.07957799971336499,observability_fixed_R16_k16,good,22.642123001787695,0,False,False,0.0,"[0, 2, 4, 6, 9, 10, 11, 53, 57, 58, 59, 60, 61, 62, 63, 64, 65]",4,pg19,6,7437375d-8a0c-4ea6-9f65-2667cdabb395,21644,786,False,16,16,31,"[0, 2, 4, 6, 9, 10, 11, 53, 57, 58, 59, 60, 61, 62, 63, 64]",0.14962892027771127,78,[],215.04438500051037,174.4531010008359,625
0.1875,3.25,"[0, 2, 6, 9, 15, 26]",6,0.9594908952713013,1781073859577.7146,157.4178769988066,1781073859285.669,16,991,292.0457170002919,13,10462.4462890625,0.1561424434185028,32,0.9664488434791565,0.9353823941200972,6,6,32,1781073859586.7437,1781073859271.9778,4184,130,early,0.65,32.33737699883932,0.07980800000950694,observability_fixed_R16_k16,good,22.717126999850734,0,False,False,0.0,"[0, 2, 4, 6, 9, 10, 11, 53, 57, 58, 59, 60, 61, 62, 63, 64, 65]",4,pg19,6,7437375d-8a0c-4ea6-9f65-2667cdabb395,21681,981,True,16,16,32,"[0, 10, 11, 12, 23, 53, 56, 57, 58, 59, 60, 61, 62, 63, 64, 65]",0.15105162523900573,85,"[0, 4190, 4166, 4167, 4127, 4168, 4189, 4169, 4145, 4174, 4179, 4176, 4178, 4172, 4096, 4187]",205.18970900047862,314.76284400014265,632
0.0625,-2.25,"[0, 6]",2,,1781073859930.2007,0.0,1781073859851.392,0,0,78.80822199877002,13248,10462.4462890625,0.3299725651741028,32,0.9267921447753906,0.8761147782206535,6,6,32,1781073859938.7683,1781073859837.0354,4191,137,early,1.0,33.75630399932561,4.199064000204089,observability_fixed_R16_k16,good,22.922390000530868,0,False,False,0.0,"[0, 10, 11, 12, 23, 53, 56, 57, 58, 59, 60, 61, 62, 63, 64, 65]",4,pg19,2,7437375d-8a0c-4ea6-9f65-2667cdabb395,21718,768,False,16,16,33,"[0, 10, 11, 12, 23, 53, 56, 57, 58, 59, 60, 61, 62, 63, 64, 65]",0.12956335003579098,3,[],211.2890669995977,101.73061199930089,543
0.0,-4.5,[],0,,1781073860370.5388,0.0,1781073860213.0818,0,0,157.45615100058785,264,10460.1279296875,1.2676987648010254,32,0.5071684122085571,0.27856969833374023,6,6,32,1781073860379.031,1781073860198.7708,4194,140,early,1.0,35.24228899914306,4.0083639996737475,observability_fixed_R16_k16,good,22.801613000410725,0,False,False,0.0,"[0, 10, 11, 12, 23, 53, 56, 57, 58, 59, 60, 61, 62, 63, 64, 65]",4,pg19,0,7437375d-8a0c-4ea6-9f65-2667cdabb395,21734,760,False,16,16,34,"[0, 10, 11, 12, 23, 53, 56, 57, 58, 59, 60, 61, 62, 63, 64, 65]",0.1301859799713877,4,[],219.80169100061175,180.25776400099858,546
0.09375,-0.5,"[1, 4, 8]",3,,1781073860778.8643,0.0,1781073860634.1584,0,0,144.70514099957654,264,10458.96875,0.48949944972991943,32,0.8480483889579773,0.7052137404680252,6,6,32,1781073860787.356,1781073860620.4988,4195,141,early,1.0,30.87204599978577,0.06717299947922584,observability_fixed_R16_k16,good,22.149363001517486,0,False,False,0.0,"[0, 10, 11, 12, 23, 53, 56, 57, 58, 59, 60, 61, 62, 63, 64, 65]",4,pg19,3,7437375d-8a0c-4ea6-9f65-2667cdabb395,21726,772,False,16,16,35,"[0, 10, 11, 12, 23, 53, 56, 57, 58, 59, 60, 61, 62, 63, 64, 65]",0.13039332538736592,8,[],209.64899499995227,166.85450400109403,547
0.0625,-0.75,"[0, 8]",2,,1781073861191.4775,0.0,1781073861045.4329,0,0,146.04345600128,73895,10460.70751953125,2.5732581615448,32,0.28220781683921814,0.12635786831378937,6,6,32,1781073861200.2544,1781073861031.2615,4199,145,early,1.0,32.530059999771765,0.07018199903541245,observability_fixed_R16_k16,good,22.94832199913799,0,False,False,0.0,"[0, 10, 11, 12, 23, 53, 56, 57, 58, 59, 60, 61, 62, 63, 64, 65]",4,pg19,2,7437375d-8a0c-4ea6-9f65-2667cdabb395,21756,763,False,16,16,36,"[0, 10, 11, 12, 23, 53, 56, 57, 58, 59, 60, 61, 62, 63, 64, 65]",0.13122171945701358,11,[],210.3320280002663,168.99177800041798,551
0.03125,-0.75,[4],1,,1781073861605.0427,0.0,1781073861459.0203,0,0,146.02171699880273,11108,10460.1279296875,1.7809702157974243,32,0.2666921615600586,0.03857827186584473,6,6,32,1781073861613.8518,1781073861444.9658,4202,148,early,1.0,32.84589400027471,0.06802300049457699,observability_fixed_R16_k16,good,22.862743002406205,0,False,False,0.0,"[0, 10, 11, 12, 23, 53, 56, 57, 58, 59, 60, 61, 62, 63, 64, 65]",4,pg19,1,7437375d-8a0c-4ea6-9f65-2667cdabb395,21772,768,False,16,16,37,"[0, 10, 11, 12, 23, 53, 56, 57, 58, 59, 60, 61, 62, 63, 64, 65]",0.13184198000951927,13,[],210.8581900010904,168.88446000120894,554
0.03125,-0.5,[7],1,,1781073862014.9956,0.0,1781073861869.0647,0,0,145.93052999953215,15102,10459.54833984375,2.9817898273468018,32,0.2618928849697113,0.030773237347602844,6,6,32,1781073862023.624,1781073861854.3042,4204,150,early,1.0,32.376982000641874,0.06820199996582232,observability_fixed_R16_k16,good,23.387651001030463,0,False,False,0.0,"[0, 10, 11, 12, 23, 53, 56, 57, 58, 59, 60, 61, 62, 63, 64, 65]",4,pg19,1,7437375d-8a0c-4ea6-9f65-2667cdabb395,21779,767,False,16,16,38,"[0, 10, 11, 12, 23, 53, 56, 57, 58, 59, 60, 61, 62, 63, 64, 65]",0.13225499524262607,15,[],207.12567900045542,169.31818100056262,556
0.0625,0.25,"[4, 12]",2,,1781073862428.9111,0.0,1781073862283.9614,0,0,144.9495470005786,728,10460.013671875,3.122018814086914,32,0.3152080774307251,0.16631431877613068,6,6,32,1781073862437.4102,1781073862268.3796,4206,152,early,1.0,32.7120769998146,0.0694740010658279,observability_fixed_R16_k16,good,24.077653999484028,0,False,False,0.0,"[0, 10, 11, 12, 23, 53, 56, 57, 58, 59, 60, 61, 62, 63, 64, 65]",4,pg19,2,7437375d-8a0c-4ea6-9f65-2667cdabb395,21795,767,False,16,16,39,"[0, 10, 11, 12, 23, 53, 56, 57, 58, 59, 60, 61, 62, 63, 64, 65]",0.1326676176890157,18,[],211.11709600154427,169.02720100006263,558
0.0625,0.5,"[0, 2]",2,,1781073862835.0493,0.0,1781073862691.2988,0,0,143.74967300136632,714,10460.1279296875,0.3285931646823883,32,0.9446841478347778,0.9187100287526846,6,6,32,1781073862843.5366,1781073862677.4688,4209,155,early,1.0,32.338635000996874,0.06767999911971856,observability_fixed_R16_k16,good,22.315869997328264,0,False,False,0.0,"[0, 10, 11, 12, 23, 53, 56, 57, 58, 59, 60, 61, 62, 63, 64, 65]",4,pg19,2,7437375d-8a0c-4ea6-9f65-2667cdabb395,21791,767,False,16,16,40,"[0, 10, 11, 12, 23, 53, 56, 57, 58, 59, 60, 61, 62, 63, 64, 65]",0.13328581610833928,21,[],206.5560569990339,166.06554299869458,561
0.09375,1.5,"[0, 2, 14]",3,,1781073863241.8528,0.0,1781073863097.852,0,0,143.99936599875218,8450,10460.1279296875,1.171372652053833,32,0.6139438152313232,0.3239372670650482,6,6,32,1781073863250.3474,1781073863083.5938,4212,158,early,1.0,32.340452999051195,0.07216899939521682,observability_fixed_R16_k16,good,22.75145000021439,0,False,False,0.0,"[0, 10, 11, 12, 23, 53, 56, 57, 58, 59, 60, 61, 62, 63, 64, 65]",4,pg19,3,7437375d-8a0c-4ea6-9f65-2667cdabb395,21803,775,False,16,16,41,"[0, 10, 11, 12, 23, 53, 56, 57, 58, 59, 60, 61, 62, 63, 64, 65]",0.1339031339031339,25,[],206.74887700079125,166.75081599896657,564
0.15625,3.0,"[0, 2, 6, 12, 22]",5,,1781073863643.9302,0.0,1781073863502.2595,0,0,141.67014000122435,10455,10460.70751953125,0.3539348840713501,32,0.9362776875495911,0.9057071395218372,6,6,32,1781073863652.4668,1781073863487.7246,4216,162,early,1.0,31.8412159995205,0.07006199848547112,observability_fixed_R16_k16,good,23.070417997587356,0,False,False,0.0,"[0, 10, 11, 12, 23, 53, 56, 57, 58, 59, 60, 61, 62, 63, 64, 65]",4,pg19,5,7437375d-8a0c-4ea6-9f65-2667cdabb395,21825,788,False,16,16,42,"[0, 10, 11, 12, 23, 53, 56, 57, 58, 59, 60, 61, 62, 63, 64, 65]",0.1347248576850095,31,[],204.3553769999562,164.7405579988117,568
0.0625,-1.0,"[4, 12]",2,,1781073864056.129,0.0,1781073863911.883,0,0,144.24646500083327,279,10461.86669921875,1.9858440160751343,32,0.30915725231170654,0.07211816310882568,6,6,32,1781073864064.79,1781073863896.1492,4222,168,early,1.0,33.270159001403954,0.07426799857057631,observability_fixed_R16_k16,good,24.392729997998686,0,False,False,0.0,"[0, 10, 11, 12, 23, 53, 56, 57, 58, 59, 60, 61, 62, 63, 64, 65]",4,pg19,2,7437375d-8a0c-4ea6-9f65-2667cdabb395,21868,768,False,16,16,43,"[0, 10, 11, 12, 23, 53, 56, 57, 58, 59, 60, 61, 62, 63, 64, 65]",0.1359545239223117,34,[],209.50077599991346,168.63919499883195,574
0.0625,-1.0,"[1, 3]",2,,1781073864480.0222,0.0,1781073864332.4197,0,0,147.60283299983712,5488,10460.1279296875,0.6451737284660339,32,0.7500677704811096,0.5140484869480133,6,6,32,1781073864488.6228,1781073864316.8823,4225,171,middle,0.9411764705882353,36.50720399855345,4.254423000020324,observability_fixed_R16_k16,good,24.135308000040823,0,False,False,0.0,"[0, 10, 11, 12, 23, 53, 56, 57, 58, 59, 60, 61, 62, 63, 64, 65, 66]",4,pg19,2,7437375d-8a0c-4ea6-9f65-2667cdabb395,21865,770,False,16,16,44,"[0, 10, 11, 12, 23, 53, 56, 57, 58, 59, 60, 61, 62, 63, 64, 65]",0.14414201183431952,37,[],210.41019599942956,171.73814099987794,609
0.1875,3.0,"[0, 1, 2, 4, 13, 26]",6,,1781073864892.0137,0.0,1781073864748.426,0,0,143.5867039999721,15659,10460.1279296875,0.016792001202702522,32,0.9979405999183655,0.996486417716369,6,6,32,1781073864900.4949,1781073864734.3367,4228,174,middle,0.9411764705882353,32.71913600110565,0.0773920000938233,observability_fixed_R16_k16,good,22.57035500042548,0,False,False,0.0,"[0, 10, 11, 12, 23, 53, 56, 57, 58, 59, 60, 61, 62, 63, 64, 65, 66]",4,pg19,6,7437375d-8a0c-4ea6-9f65-2667cdabb395,21885,788,False,16,16,45,"[0, 10, 11, 12, 23, 53, 56, 57, 58, 59, 60, 61, 62, 63, 64, 65]",0.14474929044465468,44,[],212.03682700070203,166.15705900039757,612
0.15625,1.25,"[0, 1, 2, 6, 13]",5,,1781073865308.6187,0.0,1781073865165.2104,0,0,143.40660299967567,9539,10462.4462890625,0.12022639811038971,32,0.9813186526298523,0.971077673137188,6,6,32,1781073865317.5974,1781073865151.092,4235,181,middle,0.9411764705882353,32.42794400102866,0.0764520009397529,observability_fixed_R16_k16,good,23.096695000276668,0,False,False,0.0,"[0, 10, 11, 12, 23, 53, 56, 57, 58, 59, 60, 61, 62, 63, 64, 65, 66]",4,pg19,5,7437375d-8a0c-4ea6-9f65-2667cdabb395,21928,784,False,16,16,46,"[0, 10, 11, 12, 23, 53, 56, 57, 58, 59, 60, 61, 62, 63, 64, 65]",0.1461629279811098,50,[],217.20336199905432,166.50329799995234,619
0.0625,-1.75,"[0, 2]",2,,1781073865723.924,0.0,1781073865580.5413,0,0,143.38152099844592,7218,10461.86669921875,0.29085466265678406,32,0.9415506720542908,0.9020762406289577,6,6,32,1781073865732.5005,1781073865566.1902,4241,187,middle,0.9411764705882353,32.50854399993841,0.07826799992471933,observability_fixed_R16_k16,good,22.927052003069548,0,False,False,0.0,"[0, 10, 11, 12, 23, 53, 56, 57, 58, 59, 60, 61, 62, 63, 64, 65, 66]",4,pg19,2,7437375d-8a0c-4ea6-9f65-2667cdabb395,21950,769,False,16,16,47,"[0, 10, 11, 12, 23, 53, 56, 57, 58, 59, 60, 61, 62, 63, 64, 65]",0.14737090308889414,53,[],214.8036350008624,166.30857300151547,625
0.09375,-0.75,"[5, 14, 21]",3,0.9476391077041626,1781073866269.3008,130.63964300090447,1781073865992.2742,16,984,277.02750400021614,6290,10460.99072265625,1.8300485610961914,32,0.42254194617271423,0.21980410814285278,6,6,32,1781073866277.943,1781073865976.6917,4244,190,middle,0.5714285714285714,33.008840000547934,0.07734300015727058,observability_fixed_R16_k16,good,24.220980998507002,0,False,False,0.0,"[0, 10, 11, 12, 23, 53, 56, 57, 58, 59, 60, 61, 62, 63, 64, 65, 66]",4,pg19,3,7437375d-8a0c-4ea6-9f65-2667cdabb395,21961,977,True,16,16,48,"[0, 12, 37, 39, 54, 55, 56, 58, 59, 60, 61, 62, 63, 64, 65, 66]",0.14797360980207352,57,"[0, 4247, 4243, 4242, 4244, 4240, 4246, 4245, 4241, 4239, 4237, 4238, 4109, 4127, 4236, 4096]",210.25159999953758,301.24848499872314,628
0.0625,-2.0,"[1, 7]",2,,1781073866616.134,0.0,1781073866536.6646,0,0,79.46881299903907,27061,10460.70751953125,1.0565276145935059,32,0.5267133116722107,0.1647089123725891,6,6,32,1781073866624.6873,1781073866522.6196,4248,194,middle,1.0,32.47429899965937,4.212662001009448,observability_fixed_R16_k16,good,22.59703200070362,0,False,False,0.0,"[0, 12, 37, 39, 54, 55, 56, 58, 59, 60, 61, 62, 63, 64, 65, 66]",4,pg19,2,7437375d-8a0c-4ea6-9f65-2667cdabb395,21991,768,False,16,16,49,"[0, 12, 37, 39, 54, 55, 56, 58, 59, 60, 61, 62, 63, 64, 65, 66]",0.12617702448210924,3,[],206.93408800070756,102.0658449997427,536
0.0625,-1.0,"[0, 3]",2,,1781073867041.7664,0.0,1781073866885.6672,0,0,156.09868499996082,4238,10460.1279296875,0.005454058758914471,32,0.9995180368423462,0.999311463921913,6,6,32,1781073867050.532,1781073866871.5022,4251,197,middle,1.0,31.318528999690898,0.06708799992338754,observability_fixed_R16_k16,good,22.92931500051054,0,False,False,0.0,"[0, 12, 37, 39, 54, 55, 56, 58, 59, 60, 61, 62, 63, 64, 65, 66]",4,pg19,2,7437375d-8a0c-4ea6-9f65-2667cdabb395,21988,770,False,16,16,50,"[0, 12, 37, 39, 54, 55, 56, 58, 59, 60, 61, 62, 63, 64, 65, 66]",0.12679369560103504,6,[],214.53013499922235,179.02800000047137,539
0.03125,-1.25,[1],1,,1781073867454.4358,0.0,1781073867307.847,0,0,146.58775600037188,62621,10460.1279296875,1.3170485496520996,32,0.4894120693206787,0.17832285165786743,6,6,32,1781073867462.9438,1781073867293.7463,4254,200,middle,1.0,33.08120400106418,0.07180499960668385,observability_fixed_R16_k16,good,22.606809998251265,0,False,False,0.0,"[0, 12, 37, 39, 54, 55, 56, 58, 59, 60, 61, 62, 63, 64, 65, 66]",4,pg19,1,7437375d-8a0c-4ea6-9f65-2667cdabb395,22007,767,False,16,16,51,"[0, 12, 37, 39, 54, 55, 56, 58, 59, 60, 61, 62, 63, 64, 65, 66]",0.12740949694405265,8,[],209.216255998399,169.19456599862315,542
0.0625,0.0,"[0, 2]",2,,1781073867865.9895,0.0,1781073867722.1697,0,0,143.81886999944982,11508,10459.54833984375,0.516250491142273,32,0.8465961217880249,0.7017605900764465,6,6,32,1781073867874.5117,1781073867707.938,4256,202,middle,1.0,31.738473999212147,0.07035400085442234,observability_fixed_R16_k16,good,22.75027100040461,0,False,False,0.0,"[0, 12, 37, 39, 54, 55, 56, 58, 59, 60, 61, 62, 63, 64, 65, 66]",4,pg19,2,7437375d-8a0c-4ea6-9f65-2667cdabb395,22011,772,False,16,16,52,"[0, 12, 37, 39, 54, 55, 56, 58, 59, 60, 61, 62, 63, 64, 65, 66]",0.12781954887218044,11,[],212.1740469992801,166.56914099985443,544
0.0625,0.25,"[0, 11]",2,,1781073868276.357,0.0,1781073868131.4673,0,0,144.88845100095205,43278,10460.1279296875,0.9822604656219482,32,0.48617470264434814,0.036536604166030884,5,6,32,1781073868284.8848,1781073868117.6199,4259,205,middle,1.0,33.06092300044838,0.07368400110863149,observability_fixed_R16_k16,good,22.372428999005933,0,False,False,0.0,"[0, 12, 37, 39, 54, 55, 56, 58, 59, 60, 61, 62, 63, 64, 65, 66]",4,pg19,2,7437375d-8a0c-4ea6-9f65-2667cdabb395,22026,773,False,16,16,53,"[0, 12, 37, 39, 54, 55, 56, 58, 59, 60, 61, 62, 63, 64, 65, 66]",0.12843390467245833,14,[],208.8320160000876,167.26087999995798,547
0.03125,-0.75,[1],1,,1781073868685.0288,0.0,1781073868540.2053,0,0,144.8230469995906,1075,10460.1279296875,1.7291769981384277,32,0.521014928817749,0.32632584869861603,5,6,32,1781073868693.511,1781073868526.136,4262,208,middle,1.0,32.2970980014361,0.0734450004529208,observability_fixed_R16_k16,good,22.547336999195977,0,False,False,0.0,"[0, 12, 37, 39, 54, 55, 56, 58, 59, 60, 61, 62, 63, 64, 65, 66]",4,pg19,1,7437375d-8a0c-4ea6-9f65-2667cdabb395,22038,763,False,16,16,54,"[0, 12, 37, 39, 54, 55, 56, 58, 59, 60, 61, 62, 63, 64, 65, 66]",0.1290473955889254,16,[],207.72869699976582,167.37038399878656,550
0.0,-1.5,[],0,,1781073869089.0845,0.0,1781073868945.443,0,0,143.64072799980931,42659,10459.54833984375,4.307471752166748,32,0.14938372373580933,0.013368308544158936,5,6,32,1781073869097.9163,1781073868931.5503,4264,210,middle,1.0,31.330761999925016,0.07108599857019726,observability_fixed_R16_k16,good,22.721211000316544,0,False,False,0.0,"[0, 12, 37, 39, 54, 55, 56, 58, 59, 60, 61, 62, 63, 64, 65, 66]",4,pg19,0,7437375d-8a0c-4ea6-9f65-2667cdabb395,22058,764,False,16,16,55,"[0, 12, 37, 39, 54, 55, 56, 58, 59, 60, 61, 62, 63, 64, 65, 66]",0.1294559099437148,17,[],205.40087500012305,166.36193900012586,552
0.03125,-0.25,[3],1,,1781073869504.9028,0.0,1781073869362.2566,0,0,142.6457070010656,11,10458.96875,1.283672571182251,32,0.5984471440315247,0.43226438760757446,5,6,32,1781073869513.3936,1781073869348.172,4265,211,middle,1.0,31.4802859993506,0.07455900049535558,observability_fixed_R16_k16,good,22.574455999347265,0,False,False,0.0,"[0, 12, 37, 39, 54, 55, 56, 58, 59, 60, 61, 62, 63, 64, 65, 66]",4,pg19,1,7437375d-8a0c-4ea6-9f65-2667cdabb395,22054,759,False,16,16,56,"[0, 12, 37, 39, 54, 55, 56, 58, 59, 60, 61, 62, 63, 64, 65, 66]",0.12966002344665886,19,[],217.75895500104525,165.22016300041287,553
0.0,-1.0,[],0,,1781073869919.3972,0.0,1781073869774.1611,0,0,145.23506300065492,2087,10459.54833984375,3.7635130882263184,32,0.3110179901123047,0.2298840954899788,6,6,32,1781073869927.8713,1781073869760.1438,4267,213,middle,1.0,32.045804999143,0.06974300049478188,observability_fixed_R16_k16,good,22.49092199963343,0,False,False,0.0,"[0, 12, 37, 39, 54, 55, 56, 58, 59, 60, 61, 62, 63, 64, 65, 66]",4,pg19,0,7437375d-8a0c-4ea6-9f65-2667cdabb395,22079,763,False,16,16,57,"[0, 12, 37, 39, 54, 55, 56, 58, 59, 60, 61, 62, 63, 64, 65, 66]",0.13006796344035623,20,[],213.7896650001494,167.72598500028835,555
0.0625,1.5,"[0, 7]",2,,1781073870336.7368,0.0,1781073870194.0344,0,0,142.70208299967635,26705,10458.96875,0.3620893359184265,32,0.9326662421226501,0.8986938782036304,6,6,32,1781073870345.2883,1781073870180.393,4268,214,middle,1.0,30.63236599882657,0.06998699973337352,observability_fixed_R16_k16,good,22.191589001522516,0,False,False,0.0,"[0, 12, 37, 39, 54, 55, 56, 58, 59, 60, 61, 62, 63, 64, 65, 66]",4,pg19,2,7437375d-8a0c-4ea6-9f65-2667cdabb395,22067,772,False,16,16,58,"[0, 12, 37, 39, 54, 55, 56, 58, 59, 60, 61, 62, 63, 64, 65, 66]",0.1302717900656045,23,[],220.9298050001962,164.89367200119887,556
0.0625,1.25,"[0, 1]",2,,1781073870746.431,0.0,1781073870602.332,0,0,144.0978829996311,24696,10460.1279296875,0.07324966788291931,32,0.9902545809745789,0.9871997872833163,6,6,32,1781073870755.1,1781073870588.528,4271,217,middle,1.0,32.5358160007454,0.0742840002203593,observability_fixed_R16_k16,good,22.471959000540664,0,False,False,0.0,"[0, 12, 37, 39, 54, 55, 56, 58, 59, 60, 61, 62, 63, 64, 65, 66]",4,pg19,2,7437375d-8a0c-4ea6-9f65-2667cdabb395,22094,767,False,16,16,59,"[0, 12, 37, 39, 54, 55, 56, 58, 59, 60, 61, 62, 63, 64, 65, 66]",0.1308826972605947,26,[],209.75964999888674,166.56984200017177,559
0.0625,0.75,"[0, 5]",2,,1781073871158.1777,0.0,1781073871012.3647,0,0,145.81256400015263,27870,10460.1279296875,0.25385504961013794,32,0.9575263857841492,0.9460248770192266,4,6,32,1781073871166.959,1781073870998.4775,4274,220,middle,1.0,32.38830700138351,0.07373399967036676,observability_fixed_R16_k16,good,22.667383000225527,0,False,False,0.0,"[0, 12, 37, 39, 54, 55, 56, 58, 59, 60, 61, 62, 63, 64, 65, 66]",4,pg19,2,7437375d-8a0c-4ea6-9f65-2667cdabb395,22104,771,False,16,16,60,"[0, 12, 37, 39, 54, 55, 56, 58, 59, 60, 61, 62, 63, 64, 65, 66]",0.13149274684136641,29,[],210.006366000016,168.47994700037816,562
0.0625,0.5,"[0, 4]",2,,1781073871569.107,0.0,1781073871422.157,0,0,146.94860599956883,24983,10460.1279296875,0.7066560387611389,32,0.5869674682617188,0.1771981418132782,6,6,32,1781073871577.7068,1781073871407.916,4277,223,middle,1.0,32.6405710002291,0.07713800005149096,observability_fixed_R16_k16,good,22.840313000415335,0,False,False,0.0,"[0, 12, 37, 39, 54, 55, 56, 58, 59, 60, 61, 62, 63, 64, 65, 66]",4,pg19,2,7437375d-8a0c-4ea6-9f65-2667cdabb395,22123,770,False,16,16,61,"[0, 12, 37, 39, 54, 55, 56, 58, 59, 60, 61, 62, 63, 64, 65, 66]",0.1321019406125789,32,[],207.41025100141997,169.78891899998416,565
0.0625,0.0,"[0, 3]",2,,1781073871986.8396,0.0,1781073871840.6472,0,0,146.2031200007914,9583,10460.1279296875,1.3373509091252345e-06,32,1.0,0.9999999764113454,6,6,32,1781073871995.825,1781073871826.0554,4280,226,middle,1.0,33.886563000123715,0.07586399988213088,observability_fixed_R16_k16,good,23.5643349988095,0,False,False,0.0,"[0, 12, 37, 39, 54, 55, 56, 58, 59, 60, 61, 62, 63, 64, 65, 66]",4,pg19,2,7437375d-8a0c-4ea6-9f65-2667cdabb395,22120,767,False,16,16,62,"[0, 12, 37, 39, 54, 55, 56, 58, 59, 60, 61, 62, 63, 64, 65, 66]",0.13271028037383178,35,[],213.51856100045552,169.7674549996009,568
0.0,-2.0,[],0,,1781073872507.4922,0.0,1781073872345.1714,0,0,162.32001000025775,5711,10460.1279296875,3.1172292232513428,32,0.268552303314209,0.08684071898460388,6,6,32,1781073872516.4695,1781073872330.2612,4283,229,middle,1.0,44.90590499881364,0.10157699944102205,observability_fixed_R16_k16,good,23.883529000158887,0,False,False,0.0,"[0, 12, 37, 39, 54, 55, 56, 58, 59, 60, 61, 62, 63, 64, 65, 66]",4,pg19,0,7437375d-8a0c-4ea6-9f65-2667cdabb395,22159,764,False,16,16,63,"[0, 12, 37, 39, 54, 55, 56, 58, 59, 60, 61, 62, 63, 64, 65, 66]",0.13331776791968247,36,[],288.2051570013573,186.20353900041664,571
0.1875,4.5,"[0, 2, 9, 14, 21, 27]",6,0.9409251809120178,1781073873151.6648,136.40812600169738,1781073872858.1743,16,963,293.49072000150045,22106,10458.96875,0.8048858046531677,32,0.6326537728309631,0.30952581763267517,6,6,32,1781073873160.4536,1781073872843.9272,4284,230,middle,0.6842105263157895,40.81567499997618,0.10139400001207832,observability_fixed_R16_k16,good,23.033600997223402,0,False,False,0.0,"[0, 12, 37, 39, 54, 55, 56, 58, 59, 60, 61, 62, 63, 64, 65, 66]",4,pg19,6,7437375d-8a0c-4ea6-9f65-2667cdabb395,22138,995,True,16,16,64,"[0, 51, 54, 55, 56, 57, 58, 59, 60, 61, 62, 63, 64, 65, 66, 67]",0.13352007469654528,43,"[0, 4290, 4289, 4288, 4277, 4283, 4282, 4286, 4284, 4281, 4278, 4272, 4274, 4109, 4273, 4263]",285.04628600057913,316.52432099872385,572
0.0,-2.5,[],0,,1781073873524.9888,0.0,1781073873445.9595,0,0,79.02834699962114,24696,10462.4462890625,0.0652170330286026,32,0.9912981986999512,0.9873097981326282,6,6,32,1781073873533.709,1781073873431.8088,4291,237,middle,1.0,49.23262699958286,5.625341000268236,observability_fixed_R16_k16,good,22.870013001011102,0,False,False,0.0,"[0, 51, 54, 55, 56, 57, 58, 59, 60, 61, 62, 63, 64, 65, 66, 67]",4,pg19,0,7437375d-8a0c-4ea6-9f65-2667cdabb395,22166,763,False,16,16,65,"[0, 51, 54, 55, 56, 57, 58, 59, 60, 61, 62, 63, 64, 65, 66, 67]",0.12747611279422047,1,[],215.10428699912154,101.89836000063224,547
0.0625,0.0,"[2, 10]",2,,1781073873947.2532,0.0,1781073873789.7742,0,0,157.47832099987136,25935,10458.96875,1.0705054998397827,32,0.5615420937538147,0.34163905680179596,6,6,32,1781073873956.088,1781073873775.2754,4292,238,middle,1.0,28.711176999422605,0.060706999647663906,observability_fixed_R16_k16,good,23.331240001425613,0,False,False,0.0,"[0, 51, 54, 55, 56, 57, 58, 59, 60, 61, 62, 63, 64, 65, 66, 67]",4,pg19,2,7437375d-8a0c-4ea6-9f65-2667cdabb395,22175,774,False,16,16,66,"[0, 51, 54, 55, 56, 57, 58, 59, 60, 61, 62, 63, 64, 65, 66, 67]",0.1276794035414725,4,[],211.90638600091916,180.80956100129697,548
0.09375,1.0,"[0, 2, 6]",3,,1781073874359.9417,0.0,1781073874213.489,0,0,146.4524809998693,37239,10460.1279296875,0.36860188841819763,32,0.8855645656585693,0.7729776725172997,6,6,32,1781073874368.829,1781073874199.3416,4295,241,middle,1.0,33.42562800025917,0.10218900024483446,observability_fixed_R16_k16,good,23.03125800062844,0,False,False,0.0,"[0, 51, 54, 55, 56, 57, 58, 59, 60, 61, 62, 63, 64, 65, 66, 67]",4,pg19,3,7437375d-8a0c-4ea6-9f65-2667cdabb395,22190,771,False,16,16,67,"[0, 51, 54, 55, 56, 57, 58, 59, 60, 61, 62, 63, 64, 65, 66, 67]",0.12828870779976717,8,[],208.57707499999378,169.48373900049774,551
0.03125,-1.75,[1],1,,1781073874765.681,0.0,1781073874620.7134,0,0,144.96658299867704,264,10460.70751953125,0.4330798089504242,32,0.8922964334487915,0.80666533857584,6,6,32,1781073874774.2556,1781073874606.6538,4299,245,middle,1.0,32.338644999981625,0.06898600076965522,observability_fixed_R16_k16,good,22.634183002082864,0,False,False,0.0,"[0, 51, 54, 55, 56, 57, 58, 59, 60, 61, 62, 63, 64, 65, 66, 67]",4,pg19,1,7437375d-8a0c-4ea6-9f65-2667cdabb395,22211,762,False,16,16,68,"[0, 51, 54, 55, 56, 57, 58, 59, 60, 61, 62, 63, 64, 65, 66, 67]",0.12909979064898813,10,[],204.46766799977922,167.6007660007599,555
0.0,-1.5,[],0,,1781073875180.571,0.0,1781073875027.6814,0,0,152.88841999972647,10775,10459.54833984375,4.315012454986572,32,0.11277145892381668,0.016312912106513977,4,6,32,1781073875189.4917,1781073875013.3171,4301,247,middle,1.0,31.820656000491,0.06608999865420628,observability_fixed_R16_k16,good,23.284599001272,0,False,False,0.0,"[0, 51, 54, 55, 56, 57, 58, 59, 60, 61, 62, 63, 64, 65, 66, 67]",4,pg19,0,7437375d-8a0c-4ea6-9f65-2667cdabb395,22240,765,False,16,16,69,"[0, 51, 54, 55, 56, 57, 58, 59, 60, 61, 62, 63, 64, 65, 66, 67]",0.12950476633341085,11,[],206.218675000855,176.17301900099847,557
0.09375,1.5,"[0, 3, 13]",3,,1781073875588.2788,0.0,1781073875443.6902,0,0,144.58736300002784,576,10458.96875,0.0018909998470917344,32,0.9998194575309753,0.9996634810959222,6,6,32,1781073875596.9172,1781073875429.6995,4302,248,middle,1.0,31.07387800082506,0.06801199924666435,observability_fixed_R16_k16,good,22.628976999840233,0,False,False,0.0,"[0, 51, 54, 55, 56, 57, 58, 59, 60, 61, 62, 63, 64, 65, 66, 67]",4,pg19,3,7437375d-8a0c-4ea6-9f65-2667cdabb395,22231,774,False,16,16,70,"[0, 51, 54, 55, 56, 57, 58, 59, 60, 61, 62, 63, 64, 65, 66, 67]",0.1297071129707113,15,[],208.19191299960949,167.21633999986807,558
0.0,-1.75,[],0,,1781073876001.869,0.0,1781073875852.1462,0,0,149.72121000027983,16688,10460.70751953125,2.746138095855713,32,0.48543134331703186,0.32535307109355927,6,6,32,1781073876010.6934,1781073875837.982,4306,252,middle,1.0,31.716710000182502,0.06620099884457886,observability_fixed_R16_k16,good,22.988414999417728,0,False,False,0.0,"[0, 51, 54, 55, 56, 57, 58, 59, 60, 61, 62, 63, 64, 65, 66, 67]",4,pg19,0,7437375d-8a0c-4ea6-9f65-2667cdabb395,22255,765,False,16,16,71,"[0, 51, 54, 55, 56, 57, 58, 59, 60, 61, 62, 63, 64, 65, 66, 67]",0.13051555968416165,16,[],208.39135400092346,172.70962499969755,562
0.125,3.0,"[1, 7, 12, 16]",4,,1781073876420.7976,0.0,1781073876278.3218,0,0,142.4756399992475,1667,10458.96875,1.4629578590393066,32,0.6879986524581909,0.5684424191713333,6,6,32,1781073876429.5447,1781073876264.4807,4307,253,middle,1.0,30.779341999732424,0.0715019996277988,observability_fixed_R16_k16,good,22.58419700046943,0,False,False,0.0,"[0, 51, 54, 55, 56, 57, 58, 59, 60, 61, 62, 63, 64, 65, 66, 67]",4,pg19,4,7437375d-8a0c-4ea6-9f65-2667cdabb395,22258,779,False,16,16,72,"[0, 51, 54, 55, 56, 57, 58, 59, 60, 61, 62, 63, 64, 65, 66, 67]",0.1307174367309032,21,[],222.03406500011624,165.05983699971694,563
0.1875,4.25,"[1, 3, 5, 8, 16, 27]",6,,1781073876819.961,0.0,1781073876677.1084,0,0,142.851595999673,16614,10461.287109375,0.5937178730964661,32,0.7382051348686218,0.4790707528591156,6,6,32,1781073876828.4148,1781073876663.437,4312,258,middle,1.0,31.92522000063036,0.0704949998180382,observability_fixed_R16_k16,good,22.123818000181927,0,False,False,0.0,"[0, 51, 54, 55, 56, 57, 58, 59, 60, 61, 62, 63, 64, 65, 66, 67]",4,pg19,6,7437375d-8a0c-4ea6-9f65-2667cdabb395,22282,784,False,16,16,73,"[0, 51, 54, 55, 56, 57, 58, 59, 60, 61, 62, 63, 64, 65, 66, 67]",0.13172541743970315,28,[],200.94738499938103,164.97541399985494,568
0.125,0.75,"[0, 2, 7, 19]",4,,1781073877226.4094,0.0,1781073877081.0676,0,0,145.34137700138672,382,10462.4462890625,0.51189786195755,32,0.8615483045578003,0.7502898275852203,6,6,32,1781073877234.86,1781073877067.3623,4319,265,middle,1.0,31.846157999098068,0.06480200136138592,observability_fixed_R16_k16,good,22.153932999572135,0,False,False,0.0,"[0, 51, 54, 55, 56, 57, 58, 59, 60, 61, 62, 63, 64, 65, 66, 67]",4,pg19,4,7437375d-8a0c-4ea6-9f65-2667cdabb395,22318,776,False,16,16,74,"[0, 51, 54, 55, 56, 57, 58, 59, 60, 61, 62, 63, 64, 65, 66, 67]",0.1331326695994443,33,[],206.1617120016308,167.49531000095885,575
0.0,-3.5,[],0,,1781073877638.5815,0.0,1781073877494.9204,0,0,143.6602789999597,11409,10461.287109375,0.954395592212677,32,0.861682653427124,0.8213812187314034,6,6,32,1781073877647.026,1781073877481.2083,4324,270,middle,1.0,35.80309000062698,4.126879000978079,observability_fixed_R16_k16,good,22.1551519989589,0,False,False,0.0,"[0, 51, 54, 55, 56, 57, 58, 59, 60, 61, 62, 63, 64, 65, 66, 67]",4,pg19,0,7437375d-8a0c-4ea6-9f65-2667cdabb395,22339,763,False,16,16,75,"[0, 51, 54, 55, 56, 57, 58, 59, 60, 61, 62, 63, 64, 65, 66, 67]",0.1341350601295097,34,[],205.54726299997128,165.8154309989186,580
0.0,-3.5,[],0,,1781073878043.8376,0.0,1781073877899.168,0,0,144.66807799908565,7343,10458.96875,4.70704460144043,32,0.18180349469184875,0.09725701063871384,5,6,32,1781073878052.3303,1781073877885.4312,4325,271,middle,1.0,29.3679250007699,0.06507400030386634,observability_fixed_R16_k16,good,22.228422001717263,0,False,False,0.0,"[0, 51, 54, 55, 56, 57, 58, 59, 60, 61, 62, 63, 64, 65, 66, 67]",4,pg19,0,7437375d-8a0c-4ea6-9f65-2667cdabb395,22344,762,False,16,16,76,"[0, 51, 54, 55, 56, 57, 58, 59, 60, 61, 62, 63, 64, 65, 66, 67]",0.13433526011560692,35,[],208.0765810005687,166.89650000080292,581
0.0,-2.5,[],0,,1781073878446.8638,0.0,1781073878304.7754,0,0,142.08848899943405,9733,10458.96875,2.957383632659912,32,0.3406805694103241,0.23838971555233002,5,6,32,1781073878455.297,1781073878290.9966,4326,272,middle,1.0,30.422605999774532,0.06811499952164013,observability_fixed_R16_k16,good,22.208139000213123,0,False,False,0.0,"[0, 51, 54, 55, 56, 57, 58, 59, 60, 61, 62, 63, 64, 65, 66, 67]",4,pg19,0,7437375d-8a0c-4ea6-9f65-2667cdabb395,22356,764,False,16,16,77,"[0, 51, 54, 55, 56, 57, 58, 59, 60, 61, 62, 63, 64, 65, 66, 67]",0.13453536754507628,36,[],207.29247300005227,164.29662799964717,582
0.0625,1.0,"[0, 3]",2,,1781073878858.8882,0.0,1781073878716.439,0,0,142.4491699999635,2213,10458.96875,0.8858264088630676,32,0.7434453368186951,0.5612562149763107,6,6,32,1781073878867.3743,1781073878702.5593,4327,273,middle,1.0,31.730810000226484,0.06945600034669042,observability_fixed_R16_k16,good,22.363444999427884,0,False,False,0.0,"[0, 51, 54, 55, 56, 57, 58, 59, 60, 61, 62, 63, 64, 65, 66, 67]",4,pg19,2,7437375d-8a0c-4ea6-9f65-2667cdabb395,22350,766,False,16,16,78,"[0, 51, 54, 55, 56, 57, 58, 59, 60, 61, 62, 63, 64, 65, 66, 67]",0.13473538248208922,39,[],214.35317000032228,164.81261499939137,583
0.0625,1.5,"[0, 8]",2,,1781073879271.5652,0.0,1781073879125.6733,0,0,145.89127300132532,54,10460.1279296875,1.8248388767242432,32,0.6515606641769409,0.5435213148593903,5,6,32,1781073879280.0415,1781073879111.9753,4330,276,middle,1.0,31.959858000845998,0.06670400034636259,observability_fixed_R16_k16,good,22.172744998897542,0,False,False,0.0,"[0, 51, 54, 55, 56, 57, 58, 59, 60, 61, 62, 63, 64, 65, 66, 67]",4,pg19,2,7437375d-8a0c-4ea6-9f65-2667cdabb395,22355,766,False,16,16,79,"[0, 51, 54, 55, 56, 57, 58, 59, 60, 61, 62, 63, 64, 65, 66, 67]",0.1353348729792148,42,[],211.68691200000467,168.06401800022286,586
0.0,-1.0,[],0,0.9378148317337036,1781073879746.3835,67.87480499951926,1781073879533.5894,16,1006,212.7943299983599,14385,10460.1279296875,3.8382887840270996,32,0.31189385056495667,0.24120499193668365,6,6,32,1781073879754.898,1781073879519.8823,4333,279,middle,0.3333333333333333,31.801649000044563,0.06628999835811555,observability_fixed_R16_k16,good,22.219615002541104,0,False,False,0.0,"[0, 51, 54, 55, 56, 57, 58, 59, 60, 61, 62, 63, 64, 65, 66, 67]",4,pg19,0,7437375d-8a0c-4ea6-9f65-2667cdabb395,22389,953,True,16,16,80,"[0, 4, 5, 7, 8, 10, 11, 14, 15, 61, 62, 63, 64, 65, 66, 67]",0.13593353334871913,43,"[0, 4333, 4331, 324, 4330, 4332, 4323, 4109, 340, 4325, 4329, 4127, 4326, 4318, 4096, 354]",207.1196199995029,235.013945000901,589
0.0625,1.0,"[3, 6]",2,,1781073880093.5857,0.0,1781073880014.6523,0,0,78.93303700075194,43693,10458.96875,0.9934223890304565,32,0.70063316822052,0.5367982238531113,6,6,32,1781073880102.1475,1781073880000.5103,4334,280,middle,1.0,30.08518399838067,4.216629000438843,observability_fixed_R16_k16,good,22.701439998854767,0,False,False,0.0,"[0, 4, 5, 7, 8, 10, 11, 14, 15, 61, 62, 63, 64, 65, 66, 67]",4,pg19,2,7437375d-8a0c-4ea6-9f65-2667cdabb395,22375,769,False,16,16,81,"[0, 4, 5, 7, 8, 10, 11, 14, 15, 61, 62, 63, 64, 65, 66, 67]",0.12136594370096908,3,[],210.23936999881698,101.6344769996067,526
0.1875,4.5,"[0, 1, 6, 10, 19, 27]",6,,1781073880508.474,0.0,1781073880355.6228,0,0,152.8510450007161,11840,10460.1279296875,0.002968244254589081,32,0.9997463822364807,0.9996691739434027,6,6,32,1781073880516.9666,1781073880341.772,4337,283,middle,1.0,32.415114999821526,0.06649299939454067,observability_fixed_R16_k16,good,22.339177998219384,0,False,False,0.0,"[0, 4, 5, 7, 8, 10, 11, 14, 15, 61, 62, 63, 64, 65, 66, 67]",4,pg19,6,7437375d-8a0c-4ea6-9f65-2667cdabb395,22384,790,False,16,16,82,"[0, 4, 5, 7, 8, 10, 11, 14, 15, 61, 62, 63, 64, 65, 66, 67]",0.12197371454922758,10,[],206.27037800113612,175.1902229989355,529
0.1875,3.5,"[0, 2, 6, 12, 18, 26]",6,,1781073880915.9104,0.0,1781073880771.5383,0,0,144.37130100122886,330,10462.62158203125,0.007213891949504614,32,0.9992454051971436,0.9986927381833084,6,6,32,1781073880924.431,1781073880757.822,4344,290,middle,1.0,34.71166700001049,0.07310900036827661,observability_fixed_R16_k16,good,22.234710999327945,0,False,False,0.0,"[0, 4, 5, 7, 8, 10, 11, 14, 15, 61, 62, 63, 64, 65, 66, 67]",4,pg19,6,7437375d-8a0c-4ea6-9f65-2667cdabb395,22436,789,False,16,16,83,"[0, 4, 5, 7, 8, 10, 11, 14, 15, 61, 62, 63, 64, 65, 66, 67]",0.12338858195211787,17,[],204.91089200004353,166.6060120005568,536
0.1875,2.5,"[0, 1, 2, 5, 9, 16]",6,,1781073881331.0806,0.0,1781073881185.0579,0,0,146.02188400021987,33535,10462.4462890625,0.0002677100128494203,32,0.9999816417694092,0.9999757790287731,6,6,32,1781073881339.5503,1781073881171.2322,4351,297,middle,1.0,32.862165999176796,0.07314900176424999,observability_fixed_R16_k16,good,22.293837999313837,0,False,False,0.0,"[0, 4, 5, 7, 8, 10, 11, 14, 15, 61, 62, 63, 64, 65, 66, 67]",4,pg19,6,7437375d-8a0c-4ea6-9f65-2667cdabb395,22463,790,False,16,16,84,"[0, 4, 5, 7, 8, 10, 11, 14, 15, 61, 62, 63, 64, 65, 66, 67]",0.12479889680533211,24,[],212.94530900013342,168.3157219995337,543
0.1875,1.0,"[0, 1, 3, 8, 16, 24]",6,,1781073881745.1162,0.0,1781073881599.5393,0,0,145.57645400054753,1200,10462.4462890625,1.9076618627877906e-05,32,0.9999988079071045,0.9999980388696486,6,6,32,1781073881753.583,1781073881585.6438,4358,304,middle,0.9411764705882353,35.71748200010916,4.149946000325144,observability_fixed_R16_k16,good,22.359972999765887,0,False,False,0.0,"[0, 4, 5, 7, 8, 10, 11, 14, 15, 61, 62, 63, 64, 65, 66, 67, 68]",4,pg19,6,7437375d-8a0c-4ea6-9f65-2667cdabb395,22497,790,False,16,16,85,"[0, 4, 5, 7, 8, 10, 11, 14, 15, 61, 62, 63, 64, 65, 66, 67]",0.13354749885268472,31,[],205.3317869995226,167.93642700031342,582
0.1875,0.0,"[0, 2, 6, 11, 19, 26]",6,,1781073882152.436,0.0,1781073882008.13,0,0,144.30501500100945,1335,10462.4462890625,0.006040795240551233,32,0.9993075132369995,0.9986613399232738,6,6,32,1781073882160.9604,1781073881994.293,4365,311,middle,0.9411764705882353,31.9804139999178,0.07804099914210383,observability_fixed_R16_k16,good,22.357924997777445,0,False,False,0.0,"[0, 4, 5, 7, 8, 10, 11, 14, 15, 61, 62, 63, 64, 65, 66, 67, 68]",4,pg19,6,7437375d-8a0c-4ea6-9f65-2667cdabb395,22546,789,False,16,16,86,"[0, 4, 5, 7, 8, 10, 11, 14, 15, 61, 62, 63, 64, 65, 66, 67]",0.13493699885452462,38,[],207.7621190001082,166.6629399987869,589
0.1875,0.0,"[0, 3, 10, 16, 22, 27]",6,,1781073882561.7395,0.0,1781073882415.7603,0,0,145.97845299977052,323,10462.4462890625,0.2206028699874878,32,0.94246506690979,0.8849743343889713,6,6,32,1781073882570.1875,1781073882402.1143,4372,318,middle,0.9411764705882353,34.348877999946126,0.07804800043231808,observability_fixed_R16_k16,good,22.093204999691807,0,False,False,0.0,"[0, 4, 5, 7, 8, 10, 11, 14, 15, 61, 62, 63, 64, 65, 66, 67, 68]",4,pg19,6,7437375d-8a0c-4ea6-9f65-2667cdabb395,22588,792,False,16,16,87,"[0, 4, 5, 7, 8, 10, 11, 14, 15, 61, 62, 63, 64, 65, 66, 67]",0.13632204940530648,45,[],205.55681900077616,168.07165799946233,596
0.1875,0.0,"[0, 1, 2, 3, 7, 20]",6,,1781073883005.5984,0.0,1781073882823.7617,0,0,181.83482899985393,4363,10462.4462890625,0.00244906242005527,32,0.9997778534889221,0.999642344439053,6,6,32,1781073883014.206,1781073882809.7163,4379,325,middle,0.9411764705882353,31.887277000350878,0.07331300002988428,observability_fixed_R16_k16,good,22.653349999018246,0,False,False,0.0,"[0, 4, 5, 7, 8, 10, 11, 14, 15, 61, 62, 63, 64, 65, 66, 67, 68]",4,pg19,6,7437375d-8a0c-4ea6-9f65-2667cdabb395,22597,788,False,16,16,88,"[0, 4, 5, 7, 8, 10, 11, 14, 15, 61, 62, 63, 64, 65, 66, 67]",0.1377026718428865,52,[],206.63691699883202,204.48817899887217,603
0.0,-6.0,[],0,,1781073883458.8794,0.0,1781073883275.9297,0,0,182.94846699973277,54314,10462.4462890625,3.5564842224121094,32,0.14239461719989777,0.02797732502222061,4,6,32,1781073883467.4485,1781073883261.768,4386,332,middle,0.9411764705882353,36.21605099942826,4.246671000146307,observability_fixed_R16_k16,good,22.730504999344703,0,False,False,0.0,"[0, 4, 5, 7, 8, 10, 11, 14, 15, 61, 62, 63, 64, 65, 66, 67, 68]",4,pg19,0,7437375d-8a0c-4ea6-9f65-2667cdabb395,22675,765,False,16,16,89,"[0, 4, 5, 7, 8, 10, 11, 14, 15, 61, 62, 63, 64, 65, 66, 67]",0.13907888736890106,53,[],206.21404600024107,205.67897199907748,610
0.0,-4.5,[],0,,1781073883898.9644,0.0,1781073883719.3472,0,0,179.61572800049908,4428,10458.96875,0.24386538565158844,32,0.9599841237068176,0.9454075349494815,6,6,32,1781073883907.5276,1781073883705.089,4387,333,middle,0.9411764705882353,30.3697290000855,0.07802099935361184,observability_fixed_R16_k16,good,22.821832999397884,0,False,False,0.0,"[0, 4, 5, 7, 8, 10, 11, 14, 15, 61, 62, 63, 64, 65, 66, 67, 68]",4,pg19,0,7437375d-8a0c-4ea6-9f65-2667cdabb395,22662,764,False,16,16,90,"[0, 4, 5, 7, 8, 10, 11, 14, 15, 61, 62, 63, 64, 65, 66, 67]",0.1392751310690677,54,[],206.3336139999592,202.43756099989696,611
0.09375,0.0,"[0, 2, 10]",3,,1781073884337.2085,0.0,1781073884160.3228,0,0,176.8854959991586,22846,10458.96875,0.9511169791221619,32,0.5399327278137207,0.12595191597938538,6,6,32,1781073884345.9287,1781073884146.0183,4388,334,middle,0.9411764705882353,30.718624000655836,0.07773900142638013,observability_fixed_R16_k16,good,23.02354700077558,0,False,False,0.0,"[0, 4, 5, 7, 8, 10, 11, 14, 15, 61, 62, 63, 64, 65, 66, 67, 68]",4,pg19,3,7437375d-8a0c-4ea6-9f65-2667cdabb395,22655,775,False,16,16,91,"[0, 4, 5, 7, 8, 10, 11, 14, 15, 61, 62, 63, 64, 65, 66, 67]",0.13947128532360983,58,[],206.8492310008878,199.90904299993417,612
0.03125,-1.25,[0],1,,1781073884743.7053,0.0,1781073884597.526,0,0,146.17893700051354,1461,10460.70751953125,0.003982144873589277,32,0.9995613694190979,0.9991440625744872,6,6,32,1781073884752.3508,1781073884583.276,4392,338,middle,0.9411764705882353,31.326182001066627,0.07446600102412049,observability_fixed_R16_k16,good,22.89447899966035,0,False,False,0.0,"[0, 4, 5, 7, 8, 10, 11, 14, 15, 61, 62, 63, 64, 65, 66, 67, 68]",4,pg19,1,7437375d-8a0c-4ea6-9f65-2667cdabb395,22669,765,False,16,16,92,"[0, 4, 5, 7, 8, 10, 11, 14, 15, 61, 62, 63, 64, 65, 66, 67]",0.14025500910746813,60,[],205.10460599871294,169.0734160001739,616
0.09375,2.0,"[0, 2, 4]",3,,1781073885153.2444,0.0,1781073885004.8445,0,0,148.398980998536,52050,10459.54833984375,0.0046607572585344315,32,0.9994688630104065,0.9989576152875088,6,6,32,1781073885161.7534,1781073884990.833,4394,340,middle,0.9411764705882353,32.6590339991526,0.07787499998812564,observability_fixed_R16_k16,good,22.519793001265498,0,False,False,0.0,"[0, 4, 5, 7, 8, 10, 11, 14, 15, 61, 62, 63, 64, 65, 66, 67, 68]",4,pg19,3,7437375d-8a0c-4ea6-9f65-2667cdabb395,22681,770,False,16,16,93,"[0, 4, 5, 7, 8, 10, 11, 14, 15, 61, 62, 63, 64, 65, 66, 67]",0.1406463359126081,64,[],204.89007199830667,170.9187739998015,618
0.1875,4.25,"[0, 1, 2, 12, 20, 27]",6,,1781073885565.2231,0.0,1781073885414.2773,0,0,150.94416099964292,323,10460.70751953125,0.0012973323464393616,32,0.999889612197876,0.9998304060645751,6,6,32,1781073885573.936,1781073885400.0828,4398,344,late,0.9411764705882353,32.4841670008027,0.07459900007233955,observability_fixed_R16_k16,good,22.906472000613576,0,False,False,0.0,"[0, 4, 5, 7, 8, 10, 11, 14, 15, 61, 62, 63, 64, 65, 66, 67, 68]",4,pg19,6,7437375d-8a0c-4ea6-9f65-2667cdabb395,22721,790,False,16,16,94,"[0, 4, 5, 7, 8, 10, 11, 14, 15, 61, 62, 63, 64, 65, 66, 67]",0.14142792178262847,71,[],204.9098019997473,173.8506330002565,622
0.09375,-0.25,"[4, 9, 19]",3,,1781073885984.4817,0.0,1781073885837.6375,0,0,146.84364099957747,785,10462.4462890625,1.9801894426345825,32,0.5432761907577515,0.4346141219139099,5,6,32,1781073885993.014,1781073885823.4905,4405,351,late,0.9411764705882353,32.45333899940306,0.07954600005177781,observability_fixed_R16_k16,good,22.677967999698012,0,False,False,0.0,"[0, 4, 5, 7, 8, 10, 11, 14, 15, 61, 62, 63, 64, 65, 66, 67, 68]",4,pg19,3,7437375d-8a0c-4ea6-9f65-2667cdabb395,22730,774,False,16,16,95,"[0, 4, 5, 7, 8, 10, 11, 14, 15, 61, 62, 63, 64, 65, 66, 67]",0.1427922814982974,75,[],216.0884820004867,169.5216089992755,629
0.0,-3.25,[],0,0.9445480108261108,1781073886475.0635,70.86402000095404,1781073886256.937,16,1018,218.12726600001042,855,10460.70751953125,3.732813835144043,32,0.2773788571357727,0.1421951949596405,4,6,32,1781073886483.875,1781073886242.9033,4409,355,late,0.5714285714285714,32.367114999942714,0.07835399992472958,observability_fixed_R16_k16,good,22.842944999865722,0,False,False,0.0,"[0, 4, 5, 7, 8, 10, 11, 14, 15, 61, 62, 63, 64, 65, 66, 67, 68]",4,pg19,0,7437375d-8a0c-4ea6-9f65-2667cdabb395,22761,958,True,16,16,96,"[0, 4, 9, 10, 11, 57, 58, 59, 61, 62, 63, 64, 65, 66, 67, 68]",0.14356997051485598,76,"[0, 4409, 4408, 4407, 4109, 4406, 4096, 4323, 4403, 4127, 4322, 4382, 4095, 4099, 4094, 4389]",216.53795800011721,240.97021099987614,633
0.03125,-2.0,[0],1,,1781073886830.154,0.0,1781073886750.259,0,0,79.89489099963976,553,10458.96875,0.05939895659685135,32,0.9922009110450745,0.9870750391855836,6,6,32,1781073886838.9502,1781073886735.8594,4410,356,late,1.0,31.95507800046471,4.311586999392603,observability_fixed_R16_k16,good,23.194133000288275,0,False,False,0.0,"[0, 4, 9, 10, 11, 57, 58, 59, 61, 62, 63, 64, 65, 66, 67, 68]",4,pg19,1,7437375d-8a0c-4ea6-9f65-2667cdabb395,22758,759,False,16,16,97,"[0, 4, 9, 10, 11, 57, 58, 59, 61, 62, 63, 64, 65, 66, 67, 68]",0.1219954648526077,2,[],214.67998099979013,103.08902399992803,538
0.09375,0.5,"[0, 2, 4]",3,,1781073887249.6104,0.0,1781073887093.9246,0,0,155.68530299970007,38919,10459.54833984375,0.3023105561733246,32,0.9328159093856812,0.8759137801826,6,6,32,1781073887258.173,1781073887079.456,4412,358,late,1.0,31.197574999168864,0.07172799996624235,observability_fixed_R16_k16,good,23.029727000903222,0,False,False,0.0,"[0, 4, 9, 10, 11, 57, 58, 59, 61, 62, 63, 64, 65, 66, 67, 68]",4,pg19,3,7437375d-8a0c-4ea6-9f65-2667cdabb395,22762,776,False,16,16,98,"[0, 4, 9, 10, 11, 57, 58, 59, 61, 62, 63, 64, 65, 66, 67, 68]",0.12239347234814144,6,[],208.36185699954513,178.7150300006033,540
0.125,2.25,"[0, 5, 13, 19]",4,,1781073887661.7952,0.0,1781073887513.3699,0,0,148.42410899836977,25,10460.70751953125,0.9410404562950134,32,0.7912053465843201,0.6952212527394295,6,6,32,1781073887670.334,1781073887499.1196,4416,362,late,1.0,31.951199998729862,0.07548900066467468,observability_fixed_R16_k16,good,22.78884800216474,0,False,False,0.0,"[0, 4, 9, 10, 11, 57, 58, 59, 61, 62, 63, 64, 65, 66, 67, 68]",4,pg19,4,7437375d-8a0c-4ea6-9f65-2667cdabb395,22787,778,False,16,16,99,"[0, 4, 9, 10, 11, 57, 58, 59, 61, 62, 63, 64, 65, 66, 67, 68]",0.12318840579710146,11,[],207.95912600078736,171.21295700053452,544
0.0625,0.0,"[0, 4]",2,,1781073888081.7104,0.0,1781073887932.0422,0,0,149.66691700101364,3908,10461.75244140625,0.244830921292305,32,0.9594212770462036,0.9346402008086443,6,6,32,1781073888090.5364,1781073887917.3328,4421,367,late,0.9411764705882353,32.347238000511425,4.269339000529726,observability_fixed_R16_k16,good,23.534954998467583,0,False,False,0.0,"[0, 4, 9, 10, 11, 57, 58, 59, 61, 62, 63, 64, 65, 66, 67, 68, 69]",4,pg19,2,7437375d-8a0c-4ea6-9f65-2667cdabb395,22814,770,False,16,16,100,"[0, 4, 9, 10, 11, 57, 58, 59, 61, 62, 63, 64, 65, 66, 67, 68]",0.13141823116941867,14,[],209.4652469986613,173.20187199948123,581
0.09375,0.5,"[0, 4, 15]",3,,1781073888496.091,0.0,1781073888348.4114,0,0,147.68047300094622,21300,10460.1279296875,0.9805518388748169,32,0.6952444911003113,0.486494243144989,6,6,32,1781073888504.6853,1781073888332.2473,4424,370,late,0.9411764705882353,31.83848200023931,0.07706500036874786,observability_fixed_R16_k16,good,24.755734999416745,0,False,False,0.0,"[0, 4, 9, 10, 11, 57, 58, 59, 61, 62, 63, 64, 65, 66, 67, 68, 69]",4,pg19,3,7437375d-8a0c-4ea6-9f65-2667cdabb395,22833,777,False,16,16,101,"[0, 4, 9, 10, 11, 57, 58, 59, 61, 62, 63, 64, 65, 66, 67, 68]",0.13200723327305605,18,[],208.8288079994527,172.43620800036297,584
0.03125,-2.0,[2],1,,1781073888908.598,0.0,1781073888763.0698,0,0,145.5264479991456,1493,10460.70751953125,0.7761505246162415,32,0.7454100251197815,0.5416262745857239,6,6,32,1781073888917.2107,1781073888749.142,4428,374,late,0.9411764705882353,32.465117999890936,0.07882000136305578,observability_fixed_R16_k16,good,22.53936100169085,0,False,False,0.0,"[0, 4, 9, 10, 11, 57, 58, 59, 61, 62, 63, 64, 65, 66, 67, 68, 69]",4,pg19,1,7437375d-8a0c-4ea6-9f65-2667cdabb395,22849,762,False,16,16,102,"[0, 4, 9, 10, 11, 57, 58, 59, 61, 62, 63, 64, 65, 66, 67, 68]",0.13279132791327913,20,[],211.02121399962925,168.06580900083645,588
0.09375,0.5,"[0, 3, 7]",3,,1781073889319.1013,0.0,1781073889174.0183,0,0,145.0822930000868,12650,10459.54833984375,0.5180360674858093,32,0.910464882850647,0.8816517814993858,6,6,32,1781073889327.8157,1781073889159.7212,4430,376,late,0.9411764705882353,32.83214199836948,0.07965699842316099,observability_fixed_R16_k16,good,23.010930000964436,0,False,False,0.0,"[0, 4, 9, 10, 11, 57, 58, 59, 61, 62, 63, 64, 65, 66, 67, 68, 69]",4,pg19,3,7437375d-8a0c-4ea6-9f65-2667cdabb395,22860,773,False,16,16,103,"[0, 4, 9, 10, 11, 57, 58, 59, 61, 62, 63, 64, 65, 66, 67, 68]",0.13318284424379231,24,[],208.58792899889522,168.09322300105123,590
0.1875,3.75,"[0, 1, 3, 5, 13, 22]",6,,1781073889726.3235,0.0,1781073889581.3782,0,0,144.9447600007261,374,10460.70751953125,0.05335439369082451,32,0.9927045106887817,0.9873299170285463,6,6,32,1781073889734.7122,1781073889567.106,4434,380,late,0.9411764705882353,32.02081699964765,0.08081499981926754,observability_fixed_R16_k16,good,22.660056998574873,0,False,False,0.0,"[0, 4, 9, 10, 11, 57, 58, 59, 61, 62, 63, 64, 65, 66, 67, 68, 69]",4,pg19,6,7437375d-8a0c-4ea6-9f65-2667cdabb395,22863,782,False,16,16,104,"[0, 4, 9, 10, 11, 57, 58, 59, 61, 62, 63, 64, 65, 66, 67, 68]",0.13396481732070364,31,[],206.28524300082063,167.60481699930097,594
0.09375,-0.25,"[1, 5, 12]",3,,1781073890138.8037,0.0,1781073889988.6553,0,0,150.1465619985538,5392,10462.4462890625,0.7917393445968628,32,0.8491430878639221,0.7913581766188145,6,6,32,1781073890147.49,1781073889974.5566,4441,387,late,0.9411764705882353,31.9705839992821,0.08014200102479663,observability_fixed_R16_k16,good,22.785415001635556,0,False,False,0.0,"[0, 4, 9, 10, 11, 57, 58, 59, 61, 62, 63, 64, 65, 66, 67, 68, 69]",4,pg19,3,7437375d-8a0c-4ea6-9f65-2667cdabb395,22909,773,False,16,16,105,"[0, 4, 9, 10, 11, 57, 58, 59, 61, 62, 63, 64, 65, 66, 67, 68]",0.13532988065750956,35,[],206.94509700115304,172.93197700018936,601
0.03125,-2.25,[1],1,,1781073890557.9119,0.0,1781073890407.5332,0,0,150.37759900042147,5648,10460.70751953125,0.61324143409729,32,0.7603943943977356,0.5320826023817062,6,6,32,1781073890566.79,1781073890393.4785,4445,391,late,0.9411764705882353,32.38034299829451,0.07934600034786854,observability_fixed_R16_k16,good,22.93235799879767,0,False,False,0.0,"[0, 4, 9, 10, 11, 57, 58, 59, 61, 62, 63, 64, 65, 66, 67, 68, 69]",4,pg19,1,7437375d-8a0c-4ea6-9f65-2667cdabb395,22945,765,False,16,16,106,"[0, 4, 9, 10, 11, 57, 58, 59, 61, 62, 63, 64, 65, 66, 67, 68]",0.1361079865016873,37,[],212.55450699936773,173.30995699921914,605
0.0,-3.25,[],0,,1781073890970.152,0.0,1781073890820.4636,0,0,149.68775099987397,7437,10459.54833984375,1.4231946468353271,32,0.3962865471839905,0.018147259950637817,6,6,32,1781073890978.9285,1781073890806.1543,4447,393,late,0.9411764705882353,32.53564099941286,0.08283399984065909,observability_fixed_R16_k16,good,23.0826730003173,0,False,False,0.0,"[0, 4, 9, 10, 11, 57, 58, 59, 61, 62, 63, 64, 65, 66, 67, 68, 69]",4,pg19,0,7437375d-8a0c-4ea6-9f65-2667cdabb395,22931,763,False,16,16,107,"[0, 4, 9, 10, 11, 57, 58, 59, 61, 62, 63, 64, 65, 66, 67, 68]",0.13649651450416012,38,[],205.8576590006851,172.77042400019127,607
0.03125,-1.5,[0],1,,1781073891367.8896,0.0,1781073891225.5134,0,0,142.3755159994471,1795,10458.96875,0.276960164308548,32,0.9332829117774963,0.8736201338469982,6,6,32,1781073891376.3594,1781073891211.4124,4448,394,late,0.9411764705882353,30.266757999925176,0.07949999962875154,observability_fixed_R16_k16,good,22.57014600218099,0,False,False,0.0,"[0, 4, 9, 10, 11, 57, 58, 59, 61, 62, 63, 64, 65, 66, 67, 68, 69]",4,pg19,1,7437375d-8a0c-4ea6-9f65-2667cdabb395,22937,763,False,16,16,108,"[0, 4, 9, 10, 11, 57, 58, 59, 61, 62, 63, 64, 65, 66, 67, 68]",0.1366906474820144,40,[],201.00800700129184,164.94566200162808,608
0.03125,-0.25,[4],1,,1781073891776.744,0.0,1781073891631.607,0,0,145.13614399947983,41705,10459.54833984375,2.06396222114563,32,0.3649575114250183,0.20799124240875244,5,6,32,1781073891785.1675,1781073891617.2122,4450,396,late,0.9411764705882353,32.0722910000768,0.08693200106790755,observability_fixed_R16_k16,good,22.81805300117412,0,False,False,0.0,"[0, 4, 9, 10, 11, 57, 58, 59, 61, 62, 63, 64, 65, 66, 67, 68, 69]",4,pg19,1,7437375d-8a0c-4ea6-9f65-2667cdabb395,22948,766,False,16,16,109,"[0, 4, 9, 10, 11, 57, 58, 59, 61, 62, 63, 64, 65, 66, 67, 68]",0.13707865168539327,42,[],207.81051099947945,167.95419700065395,610
0.15625,4.25,"[0, 2, 7, 12, 20]",5,,1781073892183.2175,0.0,1781073892036.2861,0,0,146.93050399910135,8791,10459.54833984375,0.34176909923553467,32,0.9150523543357849,0.8411047831177711,6,6,32,1781073892192.0264,1781073892022.0137,4452,398,late,0.9411764705882353,31.712588001028053,0.08306699965032749,observability_fixed_R16_k16,good,23.080806000507437,0,False,False,0.0,"[0, 4, 9, 10, 11, 57, 58, 59, 61, 62, 63, 64, 65, 66, 67, 68, 69]",4,pg19,5,7437375d-8a0c-4ea6-9f65-2667cdabb395,22954,786,False,16,16,110,"[0, 4, 9, 10, 11, 57, 58, 59, 61, 62, 63, 64, 65, 66, 67, 68]",0.13746630727762804,48,[],204.1844769992167,170.01130999960878,612
0.03125,-0.75,[0],1,,1781073892592.2373,0.0,1781073892445.7468,0,0,146.48971700080438,21066,10462.33203125,0.016416672617197037,32,0.9979119896888733,0.9965671293903142,6,6,32,1781073892600.968,1781073892431.3882,4458,404,late,0.9411764705882353,32.007116000386304,0.08360299943888094,observability_fixed_R16_k16,good,23.088648998964345,0,False,False,0.0,"[0, 4, 9, 10, 11, 57, 58, 59, 61, 62, 63, 64, 65, 66, 67, 68, 69]",4,pg19,1,7437375d-8a0c-4ea6-9f65-2667cdabb395,22979,768,False,16,16,111,"[0, 4, 9, 10, 11, 57, 58, 59, 61, 62, 63, 64, 65, 66, 67, 68]",0.1386271870794078,50,[],206.3594840001315,169.57836599976872,618
0.09375,1.0,"[0, 8, 18]",3,0.9542975425720215,1781073893133.7827,131.98732800083235,1781073892855.4128,16,1008,278.36993200071447,25836,10459.54833984375,1.2784643173217773,32,0.6564162373542786,0.49302130937576294,5,6,32,1781073893142.4421,1781073892841.0598,4460,406,late,0.65,31.920679000904784,0.08246099969255738,observability_fixed_R16_k16,good,23.0109749991243,0,False,False,0.0,"[0, 4, 9, 10, 11, 57, 58, 59, 61, 62, 63, 64, 65, 66, 67, 68, 69]",4,pg19,3,7437375d-8a0c-4ea6-9f65-2667cdabb395,22982,979,True,16,16,112,"[0, 51, 55, 57, 58, 59, 60, 61, 62, 63, 64, 65, 66, 67, 68, 69]",0.13901345291479822,54,"[0, 4463, 4462, 4459, 4461, 4422, 4460, 4453, 4455, 4458, 4109, 4456, 4434, 4445, 4425, 4454]",207.1852579992992,301.38090699983877,620
0.0625,-0.5,"[0, 7]",2,,1781073893472.7827,0.0,1781073893393.8442,0,0,78.9378379995469,387,10460.70751953125,2.082288980484009,32,0.42194467782974243,0.26912644505500793,6,6,32,1781073893481.203,1781073893379.7231,4464,410,late,1.0,32.56981800041103,4.137007001190796,observability_fixed_R16_k16,good,22.540990001289174,0,False,False,0.0,"[0, 51, 55, 57, 58, 59, 60, 61, 62, 63, 64, 65, 66, 67, 68, 69]",4,pg19,2,7437375d-8a0c-4ea6-9f65-2667cdabb395,23020,761,False,16,16,113,"[0, 51, 55, 57, 58, 59, 60, 61, 62, 63, 64, 65, 66, 67, 68, 69]",0.11827956989247312,3,[],199.60898799945426,101.47882800083607,528
0.0,-2.75,[],0,,1781073893883.2546,0.0,1781073893728.9219,0,0,154.33167800074443,47701,10460.70751953125,2.427790880203247,32,0.34456199407577515,0.19636771082878113,6,6,32,1781073893891.668,1781073893714.5554,4467,413,late,1.0,30.551341998943826,0.06965299871808384,observability_fixed_R16_k16,good,22.779975999583257,0,False,False,0.0,"[0, 51, 55, 57, 58, 59, 60, 61, 62, 63, 64, 65, 66, 67, 68, 69]",4,pg19,0,7437375d-8a0c-4ea6-9f65-2667cdabb395,23031,764,False,16,16,114,"[0, 51, 55, 57, 58, 59, 60, 61, 62, 63, 64, 65, 66, 67, 68, 69]",0.11887172599059771,4,[],201.89605500127072,177.1116540003277,531
0.03125,-0.5,[1],1,,1781073894288.1633,0.0,1781073894142.5198,0,0,145.64327399966714,95656,10458.96875,0.4769154191017151,32,0.8214308619499207,0.6437839716672897,6,6,32,1781073894296.5925,1781073894128.465,4468,414,late,1.0,30.064305999985663,0.06623300032515544,observability_fixed_R16_k16,good,22.482665001007263,0,False,False,0.0,"[0, 51, 55, 57, 58, 59, 60, 61, 62, 63, 64, 65, 66, 67, 68, 69]",4,pg19,1,7437375d-8a0c-4ea6-9f65-2667cdabb395,23025,767,False,16,16,115,"[0, 51, 55, 57, 58, 59, 60, 61, 62, 63, 64, 65, 66, 67, 68, 69]",0.11906893464637422,6,[],205.81946399943263,168.1259390006744,532
0.03125,-0.5,[0],1,,1781073894700.2842,0.0,1781073894552.2654,0,0,148.01897700090194,66865,10459.54833984375,0.16298507153987885,32,0.965981662273407,0.9368115421384573,6,6,32,1781073894708.7598,1781073894536.4336,4470,416,late,1.0,31.851682000706205,0.07263799852808006,observability_fixed_R16_k16,good,24.30566999828443,0,False,False,0.0,"[0, 51, 55, 57, 58, 59, 60, 61, 62, 63, 64, 65, 66, 67, 68, 69]",4,pg19,1,7437375d-8a0c-4ea6-9f65-2667cdabb395,23038,766,False,16,16,116,"[0, 51, 55, 57, 58, 59, 60, 61, 62, 63, 64, 65, 66, 67, 68, 69]",0.11946308724832215,8,[],207.0480669990502,172.32464699918637,534
0.09375,2.0,"[0, 1, 2]",3,,1781073895111.627,0.0,1781073894961.6497,0,0,149.97557899914682,92341,10459.54833984375,4.409466782817617e-06,32,0.9999997615814209,0.999999686616853,6,6,32,1781073895120.1543,1781073894947.3896,4472,418,late,1.0,31.342078000307083,0.06945899986021686,observability_fixed_R16_k16,good,22.78759699947841,0,False,False,0.0,"[0, 51, 55, 57, 58, 59, 60, 61, 62, 63, 64, 65, 66, 67, 68, 69]",4,pg19,3,7437375d-8a0c-4ea6-9f65-2667cdabb395,23046,774,False,16,16,117,"[0, 51, 55, 57, 58, 59, 60, 61, 62, 63, 64, 65, 66, 67, 68, 69]",0.11985688729874776,12,[],206.35491899884073,172.76317599862523,536
0.03125,-0.25,[0],1,,1781073895533.7817,0.0,1781073895388.1643,0,0,145.6163739985641,7039,10460.70751953125,0.6802677512168884,32,0.8279290199279785,0.7620593905448914,6,6,32,1781073895542.2896,1781073895374.1624,4476,422,late,1.0,33.74677899955714,0.07317500057979487,observability_fixed_R16_k16,good,22.509018001073855,0,False,False,0.0,"[0, 51, 55, 57, 58, 59, 60, 61, 62, 63, 64, 65, 66, 67, 68, 69]",4,pg19,1,7437375d-8a0c-4ea6-9f65-2667cdabb395,23069,763,False,16,16,118,"[0, 51, 55, 57, 58, 59, 60, 61, 62, 63, 64, 65, 66, 67, 68, 69]",0.12064343163538874,14,[],219.25730600014504,168.12539199963794,540
0.125,2.5,"[0, 4, 20, 28]",4,,1781073895948.3518,0.0,1781073895801.8738,0,0,146.47731199875125,9756,10459.54833984375,1.1119149923324585,32,0.796322226524353,0.6981960758566856,5,6,32,1781073895956.861,1781073895787.5261,4478,424,late,1.0,33.14688399950683,0.070254000092973,observability_fixed_R16_k16,good,22.85598400158051,0,False,False,0.0,"[0, 51, 55, 57, 58, 59, 60, 61, 62, 63, 64, 65, 66, 67, 68, 69]",4,pg19,4,7437375d-8a0c-4ea6-9f65-2667cdabb395,23063,781,False,16,16,119,"[0, 51, 55, 57, 58, 59, 60, 61, 62, 63, 64, 65, 66, 67, 68, 69]",0.12103617686467173,19,[],211.1338340000657,169.33329600033176,542
0.1875,3.75,"[0, 1, 3, 10, 21, 29]",6,,1781073896363.9224,0.0,1781073896218.012,0,0,145.9098899995297,13,10461.287109375,0.00016605659038759768,32,0.9999877214431763,0.9999809734290466,6,6,32,1781073896372.4612,1781073896203.5315,4483,429,late,0.9411764705882353,35.680871000295156,4.196020001472789,observability_fixed_R16_k16,good,23.015050999674713,0,False,False,0.0,"[0, 51, 55, 57, 58, 59, 60, 61, 62, 63, 64, 65, 66, 67, 68, 69, 70]",4,pg19,6,7437375d-8a0c-4ea6-9f65-2667cdabb395,23112,784,False,16,16,120,"[0, 51, 55, 57, 58, 59, 60, 61, 62, 63, 64, 65, 66, 67, 68, 69]",0.12915458398393934,26,[],205.92061900060799,168.9249409992044,579
0.09375,-0.5,"[1, 7, 17]",3,,1781073896771.53,0.0,1781073896626.6787,0,0,144.85048999995342,448,10462.4462890625,2.3488306999206543,32,0.28629037737846375,0.021515071392059326,6,6,32,1781073896780.3777,1781073896612.5393,4490,436,late,0.9411764705882353,32.200865000049816,0.07670500053791329,observability_fixed_R16_k16,good,22.98578699992504,0,False,False,0.0,"[0, 51, 55, 57, 58, 59, 60, 61, 62, 63, 64, 65, 66, 67, 68, 69, 70]",4,pg19,3,7437375d-8a0c-4ea6-9f65-2667cdabb395,23136,772,False,16,16,121,"[0, 51, 55, 57, 58, 59, 60, 61, 62, 63, 64, 65, 66, 67, 68, 69]",0.13051224944320713,30,[],206.8436980007391,167.83627699987846,586
0.0625,-1.5,"[0, 3]",2,,1781073897177.4397,0.0,1781073897030.9717,0,0,146.46716700008255,3364,10460.70751953125,0.3883317708969116,32,0.9075912237167358,0.8547630831599236,6,6,32,1781073897186.2183,1781073897016.6765,4494,440,late,0.9411764705882353,32.18225999989954,0.07246499990287703,observability_fixed_R16_k16,good,23.071936000633286,0,False,False,0.0,"[0, 51, 55, 57, 58, 59, 60, 61, 62, 63, 64, 65, 66, 67, 68, 69, 70]",4,pg19,2,7437375d-8a0c-4ea6-9f65-2667cdabb395,23150,770,False,16,16,122,"[0, 51, 55, 57, 58, 59, 60, 61, 62, 63, 64, 65, 66, 67, 68, 69]",0.1312861593235425,33,[],203.16417000140063,169.53910300071584,590
0.03125,-2.75,[6],1,,1781073897589.3303,0.0,1781073897442.3542,0,0,146.97557100043923,11108,10460.1279296875,2.4087417125701904,32,0.25301775336265564,0.05286423861980438,6,6,32,1781073897597.9028,1781073897427.9568,4497,443,late,0.9411764705882353,33.52798699961568,0.0799530007498106,observability_fixed_R16_k16,good,22.967819999394123,0,False,False,0.0,"[0, 51, 55, 57, 58, 59, 60, 61, 62, 63, 64, 65, 66, 67, 68, 69, 70]",4,pg19,1,7437375d-8a0c-4ea6-9f65-2667cdabb395,23155,768,False,16,16,123,"[0, 51, 55, 57, 58, 59, 60, 61, 62, 63, 64, 65, 66, 67, 68, 69]",0.1318656882366022,35,[],207.2193759995571,169.94339099983335,593
0.1875,3.0,"[0, 3, 7, 15, 22, 31]",6,,1781073897995.7666,0.0,1781073897849.6162,0,0,146.15000899902952,330,10459.54833984375,0.5571874976158142,32,0.8995314240455627,0.8641035482287407,6,6,32,1781073898004.184,1781073897835.2014,4499,445,late,0.9411764705882353,30.735639000340598,0.06740800017723814,observability_fixed_R16_k16,good,22.831122001662152,0,False,False,0.0,"[0, 51, 55, 57, 58, 59, 60, 61, 62, 63, 64, 65, 66, 67, 68, 69, 70]",4,pg19,6,7437375d-8a0c-4ea6-9f65-2667cdabb395,23170,790,False,16,16,124,"[0, 51, 55, 57, 58, 59, 60, 61, 62, 63, 64, 65, 66, 67, 68, 69]",0.13225161146921538,42,[],205.53556799859507,168.98113100069168,595
0.09375,0.0,"[0, 4, 12]",3,,1781073898402.319,0.0,1781073898257.3154,0,0,145.00292199954856,6286,10462.4462890625,0.675153374671936,32,0.7302144765853882,0.4856232702732086,6,6,32,1781073898410.8228,1781073898242.9363,4506,452,late,0.9411764705882353,32.12550299940631,0.07525799992436077,observability_fixed_R16_k16,good,22.882381999806967,0,False,False,0.0,"[0, 51, 55, 57, 58, 59, 60, 61, 62, 63, 64, 65, 66, 67, 68, 69, 70]",4,pg19,3,7437375d-8a0c-4ea6-9f65-2667cdabb395,23199,775,False,16,16,125,"[0, 51, 55, 57, 58, 59, 60, 61, 62, 63, 64, 65, 66, 67, 68, 69]",0.13359964491788726,46,[],205.67510000000766,167.88530399935553,602
0.03125,-2.0,[0],1,,1781073898816.5159,0.0,1781073898669.0786,0,0,147.43659300074796,1008,10460.70751953125,0.1180708035826683,32,0.9826797246932983,0.9745672075077891,6,6,32,1781073898825.0525,1781073898654.651,4510,456,late,0.9411764705882353,31.924558999889996,0.07154400009312667,observability_fixed_R16_k16,good,22.961482998653082,0,False,False,0.0,"[0, 51, 55, 57, 58, 59, 60, 61, 62, 63, 64, 65, 66, 67, 68, 69, 70]",4,pg19,1,7437375d-8a0c-4ea6-9f65-2667cdabb395,23226,766,False,16,16,126,"[0, 51, 55, 57, 58, 59, 60, 61, 62, 63, 64, 65, 66, 67, 68, 69]",0.1343680709534368,48,[],210.93897200080391,170.39807599940104,606
0.03125,-1.75,[1],1,,1781073899232.3403,0.0,1781073899084.2676,0,0,148.07208999991417,323,10459.54833984375,2.8938634395599365,32,0.1944412887096405,0.08190730214118958,6,6,32,1781073899241.0723,1781073899070.1272,4512,458,late,0.9411764705882353,34.01403999851027,0.07550400005129632,observability_fixed_R16_k16,good,22.870096001497586,0,False,False,0.0,"[0, 51, 55, 57, 58, 59, 60, 61, 62, 63, 64, 65, 66, 67, 68, 69, 70]",4,pg19,1,7437375d-8a0c-4ea6-9f65-2667cdabb395,23249,764,False,16,16,127,"[0, 51, 55, 57, 58, 59, 60, 61, 62, 63, 64, 65, 66, 67, 68, 69]",0.1347517730496454,50,[],209.7487060000276,170.94218600141176,608
0.0625,-0.75,"[0, 9]",2,0.958257257938385,1781073899779.9102,134.5337019993167,1781073899499.3342,16,997,280.57557200008887,11,10459.54833984375,1.490665078163147,32,0.4929848313331604,0.1645861268043518,6,6,32,1781073899788.8481,1781073899484.8835,4514,460,late,0.8333333333333334,32.22485700098332,0.07366300087596755,observability_fixed_R16_k16,good,23.387536999507574,0,False,False,0.0,"[0, 51, 55, 57, 58, 59, 60, 61, 62, 63, 64, 65, 66, 67, 68, 69, 70]",4,pg19,2,7437375d-8a0c-4ea6-9f65-2667cdabb395,23244,964,True,16,16,128,"[0, 28, 57, 58, 59, 60, 61, 62, 63, 64, 65, 66, 67, 68, 69, 70]",0.13513513513513514,53,"[0, 4516, 4515, 4508, 4507, 4513, 4510, 4491, 4512, 4514, 4509, 4489, 4109, 4488, 4476, 4490]",210.2880259990343,303.96310899959644,610
0.125,2.25,"[0, 5, 12, 20]",4,,1781073900135.0254,0.0,1781073900054.2002,0,0,80.82393699987733,8084,10460.1279296875,0.9105603098869324,32,0.8064844012260437,0.7314696684479713,6,6,32,1781073900143.6118,1781073900039.6904,4517,463,late,1.0,32.28398399915022,4.152679999606335,observability_fixed_R16_k16,good,23.0953310001496,0,False,False,0.0,"[0, 28, 57, 58, 59, 60, 61, 62, 63, 64, 65, 66, 67, 68, 69, 70]",4,pg19,4,7437375d-8a0c-4ea6-9f65-2667cdabb395,23256,779,False,16,16,129,"[0, 28, 57, 58, 59, 60, 61, 62, 63, 64, 65, 66, 67, 68, 69, 70]",0.11445649767544831,5,[],213.32189199893037,103.91926800002693,517
0.0,-2.0,[],0,,1781073900548.0278,0.0,1781073900393.1567,0,0,154.86967600008938,7428,10461.287109375,1.0208591222763062,32,0.7337424755096436,0.5823261588811874,6,6,32,1781073900556.5076,1781073900378.902,4522,468,late,1.0,31.57203800037678,0.07032100074866321,observability_fixed_R16_k16,good,22.733994999725837,0,False,False,0.0,"[0, 28, 57, 58, 59, 60, 61, 62, 63, 64, 65, 66, 67, 68, 69, 70]",4,pg19,0,7437375d-8a0c-4ea6-9f65-2667cdabb395,23271,764,False,16,16,130,"[0, 28, 57, 58, 59, 60, 61, 62, 63, 64, 65, 66, 67, 68, 69, 70]",0.11543564794338788,6,[],202.75507299993478,177.60367099981522,522
0.125,2.25,"[0, 5, 10, 21]",4,,1781073900956.7034,0.0,1781073900811.371,0,0,145.33175900032802,358,10458.96875,0.6317532658576965,32,0.8610463738441467,0.8068549111485481,6,6,32,1781073900965.2244,1781073900797.062,4523,469,late,1.0,30.253498998717987,0.07184400055848528,observability_fixed_R16_k16,good,22.82820099935634,0,False,False,0.0,"[0, 28, 57, 58, 59, 60, 61, 62, 63, 64, 65, 66, 67, 68, 69, 70]",4,pg19,4,7437375d-8a0c-4ea6-9f65-2667cdabb395,23262,779,False,16,16,131,"[0, 28, 57, 58, 59, 60, 61, 62, 63, 64, 65, 66, 67, 68, 69, 70]",0.1156312182179969,11,[],209.3601819997275,168.15995999968436,523
0.03125,-1.5,[10],1,,1781073901405.3608,0.0,1781073901225.0264,0,0,180.3336209995905,5978,10461.287109375,3.4711432456970215,32,0.15466345846652985,0.018173441290855408,4,6,32,1781073901414.2776,1781073901210.404,4528,474,late,1.0,31.783353000719217,0.07156399988161866,observability_fixed_R16_k16,good,23.53805100028694,0,False,False,0.0,"[0, 28, 57, 58, 59, 60, 61, 62, 63, 64, 65, 66, 67, 68, 69, 70]",4,pg19,1,7437375d-8a0c-4ea6-9f65-2667cdabb395,23314,765,False,16,16,132,"[0, 28, 57, 58, 59, 60, 61, 62, 63, 64, 65, 66, 67, 68, 69, 70]",0.1166077738515901,13,[],212.05698899939307,203.87167199987744,528
0.125,1.75,"[0, 3, 9, 16]",4,,1781073901857.1401,0.0,1781073901675.4834,0,0,181.65574300110165,1212,10459.83837890625,0.6139401793479919,32,0.8681226372718811,0.7946007698774338,6,6,32,1781073901866.0906,1781073901660.8079,4530,476,late,1.0,33.489543999166926,0.07996699969226029,observability_fixed_R16_k16,good,23.624475999895367,0,False,False,0.0,"[0, 28, 57, 58, 59, 60, 61, 62, 63, 64, 65, 66, 67, 68, 69, 70]",4,pg19,4,7437375d-8a0c-4ea6-9f65-2667cdabb395,23309,780,False,16,16,133,"[0, 28, 57, 58, 59, 60, 61, 62, 63, 64, 65, 66, 67, 68, 69, 70]",0.11699779249448124,18,[],211.97052499883284,205.28021900099702,530
0.1875,3.75,"[0, 3, 7, 10, 11, 16]",6,,1781073902317.9973,0.0,1781073902132.961,0,0,185.03470299947367,21080,10461.287109375,0.03032156080007553,32,0.9967488050460815,0.9958255743840709,6,6,32,1781073902326.697,1781073902118.564,4535,481,late,1.0,34.82398500091222,0.07947399899421725,observability_fixed_R16_k16,good,23.09719700133428,0,False,False,0.0,"[0, 28, 57, 58, 59, 60, 61, 62, 63, 64, 65, 66, 67, 68, 69, 70]",4,pg19,6,7437375d-8a0c-4ea6-9f65-2667cdabb395,23333,793,False,16,16,134,"[0, 28, 57, 58, 59, 60, 61, 62, 63, 64, 65, 66, 67, 68, 69, 70]",0.11797133406835722,25,[],216.3961139995081,208.13190000080795,535
0.125,0.25,"[0, 1, 3, 10]",4,,1781073902771.5994,0.0,1781073902589.7888,0,0,181.80951099930098,2041,10462.4462890625,0.25968095660209656,32,0.9607416391372681,0.9436864331364632,6,6,32,1781073902780.3877,1781073902575.2546,4542,488,late,1.0,36.31128000051831,0.08491199878335465,observability_fixed_R16_k16,good,23.321536000366905,0,False,False,0.0,"[0, 28, 57, 58, 59, 60, 61, 62, 63, 64, 65, 66, 67, 68, 69, 70]",4,pg19,4,7437375d-8a0c-4ea6-9f65-2667cdabb395,23360,780,False,16,16,135,"[0, 28, 57, 58, 59, 60, 61, 62, 63, 64, 65, 66, 67, 68, 69, 70]",0.11933069132540731,30,[],211.20130899907963,205.1310469996679,542
0.15625,1.25,"[4, 16, 20, 26, 30]",5,,1781073903226.1497,0.0,1781073903042.6401,0,0,183.50787999952445,3565,10461.287109375,3.2420365810394287,32,0.16406230628490448,0.030158549547195435,5,6,32,1781073903234.901,1781073903028.045,4547,493,late,0.9411764705882353,36.36781999921368,4.141909999816562,observability_fixed_R16_k16,good,23.3457680005813,0,False,False,0.0,"[0, 28, 57, 58, 59, 60, 61, 62, 63, 64, 65, 66, 67, 68, 69, 70, 71]",4,pg19,5,7437375d-8a0c-4ea6-9f65-2667cdabb395,23400,790,False,16,16,136,"[0, 28, 57, 58, 59, 60, 61, 62, 63, 64, 65, 66, 67, 68, 69, 70]",0.12733670552012316,36,[],206.15031600027578,206.85364800010575,579
0.03125,-3.75,[0],1,,1781073903671.6487,0.0,1781073903490.1677,0,0,181.47941200004425,6771,10461.86669921875,1.7422921657562256,32,0.4082436263561249,0.19311434030532837,6,6,32,1781073903680.5796,1781073903475.528,4553,499,late,0.9411764705882353,32.4576729999535,0.08061400149017572,observability_fixed_R16_k16,good,23.570405999635113,0,False,False,0.0,"[0, 28, 57, 58, 59, 60, 61, 62, 63, 64, 65, 66, 67, 68, 69, 70, 71]",4,pg19,1,7437375d-8a0c-4ea6-9f65-2667cdabb395,23409,765,False,16,16,137,"[0, 28, 57, 58, 59, 60, 61, 62, 63, 64, 65, 66, 67, 68, 69, 70]",0.12848671205798376,38,[],207.10821699867665,205.04981799967936,585
0.15625,1.0,"[0, 5, 14, 22, 26]",5,,1781073904119.5142,0.0,1781073903938.143,0,0,181.37015700085612,438,10459.54833984375,0.48696574568748474,32,0.8433125615119934,0.6944590508937836,6,6,32,1781073904128.4705,1781073903923.59,4555,501,late,0.9411764705882353,32.311363000189885,0.0805669988039881,observability_fixed_R16_k16,good,23.508562000642996,0,False,False,0.0,"[0, 28, 57, 58, 59, 60, 61, 62, 63, 64, 65, 66, 67, 68, 69, 70, 71]",4,pg19,5,7437375d-8a0c-4ea6-9f65-2667cdabb395,23424,785,False,16,16,138,"[0, 28, 57, 58, 59, 60, 61, 62, 63, 64, 65, 66, 67, 68, 69, 70]",0.12886937431394072,44,[],209.63103099893488,204.87871900149912,587
0.09375,-0.75,"[0, 1, 4]",3,,1781073904564.0615,0.0,1781073904387.0557,0,0,177.00398199849587,32313,10461.86669921875,0.027081461623311043,32,0.9965482354164124,0.9944020917173475,6,6,32,1781073904572.9402,1781073904372.1396,4561,507,late,0.9411764705882353,32.546970000112196,0.07941100011521485,observability_fixed_R16_k16,good,23.794998001903878,0,False,False,0.0,"[0, 28, 57, 58, 59, 60, 61, 62, 63, 64, 65, 66, 67, 68, 69, 70, 71]",4,pg19,3,7437375d-8a0c-4ea6-9f65-2667cdabb395,23426,776,False,16,16,139,"[0, 28, 57, 58, 59, 60, 61, 62, 63, 64, 65, 66, 67, 68, 69, 70]",0.13001534751151064,48,[],210.11954200002947,200.79898000039975,593
0.1875,2.5,"[0, 3, 6, 11, 17, 31]",6,,1781073904984.9006,0.0,1781073904837.2769,0,0,147.62330499979726,1467,10461.287109375,0.06539442390203476,32,0.9919301867485046,0.9887730902992189,6,6,32,1781073904993.395,1781073904822.756,4565,511,late,0.9411764705882353,34.241294999446836,0.08197200077120215,observability_fixed_R16_k16,good,23.011692001091433,0,False,False,0.0,"[0, 28, 57, 58, 59, 60, 61, 62, 63, 64, 65, 66, 67, 68, 69, 70, 71]",4,pg19,6,7437375d-8a0c-4ea6-9f65-2667cdabb395,23466,792,False,16,16,140,"[0, 28, 57, 58, 59, 60, 61, 62, 63, 64, 65, 66, 67, 68, 69, 70]",0.1307776560788609,55,[],214.47127099963836,170.6349970008887,597
0.0,0.0,[],0,0.8390278220176697,1781073943110.1516,71.4324510008737,1781073940778.7014,16,983,2331.4532059994235,7117,12733.85888671875,3.0075976848602295,32,0.22975648939609528,0.06936061382293701,6,6,32,1781073943119.315,1781073940760.1355,3926,0,early,0.6,349.39507200033404,5.6800500005920185,observability_fixed_R16_k16,good,27.721521000785287,0,False,False,0.0,"[46, 47, 48, 49, 50, 51, 52, 53, 54, 55, 56, 57, 58, 59, 60, 61]",5,pg19,0,263c2652-73e3-4469-9f02-298000ad3dd3,20846,960,True,16,16,0,"[0, 7, 41, 45, 48, 49, 50, 51, 54, 55, 56, 57, 58, 59, 60, 61]",0.130412633723892,1,"[0, 3926, 3925, 3924, 3923, 3906, 3922, 3911, 3879, 3857, 3913, 3921, 3920, 3908, 3917, 3919]",285.46389999974053,2359.174727000209,512
0.0,0.0,[],0,,1781073943575.1833,0.0,1781073943484.7178,0,0,90.46476900039124,1059,10458.96875,1.9661779403686523,32,0.7254620790481567,0.6887746639549732,6,6,32,1781073943583.8445,1781073943470.0315,3927,1,early,1.0,47.75277900080255,5.724222000935697,observability_fixed_R16_k16,good,23.34621099907963,0,False,False,0.0,"[0, 7, 41, 45, 48, 49, 50, 51, 54, 55, 56, 57, 58, 59, 60, 61]",5,pg19,0,263c2652-73e3-4469-9f02-298000ad3dd3,20843,761,False,16,16,1,"[0, 7, 41, 45, 48, 49, 50, 51, 54, 55, 56, 57, 58, 59, 60, 61]",0.13623631270690095,1,[],295.6310959998518,113.81097999947087,535
0.0625,2.0,"[0, 14]",2,,1781073944102.1016,0.0,1781073943930.544,0,0,171.55663599987747,5074,10458.96875,3.1565511226654053,32,0.45184046030044556,0.361466683447361,6,6,32,1781073944111.2542,1781073943915.617,3928,2,early,1.0,42.91692500009958,0.09782800043467432,observability_fixed_R16_k16,good,24.076164001598954,0,False,False,0.0,"[0, 7, 41, 45, 48, 49, 50, 51, 54, 55, 56, 57, 58, 59, 60, 61]",5,pg19,2,263c2652-73e3-4469-9f02-298000ad3dd3,20845,770,False,16,16,2,"[0, 7, 41, 45, 48, 49, 50, 51, 54, 55, 56, 57, 58, 59, 60, 61]",0.1364562118126273,4,[],287.56875100043544,195.63280000147643,536
0.0625,1.3333333333333335,"[0, 7]",2,,1781073944626.4497,0.0,1781073944464.57,0,0,161.87919599906309,50843,10460.1279296875,1.3363604545593262,32,0.6598631143569946,0.5299283713102341,6,6,32,1781073944635.1877,1781073944450.1782,3931,5,early,1.0,44.157877999168704,0.08627200077171437,observability_fixed_R16_k16,good,23.12590700239525,0,False,False,0.0,"[0, 7, 41, 45, 48, 49, 50, 51, 54, 55, 56, 57, 58, 59, 60, 61]",5,pg19,2,263c2652-73e3-4469-9f02-298000ad3dd3,20852,770,False,16,16,3,"[0, 7, 41, 45, 48, 49, 50, 51, 54, 55, 56, 57, 58, 59, 60, 61]",0.13711523785296362,7,[],293.4091150000313,185.00510300145834,539
0.03125,0.0,[1],1,,1781073945181.947,0.0,1781073945013.0042,0,0,168.94200699971407,4264,10460.1279296875,1.2574738264083862,32,0.7013011574745178,0.5970620512962341,6,6,32,1781073945190.752,1781073944997.4392,3934,8,early,1.0,44.0675560003001,0.09913500070979353,observability_fixed_R16_k16,good,24.365637998926104,0,False,False,0.0,"[0, 7, 41, 45, 48, 49, 50, 51, 54, 55, 56, 57, 58, 59, 60, 61]",5,pg19,1,263c2652-73e3-4469-9f02-298000ad3dd3,20866,765,False,16,16,4,"[0, 7, 41, 45, 48, 49, 50, 51, 54, 55, 56, 57, 58, 59, 60, 61]",0.13777325876970006,9,[],316.6141570000036,193.30764499864017,542
0.0625,0.75,"[0, 5]",2,,1781073945630.6064,0.0,1781073945480.237,0,0,150.36863000023004,1030,10460.1279296875,1.0263053178787231,32,0.7965112328529358,0.7598354630172253,6,6,32,1781073945639.2095,1781073945466.4094,3936,10,early,1.0,42.70303500015871,0.09301399950345512,observability_fixed_R16_k16,good,22.42672000102175,0,False,False,0.0,"[0, 7, 41, 45, 48, 49, 50, 51, 54, 55, 56, 57, 58, 59, 60, 61]",5,pg19,2,263c2652-73e3-4469-9f02-298000ad3dd3,20876,769,False,16,16,5,"[0, 7, 41, 45, 48, 49, 50, 51, 54, 55, 56, 57, 58, 59, 60, 61]",0.13821138211382114,12,[],231.70525699970312,172.7953500012518,544
0.0625,0.25,"[1, 10]",2,,1781073946060.133,0.0,1781073945908.3394,0,0,151.7920040005265,31445,10460.1279296875,0.9146366119384766,32,0.7228152751922607,0.49537137150764465,4,6,32,1781073946068.7917,1781073945894.4343,3939,13,early,1.0,35.87207800046599,0.0725070003682049,observability_fixed_R16_k16,good,22.561787000086042,0,False,False,0.0,"[0, 7, 41, 45, 48, 49, 50, 51, 54, 55, 56, 57, 58, 59, 60, 61]",5,pg19,2,263c2652-73e3-4469-9f02-298000ad3dd3,20894,770,False,16,16,6,"[0, 7, 41, 45, 48, 49, 50, 51, 54, 55, 56, 57, 58, 59, 60, 61]",0.13886773292713886,15,[],218.1102889990143,174.35379100061255,547
0.0625,0.25,"[0, 2]",2,,1781073946489.8743,0.0,1781073946344.5962,0,0,145.2765609992639,1059,10460.1279296875,0.004055687692016363,32,0.9995513558387756,0.9991340531560127,6,6,32,1781073946498.6284,1781073946330.9756,3942,16,early,1.0,34.05059699980484,0.0675350001984043,observability_fixed_R16_k16,good,22.374676000254112,0,False,False,0.0,"[0, 7, 41, 45, 48, 49, 50, 51, 54, 55, 56, 57, 58, 59, 60, 61]",5,pg19,2,263c2652-73e3-4469-9f02-298000ad3dd3,20893,767,False,16,16,7,"[0, 7, 41, 45, 48, 49, 50, 51, 54, 55, 56, 57, 58, 59, 60, 61]",0.13952308472856417,18,[],227.0080889993551,167.651236999518,550
0.0,-1.75,[],0,,1781073946897.7168,0.0,1781073946756.4927,0,0,141.22292899992317,12923,10460.1279296875,1.6660852432250977,32,0.6375970244407654,0.5302081629633904,6,6,32,1781073946906.25,1781073946742.792,3945,19,early,1.0,32.233801000984386,0.06617299914069008,observability_fixed_R16_k16,good,22.22997099852364,0,False,False,0.0,"[0, 7, 41, 45, 48, 49, 50, 51, 54, 55, 56, 57, 58, 59, 60, 61]",5,pg19,0,263c2652-73e3-4469-9f02-298000ad3dd3,20917,766,False,16,16,8,"[0, 7, 41, 45, 48, 49, 50, 51, 54, 55, 56, 57, 58, 59, 60, 61]",0.14017743979721167,19,[],211.0149089985498,163.4528999984468,553
0.09375,1.5,"[6, 17, 25]",3,,1781073947300.0627,0.0,1781073947165.992,0,0,134.06900499830954,537,10458.96875,2.6046385765075684,32,0.20922622084617615,0.08032569289207458,5,6,32,1781073947308.6797,1781073947152.2046,3946,20,early,1.0,30.411837000428932,0.06375800148816779,observability_fixed_R16_k16,good,22.40153300226666,0,False,False,0.0,"[0, 7, 41, 45, 48, 49, 50, 51, 54, 55, 56, 57, 58, 59, 60, 61]",5,pg19,3,263c2652-73e3-4469-9f02-298000ad3dd3,20923,775,False,16,16,9,"[0, 7, 41, 45, 48, 49, 50, 51, 54, 55, 56, 57, 58, 59, 60, 61]",0.1403953370501774,23,[],214.30216100088728,156.4705380005762,554
0.09375,1.25,"[0, 20, 28]",3,,1781073947724.5332,0.0,1781073947579.0627,0,0,145.46922099907533,43391,10460.70751953125,3.7092435359954834,32,0.31203460693359375,0.2663738578557968,4,6,32,1781073947733.1167,1781073947565.2124,3950,24,early,1.0,32.4326949994429,0.06405299973266665,observability_fixed_R16_k16,good,22.432516001572367,0,False,False,0.0,"[0, 7, 41, 45, 48, 49, 50, 51, 54, 55, 56, 57, 58, 59, 60, 61]",5,pg19,3,263c2652-73e3-4469-9f02-298000ad3dd3,20964,780,False,16,16,10,"[0, 7, 41, 45, 48, 49, 50, 51, 54, 55, 56, 57, 58, 59, 60, 61]",0.14126582278481012,27,[],222.83317900109978,167.9017370006477,558
0.0,-2.0,[],0,,1781073948138.6855,0.0,1781073947992.061,0,0,146.62349900027039,10244,10460.91162109375,1.4883804321289062,32,0.6091567277908325,0.4426225423812866,5,6,32,1781073948147.2659,1781073947978.2031,3954,28,early,1.0,34.30165000099805,0.07019700024102349,observability_fixed_R16_k16,good,22.434227999838185,0,False,False,0.0,"[0, 7, 41, 45, 48, 49, 50, 51, 54, 55, 56, 57, 58, 59, 60, 61]",5,pg19,0,263c2652-73e3-4469-9f02-298000ad3dd3,20960,765,False,16,16,11,"[0, 7, 41, 45, 48, 49, 50, 51, 54, 55, 56, 57, 58, 59, 60, 61]",0.14213454729387962,28,[],209.8445570009062,169.05772700010857,562
0.03125,-0.5,[1],1,,1781073948545.374,0.0,1781073948401.8484,0,0,143.52521199907642,537,10458.96875,1.5629127025604248,32,0.4226610064506531,0.04379013180732727,5,6,32,1781073948553.9824,1781073948388.5447,3955,29,early,1.0,32.15892999833159,0.06798799950047396,observability_fixed_R16_k16,good,21.91084400146792,0,False,False,0.0,"[0, 7, 41, 45, 48, 49, 50, 51, 54, 55, 56, 57, 58, 59, 60, 61]",5,pg19,1,263c2652-73e3-4469-9f02-298000ad3dd3,20967,763,False,16,16,12,"[0, 7, 41, 45, 48, 49, 50, 51, 54, 55, 56, 57, 58, 59, 60, 61]",0.14235145385587863,30,[],207.9237859998102,165.43605600054434,563
0.0,-1.75,[],0,,1781073948955.5151,0.0,1781073948809.2043,0,0,146.31038100014848,2087,10459.54833984375,4.201524257659912,32,0.15022820234298706,0.06855054944753647,4,6,32,1781073948964.1409,1781073948795.4124,3957,31,early,1.0,31.023751998873195,0.06381599996529985,observability_fixed_R16_k16,good,22.41406099892629,0,False,False,0.0,"[0, 7, 41, 45, 48, 49, 50, 51, 54, 55, 56, 57, 58, 59, 60, 61]",5,pg19,0,263c2652-73e3-4469-9f02-298000ad3dd3,20996,764,False,16,16,13,"[0, 7, 41, 45, 48, 49, 50, 51, 54, 55, 56, 57, 58, 59, 60, 61]",0.14278493808440737,31,[],209.4906570000603,168.72444199907477,565
0.0,-1.0,[],0,,1781073949449.0247,0.0,1781073949221.0476,0,0,227.97559600076056,448,10458.96875,0.3053983151912689,32,0.9566022753715515,0.9456380493938923,6,6,32,1781073949458.3713,1781073949206.5825,3958,32,early,1.0,31.007464000140317,0.07066200123517774,observability_fixed_R16_k16,good,23.80842499951541,0,False,False,0.0,"[0, 7, 41, 45, 48, 49, 50, 51, 54, 55, 56, 57, 58, 59, 60, 61]",5,pg19,0,263c2652-73e3-4469-9f02-298000ad3dd3,20978,762,False,16,16,14,"[0, 7, 41, 45, 48, 49, 50, 51, 54, 55, 56, 57, 58, 59, 60, 61]",0.14300151591712987,32,[],210.24539100108086,251.78402100027597,566
0.0625,1.75,"[0, 2]",2,,1781073949865.6404,0.0,1781073949718.061,0,0,147.5780759992631,1490,10458.96875,0.19374744594097137,32,0.9667072296142578,0.9500741139054298,6,6,32,1781073949874.6462,1781073949704.0588,3959,33,early,1.0,30.73149299962097,0.0676140007271897,observability_fixed_R16_k16,good,23.004780001429026,0,False,False,0.0,"[0, 7, 41, 45, 48, 49, 50, 51, 54, 55, 56, 57, 58, 59, 60, 61]",5,pg19,2,263c2652-73e3-4469-9f02-298000ad3dd3,20986,766,False,16,16,15,"[0, 7, 41, 45, 48, 49, 50, 51, 54, 55, 56, 57, 58, 59, 60, 61]",0.14321798433947966,35,[],213.69146600045497,170.58285600069212,567
0.0625,1.25,"[0, 3]",2,0.8344247937202454,1781073950489.193,129.02978400052234,1781073950199.9553,16,1021,289.2387649990269,59907,10460.1279296875,0.10500472038984299,32,0.9834008812904358,0.9751545628532767,6,6,32,1781073950497.9487,1781073950185.8728,3962,36,early,0.6842105263157895,50.78179799966165,0.11338599870214239,observability_fixed_R16_k16,good,22.83426100075303,0,False,False,0.0,"[0, 7, 41, 45, 48, 49, 50, 51, 54, 55, 56, 57, 58, 59, 60, 61]",5,pg19,2,263c2652-73e3-4469-9f02-298000ad3dd3,21000,969,True,16,16,16,"[0, 37, 47, 48, 49, 50, 51, 53, 54, 55, 56, 57, 58, 59, 60, 61]",0.14386673397274105,38,"[0, 3964, 3959, 3963, 3957, 3961, 3960, 3954, 3946, 3956, 3955, 3953, 3962, 3945, 3958, 3951]",259.0450090010563,312.07302599977993,570
0.09375,2.0,"[3, 12, 20]",3,,1781073950837.8694,0.0,1781073950757.242,0,0,80.6261159996211,1012,10460.1279296875,2.085587978363037,32,0.25790873169898987,0.03383375704288483,6,6,32,1781073950846.548,1781073950743.2046,3965,39,early,1.0,33.45371299838007,4.171044000031543,observability_fixed_R16_k16,good,22.71474000008311,0,False,False,0.0,"[0, 37, 47, 48, 49, 50, 51, 53, 54, 55, 56, 57, 58, 59, 60, 61]",5,pg19,3,263c2652-73e3-4469-9f02-298000ad3dd3,21011,771,False,16,16,17,"[0, 37, 47, 48, 49, 50, 51, 53, 54, 55, 56, 57, 58, 59, 60, 61]",0.1364438839848676,4,[],206.35649599898898,103.34085599970422,541
0.09375,1.25,"[0, 10, 24]",3,,1781073951269.9353,0.0,1781073951111.6587,0,0,158.2753530001355,11,10460.91162109375,4.437787055969238,32,0.18057863414287567,0.052529215812683105,4,6,32,1781073951278.554,1781073951097.7297,3969,43,early,0.9411764705882353,35.24743300113187,4.041684000185342,observability_fixed_R16_k16,good,22.54631200048607,0,False,False,0.0,"[0, 37, 47, 48, 49, 50, 51, 53, 54, 55, 56, 57, 58, 59, 60, 61, 62]",5,pg19,3,263c2652-73e3-4469-9f02-298000ad3dd3,21048,771,False,16,16,18,"[0, 37, 47, 48, 49, 50, 51, 53, 54, 55, 56, 57, 58, 59, 60, 61]",0.145376669186193,8,[],210.79857299992,180.82166500062158,577
0.0625,-0.5,"[0, 6]",2,,1781073951675.4531,0.0,1781073951529.6824,0,0,145.76975999989372,21355,10460.70751953125,1.38777494430542,32,0.7831686735153198,0.7498173266649246,6,6,32,1781073951684.385,1781073951515.5134,3973,47,early,0.9411764705882353,30.058790000111912,0.06729099914082326,observability_fixed_R16_k16,good,23.097622999557643,0,False,False,0.0,"[0, 37, 47, 48, 49, 50, 51, 53, 54, 55, 56, 57, 58, 59, 60, 61, 62]",5,pg19,2,263c2652-73e3-4469-9f02-298000ad3dd3,21057,772,False,16,16,19,"[0, 37, 47, 48, 49, 50, 51, 53, 54, 55, 56, 57, 58, 59, 60, 61]",0.14623710042788823,11,[],206.00395899964496,168.86738299945137,581
0.0,-2.5,[],0,,1781073952080.9307,0.0,1781073951935.6272,0,0,145.3018249994784,650,10460.91162109375,2.8035757541656494,32,0.3317474126815796,0.1725732684135437,6,6,32,1781073952090.2378,1781073951921.9534,3976,50,early,0.9411764705882353,30.794438998782425,0.06914699952176306,observability_fixed_R16_k16,good,22.97732700026245,0,False,False,0.0,"[0, 37, 47, 48, 49, 50, 51, 53, 54, 55, 56, 57, 58, 59, 60, 61, 62]",5,pg19,0,263c2652-73e3-4469-9f02-298000ad3dd3,21064,759,False,16,16,20,"[0, 37, 47, 48, 49, 50, 51, 53, 54, 55, 56, 57, 58, 59, 60, 61]",0.14688128772635814,12,[],205.58641600109695,168.27915199974086,584
0.1875,4.0,"[0, 1, 3, 11, 18, 25]",6,,1781073952597.3442,0.0,1781073952439.1946,0,0,158.1490489988937,2932,10458.96875,0.009434644132852554,32,0.9990768432617188,0.9987256059830543,6,6,32,1781073952606.0137,1781073952424.375,3977,51,early,0.9411764705882353,42.5179339999886,0.09852699986367952,observability_fixed_R16_k16,good,23.4877270013385,0,False,False,0.0,"[0, 37, 47, 48, 49, 50, 51, 53, 54, 55, 56, 57, 58, 59, 60, 61, 62]",5,pg19,6,263c2652-73e3-4469-9f02-298000ad3dd3,21065,789,False,16,16,21,"[0, 37, 47, 48, 49, 50, 51, 53, 54, 55, 56, 57, 58, 59, 60, 61]",0.14709580085491578,19,[],290.0772829998459,181.6367760002322,585
0.15625,2.25,"[0, 2, 12, 21, 28]",5,,1781073953107.879,0.0,1781073952949.3347,0,0,158.5441240004002,387,10462.4462890625,0.46666738390922546,32,0.9254090189933777,0.8956617936491966,6,6,32,1781073953116.7551,1781073952934.6248,3984,58,early,0.9411764705882353,43.38063099930878,0.10146999920834787,observability_fixed_R16_k16,good,23.58373499919253,0,False,False,0.0,"[0, 37, 47, 48, 49, 50, 51, 53, 54, 55, 56, 57, 58, 59, 60, 61, 62]",5,pg19,5,263c2652-73e3-4469-9f02-298000ad3dd3,21107,782,False,16,16,22,"[0, 37, 47, 48, 49, 50, 51, 53, 54, 55, 56, 57, 58, 59, 60, 61]",0.14859437751004015,25,[],283.8697110000794,182.12785899959272,592
0.125,0.75,"[0, 6, 23, 29]",4,,1781073953623.4985,0.0,1781073953466.209,0,0,157.2889760009275,11,10461.86669921875,2.832045316696167,32,0.21139438450336456,0.01588653028011322,5,6,32,1781073953632.266,1781073953452.079,3990,64,early,0.9411764705882353,44.58167700067861,0.10346799899707548,observability_fixed_R16_k16,good,22.892401999342837,0,False,False,0.0,"[0, 37, 47, 48, 49, 50, 51, 53, 54, 55, 56, 57, 58, 59, 60, 61, 62]",5,pg19,4,263c2652-73e3-4469-9f02-298000ad3dd3,21129,774,False,16,16,23,"[0, 37, 47, 48, 49, 50, 51, 53, 54, 55, 56, 57, 58, 59, 60, 61]",0.14987468671679197,30,[],289.4190789993445,180.18137800027034,598
0.125,0.25,"[0, 6, 16, 25]",4,,1781073954119.3428,0.0,1781073953980.5896,0,0,138.75258500047494,1847,10461.287109375,1.112650990486145,32,0.7971094250679016,0.7574236840009689,6,6,32,1781073954128.0518,1781073953966.4075,3995,69,early,0.9411764705882353,43.67807900052867,0.10545700024522375,observability_fixed_R16_k16,good,22.8870309983904,0,False,False,0.0,"[0, 37, 47, 48, 49, 50, 51, 53, 54, 55, 56, 57, 58, 59, 60, 61, 62]",5,pg19,4,263c2652-73e3-4469-9f02-298000ad3dd3,21154,782,False,16,16,24,"[0, 37, 47, 48, 49, 50, 51, 53, 54, 55, 56, 57, 58, 59, 60, 61]",0.1509386733416771,35,[],288.8504410002497,161.63961599886534,603
0.0625,-2.75,"[0, 2]",2,,1781073954632.71,0.0,1781073954472.5095,0,0,160.19978999975137,8189,10461.287109375,0.015913812443614006,32,0.998029887676239,0.9968242202885449,6,6,32,1781073954641.908,1781073954457.6333,4000,74,early,0.9411764705882353,42.85176799930923,0.1045989993144758,observability_fixed_R16_k16,good,24.072217998764245,0,False,False,0.0,"[0, 37, 47, 48, 49, 50, 51, 53, 54, 55, 56, 57, 58, 59, 60, 61, 62]",5,pg19,2,263c2652-73e3-4469-9f02-298000ad3dd3,21171,768,False,16,16,25,"[0, 37, 47, 48, 49, 50, 51, 53, 54, 55, 56, 57, 58, 59, 60, 61]",0.152,38,[],285.35085799921944,184.27200799851562,608
0.03125,-2.75,[0],1,,1781073955182.8298,0.0,1781073954989.1091,0,0,193.7196569997468,22936,10460.1279296875,1.37093186378479,32,0.6840912699699402,0.5855385735630989,6,6,32,1781073955191.7954,1781073954974.3064,4003,77,early,0.9411764705882353,43.59784599910199,0.10842399933608249,observability_fixed_R16_k16,good,23.76579900010256,0,False,False,0.0,"[0, 37, 47, 48, 49, 50, 51, 53, 54, 55, 56, 57, 58, 59, 60, 61, 62]",5,pg19,1,263c2652-73e3-4469-9f02-298000ad3dd3,21189,765,False,16,16,26,"[0, 37, 47, 48, 49, 50, 51, 53, 54, 55, 56, 57, 58, 59, 60, 61]",0.1526355233574819,40,[],287.27259500010405,217.48545599984936,611
0.1875,3.25,"[0, 9, 24, 29, 30, 31]",6,,1781073955828.0906,0.0,1781073955626.0068,0,0,202.0827399992413,311,10459.75244140625,2.134239435195923,32,0.2750351130962372,0.08000601828098297,6,6,32,1781073955836.8428,1781073955610.8628,4005,79,early,0.9411764705882353,44.78943399954005,0.10842500159924384,observability_fixed_R16_k16,good,23.894546000519767,0,False,False,0.0,"[0, 37, 47, 48, 49, 50, 51, 53, 54, 55, 56, 57, 58, 59, 60, 61, 62]",5,pg19,6,263c2652-73e3-4469-9f02-298000ad3dd3,21192,789,False,16,16,27,"[0, 37, 47, 48, 49, 50, 51, 53, 54, 55, 56, 57, 58, 59, 60, 61]",0.15305867665418227,47,[],372.92096900091565,225.97728599976108,613
0.03125,-2.25,[1],1,,1781073956418.3235,0.0,1781073956225.5789,0,0,192.74339900039195,10244,10462.4462890625,3.7100913524627686,32,0.14883175492286682,0.029242075979709625,6,6,32,1781073956427.2988,1781073956211.0256,4012,86,early,0.9411764705882353,70.28576399898157,0.17242099966097157,observability_fixed_R16_k16,good,23.527495000962517,0,False,False,0.0,"[0, 37, 47, 48, 49, 50, 51, 53, 54, 55, 56, 57, 58, 59, 60, 61, 62]",5,pg19,1,263c2652-73e3-4469-9f02-298000ad3dd3,21240,767,False,16,16,28,"[0, 37, 47, 48, 49, 50, 51, 53, 54, 55, 56, 57, 58, 59, 60, 61]",0.15453639082751744,49,[],302.5014220002049,216.27089400135446,620
0.1875,3.5,"[0, 9, 16, 23, 27, 29]",6,,1781073957035.9238,0.0,1781073956831.192,0,0,204.73159199900692,311,10460.33203125,1.8896502256393433,32,0.37756049633026123,0.12209028005599976,6,6,32,1781073957044.9746,1781073956816.2078,4014,88,early,0.9411764705882353,49.51569100012421,0.10774499969556928,observability_fixed_R16_k16,good,24.03229500123416,0,False,False,0.0,"[0, 37, 47, 48, 49, 50, 51, 53, 54, 55, 56, 57, 58, 59, 60, 61, 62]",5,pg19,6,263c2652-73e3-4469-9f02-298000ad3dd3,21246,791,False,16,16,29,"[0, 37, 47, 48, 49, 50, 51, 53, 54, 55, 56, 57, 58, 59, 60, 61]",0.15495764823119082,56,[],338.0284769991704,228.76388700024108,622
0.1875,2.5,"[0, 3, 6, 9, 16, 26]",6,,1781073957582.7126,0.0,1781073957390.56,0,0,192.15125899972918,1012,10462.4462890625,0.7155416011810303,32,0.8442868590354919,0.7791824489831924,6,6,32,1781073957591.7864,1781073957376.1035,4021,95,early,0.9411764705882353,43.626814000162994,0.10931399992841762,observability_fixed_R16_k16,good,23.527956000179984,0,False,False,0.0,"[0, 37, 47, 48, 49, 50, 51, 53, 54, 55, 56, 57, 58, 59, 60, 61, 62]",5,pg19,6,263c2652-73e3-4469-9f02-298000ad3dd3,21271,788,False,16,16,30,"[0, 37, 47, 48, 49, 50, 51, 53, 54, 55, 56, 57, 58, 59, 60, 61]",0.15642874906739618,63,[],286.1643849992106,215.67921499990916,629
0.1875,1.25,"[0, 4, 10, 15, 22, 27]",6,,1781073958135.416,0.0,1781073957939.9937,0,0,195.4210059993784,31245,10462.4462890625,1.1566985845565796,32,0.8573094010353088,0.8403313085436821,6,6,32,1781073958144.203,1781073957925.3606,4028,102,early,0.9411764705882353,44.60722300063935,0.12515500020526815,observability_fixed_R16_k16,good,23.41954099938448,0,False,False,0.0,"[0, 37, 47, 48, 49, 50, 51, 53, 54, 55, 56, 57, 58, 59, 60, 61, 62]",5,pg19,6,263c2652-73e3-4469-9f02-298000ad3dd3,21314,792,False,16,16,31,"[0, 37, 47, 48, 49, 50, 51, 53, 54, 55, 56, 57, 58, 59, 60, 61]",0.15789473684210525,70,[],287.5891820003744,218.84054699876287,636
0.1875,1.25,"[0, 4, 9, 14, 19, 26]",6,0.885938823223114,1781073958879.769,186.20119799925305,1781073958501.6301,16,970,378.1394289999298,13,10462.4462890625,0.04285556077957153,32,0.9945858716964722,0.991370472824201,6,6,32,1781073958888.7957,1781073958486.8137,4035,109,early,0.7,49.11646800064773,5.918585000472376,observability_fixed_R16_k16,good,23.84040300057677,0,False,False,0.0,"[0, 37, 47, 48, 49, 50, 51, 53, 54, 55, 56, 57, 58, 59, 60, 61, 62, 63]",5,pg19,6,263c2652-73e3-4469-9f02-298000ad3dd3,21351,983,True,16,16,32,"[0, 24, 50, 51, 52, 53, 54, 55, 56, 57, 58, 59, 60, 61, 62, 63]",0.16728624535315986,77,"[0, 4041, 4005, 4024, 4040, 3982, 3946, 3965, 3922, 4006, 4025, 3844, 4007, 3908, 3995, 4023]",286.31881099863676,401.9798320005066,675
0.0625,-4.0,"[0, 2]",2,,1781073959340.4058,0.0,1781073959243.7668,0,0,96.63848200034408,537,10462.4462890625,0.19603043794631958,32,0.9753502607345581,0.9696405315771699,6,6,32,1781073959349.1692,1781073959229.2705,4042,116,early,1.0,43.45438699965598,5.637611000565812,observability_fixed_R16_k16,good,23.257499999090214,0,False,False,0.0,"[0, 24, 50, 51, 52, 53, 54, 55, 56, 57, 58, 59, 60, 61, 62, 63]",5,pg19,2,263c2652-73e3-4469-9f02-298000ad3dd3,21369,765,False,16,16,33,"[0, 24, 50, 51, 52, 53, 54, 55, 56, 57, 58, 59, 60, 61, 62, 63]",0.12914398812469075,3,[],289.96578800069983,119.8959819994343,522
0.03125,-4.0,[0],1,,1781073959899.225,0.0,1781073959698.7083,0,0,200.51518400032364,9831,10460.1279296875,2.76017427444458,32,0.5505195260047913,0.47120966017246246,6,6,32,1781073959908.014,1781073959683.8801,4045,119,early,1.0,46.166140000423184,0.08671599971421529,observability_fixed_R16_k16,good,23.616573000253993,0,False,False,0.0,"[0, 24, 50, 51, 52, 53, 54, 55, 56, 57, 58, 59, 60, 61, 62, 63]",5,pg19,1,263c2652-73e3-4469-9f02-298000ad3dd3,21393,765,False,16,16,34,"[0, 24, 50, 51, 52, 53, 54, 55, 56, 57, 58, 59, 60, 61, 62, 63]",0.12978986402966625,5,[],287.0472900012828,224.13175700057764,525
0.0625,-1.75,"[0, 4]",2,,1781073960383.7065,0.0,1781073960200.4194,0,0,183.28666500019608,31445,10459.54833984375,0.035695165395736694,32,0.995867133140564,0.9942733446368948,6,6,32,1781073960392.5234,1781073960184.886,4047,121,early,1.0,43.271280999761075,0.08381500083487481,observability_fixed_R16_k16,good,24.349095998331904,0,False,False,0.0,"[0, 24, 50, 51, 52, 53, 54, 55, 56, 57, 58, 59, 60, 61, 62, 63]",5,pg19,2,263c2652-73e3-4469-9f02-298000ad3dd3,21394,772,False,16,16,35,"[0, 24, 50, 51, 52, 53, 54, 55, 56, 57, 58, 59, 60, 61, 62, 63]",0.13021991598715096,8,[],232.48850199888693,207.63576099852799,527
0.125,1.25,"[0, 2, 10, 17]",4,,1781073960893.71,0.0,1781073960658.0417,0,0,235.66709400074615,11,10460.1279296875,0.0008719457546249032,32,0.9999226331710815,0.9998661364152213,6,6,32,1781073960902.6802,1781073960643.4102,4050,124,early,1.0,34.50485399844183,0.06612600009248126,observability_fixed_R16_k16,good,23.60123200014641,0,False,False,0.0,"[0, 24, 50, 51, 52, 53, 54, 55, 56, 57, 58, 59, 60, 61, 62, 63]",5,pg19,4,263c2652-73e3-4469-9f02-298000ad3dd3,21408,775,False,16,16,36,"[0, 24, 50, 51, 52, 53, 54, 55, 56, 57, 58, 59, 60, 61, 62, 63]",0.1308641975308642,13,[],215.39749300063704,259.26832600089256,530
0.09375,0.75,"[0, 4, 16]",3,,1781073961352.17,0.0,1781073961168.3442,0,0,183.82392699822958,8900,10461.287109375,1.0827562808990479,32,0.8114517331123352,0.7595773600041866,6,6,32,1781073961360.8535,1781073961154.2915,4055,129,early,1.0,32.49155400044401,0.06162899990158621,observability_fixed_R16_k16,good,22.73537100154499,0,False,False,0.0,"[0, 24, 50, 51, 52, 53, 54, 55, 56, 57, 58, 59, 60, 61, 62, 63]",5,pg19,3,263c2652-73e3-4469-9f02-298000ad3dd3,21430,774,False,16,16,37,"[0, 24, 50, 51, 52, 53, 54, 55, 56, 57, 58, 59, 60, 61, 62, 63]",0.1319358816276202,17,[],218.17165600077715,206.55929799977457,535
0.03125,-1.5,[1],1,,1781073961797.2058,0.0,1781073961616.6978,0,0,180.5060090009647,8189,10460.70751953125,1.9807980060577393,32,0.3748837411403656,0.10061293840408325,5,6,32,1781073961806.4138,1781073961602.497,4059,133,early,1.0,32.06641600081639,0.0651379996270407,observability_fixed_R16_k16,good,23.408202998325578,0,False,False,0.0,"[0, 24, 50, 51, 52, 53, 54, 55, 56, 57, 58, 59, 60, 61, 62, 63]",5,pg19,1,263c2652-73e3-4469-9f02-298000ad3dd3,21450,763,False,16,16,38,"[0, 24, 50, 51, 52, 53, 54, 55, 56, 57, 58, 59, 60, 61, 62, 63]",0.13279132791327913,19,[],208.5857380006928,203.91421199929027,539
0.03125,-1.5,[0],1,,1781073962252.6956,0.0,1781073962070.0054,0,0,182.6888460000191,22936,10459.54833984375,1.7111977338790894,32,0.5666484236717224,0.44787246733903885,4,6,32,1781073962261.653,1781073962055.9197,4061,135,early,1.0,32.68570999898657,0.06695500087516848,observability_fixed_R16_k16,good,23.04328700120095,0,False,False,0.0,"[0, 24, 50, 51, 52, 53, 54, 55, 56, 57, 58, 59, 60, 61, 62, 63]",5,pg19,1,263c2652-73e3-4469-9f02-298000ad3dd3,21451,764,False,16,16,39,"[0, 24, 50, 51, 52, 53, 54, 55, 56, 57, 58, 59, 60, 61, 62, 63]",0.13321841910859394,21,[],215.5756330012082,205.73213300122006,541
0.125,1.75,"[0, 12, 27, 31]",4,,1781073962696.1765,0.0,1781073962514.695,0,0,181.48007299896562,1012,10459.54833984375,2.238248586654663,32,0.24909086525440216,0.015091657638549805,4,6,32,1781073962704.8352,1781073962500.817,4063,137,early,1.0,32.187971999519505,0.06392600153048988,observability_fixed_R16_k16,good,22.536540000146488,0,False,False,0.0,"[0, 24, 50, 51, 52, 53, 54, 55, 56, 57, 58, 59, 60, 61, 62, 63]",5,pg19,4,263c2652-73e3-4469-9f02-298000ad3dd3,21456,783,False,16,16,40,"[0, 24, 50, 51, 52, 53, 54, 55, 56, 57, 58, 59, 60, 61, 62, 63]",0.1336450898350972,26,[],206.07329300037236,204.0166129991121,543
0.09375,0.75,"[0, 4, 8]",3,,1781073963154.2942,0.0,1781073962972.3108,0,0,181.98180100080208,96844,10461.78076171875,1.1897469758987427,32,0.8302263617515564,0.8018175791949034,6,6,32,1781073963163.0776,1781073962958.4397,4068,142,early,1.0,40.13636699892231,4.109599000003072,observability_fixed_R16_k16,good,22.654485999737517,0,False,False,0.0,"[0, 24, 50, 51, 52, 53, 54, 55, 56, 57, 58, 59, 60, 61, 62, 63]",5,pg19,3,263c2652-73e3-4469-9f02-298000ad3dd3,21498,776,False,16,16,41,"[0, 24, 50, 51, 52, 53, 54, 55, 56, 57, 58, 59, 60, 61, 62, 63]",0.13470993117010815,30,[],208.4837449983752,204.6362870005396,548
0.03125,-1.25,[0],1,,1781073963593.4714,0.0,1781073963414.8804,0,0,178.58999899908667,10244,10460.70751953125,0.0009136169101111591,32,0.9999185800552368,0.9998565307614626,6,6,32,1781073963602.3318,1781073963400.856,4072,146,early,1.0,31.667896999351797,0.06922700049472041,observability_fixed_R16_k16,good,22.88387700173189,0,False,False,0.0,"[0, 24, 50, 51, 52, 53, 54, 55, 56, 57, 58, 59, 60, 61, 62, 63]",5,pg19,1,263c2652-73e3-4469-9f02-298000ad3dd3,21503,768,False,16,16,42,"[0, 24, 50, 51, 52, 53, 54, 55, 56, 57, 58, 59, 60, 61, 62, 63]",0.13555992141453832,32,[],205.14495600036753,201.47387600081856,552
0.03125,-1.25,[3],1,,1781073964043.128,0.0,1781073963860.7126,0,0,182.41432400100166,537,10459.54833984375,1.909050703048706,32,0.48588353395462036,0.3281402438879013,6,6,32,1781073964052.0884,1781073963846.8625,4074,148,early,1.0,32.87392499987618,0.06972600021981634,observability_fixed_R16_k16,good,22.809959000369417,0,False,False,0.0,"[0, 24, 50, 51, 52, 53, 54, 55, 56, 57, 58, 59, 60, 61, 62, 63]",5,pg19,1,263c2652-73e3-4469-9f02-298000ad3dd3,21522,763,False,16,16,43,"[0, 24, 50, 51, 52, 53, 54, 55, 56, 57, 58, 59, 60, 61, 62, 63]",0.13598429062346587,34,[],210.72444299898052,205.22428300137108,554
0.0,-2.25,[],0,,1781073964499.2742,0.0,1781073964316.5938,0,0,182.67930500041984,2087,10459.54833984375,3.6531569957733154,32,0.31593331694602966,0.21174956113100052,5,6,32,1781073964507.9353,1781073964302.5193,4076,150,early,1.0,32.9995729989605,0.06954700074857101,observability_fixed_R16_k16,good,22.734842999852845,0,False,False,0.0,"[0, 24, 50, 51, 52, 53, 54, 55, 56, 57, 58, 59, 60, 61, 62, 63]",5,pg19,0,263c2652-73e3-4469-9f02-298000ad3dd3,21547,764,False,16,16,44,"[0, 24, 50, 51, 52, 53, 54, 55, 56, 57, 58, 59, 60, 61, 62, 63]",0.1364082433758587,35,[],216.4203649990668,205.4141480002727,556
0.0625,0.75,"[1, 7]",2,,1781073964948.8762,0.0,1781073964767.1768,0,0,181.69809699975303,311,10458.96875,0.7064234614372253,32,0.887753963470459,0.8704455159604549,6,6,32,1781073964957.7827,1781073964753.123,4077,151,early,1.0,33.00560599927849,0.07220699990284629,observability_fixed_R16_k16,good,22.95996899920283,0,False,False,0.0,"[0, 24, 50, 51, 52, 53, 54, 55, 56, 57, 58, 59, 60, 61, 62, 63]",5,pg19,2,263c2652-73e3-4469-9f02-298000ad3dd3,21527,768,False,16,16,45,"[0, 24, 50, 51, 52, 53, 54, 55, 56, 57, 58, 59, 60, 61, 62, 63]",0.13662006377238164,38,[],210.9699869997712,204.65806599895586,557
0.0,-1.0,[],0,,1781073965406.7395,0.0,1781073965225.6663,0,0,181.07282600067265,1490,10460.1279296875,1.2519476413726807,32,0.8139013051986694,0.7758346349000931,6,6,32,1781073965415.3662,1781073965211.5168,4080,154,early,1.0,32.001122999645304,0.07278100019902922,observability_fixed_R16_k16,good,22.774748998926952,0,False,False,0.0,"[0, 24, 50, 51, 52, 53, 54, 55, 56, 57, 58, 59, 60, 61, 62, 63]",5,pg19,0,263c2652-73e3-4469-9f02-298000ad3dd3,21546,764,False,16,16,46,"[0, 24, 50, 51, 52, 53, 54, 55, 56, 57, 58, 59, 60, 61, 62, 63]",0.13725490196078433,39,[],220.76860800007125,203.8475749995996,560
0.03125,0.25,[1],1,,1781073965853.0137,0.0,1781073965671.6406,0,0,181.37239200041222,59907,10458.96875,0.8523306846618652,32,0.8490226864814758,0.7724809721112251,6,6,32,1781073965861.8645,1781073965657.7695,4081,155,early,1.0,30.606083999373368,0.06909299918334,observability_fixed_R16_k16,good,22.720877999745426,0,False,False,0.0,"[0, 24, 50, 51, 52, 53, 54, 55, 56, 57, 58, 59, 60, 61, 62, 63]",5,pg19,1,263c2652-73e3-4469-9f02-298000ad3dd3,21551,768,False,16,16,47,"[0, 24, 50, 51, 52, 53, 54, 55, 56, 57, 58, 59, 60, 61, 62, 63]",0.13746630727762804,41,[],210.87740999973903,204.09327000015764,561
0.09375,2.25,"[0, 7, 16]",3,0.8503697514533997,1781073966501.3867,189.29898800161027,1781073966125.9702,16,1015,375.4175089998171,1012,10459.54833984375,1.7381559610366821,32,0.3840060234069824,0.06565383076667786,6,6,32,1781073966510.4214,1781073966111.9094,4083,157,early,0.8823529411764706,32.7127640011895,0.06997299897193443,observability_fixed_R16_k16,good,23.090857999704895,0,False,False,0.0,"[0, 24, 50, 51, 52, 53, 54, 55, 56, 57, 58, 59, 60, 61, 62, 63]",5,pg19,3,263c2652-73e3-4469-9f02-298000ad3dd3,21561,971,True,16,16,48,"[0, 49, 50, 51, 52, 53, 54, 55, 56, 57, 58, 59, 60, 61, 62, 63]",0.1378888072495714,45,"[0, 4086, 4085, 4083, 4081, 4084, 4082, 4070, 4052, 4063, 4073, 4072, 4027, 4074, 4069, 4080]",216.33798900074908,398.50836699952197,563
0.09375,1.5,"[0, 8, 18]",3,,1781073966900.96,0.0,1781073966776.908,0,0,124.05192799997167,448,10460.70751953125,0.566160261631012,32,0.9126457571983337,0.8863482847809792,6,6,32,1781073966909.7366,1781073966762.1504,4087,161,early,1.0,34.06674199868576,4.1671969993331,observability_fixed_R16_k16,good,23.53144200060342,0,False,False,0.0,"[0, 49, 50, 51, 52, 53, 54, 55, 56, 57, 58, 59, 60, 61, 62, 63]",5,pg19,3,263c2652-73e3-4469-9f02-298000ad3dd3,21581,771,False,16,16,49,"[0, 49, 50, 51, 52, 53, 54, 55, 56, 57, 58, 59, 60, 61, 62, 63]",0.1309028627355028,4,[],212.4636289991031,147.5833700005751,535
0.125,2.25,"[1, 6, 15, 27]",4,,1781073967357.9224,0.0,1781073967172.259,0,0,185.66215799910424,21355,10460.70751953125,1.0227211713790894,32,0.6879084706306458,0.4387645274400711,6,6,32,1781073967366.5837,1781073967156.7976,4091,165,early,1.0,33.46039399912115,0.05976699867460411,observability_fixed_R16_k16,good,24.121700000250712,0,False,False,0.0,"[0, 49, 50, 51, 52, 53, 54, 55, 56, 57, 58, 59, 60, 61, 62, 63]",5,pg19,4,263c2652-73e3-4469-9f02-298000ad3dd3,21595,782,False,16,16,50,"[0, 49, 50, 51, 52, 53, 54, 55, 56, 57, 58, 59, 60, 61, 62, 63]",0.131752627719384,9,[],212.45094000005338,209.78385799935495,539
0.0,-2.75,[],0,,1781073967801.0283,0.0,1781073967621.4634,0,0,179.56437599968922,650,10461.287109375,2.9004173278808594,32,0.3291076719760895,0.16101589798927307,6,6,32,1781073967809.9053,1781073967607.201,4096,170,early,1.0,32.429933999083005,0.06674599899270106,observability_fixed_R16_k16,good,23.13746099935088,0,False,False,0.0,"[0, 49, 50, 51, 52, 53, 54, 55, 56, 57, 58, 59, 60, 61, 62, 63]",5,pg19,0,263c2652-73e3-4469-9f02-298000ad3dd3,21622,761,False,16,16,51,"[0, 49, 50, 51, 52, 53, 54, 55, 56, 57, 58, 59, 60, 61, 62, 63]",0.1328125,10,[],207.22940500127152,202.7018369990401,544
0.1875,3.5,"[0, 1, 3, 13, 21, 28]",6,,1781073968249.2651,0.0,1781073968067.112,0,0,182.15210400012438,1030,10458.96875,0.009082289412617683,32,0.9991171956062317,0.9987767510465346,6,6,32,1781073968257.8823,1781073968052.963,4097,171,middle,0.9411764705882353,30.818630999419838,4.231946000800235,observability_fixed_R16_k16,good,22.765196999898762,0,False,False,0.0,"[0, 49, 50, 51, 52, 53, 54, 55, 56, 57, 58, 59, 60, 61, 62, 63, 64]",5,pg19,6,263c2652-73e3-4469-9f02-298000ad3dd3,21610,791,False,16,16,52,"[0, 49, 50, 51, 52, 53, 54, 55, 56, 57, 58, 59, 60, 61, 62, 63]",0.14083475713937027,17,[],206.85206999951333,204.91730100002314,577
0.15625,1.75,"[0, 8, 19, 26, 29]",5,,1781073968688.506,0.0,1781073968510.2886,0,0,178.2160210004804,387,10462.4462890625,2.756100654602051,32,0.38491448760032654,0.15145203471183777,6,6,32,1781073968697.203,1781073968496.1628,4104,178,middle,0.9411764705882353,31.78898999976809,0.0694760001351824,observability_fixed_R16_k16,good,22.821200000180397,0,False,False,0.0,"[0, 49, 50, 51, 52, 53, 54, 55, 56, 57, 58, 59, 60, 61, 62, 63, 64]",5,pg19,5,263c2652-73e3-4469-9f02-298000ad3dd3,21662,781,False,16,16,53,"[0, 49, 50, 51, 52, 53, 54, 55, 56, 57, 58, 59, 60, 61, 62, 63]",0.14230019493177387,23,[],205.5481070001406,201.0372210006608,584
0.0625,-1.75,"[0, 5]",2,,1781073969147.174,0.0,1781073968964.9397,0,0,182.23351500091667,311,10461.86669921875,3.148421287536621,32,0.17827822268009186,0.008163943886756897,5,6,32,1781073969155.999,1781073968950.8108,4110,184,middle,0.9411764705882353,36.79724099856685,0.07069899947964586,observability_fixed_R16_k16,good,22.952256998905796,0,False,False,0.0,"[0, 49, 50, 51, 52, 53, 54, 55, 56, 57, 58, 59, 60, 61, 62, 63, 64]",5,pg19,2,263c2652-73e3-4469-9f02-298000ad3dd3,21669,767,False,16,16,54,"[0, 49, 50, 51, 52, 53, 54, 55, 56, 57, 58, 59, 60, 61, 62, 63]",0.1435523114355231,26,[],215.56383299866866,205.18577199982246,590
0.15625,1.75,"[0, 2, 9, 18, 25]",5,,1781073969594.1406,0.0,1781073969413.1028,0,0,181.0365230012394,8900,10460.91162109375,0.3135252296924591,32,0.9328498244285583,0.8802220374345779,6,6,32,1781073969602.751,1781073969398.9854,4113,187,middle,0.9411764705882353,32.99469000012323,0.06670699985988904,observability_fixed_R16_k16,good,22.727399998984765,0,False,False,0.0,"[0, 49, 50, 51, 52, 53, 54, 55, 56, 57, 58, 59, 60, 61, 62, 63, 64]",5,pg19,5,263c2652-73e3-4469-9f02-298000ad3dd3,21692,783,False,16,16,55,"[0, 49, 50, 51, 52, 53, 54, 55, 56, 57, 58, 59, 60, 61, 62, 63]",0.14417699975686846,32,[],209.04698699996516,203.76392300022417,593
0.03125,-3.5,[1],1,,1781073970045.214,0.0,1781073969862.883,0,0,182.3298130002513,8189,10461.86669921875,1.4046740531921387,32,0.628527045249939,0.4566973149776459,6,6,32,1781073970053.8975,1781073969848.9353,4119,193,middle,0.9411764705882353,32.44362000077672,0.07009500041021965,observability_fixed_R16_k16,good,22.629420998782734,0,False,False,0.0,"[0, 49, 50, 51, 52, 53, 54, 55, 56, 57, 58, 59, 60, 61, 62, 63, 64]",5,pg19,1,263c2652-73e3-4469-9f02-298000ad3dd3,21720,761,False,16,16,56,"[0, 49, 50, 51, 52, 53, 54, 55, 56, 57, 58, 59, 60, 61, 62, 63]",0.1454236465161447,34,[],212.72249600042414,204.95923399903404,599
0.03125,-2.25,[0],1,,1781073970497.3318,0.0,1781073970315.3337,0,0,181.9968660001905,22936,10459.54833984375,1.777151107788086,32,0.5327967405319214,0.39161963760852814,6,6,32,1781073970506.2942,1781073970300.926,4121,195,middle,0.9411764705882353,34.55785699952685,0.07602900041092653,observability_fixed_R16_k16,good,23.36846399884962,0,False,False,0.0,"[0, 49, 50, 51, 52, 53, 54, 55, 56, 57, 58, 59, 60, 61, 62, 63, 64]",5,pg19,1,263c2652-73e3-4469-9f02-298000ad3dd3,21724,765,False,16,16,57,"[0, 49, 50, 51, 52, 53, 54, 55, 56, 57, 58, 59, 60, 61, 62, 63]",0.14583838874059693,36,[],211.46857500025362,205.3653299990401,601
0.1875,3.75,"[1, 8, 19, 26, 28, 30]",6,,1781073970947.4375,0.0,1781073970760.937,0,0,186.49975799962704,9831,10459.75244140625,2.2429656982421875,32,0.253945529460907,0.01538577675819397,6,6,32,1781073970956.4226,1781073970746.697,4123,197,middle,0.9411764705882353,32.15042299962079,0.06786400081182364,observability_fixed_R16_k16,good,23.222404000989627,0,False,False,0.0,"[0, 49, 50, 51, 52, 53, 54, 55, 56, 57, 58, 59, 60, 61, 62, 63, 64]",5,pg19,6,263c2652-73e3-4469-9f02-298000ad3dd3,21736,793,False,16,16,58,"[0, 49, 50, 51, 52, 53, 54, 55, 56, 57, 58, 59, 60, 61, 62, 63]",0.14625272859568275,43,[],207.07309799945506,209.72216200061666,603
0.0625,-1.25,"[0, 1]",2,,1781073971414.5762,0.0,1781073971231.6907,0,0,182.88465200021164,10244,10462.4462890625,0.030070142820477486,32,0.9962660670280457,0.9935538556892425,6,6,32,1781073971423.6218,1781073971217.497,4130,204,middle,0.9411764705882353,38.81475599882833,4.219340999043197,observability_fixed_R16_k16,good,23.237184001118294,0,False,False,0.0,"[0, 49, 50, 51, 52, 53, 54, 55, 56, 57, 58, 59, 60, 61, 62, 63, 64]",5,pg19,2,263c2652-73e3-4469-9f02-298000ad3dd3,21771,771,False,16,16,59,"[0, 49, 50, 51, 52, 53, 54, 55, 56, 57, 58, 59, 60, 61, 62, 63]",0.14769975786924938,46,[],216.82199700080673,206.12183600132994,610
0.1875,3.5,"[0, 5, 13, 17, 21, 26]",6,,1781073971959.966,0.0,1781073971776.6528,0,0,183.31228100032604,1490,10460.33203125,1.4243873357772827,32,0.5773675441741943,0.35477252304553986,6,6,32,1781073971969.0327,1781073971762.076,4133,207,middle,0.9411764705882353,43.68557999987388,0.09580900041328277,observability_fixed_R16_k16,good,23.642033000214724,0,False,False,0.0,"[0, 49, 50, 51, 52, 53, 54, 55, 56, 57, 58, 59, 60, 61, 62, 63, 64]",5,pg19,6,263c2652-73e3-4469-9f02-298000ad3dd3,21793,793,False,16,16,60,"[0, 49, 50, 51, 52, 53, 54, 55, 56, 57, 58, 59, 60, 61, 62, 63]",0.1483184127752238,53,[],293.41078600009496,206.95431400054076,613
0.1875,2.25,"[0, 2, 7, 13, 19, 24]",6,,1781073972515.5945,0.0,1781073972324.4878,0,0,191.10559799992188,2932,10462.4462890625,0.2764260470867157,32,0.9416503310203552,0.8982915580272675,6,6,32,1781073972524.686,1781073972309.6907,4140,214,middle,0.9411764705882353,45.14610299884225,0.11377000009815674,observability_fixed_R16_k16,good,23.887945000751643,0,False,False,0.0,"[0, 49, 50, 51, 52, 53, 54, 55, 56, 57, 58, 59, 60, 61, 62, 63, 64]",5,pg19,6,263c2652-73e3-4469-9f02-298000ad3dd3,21817,792,False,16,16,61,"[0, 49, 50, 51, 52, 53, 54, 55, 56, 57, 58, 59, 60, 61, 62, 63]",0.1497584541062802,60,[],294.1504549999081,214.99354300067353,620
0.1875,1.0,"[0, 1, 3, 5, 10, 16]",6,,1781073973073.501,0.0,1781073972879.9026,0,0,193.59783100117056,323,10462.4462890625,0.030148183926939964,32,0.9965831637382507,0.9945669779554009,6,6,32,1781073973082.3777,1781073972864.3833,4147,221,middle,0.9411764705882353,43.93555900060164,0.10215499969490338,observability_fixed_R16_k16,good,24.39466999931028,0,False,False,0.0,"[0, 49, 50, 51, 52, 53, 54, 55, 56, 57, 58, 59, 60, 61, 62, 63, 64]",5,pg19,6,263c2652-73e3-4469-9f02-298000ad3dd3,21856,787,False,16,16,62,"[0, 49, 50, 51, 52, 53, 54, 55, 56, 57, 58, 59, 60, 61, 62, 63]",0.15119363395225463,67,[],294.0766290012107,217.99250100048084,627
0.1875,1.0,"[0, 3, 8, 13, 18, 25]",6,,1781073973619.5913,0.0,1781073973435.0793,0,0,184.51074500080722,1059,10462.4462890625,0.3406676650047302,32,0.9128866791725159,0.8367723301053047,6,6,32,1781073973629.0195,1781073973420.1511,4154,228,middle,0.9411764705882353,44.37741699985054,0.10260499948344659,observability_fixed_R16_k16,good,24.354507999305497,0,False,False,0.0,"[0, 49, 50, 51, 52, 53, 54, 55, 56, 57, 58, 59, 60, 61, 62, 63, 64]",5,pg19,6,263c2652-73e3-4469-9f02-298000ad3dd3,21894,792,False,16,16,63,"[0, 49, 50, 51, 52, 53, 54, 55, 56, 57, 58, 59, 60, 61, 62, 63]",0.15262397688974483,74,[],292.0334360005654,208.86525300011272,634
0.1875,0.0,"[0, 3, 14, 20, 24, 28]",6,0.899992823600769,1781073974373.4001,187.20896099875972,1781073973993.7969,16,968,379.60413099972357,311,10462.4462890625,1.190956473350525,32,0.47499561309814453,0.17775094509124756,6,6,32,1781073974382.668,1781073973978.9382,4161,235,middle,0.7,50.04158999872743,6.003898999551893,observability_fixed_R16_k16,good,24.12240000012389,0,False,False,0.0,"[0, 49, 50, 51, 52, 53, 54, 55, 56, 57, 58, 59, 60, 61, 62, 63, 64, 65]",5,pg19,6,263c2652-73e3-4469-9f02-298000ad3dd3,21919,992,True,16,16,64,"[0, 12, 34, 50, 52, 53, 54, 57, 58, 59, 60, 61, 62, 63, 64, 65]",0.16173996635424176,81,"[0, 4166, 4167, 4164, 4165, 4047, 4108, 4048, 4081, 4163, 4155, 4130, 3904, 4109, 4105, 4127]",292.4595619988395,403.72653099984745,673
0.03125,-5.0,[0],1,,1781073974831.236,0.0,1781073974733.3308,0,0,97.90154900110792,31445,10462.4462890625,0.11605101823806763,32,0.9829738140106201,0.9715299056842923,6,6,32,1781073974840.227,1781073974718.4985,4168,242,middle,1.0,43.92319599901384,5.700718000298366,observability_fixed_R16_k16,good,23.824373000024934,0,False,False,0.0,"[0, 12, 34, 50, 52, 53, 54, 57, 58, 59, 60, 61, 62, 63, 64, 65]",5,pg19,1,263c2652-73e3-4469-9f02-298000ad3dd3,21940,764,False,16,16,65,"[0, 12, 34, 50, 52, 53, 54, 57, 58, 59, 60, 61, 62, 63, 64, 65]",0.12476007677543186,2,[],284.6897439994791,121.72592200113286,520
0.09375,-1.75,"[0, 5, 12]",3,,1781073975401.3774,0.0,1781073975197.6826,0,0,203.69406000099843,11,10460.33203125,0.0017187634948641062,32,0.9998373985290527,0.9997196592157707,6,6,32,1781073975410.1843,1781073975182.2793,4170,244,middle,1.0,43.52210900106002,0.08651399912196212,observability_fixed_R16_k16,good,24.20906099905551,0,False,False,0.0,"[0, 12, 34, 50, 52, 53, 54, 57, 58, 59, 60, 61, 62, 63, 64, 65]",5,pg19,3,263c2652-73e3-4469-9f02-298000ad3dd3,21952,772,False,16,16,66,"[0, 12, 34, 50, 52, 53, 54, 57, 58, 59, 60, 61, 62, 63, 64, 65]",0.1251798561151079,6,[],297.19862599995395,227.90312100005394,522
0.03125,-3.0,[0],1,,1781073975922.7676,0.0,1781073975728.6003,0,0,194.16547499895387,1030,10461.287109375,1.5041123628616333,32,0.734835684299469,0.684042003005743,6,6,32,1781073975931.726,1781073975714.3525,4174,248,middle,1.0,43.89921999973012,0.09153100108960643,observability_fixed_R16_k16,good,23.206276002383674,0,False,False,0.0,"[0, 12, 34, 50, 52, 53, 54, 57, 58, 59, 60, 61, 62, 63, 64, 65]",5,pg19,1,263c2652-73e3-4469-9f02-298000ad3dd3,21979,766,False,16,16,67,"[0, 12, 34, 50, 52, 53, 54, 57, 58, 59, 60, 61, 62, 63, 64, 65]",0.12601820795400095,8,[],259.21418700090726,217.37175100133754,526
0.03125,-1.75,[1],1,,1781073976382.773,0.0,1781073976198.953,0,0,183.81872499958263,8900,10459.54833984375,4.091070175170898,32,0.17488516867160797,0.005380645394325256,6,6,32,1781073976391.4788,1781073976184.6736,4176,250,middle,1.0,32.34182900087035,0.06447200030379463,observability_fixed_R16_k16,good,22.984795999946073,0,False,False,0.0,"[0, 12, 34, 50, 52, 53, 54, 57, 58, 59, 60, 61, 62, 63, 64, 65]",5,pg19,1,263c2652-73e3-4469-9f02-298000ad3dd3,21993,764,False,16,16,68,"[0, 12, 34, 50, 52, 53, 54, 57, 58, 59, 60, 61, 62, 63, 64, 65]",0.12643678160919541,10,[],219.62420199997723,206.8035209995287,528
0.0625,0.5,"[1, 7]",2,,1781073976882.029,0.0,1781073976650.7947,0,0,231.23326700078906,52330,10459.54833984375,1.6523854732513428,32,0.516215980052948,0.35378141701221466,6,6,32,1781073976891.023,1781073976635.8354,4178,252,middle,1.0,33.200436000697664,0.06771100015612319,observability_fixed_R16_k16,good,23.95237499877112,0,False,False,0.0,"[0, 12, 34, 50, 52, 53, 54, 57, 58, 59, 60, 61, 62, 63, 64, 65]",5,pg19,2,263c2652-73e3-4469-9f02-298000ad3dd3,21984,771,False,16,16,69,"[0, 12, 34, 50, 52, 53, 54, 57, 58, 59, 60, 61, 62, 63, 64, 65]",0.12685495452369555,13,[],210.2323780000006,255.18564199956018,530
0.03125,-0.75,[1],1,,1781073977345.0847,0.0,1781073977158.4763,0,0,186.60752599862462,22936,10460.1279296875,0.7615036368370056,32,0.7918930649757385,0.6359600871801376,5,6,32,1781073977354.0625,1781073977144.3047,4181,255,middle,1.0,33.03626900014933,0.06659099926764611,observability_fixed_R16_k16,good,23.14749600009236,0,False,False,0.0,"[0, 12, 34, 50, 52, 53, 54, 57, 58, 59, 60, 61, 62, 63, 64, 65]",5,pg19,1,263c2652-73e3-4469-9f02-298000ad3dd3,21995,768,False,16,16,70,"[0, 12, 34, 50, 52, 53, 54, 57, 58, 59, 60, 61, 62, 63, 64, 65]",0.1274814637646496,15,[],219.28156499961915,209.75502199871698,533
0.03125,-0.25,[4],1,,1781073977802.5767,0.0,1781073977619.6362,0,0,182.9397430010431,2932,10460.33203125,2.1824028491973877,32,0.33511945605278015,0.14417414367198944,3,6,32,1781073977811.5757,1781073977605.4148,4183,257,middle,1.0,34.413127999869175,0.06921699969097972,observability_fixed_R16_k16,good,23.219120997964637,0,False,False,0.0,"[0, 12, 34, 50, 52, 53, 54, 57, 58, 59, 60, 61, 62, 63, 64, 65]",5,pg19,1,263c2652-73e3-4469-9f02-298000ad3dd3,22008,763,False,16,16,71,"[0, 12, 34, 50, 52, 53, 54, 57, 58, 59, 60, 61, 62, 63, 64, 65]",0.12789863734162085,17,[],215.89808700082358,206.15886399900774,535
0.15625,3.75,"[0, 4, 15, 27, 30]",5,,1781073978255.826,0.0,1781073978069.6965,0,0,186.12640799983637,43391,10459.54833984375,1.2818713188171387,32,0.7488318681716919,0.6284836307168007,5,6,32,1781073978264.8435,1781073978055.452,4185,259,middle,1.0,32.78870799840661,0.07300600009330083,observability_fixed_R16_k16,good,23.26365299995814,0,False,False,0.0,"[0, 12, 34, 50, 52, 53, 54, 57, 58, 59, 60, 61, 62, 63, 64, 65]",5,pg19,5,263c2652-73e3-4469-9f02-298000ad3dd3,22027,789,False,16,16,72,"[0, 12, 34, 50, 52, 53, 54, 57, 58, 59, 60, 61, 62, 63, 64, 65]",0.12831541218637993,23,[],210.15015299963125,209.3900609997945,537
0.0,-2.25,[],0,,1781073978710.8853,0.0,1781073978525.411,0,0,185.47246100024495,10244,10461.86669921875,1.8774471282958984,32,0.3128722310066223,0.014327436685562134,6,6,32,1781073978719.593,1781073978511.24,4191,265,middle,1.0,33.070261000830214,0.06785600089642685,observability_fixed_R16_k16,good,22.878567999214283,0,False,False,0.0,"[0, 12, 34, 50, 52, 53, 54, 57, 58, 59, 60, 61, 62, 63, 64, 65]",5,pg19,0,263c2652-73e3-4469-9f02-298000ad3dd3,22050,765,False,16,16,73,"[0, 12, 34, 50, 52, 53, 54, 57, 58, 59, 60, 61, 62, 63, 64, 65]",0.12956335003579098,24,[],212.3632410002756,208.35102899945923,543
0.03125,-0.75,[2],1,,1781073979156.3665,0.0,1781073978977.3127,0,0,179.0522419996705,537,10458.96875,1.9079872369766235,32,0.5551758408546448,0.46733425557613373,6,6,32,1781073979165.3008,1781073978963.2917,4192,266,middle,1.0,33.912002998476964,0.06922899956407491,observability_fixed_R16_k16,good,22.954251000555814,0,False,False,0.0,"[0, 12, 34, 50, 52, 53, 54, 57, 58, 59, 60, 61, 62, 63, 64, 65]",5,pg19,1,263c2652-73e3-4469-9f02-298000ad3dd3,22065,761,False,16,16,74,"[0, 12, 34, 50, 52, 53, 54, 57, 58, 59, 60, 61, 62, 63, 64, 65]",0.1297709923664122,26,[],208.8196290005726,202.00649300022633,544
0.0,-1.75,[],0,,1781073979606.4216,0.0,1781073979424.2507,0,0,182.1696789993439,2087,10459.54833984375,3.865046262741089,32,0.1846911758184433,0.07945732772350311,5,6,32,1781073979615.0637,1781073979408.359,4194,268,middle,1.0,32.746237999162986,0.0672270016366383,observability_fixed_R16_k16,good,24.532033001378295,0,False,False,0.0,"[0, 12, 34, 50, 52, 53, 54, 57, 58, 59, 60, 61, 62, 63, 64, 65]",5,pg19,0,263c2652-73e3-4469-9f02-298000ad3dd3,22084,761,False,16,16,75,"[0, 12, 34, 50, 52, 53, 54, 57, 58, 59, 60, 61, 62, 63, 64, 65]",0.1301859799713877,27,[],209.36039299886033,206.70171200072218,546
0.09375,1.5,"[1, 4, 12]",3,,1781073980058.3164,0.0,1781073979877.7415,0,0,180.57364000014786,311,10458.96875,0.6626990437507629,32,0.7802788615226746,0.5829934626817703,6,6,32,1781073980067.363,1781073979862.7795,4195,269,middle,1.0,30.98983500058239,0.06756500079063699,observability_fixed_R16_k16,good,24.006895000638906,0,False,False,0.0,"[0, 12, 34, 50, 52, 53, 54, 57, 58, 59, 60, 61, 62, 63, 64, 65]",5,pg19,3,263c2652-73e3-4469-9f02-298000ad3dd3,22062,774,False,16,16,76,"[0, 12, 34, 50, 52, 53, 54, 57, 58, 59, 60, 61, 62, 63, 64, 65]",0.13039332538736592,31,[],215.1011460009613,204.58053500078677,547
0.0,-1.0,[],0,,1781073980518.211,0.0,1781073980333.8215,0,0,184.38814699948125,1490,10460.70751953125,1.2326990365982056,32,0.7121701240539551,0.545637384057045,6,6,32,1781073980527.1619,1781073980319.6555,4199,273,middle,1.0,34.35751600045478,0.06896400009281933,observability_fixed_R16_k16,good,23.116618000130984,0,False,False,0.0,"[0, 12, 34, 50, 52, 53, 54, 57, 58, 59, 60, 61, 62, 63, 64, 65]",5,pg19,0,263c2652-73e3-4469-9f02-298000ad3dd3,22091,763,False,16,16,77,"[0, 12, 34, 50, 52, 53, 54, 57, 58, 59, 60, 61, 62, 63, 64, 65]",0.13122171945701358,32,[],216.73925399954896,207.50476499961223,551
0.03125,0.0,[1],1,,1781073980970.6226,0.0,1781073980788.816,0,0,181.80595500052732,59907,10458.96875,0.6164918541908264,32,0.8938578963279724,0.839332215487957,6,6,32,1781073980979.4614,1781073980774.621,4200,274,middle,1.0,31.142096000621677,0.06689799920422956,observability_fixed_R16_k16,good,23.032623999824864,0,False,False,0.0,"[0, 12, 34, 50, 52, 53, 54, 57, 58, 59, 60, 61, 62, 63, 64, 65]",5,pg19,1,263c2652-73e3-4469-9f02-298000ad3dd3,22090,767,False,16,16,78,"[0, 12, 34, 50, 52, 53, 54, 57, 58, 59, 60, 61, 62, 63, 64, 65]",0.13142857142857142,34,[],215.28694100015855,204.83857900035218,552
0.09375,2.0,"[0, 7, 15]",3,,1781073981432.604,0.0,1781073981250.1995,0,0,182.40308500026003,1012,10459.54833984375,2.0065455436706543,32,0.29234716296195984,0.08177737891674042,6,6,32,1781073981441.6218,1781073981236.1653,4202,276,middle,1.0,35.093753000182915,0.07308000022021588,observability_fixed_R16_k16,good,23.05152600092697,0,False,False,0.0,"[0, 12, 34, 50, 52, 53, 54, 57, 58, 59, 60, 61, 62, 63, 64, 65]",5,pg19,3,263c2652-73e3-4469-9f02-298000ad3dd3,22111,775,False,16,16,79,"[0, 12, 34, 50, 52, 53, 54, 57, 58, 59, 60, 61, 62, 63, 64, 65]",0.13184198000951927,38,[],220.57919300095818,205.454611001187,554
0.03125,-0.75,[4],1,0.8659898638725281,1781073982000.8118,133.37265600057435,1781073981701.75,16,1008,299.062039999626,448,10460.70751953125,4.5458455085754395,32,0.20100809633731842,0.11589591205120087,6,6,32,1781073982009.7263,1781073981687.5435,4206,280,middle,0.6842105263157895,32.50791800019215,0.06882199886604212,observability_fixed_R16_k16,good,23.119437000787002,0,False,False,0.0,"[0, 12, 34, 50, 52, 53, 54, 57, 58, 59, 60, 61, 62, 63, 64, 65]",5,pg19,1,263c2652-73e3-4469-9f02-298000ad3dd3,22142,958,True,16,16,80,"[0, 13, 50, 53, 54, 55, 56, 57, 58, 59, 60, 61, 62, 63, 64, 65]",0.1326676176890157,40,"[0, 4206, 4207, 4205, 4150, 4204, 4029, 4090, 4199, 4202, 4196, 4081, 4201, 4136, 4195, 4197]",212.4840039996343,322.181477000413,558
0.125,2.75,"[1, 5, 15, 22]",4,,1781073982357.844,0.0,1781073982277.5754,0,0,80.26871900074184,198,10459.75244140625,1.1590893268585205,32,0.5436288118362427,0.15813827514648438,6,6,32,1781073982366.6877,1781073982263.6807,4208,282,middle,1.0,33.672069999738596,4.3063879984401865,observability_fixed_R16_k16,good,22.736265998901217,0,False,False,0.0,"[0, 13, 50, 53, 54, 55, 56, 57, 58, 59, 60, 61, 62, 63, 64, 65]",5,pg19,4,263c2652-73e3-4469-9f02-298000ad3dd3,22132,776,False,16,16,81,"[0, 13, 50, 53, 54, 55, 56, 57, 58, 59, 60, 61, 62, 63, 64, 65]",0.12547528517110265,5,[],214.95625299940002,103.00498499964306,528
0.0,-2.25,[],0,,1781073982785.9077,0.0,1781073982625.0586,0,0,160.8473119995324,51758,10461.57666015625,4.895324230194092,32,0.10901299864053726,0.06763632968068123,4,6,32,1781073982794.671,1781073982610.864,4213,287,middle,1.0,31.651531999159488,0.061139999161241576,observability_fixed_R16_k16,good,22.95791799951985,0,False,False,0.0,"[0, 13, 50, 53, 54, 55, 56, 57, 58, 59, 60, 61, 62, 63, 64, 65]",5,pg19,0,263c2652-73e3-4469-9f02-298000ad3dd3,22176,763,False,16,16,82,"[0, 13, 50, 53, 54, 55, 56, 57, 58, 59, 60, 61, 62, 63, 64, 65]",0.12651317351056254,6,[],211.5808319995267,183.80522999905224,533
0.0,-2.0,[],0,,1781073983211.1401,0.0,1781073983062.075,0,0,149.06384500136483,650,10458.96875,3.155947208404541,32,0.29242169857025146,0.17790771275758743,5,6,32,1781073983219.8928,1781073983047.9033,4214,288,middle,1.0,31.005259001176455,0.06435600153054111,observability_fixed_R16_k16,good,22.92404099898704,0,False,False,0.0,"[0, 13, 50, 53, 54, 55, 56, 57, 58, 59, 60, 61, 62, 63, 64, 65]",5,pg19,0,263c2652-73e3-4469-9f02-298000ad3dd3,22172,760,False,16,16,83,"[0, 13, 50, 53, 54, 55, 56, 57, 58, 59, 60, 61, 62, 63, 64, 65]",0.1267204556241101,7,[],221.22200500052713,171.98788600035186,534
0.1875,4.75,"[0, 1, 3, 13, 20, 28]",6,,1781073983628.137,0.0,1781073983480.9678,0,0,147.16812200094864,1030,10458.96875,0.01992606371641159,32,0.9978272318840027,0.9969589986139908,6,6,32,1781073983636.8171,1781073983466.1553,4215,289,middle,1.0,31.29912099939247,0.06648099952144548,observability_fixed_R16_k16,good,23.491837999245035,0,False,False,0.0,"[0, 13, 50, 53, 54, 55, 56, 57, 58, 59, 60, 61, 62, 63, 64, 65]",5,pg19,6,263c2652-73e3-4469-9f02-298000ad3dd3,22156,791,False,16,16,84,"[0, 13, 50, 53, 54, 55, 56, 57, 58, 59, 60, 61, 62, 63, 64, 65]",0.1269276393831554,14,[],213.78558699871064,170.65996000019368,535
0.0625,-0.5,"[0, 10]",2,,1781073984046.4985,0.0,1781073983899.3037,0,0,147.1944059994712,9831,10462.4462890625,3.620198965072632,32,0.2685478925704956,0.14938049018383026,5,6,32,1781073984055.0632,1781073983885.1404,4222,296,middle,1.0,34.68293299920333,0.0856749993545236,observability_fixed_R16_k16,good,22.72283700040134,0,False,False,0.0,"[0, 13, 50, 53, 54, 55, 56, 57, 58, 59, 60, 61, 62, 63, 64, 65]",5,pg19,2,263c2652-73e3-4469-9f02-298000ad3dd3,22214,768,False,16,16,85,"[0, 13, 50, 53, 54, 55, 56, 57, 58, 59, 60, 61, 62, 63, 64, 65]",0.12837517764092846,17,[],212.6591300002474,169.91724299987254,542
0.03125,-1.0,[0],1,,1781073984477.803,0.0,1781073984328.2864,0,0,149.5155030006572,387,10460.33203125,0.0206132959574461,32,0.9976903200149536,0.9967946489923634,6,6,32,1781073984486.5562,1781073984314.1052,4225,299,middle,0.9411764705882353,42.73466700033168,4.782993999469909,observability_fixed_R16_k16,good,22.93382799871324,0,False,False,0.0,"[0, 13, 50, 53, 54, 55, 56, 57, 58, 59, 60, 61, 62, 63, 64, 65, 66]",5,pg19,1,263c2652-73e3-4469-9f02-298000ad3dd3,22203,760,False,16,16,86,"[0, 13, 50, 53, 54, 55, 56, 57, 58, 59, 60, 61, 62, 63, 64, 65]",0.13656804733727812,19,[],210.26020300087112,172.44933099937043,577
0.0625,-0.25,"[1, 6]",2,,1781073984899.497,0.0,1781073984749.7378,0,0,149.7585010001785,311,10459.54833984375,2.473325252532959,32,0.5643003582954407,0.45490574836730957,6,6,32,1781073984908.3694,1781073984735.5442,4227,301,middle,0.9411764705882353,32.79502199984563,0.07231400013552047,observability_fixed_R16_k16,good,23.06430800126691,0,False,False,0.0,"[0, 13, 50, 53, 54, 55, 56, 57, 58, 59, 60, 61, 62, 63, 64, 65, 66]",5,pg19,2,263c2652-73e3-4469-9f02-298000ad3dd3,22218,764,False,16,16,87,"[0, 13, 50, 53, 54, 55, 56, 57, 58, 59, 60, 61, 62, 63, 64, 65]",0.1369765791341377,22,[],215.22613200068008,172.82280900144542,579
0.15625,2.25,"[0, 5, 10, 23, 29]",5,,1781073985330.8704,0.0,1781073985179.2917,0,0,151.57765399999334,8900,10460.1279296875,0.29682353138923645,32,0.9276831150054932,0.8635593354701996,5,6,32,1781073985339.7808,1781073985165.42,4230,304,middle,0.9411764705882353,32.6812589992187,0.06751399996574037,observability_fixed_R16_k16,good,22.78150900019682,0,False,False,0.0,"[0, 13, 50, 53, 54, 55, 56, 57, 58, 59, 60, 61, 62, 63, 64, 65, 66]",5,pg19,5,263c2652-73e3-4469-9f02-298000ad3dd3,22220,787,False,16,16,88,"[0, 13, 50, 53, 54, 55, 56, 57, 58, 59, 60, 61, 62, 63, 64, 65]",0.1375886524822695,28,[],223.37535899896466,174.35916300019016,582
0.03125,-1.5,[1],1,,1781073985756.078,0.0,1781073985610.141,0,0,145.93525800046336,8189,10461.86669921875,1.4181522130966187,32,0.6013004779815674,0.38009436428546906,6,6,32,1781073985764.961,1781073985595.893,4236,310,middle,0.9411764705882353,32.98863300005905,0.07070799983921461,observability_fixed_R16_k16,good,23.131018999265507,0,False,False,0.0,"[0, 13, 50, 53, 54, 55, 56, 57, 58, 59, 60, 61, 62, 63, 64, 65, 66]",5,pg19,1,263c2652-73e3-4469-9f02-298000ad3dd3,22267,764,False,16,16,89,"[0, 13, 50, 53, 54, 55, 56, 57, 58, 59, 60, 61, 62, 63, 64, 65]",0.1388101983002833,30,[],222.169443999519,169.06627699972887,588
0.03125,-1.25,[0],1,,1781073986173.8076,0.0,1781073986024.0398,0,0,149.7668550000526,22936,10459.54833984375,1.9222230911254883,32,0.4613730013370514,0.3312367796897888,5,6,32,1781073986182.6567,1781073986009.964,4238,312,middle,0.9411764705882353,32.67491100086772,0.06842400034656748,observability_fixed_R16_k16,good,22.92378899983305,0,False,False,0.0,"[0, 13, 50, 53, 54, 55, 56, 57, 58, 59, 60, 61, 62, 63, 64, 65, 66]",5,pg19,1,263c2652-73e3-4469-9f02-298000ad3dd3,22270,765,False,16,16,90,"[0, 13, 50, 53, 54, 55, 56, 57, 58, 59, 60, 61, 62, 63, 64, 65]",0.13921661160924964,32,[],211.37278499918466,172.69064399988565,590
0.125,1.75,"[0, 10, 20, 28]",4,,1781073986583.6028,0.0,1781073986439.8875,0,0,143.71454599859135,1012,10459.75244140625,2.3510851860046387,32,0.2224898338317871,0.049214571714401245,5,6,32,1781073986592.0396,1781073986424.6086,4240,314,middle,0.9411764705882353,32.9827870009467,0.0736780002625892,observability_fixed_R16_k16,good,23.715081000773353,0,False,False,0.0,"[0, 13, 50, 53, 54, 55, 56, 57, 58, 59, 60, 61, 62, 63, 64, 65, 66]",5,pg19,4,263c2652-73e3-4469-9f02-298000ad3dd3,22274,783,False,16,16,91,"[0, 13, 50, 53, 54, 55, 56, 57, 58, 59, 60, 61, 62, 63, 64, 65]",0.13962264150943396,37,[],207.75534299900755,167.4296269993647,592
0.15625,2.25,"[0, 6, 10, 21, 27]",5,,1781073987006.45,0.0,1781073986855.624,0,0,150.82499800155347,10244,10461.57666015625,2.6785292625427246,32,0.54052734375,0.47287240624427795,6,6,32,1781073987015.0872,1781073986841.3772,4245,319,middle,0.9411764705882353,34.44284499892092,0.09411499922862276,observability_fixed_R16_k16,good,22.879666999870096,0,False,False,0.0,"[0, 13, 50, 53, 54, 55, 56, 57, 58, 59, 60, 61, 62, 63, 64, 65, 66]",5,pg19,5,263c2652-73e3-4469-9f02-298000ad3dd3,22315,787,False,16,16,92,"[0, 13, 50, 53, 54, 55, 56, 57, 58, 59, 60, 61, 62, 63, 64, 65]",0.14063604240282684,43,[],213.91575500092586,173.70466500142356,597
0.1875,3.25,"[0, 7, 12, 20, 25, 30]",6,,1781073987425.0178,0.0,1781073987275.9802,0,0,149.03746299933118,1490,10462.650390625,1.4386264085769653,32,0.5348737835884094,0.28613436222076416,6,6,32,1781073987433.9504,1781073987261.933,4251,325,middle,0.9411764705882353,34.451274999810266,0.0714979996701004,observability_fixed_R16_k16,good,22.975625999606564,0,False,False,0.0,"[0, 13, 50, 53, 54, 55, 56, 57, 58, 59, 60, 61, 62, 63, 64, 65, 66]",5,pg19,6,263c2652-73e3-4469-9f02-298000ad3dd3,22327,794,False,16,16,93,"[0, 13, 50, 53, 54, 55, 56, 57, 58, 59, 60, 61, 62, 63, 64, 65]",0.14184897671136204,50,[],211.05863099910493,172.01308899893775,603
0.1875,2.0,"[0, 2, 4, 11, 22, 27]",6,,1781073987852.3965,0.0,1781073987703.3826,0,0,149.01315499992052,198,10462.4462890625,0.4508902430534363,32,0.8879732489585876,0.8027570396661758,6,6,32,1781073987861.6448,1781073987689.1763,4258,332,middle,0.9411764705882353,37.02857900134404,4.207801999655203,observability_fixed_R16_k16,good,23.450982000213116,0,False,False,0.0,"[0, 13, 50, 53, 54, 55, 56, 57, 58, 59, 60, 61, 62, 63, 64, 65, 66]",5,pg19,6,263c2652-73e3-4469-9f02-298000ad3dd3,22359,790,False,16,16,94,"[0, 13, 50, 53, 54, 55, 56, 57, 58, 59, 60, 61, 62, 63, 64, 65]",0.14325974635979333,57,[],212.80402700176637,172.46413700013363,610
0.1875,0.75,"[0, 3, 6, 10, 17, 25]",6,,1781073988272.7166,0.0,1781073988122.9143,0,0,149.80107299925294,1030,10462.4462890625,2.528364419937134,32,0.5234102010726929,0.3278260976076126,6,6,32,1781073988281.5823,1781073988108.9194,4265,339,middle,0.9411764705882353,32.86489600031928,0.0736720012355363,observability_fixed_R16_k16,good,22.85930899961386,0,False,False,0.0,"[0, 13, 50, 53, 54, 55, 56, 57, 58, 59, 60, 61, 62, 63, 64, 65, 66]",5,pg19,6,263c2652-73e3-4469-9f02-298000ad3dd3,22397,791,False,16,16,95,"[0, 13, 50, 53, 54, 55, 56, 57, 58, 59, 60, 61, 62, 63, 64, 65]",0.14466588511137163,64,[],213.13204199941538,172.6603819988668,617
0.1875,0.25,"[0, 4, 10, 16, 19, 26]",6,0.88783198595047,1781073988824.471,139.42034899991995,1781073988539.7246,16,1015,284.7468330000993,13,10462.4462890625,0.3931417465209961,32,0.9287484884262085,0.8859837837517262,6,6,32,1781073988834.0076,1781073988525.823,4272,346,late,0.8333333333333334,32.263267999951495,0.0736700003471924,observability_fixed_R16_k16,good,23.43280999957642,0,False,False,0.0,"[0, 13, 50, 53, 54, 55, 56, 57, 58, 59, 60, 61, 62, 63, 64, 65, 66]",5,pg19,6,263c2652-73e3-4469-9f02-298000ad3dd3,22439,986,True,16,16,96,"[0, 13, 24, 50, 54, 55, 56, 58, 59, 60, 61, 62, 63, 64, 65, 66]",0.14606741573033707,71,"[0, 4278, 4240, 4277, 4260, 4202, 4063, 4219, 4239, 4081, 4183, 4220, 4123, 4241, 4145, 4261]",210.85895100077323,308.1796429996757,624
0.125,-2.0,"[0, 2, 5, 17]",4,,1781073989187.2642,0.0,1781073989104.019,0,0,83.24495899978501,9831,10462.4462890625,0.5689915418624878,32,0.9222086071968079,0.912278993986547,6,6,32,1781073989195.9666,1781073989089.7502,4279,353,late,1.0,32.93206400121562,4.2146240011788905,observability_fixed_R16_k16,good,22.968203000345966,0,False,False,0.0,"[0, 13, 24, 50, 54, 55, 56, 58, 59, 60, 61, 62, 63, 64, 65, 66]",5,pg19,4,263c2652-73e3-4469-9f02-298000ad3dd3,22460,776,False,16,16,97,"[0, 13, 24, 50, 54, 55, 56, 58, 59, 60, 61, 62, 63, 64, 65, 66]",0.1250292124328114,5,[],217.27854200071306,106.21316200013098,535
0.09375,-2.5,"[0, 2, 10]",3,,1781073989620.1191,0.0,1781073989462.7043,0,0,157.4142600002233,31445,10461.287109375,0.4827391505241394,32,0.826237142086029,0.6557334810495377,6,6,32,1781073989629.003,1781073989448.4585,4284,358,late,1.0,34.96389399879263,0.06687600034638308,observability_fixed_R16_k16,good,23.125949999666773,0,False,False,0.0,"[0, 13, 24, 50, 54, 55, 56, 58, 59, 60, 61, 62, 63, 64, 65, 66]",5,pg19,3,263c2652-73e3-4469-9f02-298000ad3dd3,22477,774,False,16,16,98,"[0, 13, 24, 50, 54, 55, 56, 58, 59, 60, 61, 62, 63, 64, 65, 66]",0.12605042016806722,9,[],216.53397499903804,180.54020999989007,540
0.1875,1.25,"[0, 3, 8, 13, 21, 29]",6,,1781073990043.7363,0.0,1781073989892.4495,0,0,151.28550800000085,537,10460.70751953125,0.000938736426178366,32,0.999919056892395,0.9998783639530302,6,6,32,1781073990052.6284,1781073989878.1897,4288,362,late,1.0,32.286765999742784,0.06890799886605237,observability_fixed_R16_k16,good,23.15148500019859,0,False,False,0.0,"[0, 13, 24, 50, 54, 55, 56, 58, 59, 60, 61, 62, 63, 64, 65, 66]",5,pg19,6,263c2652-73e3-4469-9f02-298000ad3dd3,22492,790,False,16,16,99,"[0, 13, 24, 50, 54, 55, 56, 58, 59, 60, 61, 62, 63, 64, 65, 66]",0.12686567164179105,16,[],215.79615699920396,174.43699300019944,544
0.0,-4.75,[],0,,1781073990480.039,0.0,1781073990331.9666,0,0,148.0705100002524,8900,10462.4462890625,2.820394992828369,32,0.46650224924087524,0.3982378914952278,6,6,32,1781073990488.706,1781073990317.7888,4295,369,late,0.9411764705882353,33.89288700054749,4.441385999598424,observability_fixed_R16_k16,good,22.84503800001403,0,False,False,0.0,"[0, 13, 24, 50, 54, 55, 56, 58, 59, 60, 61, 62, 63, 64, 65, 66, 67]",5,pg19,0,263c2652-73e3-4469-9f02-298000ad3dd3,22551,760,False,16,16,100,"[0, 13, 24, 50, 54, 55, 56, 58, 59, 60, 61, 62, 63, 64, 65, 66]",0.13573923166472643,17,[],225.89525500006857,170.91554800026643,583
0.03125,-2.25,[1],1,,1781073990897.6191,0.0,1781073990752.4497,0,0,145.1691109996318,8189,10458.96875,1.6920075416564941,32,0.5202739834785461,0.2894037961959839,6,6,32,1781073990906.2515,1781073990736.6597,4296,370,late,0.9411764705882353,32.0296789996064,0.07587300024169963,observability_fixed_R16_k16,good,24.420879999524914,0,False,False,0.0,"[0, 13, 24, 50, 54, 55, 56, 58, 59, 60, 61, 62, 63, 64, 65, 66, 67]",5,pg19,1,263c2652-73e3-4469-9f02-298000ad3dd3,22545,761,False,16,16,101,"[0, 13, 24, 50, 54, 55, 56, 58, 59, 60, 61, 62, 63, 64, 65, 66]",0.13594040968342644,19,[],214.8408089997247,169.58999099915673,584
0.03125,-1.5,[0],1,,1781073991329.3308,0.0,1781073991182.3835,0,0,146.94591499937815,22936,10459.54833984375,0.47726523876190186,32,0.9159426093101501,0.8882835395634174,6,6,32,1781073991338.0513,1781073991167.891,4298,372,late,0.9411764705882353,33.23067099881882,0.0810389992693672,observability_fixed_R16_k16,good,23.2121940007346,0,False,False,0.0,"[0, 13, 24, 50, 54, 55, 56, 58, 59, 60, 61, 62, 63, 64, 65, 66, 67]",5,pg19,1,263c2652-73e3-4469-9f02-298000ad3dd3,22543,767,False,16,16,102,"[0, 13, 24, 50, 54, 55, 56, 58, 59, 60, 61, 62, 63, 64, 65, 66]",0.13634248487668682,21,[],227.37136999967333,170.15810900011274,586
0.15625,3.0,"[4, 12, 23, 27, 31]",5,,1781073991748.1724,0.0,1781073991600.715,0,0,147.455906999312,1012,10459.54833984375,2.26273512840271,32,0.22740806639194489,0.061032772064208984,5,6,32,1781073991756.729,1781073991586.7913,4300,374,late,0.9411764705882353,32.8383579999354,0.07284999992407393,observability_fixed_R16_k16,good,22.48022100138769,0,False,False,0.0,"[0, 13, 24, 50, 54, 55, 56, 58, 59, 60, 61, 62, 63, 64, 65, 66, 67]",5,pg19,5,263c2652-73e3-4469-9f02-298000ad3dd3,22552,782,False,16,16,103,"[0, 13, 24, 50, 54, 55, 56, 58, 59, 60, 61, 62, 63, 64, 65, 66]",0.13674418604651162,27,[],214.8900419997517,169.93612800069968,588
0.09375,1.25,"[0, 4, 9]",3,,1781073992165.856,0.0,1781073992016.515,0,0,149.34020900000178,10244,10461.86669921875,1.4309756755828857,32,0.7913867831230164,0.7519859559834003,6,6,32,1781073992174.6294,1781073992002.075,4306,380,late,0.9411764705882353,32.74931799933256,0.07497600017813966,observability_fixed_R16_k16,good,23.211353000078816,0,False,False,0.0,"[0, 13, 24, 50, 54, 55, 56, 58, 59, 60, 61, 62, 63, 64, 65, 66, 67]",5,pg19,3,263c2652-73e3-4469-9f02-298000ad3dd3,22588,774,False,16,16,104,"[0, 13, 24, 50, 54, 55, 56, 58, 59, 60, 61, 62, 63, 64, 65, 66]",0.13794705062703205,31,[],211.54927800125733,172.5515620000806,594
0.03125,-1.5,[2],1,,1781073992594.8518,0.0,1781073992444.2817,0,0,150.56974799881573,537,10460.70751953125,1.674727201461792,32,0.60096275806427,0.4668698310852051,6,6,32,1781073992603.7314,1781073992429.6858,4310,384,late,0.9411764705882353,33.77609099879919,0.0843620000523515,observability_fixed_R16_k16,good,23.473917999581317,0,False,False,0.0,"[0, 13, 24, 50, 54, 55, 56, 58, 59, 60, 61, 62, 63, 64, 65, 66, 67]",5,pg19,1,263c2652-73e3-4469-9f02-298000ad3dd3,22610,764,False,16,16,105,"[0, 13, 24, 50, 54, 55, 56, 58, 59, 60, 61, 62, 63, 64, 65, 66]",0.13874709976798144,33,[],220.04592200028128,174.04366599839705,598
0.03125,-1.5,[5],1,,1781073993000.4238,0.0,1781073992856.0593,0,0,144.3633389990282,448,10459.54833984375,3.09562611579895,32,0.33107441663742065,0.13338086009025574,5,6,32,1781073993009.0186,1781073992842.1116,4312,386,late,0.9411764705882353,32.16594699915731,0.07381700015685055,observability_fixed_R16_k16,good,22.54113100025279,0,False,False,0.0,"[0, 13, 24, 50, 54, 55, 56, 58, 59, 60, 61, 62, 63, 64, 65, 66, 67]",5,pg19,1,263c2652-73e3-4469-9f02-298000ad3dd3,22617,761,False,16,16,106,"[0, 13, 24, 50, 54, 55, 56, 58, 59, 60, 61, 62, 63, 64, 65, 66]",0.1391465677179963,35,[],205.20644299904234,166.904469999281,600
0.1875,3.5,"[0, 2, 7, 12, 23, 28]",6,,1781073993415.369,0.0,1781073993269.6257,0,0,145.74274500046158,782,10459.54833984375,0.2022523581981659,32,0.9613974690437317,0.9304933976382017,6,6,32,1781073993424.0894,1781073993255.3965,4314,388,late,0.9411764705882353,36.47968400036916,0.07354599983955268,observability_fixed_R16_k16,good,22.947596000449266,0,False,False,0.0,"[0, 13, 24, 50, 54, 55, 56, 58, 59, 60, 61, 62, 63, 64, 65, 66, 67]",5,pg19,6,263c2652-73e3-4469-9f02-298000ad3dd3,22620,789,False,16,16,107,"[0, 13, 24, 50, 54, 55, 56, 58, 59, 60, 61, 62, 63, 64, 65, 66]",0.13954566527584608,42,[],208.66541000032157,168.69034100091085,602
0.15625,2.25,"[0, 1, 5, 16, 25]",5,,1781073993836.589,0.0,1781073993690.043,0,0,146.5449939987593,18514,10462.4462890625,0.00401719193905592,32,0.9995393753051758,0.9990810634626541,6,6,32,1781073993845.3752,1781073993676.1394,4321,395,late,0.9411764705882353,36.81476500059944,4.27636899985373,observability_fixed_R16_k16,good,22.687917000439484,0,False,False,0.0,"[0, 13, 24, 50, 54, 55, 56, 58, 59, 60, 61, 62, 63, 64, 65, 66, 67]",5,pg19,5,263c2652-73e3-4469-9f02-298000ad3dd3,22650,783,False,16,16,108,"[0, 13, 24, 50, 54, 55, 56, 58, 59, 60, 61, 62, 63, 64, 65, 66]",0.14093959731543623,48,[],210.0359819996811,169.2329109991988,609
0.1875,2.75,"[0, 4, 11, 18, 24, 29]",6,,1781073994250.2024,0.0,1781073994104.9219,0,0,145.28000999962387,650,10461.86669921875,1.4054169654846191,32,0.3827901780605316,0.1070767343044281,6,6,32,1781073994258.891,1781073994090.2056,4327,401,late,0.9411764705882353,33.20881200124859,0.07820400060154498,observability_fixed_R16_k16,good,23.402853001243784,0,False,False,0.0,"[0, 13, 24, 50, 54, 55, 56, 58, 59, 60, 61, 62, 63, 64, 65, 66, 67]",5,pg19,6,263c2652-73e3-4469-9f02-298000ad3dd3,22686,792,False,16,16,109,"[0, 13, 24, 50, 54, 55, 56, 58, 59, 60, 61, 62, 63, 64, 65, 66]",0.14213080656343888,55,[],210.67012200001045,168.68286300086766,615
0.1875,1.5,"[0, 1, 2, 5, 8, 17]",6,,1781073994667.6233,0.0,1781073994520.4727,0,0,147.1514679997199,1030,10462.4462890625,3.5743507851293543e-06,32,0.9999998807907104,0.9999998009913256,6,6,32,1781073994676.4978,1781073994504.6147,4334,408,late,0.9411764705882353,32.94488900064607,0.07474899939552415,observability_fixed_R16_k16,good,24.729459000809584,0,False,False,0.0,"[0, 13, 24, 50, 54, 55, 56, 58, 59, 60, 61, 62, 63, 64, 65, 66, 67]",5,pg19,6,263c2652-73e3-4469-9f02-298000ad3dd3,22702,785,False,16,16,110,"[0, 13, 24, 50, 54, 55, 56, 58, 59, 60, 61, 62, 63, 64, 65, 66]",0.1435163820950623,62,[],211.77633899969805,171.88092700052948,622
0.1875,0.25,"[0, 2, 5, 8, 11, 22]",6,,1781073995082.4683,0.0,1781073994942.0671,0,0,140.39981299902138,2181,10462.4462890625,0.49173563718795776,32,0.9288936257362366,0.8971086330711842,6,6,32,1781073995091.3777,1781073994927.898,4341,415,late,0.9411764705882353,33.709777000694885,0.07930300125735812,observability_fixed_R16_k16,good,23.076487999787787,0,False,False,0.0,"[0, 13, 24, 50, 54, 55, 56, 58, 59, 60, 61, 62, 63, 64, 65, 66, 67]",5,pg19,6,263c2652-73e3-4469-9f02-298000ad3dd3,22753,789,False,16,16,111,"[0, 13, 24, 50, 54, 55, 56, 58, 59, 60, 61, 62, 63, 64, 65, 66]",0.14489748905782077,69,[],216.7080649996933,163.47630099880917,629
0.1875,0.25,"[0, 5, 9, 16, 22, 27]",6,0.87143474817276,1781073995626.771,134.88133800092328,1781073995359.7498,16,963,267.02106000084314,8900,10462.4462890625,0.8940115571022034,32,0.7575628757476807,0.6174278259277344,6,6,32,1781073995635.435,1781073995346.0037,4348,422,late,0.7368421052631579,33.66037100022368,0.08324200098286383,observability_fixed_R16_k16,good,22.407837997889146,0,False,False,0.0,"[0, 13, 24, 50, 54, 55, 56, 58, 59, 60, 61, 62, 63, 64, 65, 66, 67]",5,pg19,6,263c2652-73e3-4469-9f02-298000ad3dd3,22774,988,True,16,16,112,"[0, 54, 55, 56, 57, 58, 59, 60, 61, 62, 63, 64, 65, 66, 67, 68]",0.14627414903403863,76,"[0, 4354, 4353, 4195, 4081, 4351, 4052, 3848, 4349, 4264, 3980, 561, 4338, 4337, 4347, 4319]",219.67831600159116,289.4288979987323,636
0.0625,-4.0,"[0, 2]",2,,1781073995981.9436,0.0,1781073995901.9536,0,0,79.98939900062396,52330,10462.4462890625,0.4069632589817047,32,0.8796718716621399,0.7678341567516327,6,6,32,1781073995990.489,1781073995887.6597,4355,429,late,1.0,38.05310999996436,3.900551999322488,observability_fixed_R16_k16,good,22.838461998617277,0,False,False,0.0,"[0, 54, 55, 56, 57, 58, 59, 60, 61, 62, 63, 64, 65, 66, 67, 68]",5,pg19,2,263c2652-73e3-4469-9f02-298000ad3dd3,22809,769,False,16,16,113,"[0, 54, 55, 56, 57, 58, 59, 60, 61, 62, 63, 64, 65, 66, 67, 68]",0.12560275545350172,3,[],208.89315499880468,102.82786099924124,547
0.03125,-4.0,[1],1,,1781073996414.16,0.0,1781073996256.8184,0,0,157.34115099985502,22936,10460.1279296875,1.3678028583526611,32,0.5801622271537781,0.35648976266384125,6,6,32,1781073996422.6685,1781073996242.0068,4358,432,late,1.0,31.75799100063159,0.07050800013530534,observability_fixed_R16_k16,good,23.317859000599128,0,False,False,0.0,"[0, 54, 55, 56, 57, 58, 59, 60, 61, 62, 63, 64, 65, 66, 67, 68]",5,pg19,1,263c2652-73e3-4469-9f02-298000ad3dd3,22815,766,False,16,16,114,"[0, 54, 55, 56, 57, 58, 59, 60, 61, 62, 63, 64, 65, 66, 67, 68]",0.12620468104635155,5,[],218.75498600093124,180.65901000045415,550
0.125,0.25,"[0, 9, 24, 29]",4,,1781073996827.6714,0.0,1781073996680.1394,0,0,147.53108600052656,1012,10459.54833984375,1.9867702722549438,32,0.31252148747444153,0.045207679271698,6,6,32,1781073996836.512,1781073996665.538,4360,434,late,1.0,32.740040000135195,0.07005299994489178,observability_fixed_R16_k16,good,23.439545000655926,0,False,False,0.0,"[0, 54, 55, 56, 57, 58, 59, 60, 61, 62, 63, 64, 65, 66, 67, 68]",5,pg19,4,263c2652-73e3-4469-9f02-298000ad3dd3,22829,781,False,16,16,115,"[0, 54, 55, 56, 57, 58, 59, 60, 61, 62, 63, 64, 65, 66, 67, 68]",0.12660550458715597,10,[],208.86697700007062,170.97063100118248,552
0.09375,-0.25,"[0, 2, 6]",3,,1781073997254.3584,0.0,1781073997102.4917,0,0,151.86488399922382,10244,10461.287109375,0.5546881556510925,32,0.9352794885635376,0.924219373613596,6,6,32,1781073997262.9924,1781073997088.212,4365,439,late,1.0,33.15041499990912,0.06740400021953974,observability_fixed_R16_k16,good,22.91265300118539,0,False,False,0.0,"[0, 54, 55, 56, 57, 58, 59, 60, 61, 62, 63, 64, 65, 66, 67, 68]",5,pg19,3,263c2652-73e3-4469-9f02-298000ad3dd3,22855,776,False,16,16,116,"[0, 54, 55, 56, 57, 58, 59, 60, 61, 62, 63, 64, 65, 66, 67, 68]",0.12760595647193584,14,[],217.22506799960684,174.7775370004092,557
0.03125,-1.5,[1],1,,1781073997681.4236,0.0,1781073997527.8496,0,0,153.57243700054823,537,10460.70751953125,1.772512674331665,32,0.5612193942070007,0.43201935291290283,6,6,32,1781073997690.1196,1781073997513.2837,4369,443,late,1.0,33.25339399998484,0.06787200072722044,observability_fixed_R16_k16,good,23.260767999090604,0,False,False,0.0,"[0, 54, 55, 56, 57, 58, 59, 60, 61, 62, 63, 64, 65, 66, 67, 68]",5,pg19,1,263c2652-73e3-4469-9f02-298000ad3dd3,22876,764,False,16,16,117,"[0, 54, 55, 56, 57, 58, 59, 60, 61, 62, 63, 64, 65, 66, 67, 68]",0.12840466926070038,16,[],215.7976399994368,176.83320499963884,561
0.0,-2.25,[],0,,1781073998110.6575,0.0,1781073997957.4395,0,0,153.217033999681,2087,10459.7236328125,3.6150171756744385,32,0.2127651423215866,0.04706348478794098,4,6,32,1781073998119.4937,1781073997943.189,4371,445,late,1.0,33.59438199913711,0.07371799983957317,observability_fixed_R16_k16,good,23.085969001840567,0,False,False,0.0,"[0, 54, 55, 56, 57, 58, 59, 60, 61, 62, 63, 64, 65, 66, 67, 68]",5,pg19,0,263c2652-73e3-4469-9f02-298000ad3dd3,22899,758,False,16,16,118,"[0, 54, 55, 56, 57, 58, 59, 60, 61, 62, 63, 64, 65, 66, 67, 68]",0.12880347746511095,17,[],218.35018800084072,176.30300300152157,563
0.125,2.0,"[1, 4, 10, 22]",4,,1781073998530.023,0.0,1781073998381.3484,0,0,148.67335799863213,1490,10458.96875,0.7239606380462646,32,0.7878581881523132,0.6120632588863373,5,6,32,1781073998538.5483,1781073998367.1824,4372,446,late,1.0,31.344439999884344,0.06727899926772807,observability_fixed_R16_k16,good,22.690990001137834,0,False,False,0.0,"[0, 54, 55, 56, 57, 58, 59, 60, 61, 62, 63, 64, 65, 66, 67, 68]",5,pg19,4,263c2652-73e3-4469-9f02-298000ad3dd3,22884,781,False,16,16,119,"[0, 54, 55, 56, 57, 58, 59, 60, 61, 62, 63, 64, 65, 66, 67, 68]",0.12900274473924978,22,[],215.36920400103554,171.36434799976996,564
0.15625,3.0,"[1, 5, 19, 27, 30]",5,,1781073998949.8384,0.0,1781073998800.5208,0,0,149.31731800061243,1012,10461.287109375,0.7144354581832886,32,0.8317437171936035,0.7324060946702957,6,6,32,1781073998958.7336,1781073998786.255,4377,451,late,1.0,32.77374699973734,0.06966900036786683,observability_fixed_R16_k16,good,23.157616999014863,0,False,False,0.0,"[0, 54, 55, 56, 57, 58, 59, 60, 61, 62, 63, 64, 65, 66, 67, 68]",5,pg19,5,263c2652-73e3-4469-9f02-298000ad3dd3,22915,788,False,16,16,120,"[0, 54, 55, 56, 57, 58, 59, 60, 61, 62, 63, 64, 65, 66, 67, 68]",0.1299977153301348,28,[],213.95221800048603,172.4749349996273,569
0.1875,3.5,"[0, 4, 9, 14, 20, 26]",6,,1781073999425.0977,0.0,1781073999263.933,0,0,161.16426799999317,198,10462.650390625,0.8506755232810974,32,0.8979046940803528,0.8838379429653287,6,6,32,1781073999433.6628,1781073999248.203,4383,457,late,1.0,50.19704699952854,0.11378499948477838,observability_fixed_R16_k16,good,24.29379100067308,0,False,False,0.0,"[0, 54, 55, 56, 57, 58, 59, 60, 61, 62, 63, 64, 65, 66, 67, 68]",5,pg19,6,263c2652-73e3-4469-9f02-298000ad3dd3,22950,788,False,16,16,121,"[0, 54, 55, 56, 57, 58, 59, 60, 61, 62, 63, 64, 65, 66, 67, 68]",0.13118868355007984,35,[],237.8197669986548,185.45805900066625,575
0.1875,2.25,"[0, 3, 10, 15, 21, 27]",6,,1781073999862.5974,0.0,1781073999710.2903,0,0,152.3064670000167,13,10462.4462890625,0.2122560739517212,32,0.9579891562461853,0.92254488915205,6,6,32,1781073999871.2808,1781073999695.811,4390,464,late,1.0,37.414047999845934,4.189378998489701,observability_fixed_R16_k16,good,23.161330998846097,0,False,False,0.0,"[0, 54, 55, 56, 57, 58, 59, 60, 61, 62, 63, 64, 65, 66, 67, 68]",5,pg19,6,263c2652-73e3-4469-9f02-298000ad3dd3,22983,786,False,16,16,122,"[0, 54, 55, 56, 57, 58, 59, 60, 61, 62, 63, 64, 65, 66, 67, 68]",0.13257403189066058,42,[],219.5960160006507,175.4677979988628,582
0.1875,0.75,"[0, 9, 17, 23, 26, 29]",6,,1781074000290.1223,0.0,1781074000142.2249,0,0,147.8964139987511,387,10462.4462890625,1.1228795051574707,32,0.8028724193572998,0.7233772799372673,6,6,32,1781074000298.9536,1781074000127.7542,4397,471,late,1.0,35.40494800108718,0.0738240014470648,observability_fixed_R16_k16,good,23.30119400176045,0,False,False,0.0,"[0, 54, 55, 56, 57, 58, 59, 60, 61, 62, 63, 64, 65, 66, 67, 68]",5,pg19,6,263c2652-73e3-4469-9f02-298000ad3dd3,23012,789,False,16,16,123,"[0, 54, 55, 56, 57, 58, 59, 60, 61, 62, 63, 64, 65, 66, 67, 68]",0.13395496929724812,49,[],219.79778800050553,171.19760800051154,589
0.1875,0.25,"[0, 1, 2, 7, 11, 20]",6,,1781074000720.1174,0.0,1781074000557.7622,0,0,162.3543059995427,1030,10462.4462890625,0.008747594431042671,32,0.9993255138397217,0.9992264181637438,6,6,32,1781074000728.994,1781074000543.503,4404,478,late,1.0,32.74184099973354,0.0697939995006891,observability_fixed_R16_k16,good,23.13435100040806,0,False,False,0.0,"[0, 54, 55, 56, 57, 58, 59, 60, 61, 62, 63, 64, 65, 66, 67, 68]",5,pg19,6,263c2652-73e3-4469-9f02-298000ad3dd3,23027,787,False,16,16,124,"[0, 54, 55, 56, 57, 58, 59, 60, 61, 62, 63, 64, 65, 66, 67, 68]",0.13533151680290645,56,[],210.85789800054044,185.48865699995076,596
0.1875,0.0,"[0, 1, 2, 6, 15, 24]",6,,1781074001146.3647,0.0,1781074000995.082,0,0,151.2816340000427,13,10462.4462890625,0.023365622386336327,32,0.9979536533355713,0.9976888236124068,6,6,32,1781074001155.2183,1781074000980.7974,4411,485,late,1.0,33.669058999294066,0.1036729991028551,observability_fixed_R16_k16,good,23.13806299935095,0,False,False,0.0,"[0, 54, 55, 56, 57, 58, 59, 60, 61, 62, 63, 64, 65, 66, 67, 68]",5,pg19,6,263c2652-73e3-4469-9f02-298000ad3dd3,23073,781,False,16,16,125,"[0, 54, 55, 56, 57, 58, 59, 60, 61, 62, 63, 64, 65, 66, 67, 68]",0.13670369530718657,63,[],217.09831100088195,174.41969699939364,603
0.1875,0.0,"[0, 11, 19, 23, 26, 29]",6,,1781074001572.442,0.0,1781074001423.17,0,0,149.27067600001465,198,10462.4462890625,1.3199745416641235,32,0.789568305015564,0.7450239062309265,6,6,32,1781074001581.2412,1781074001409.2048,4418,492,late,0.9411764705882353,37.05414199976076,4.306020999138127,observability_fixed_R16_k16,good,22.762799000702216,0,False,False,0.0,"[0, 54, 55, 56, 57, 58, 59, 60, 61, 62, 63, 64, 65, 66, 67, 68, 69]",5,pg19,6,263c2652-73e3-4469-9f02-298000ad3dd3,23111,790,False,16,16,126,"[0, 54, 55, 56, 57, 58, 59, 60, 61, 62, 63, 64, 65, 66, 67, 68]",0.1453146220009054,70,[],211.661968000044,172.03347500071686,642
0.1875,0.0,"[0, 1, 2, 7, 15, 22]",6,,1781074001999.5908,0.0,1781074001847.532,0,0,152.0582100001775,448,10462.4462890625,0.00680150743573904,32,0.9992792010307312,0.9987089712521993,6,6,32,1781074002008.2607,1781074001832.9663,4425,499,late,0.9411764705882353,32.8447829997458,0.0775420012359973,observability_fixed_R16_k16,good,23.234221000166144,0,False,False,0.0,"[0, 54, 55, 56, 57, 58, 59, 60, 61, 62, 63, 64, 65, 66, 67, 68, 69]",5,pg19,6,263c2652-73e3-4469-9f02-298000ad3dd3,23132,784,False,16,16,127,"[0, 54, 55, 56, 57, 58, 59, 60, 61, 62, 63, 64, 65, 66, 67, 68]",0.14666666666666667,77,[],217.4926180014154,175.29243100034364,649
0.1875,0.0,"[0, 1, 5, 11, 17, 23]",6,0.8876108527183533,1781074002547.996,134.08522700046888,1781074002266.816,16,983,281.18059000007634,2932,10462.4462890625,0.0029991099145263433,32,0.9997512698173523,0.9996677873423323,6,6,32,1781074002556.749,1781074002252.6145,4432,506,late,0.8333333333333334,32.295580000209156,0.07617699884576723,observability_fixed_R16_k16,good,22.951213000851567,0,False,False,0.0,"[0, 54, 55, 56, 57, 58, 59, 60, 61, 62, 63, 64, 65, 66, 67, 68, 69]",5,pg19,6,263c2652-73e3-4469-9f02-298000ad3dd3,23165,991,True,16,16,128,"[0, 50, 56, 57, 58, 59, 60, 61, 62, 63, 64, 65, 66, 67, 68, 69]",0.148014440433213,84,"[0, 4438, 4437, 4436, 4417, 4081, 4419, 4025, 4064, 4361, 4380, 4301, 4339, 4241, 4261, 4381]",210.99161700112745,304.1318030009279,656
