method,prompt_type,prompt_id,reuse_interval,round,staleness_rounds,draft_tokens,accepted_len,retrieval_update,selected_count,oracle_overlap,pipeline_hit,pipeline_reuse,pipeline_wait_ms
reuse_R1_k8,pg19,1,1,0,0,32,2,1,8,,0,0,0.0
reuse_R1_k8,pg19,1,1,1,0,32,2,1,8,,0,0,0.0
reuse_R1_k8,pg19,1,1,2,0,32,4,1,8,,0,0,0.0
reuse_R1_k8,pg19,1,1,3,0,32,1,1,8,,0,0,0.0
reuse_R1_k8,pg19,1,1,4,0,32,4,1,8,,0,0,0.0
reuse_R1_k8,pg19,1,1,5,0,32,4,1,8,,0,0,0.0
reuse_R1_k8,pg19,1,1,6,0,32,4,1,8,,0,0,0.0
reuse_R1_k8,pg19,1,1,7,0,32,4,1,8,,0,0,0.0
reuse_R1_k8,pg19,1,1,8,0,32,4,1,8,,0,0,0.0
reuse_R1_k8,pg19,1,1,9,0,32,0,1,8,,0,0,0.0
reuse_R1_k8,pg19,1,1,10,0,32,4,1,8,,0,0,0.0
reuse_R1_k8,pg19,1,1,11,0,32,4,1,8,,0,0,0.0
reuse_R1_k8,pg19,1,1,12,0,32,1,1,8,,0,0,0.0
reuse_R1_k8,pg19,1,1,13,0,32,0,1,8,,0,0,0.0
reuse_R1_k8,pg19,1,1,14,0,32,3,1,8,,0,0,0.0
reuse_R1_k8,pg19,1,1,15,0,32,4,1,8,,0,0,0.0
reuse_R1_k8,pg19,1,1,16,0,32,1,1,8,,0,0,0.0
reuse_R1_k8,pg19,1,1,17,0,32,4,1,8,,0,0,0.0
reuse_R1_k8,pg19,1,1,18,0,32,4,1,8,,0,0,0.0
reuse_R1_k8,pg19,1,1,19,0,32,0,1,8,,0,0,0.0
reuse_R1_k8,pg19,1,1,20,0,32,4,1,8,,0,0,0.0
reuse_R1_k8,pg19,1,1,21,0,32,4,1,8,,0,0,0.0
reuse_R1_k8,pg19,1,1,22,0,32,4,1,8,,0,0,0.0
reuse_R1_k8,pg19,1,1,23,0,32,4,1,8,,0,0,0.0
reuse_R1_k8,pg19,1,1,24,0,32,4,1,8,,0,0,0.0
reuse_R1_k8,pg19,1,1,25,0,32,4,1,8,,0,0,0.0
reuse_R1_k8,pg19,1,1,26,0,32,4,1,8,,0,0,0.0
reuse_R1_k8,pg19,1,1,27,0,32,4,1,8,,0,0,0.0
reuse_R1_k8,pg19,1,1,28,0,32,4,1,8,,0,0,0.0
reuse_R1_k8,pg19,1,1,29,0,32,0,1,8,,0,0,0.0
reuse_R1_k8,pg19,1,1,30,0,32,2,1,8,,0,0,0.0
reuse_R1_k8,pg19,1,1,31,0,32,1,1,8,,0,0,0.0
reuse_R1_k8,pg19,1,1,32,0,32,4,1,8,,0,0,0.0
reuse_R1_k8,pg19,1,1,33,0,32,4,1,8,,0,0,0.0
reuse_R1_k8,pg19,1,1,34,0,32,0,1,8,,0,0,0.0
reuse_R1_k8,pg19,1,1,35,0,32,4,1,8,,0,0,0.0
reuse_R1_k8,pg19,1,1,36,0,32,4,1,8,,0,0,0.0
reuse_R1_k8,pg19,1,1,37,0,32,4,1,8,,0,0,0.0
reuse_R1_k8,pg19,1,1,38,0,32,4,1,8,,0,0,0.0
reuse_R1_k8,pg19,1,1,39,0,32,4,1,8,,0,0,0.0
reuse_R1_k8,pg19,1,1,40,0,32,4,1,8,,0,0,0.0
reuse_R1_k8,pg19,1,1,41,0,32,4,1,8,,0,0,0.0
reuse_R1_k8,pg19,1,1,42,0,32,4,1,8,,0,0,0.0
reuse_R1_k8,pg19,1,1,43,0,32,4,1,8,,0,0,0.0
reuse_R1_k8,pg19,1,1,44,0,32,4,1,8,,0,0,0.0
reuse_R1_k8,pg19,1,1,45,0,32,4,1,8,,0,0,0.0
reuse_R1_k8,pg19,1,1,46,0,32,4,1,8,,0,0,0.0
reuse_R1_k8,pg19,1,1,47,0,32,3,1,8,,0,0,0.0
reuse_R1_k8,pg19,1,1,48,0,32,0,1,8,,0,0,0.0
reuse_R1_k8,pg19,1,1,49,0,32,4,1,8,,0,0,0.0
reuse_R1_k8,pg19,1,1,50,0,32,4,1,8,,0,0,0.0
reuse_R1_k8,pg19,1,1,51,0,32,4,1,8,,0,0,0.0
reuse_R1_k8,pg19,1,1,52,0,32,1,1,8,,0,0,0.0
reuse_R1_k8,pg19,1,1,53,0,32,2,1,8,,0,0,0.0
reuse_R1_k8,pg19,1,1,54,0,32,3,1,8,,0,0,0.0
reuse_R1_k8,pg19,1,1,55,0,32,4,1,8,,0,0,0.0
reuse_R1_k8,pg19,1,1,56,0,32,3,1,8,,0,0,0.0
reuse_R1_k8,pg19,1,1,57,0,32,4,1,8,,0,0,0.0
reuse_R1_k8,pg19,1,1,58,0,32,4,1,8,,0,0,0.0
reuse_R1_k8,pg19,1,1,59,0,32,4,1,8,,0,0,0.0
reuse_R1_k8,pg19,1,1,60,0,32,4,1,8,,0,0,0.0
reuse_R1_k8,pg19,1,1,61,0,32,4,1,8,,0,0,0.0
reuse_R1_k8,pg19,1,1,62,0,32,4,1,8,,0,0,0.0
reuse_R1_k8,pg19,1,1,63,0,32,4,1,8,,0,0,0.0
reuse_R1_k8,pg19,1,1,64,0,32,4,1,8,,0,0,0.0
reuse_R1_k8,pg19,1,1,65,0,32,4,1,8,,0,0,0.0
reuse_R1_k8,pg19,1,1,66,0,32,4,1,8,,0,0,0.0
reuse_R1_k8,pg19,1,1,67,0,32,4,1,8,,0,0,0.0
reuse_R1_k8,pg19,1,1,68,0,32,4,1,8,,0,0,0.0
reuse_R1_k8,pg19,1,1,69,0,32,4,1,8,,0,0,0.0
reuse_R1_k8,pg19,1,1,70,0,32,4,1,8,,0,0,0.0
reuse_R1_k8,pg19,1,1,71,0,32,4,1,8,,0,0,0.0
reuse_R1_k8,pg19,1,1,72,0,32,4,1,8,,0,0,0.0
reuse_R1_k8,pg19,1,1,73,0,32,4,1,8,,0,0,0.0
reuse_R1_k8,pg19,1,1,74,0,32,4,1,8,,0,0,0.0
reuse_R1_k8,pg19,1,1,75,0,32,4,1,8,,0,0,0.0
reuse_R1_k8,pg19,1,1,76,0,32,4,1,8,,0,0,0.0
reuse_R1_k8,pg19,1,1,77,0,32,4,1,8,,0,0,0.0
reuse_R1_k8,pg19,1,1,78,0,32,4,1,8,,0,0,0.0
reuse_R1_k8,pg19,1,1,79,0,32,4,1,8,,0,0,0.0
reuse_R1_k8,pg19,1,1,80,0,32,4,1,8,,0,0,0.0
reuse_R1_k8,pg19,1,1,81,0,32,4,1,8,,0,0,0.0
reuse_R1_k8,pg19,1,1,82,0,32,4,1,8,,0,0,0.0
reuse_R1_k8,pg19,1,1,83,0,32,4,1,8,,0,0,0.0
reuse_R1_k8,pg19,1,1,84,0,32,4,1,8,,0,0,0.0
reuse_R1_k8,pg19,1,1,85,0,32,4,1,8,,0,0,0.0
reuse_R1_k8,pg19,1,1,86,0,32,4,1,8,,0,0,0.0
reuse_R1_k8,pg19,1,1,87,0,32,4,1,8,,0,0,0.0
reuse_R1_k8,pg19,1,1,88,0,32,4,1,8,,0,0,0.0
reuse_R1_k8,pg19,1,1,89,0,32,4,1,8,,0,0,0.0
reuse_R1_k8,pg19,1,1,90,0,32,4,1,8,,0,0,0.0
reuse_R1_k8,pg19,1,1,91,0,32,4,1,8,,0,0,0.0
reuse_R1_k8,pg19,1,1,92,0,32,4,1,8,,0,0,0.0
reuse_R1_k8,pg19,1,1,93,0,32,4,1,8,,0,0,0.0
reuse_R1_k8,pg19,1,1,94,0,32,4,1,8,,0,0,0.0
reuse_R1_k8,pg19,1,1,95,0,32,4,1,8,,0,0,0.0
reuse_R1_k8,pg19,1,1,96,0,32,4,1,8,,0,0,0.0
reuse_R1_k8,pg19,1,1,97,0,32,4,1,8,,0,0,0.0
reuse_R1_k8,pg19,1,1,98,0,32,4,1,8,,0,0,0.0
reuse_R1_k8,pg19,1,1,99,0,32,4,1,8,,0,0,0.0
reuse_R1_k8,pg19,1,1,100,0,32,4,1,8,,0,0,0.0
reuse_R1_k8,pg19,1,1,101,0,32,4,1,8,,0,0,0.0
reuse_R1_k8,pg19,1,1,102,0,32,4,1,8,,0,0,0.0
reuse_R1_k8,pg19,1,1,103,0,32,4,1,8,,0,0,0.0
reuse_R1_k8,pg19,1,1,104,0,32,4,1,8,,0,0,0.0
reuse_R1_k8,pg19,1,1,105,0,32,4,1,8,,0,0,0.0
reuse_R1_k8,pg19,1,1,106,0,32,4,1,8,,0,0,0.0
reuse_R1_k8,pg19,1,1,107,0,32,4,1,8,,0,0,0.0
reuse_R1_k8,pg19,1,1,108,0,32,4,1,8,,0,0,0.0
reuse_R1_k8,pg19,1,1,109,0,32,4,1,8,,0,0,0.0
reuse_R1_k8,pg19,1,1,110,0,32,4,1,8,,0,0,0.0
reuse_R1_k8,pg19,1,1,111,0,32,4,1,8,,0,0,0.0
reuse_R1_k8,pg19,1,1,112,0,32,4,1,8,,0,0,0.0
reuse_R1_k16,pg19,1,1,0,0,32,2,1,16,,0,0,0.0
reuse_R1_k16,pg19,1,1,1,0,32,2,1,16,,0,0,0.0
reuse_R1_k16,pg19,1,1,2,0,32,4,1,16,,0,0,0.0
reuse_R1_k16,pg19,1,1,3,0,32,1,1,16,,0,0,0.0
reuse_R1_k16,pg19,1,1,4,0,32,4,1,16,,0,0,0.0
reuse_R1_k16,pg19,1,1,5,0,32,4,1,16,,0,0,0.0
reuse_R1_k16,pg19,1,1,6,0,32,4,1,16,,0,0,0.0
reuse_R1_k16,pg19,1,1,7,0,32,4,1,16,,0,0,0.0
reuse_R1_k16,pg19,1,1,8,0,32,4,1,16,,0,0,0.0
reuse_R1_k16,pg19,1,1,9,0,32,0,1,16,,0,0,0.0
reuse_R1_k16,pg19,1,1,10,0,32,4,1,16,,0,0,0.0
reuse_R1_k16,pg19,1,1,11,0,32,4,1,16,,0,0,0.0
reuse_R1_k16,pg19,1,1,12,0,32,1,1,16,,0,0,0.0
reuse_R1_k16,pg19,1,1,13,0,32,0,1,16,,0,0,0.0
reuse_R1_k16,pg19,1,1,14,0,32,3,1,16,,0,0,0.0
reuse_R1_k16,pg19,1,1,15,0,32,4,1,16,,0,0,0.0
reuse_R1_k16,pg19,1,1,16,0,32,1,1,16,,0,0,0.0
reuse_R1_k16,pg19,1,1,17,0,32,4,1,16,,0,0,0.0
reuse_R1_k16,pg19,1,1,18,0,32,4,1,16,,0,0,0.0
reuse_R1_k16,pg19,1,1,19,0,32,0,1,16,,0,0,0.0
reuse_R1_k16,pg19,1,1,20,0,32,4,1,16,,0,0,0.0
reuse_R1_k16,pg19,1,1,21,0,32,4,1,16,,0,0,0.0
reuse_R1_k16,pg19,1,1,22,0,32,4,1,16,,0,0,0.0
reuse_R1_k16,pg19,1,1,23,0,32,4,1,16,,0,0,0.0
reuse_R1_k16,pg19,1,1,24,0,32,4,1,16,,0,0,0.0
reuse_R1_k16,pg19,1,1,25,0,32,4,1,16,,0,0,0.0
reuse_R1_k16,pg19,1,1,26,0,32,4,1,16,,0,0,0.0
reuse_R1_k16,pg19,1,1,27,0,32,4,1,16,,0,0,0.0
reuse_R1_k16,pg19,1,1,28,0,32,4,1,16,,0,0,0.0
reuse_R1_k16,pg19,1,1,29,0,32,0,1,16,,0,0,0.0
reuse_R1_k16,pg19,1,1,30,0,32,2,1,16,,0,0,0.0
reuse_R1_k16,pg19,1,1,31,0,32,1,1,16,,0,0,0.0
reuse_R1_k16,pg19,1,1,32,0,32,4,1,16,,0,0,0.0
reuse_R1_k16,pg19,1,1,33,0,32,4,1,16,,0,0,0.0
reuse_R1_k16,pg19,1,1,34,0,32,0,1,16,,0,0,0.0
reuse_R1_k16,pg19,1,1,35,0,32,4,1,16,,0,0,0.0
reuse_R1_k16,pg19,1,1,36,0,32,4,1,16,,0,0,0.0
reuse_R1_k16,pg19,1,1,37,0,32,4,1,16,,0,0,0.0
reuse_R1_k16,pg19,1,1,38,0,32,4,1,16,,0,0,0.0
reuse_R1_k16,pg19,1,1,39,0,32,4,1,16,,0,0,0.0
reuse_R1_k16,pg19,1,1,40,0,32,4,1,16,,0,0,0.0
reuse_R1_k16,pg19,1,1,41,0,32,4,1,16,,0,0,0.0
reuse_R1_k16,pg19,1,1,42,0,32,4,1,16,,0,0,0.0
reuse_R1_k16,pg19,1,1,43,0,32,4,1,16,,0,0,0.0
reuse_R1_k16,pg19,1,1,44,0,32,4,1,16,,0,0,0.0
reuse_R1_k16,pg19,1,1,45,0,32,4,1,16,,0,0,0.0
reuse_R1_k16,pg19,1,1,46,0,32,4,1,16,,0,0,0.0
reuse_R1_k16,pg19,1,1,47,0,32,3,1,16,,0,0,0.0
reuse_R1_k16,pg19,1,1,48,0,32,0,1,16,,0,0,0.0
reuse_R1_k16,pg19,1,1,49,0,32,4,1,16,,0,0,0.0
reuse_R1_k16,pg19,1,1,50,0,32,4,1,16,,0,0,0.0
reuse_R1_k16,pg19,1,1,51,0,32,3,1,16,,0,0,0.0
reuse_R1_k16,pg19,1,1,52,0,32,2,1,16,,0,0,0.0
reuse_R1_k16,pg19,1,1,53,0,32,2,1,16,,0,0,0.0
reuse_R1_k16,pg19,1,1,54,0,32,3,1,16,,0,0,0.0
reuse_R1_k16,pg19,1,1,55,0,32,4,1,16,,0,0,0.0
reuse_R1_k16,pg19,1,1,56,0,32,3,1,16,,0,0,0.0
reuse_R1_k16,pg19,1,1,57,0,32,4,1,16,,0,0,0.0
reuse_R1_k16,pg19,1,1,58,0,32,4,1,16,,0,0,0.0
reuse_R1_k16,pg19,1,1,59,0,32,4,1,16,,0,0,0.0
reuse_R1_k16,pg19,1,1,60,0,32,4,1,16,,0,0,0.0
reuse_R1_k16,pg19,1,1,61,0,32,4,1,16,,0,0,0.0
reuse_R1_k16,pg19,1,1,62,0,32,4,1,16,,0,0,0.0
reuse_R1_k16,pg19,1,1,63,0,32,4,1,16,,0,0,0.0
reuse_R1_k16,pg19,1,1,64,0,32,4,1,16,,0,0,0.0
reuse_R1_k16,pg19,1,1,65,0,32,4,1,16,,0,0,0.0
reuse_R1_k16,pg19,1,1,66,0,32,4,1,16,,0,0,0.0
reuse_R1_k16,pg19,1,1,67,0,32,4,1,16,,0,0,0.0
reuse_R1_k16,pg19,1,1,68,0,32,4,1,16,,0,0,0.0
reuse_R1_k16,pg19,1,1,69,0,32,4,1,16,,0,0,0.0
reuse_R1_k16,pg19,1,1,70,0,32,4,1,16,,0,0,0.0
reuse_R1_k16,pg19,1,1,71,0,32,4,1,16,,0,0,0.0
reuse_R1_k16,pg19,1,1,72,0,32,4,1,16,,0,0,0.0
reuse_R1_k16,pg19,1,1,73,0,32,4,1,16,,0,0,0.0
reuse_R1_k16,pg19,1,1,74,0,32,4,1,16,,0,0,0.0
reuse_R1_k16,pg19,1,1,75,0,32,4,1,16,,0,0,0.0
reuse_R1_k16,pg19,1,1,76,0,32,4,1,16,,0,0,0.0
reuse_R1_k16,pg19,1,1,77,0,32,4,1,16,,0,0,0.0
reuse_R1_k16,pg19,1,1,78,0,32,4,1,16,,0,0,0.0
reuse_R1_k16,pg19,1,1,79,0,32,4,1,16,,0,0,0.0
reuse_R1_k16,pg19,1,1,80,0,32,4,1,16,,0,0,0.0
reuse_R1_k16,pg19,1,1,81,0,32,4,1,16,,0,0,0.0
reuse_R1_k16,pg19,1,1,82,0,32,4,1,16,,0,0,0.0
reuse_R1_k16,pg19,1,1,83,0,32,4,1,16,,0,0,0.0
reuse_R1_k16,pg19,1,1,84,0,32,4,1,16,,0,0,0.0
reuse_R1_k16,pg19,1,1,85,0,32,4,1,16,,0,0,0.0
reuse_R1_k16,pg19,1,1,86,0,32,4,1,16,,0,0,0.0
reuse_R1_k16,pg19,1,1,87,0,32,4,1,16,,0,0,0.0
reuse_R1_k16,pg19,1,1,88,0,32,4,1,16,,0,0,0.0
reuse_R1_k16,pg19,1,1,89,0,32,4,1,16,,0,0,0.0
reuse_R1_k16,pg19,1,1,90,0,32,4,1,16,,0,0,0.0
reuse_R1_k16,pg19,1,1,91,0,32,4,1,16,,0,0,0.0
reuse_R1_k16,pg19,1,1,92,0,32,4,1,16,,0,0,0.0
reuse_R1_k16,pg19,1,1,93,0,32,4,1,16,,0,0,0.0
reuse_R1_k16,pg19,1,1,94,0,32,4,1,16,,0,0,0.0
reuse_R1_k16,pg19,1,1,95,0,32,4,1,16,,0,0,0.0
reuse_R1_k16,pg19,1,1,96,0,32,4,1,16,,0,0,0.0
reuse_R1_k16,pg19,1,1,97,0,32,4,1,16,,0,0,0.0
reuse_R1_k16,pg19,1,1,98,0,32,4,1,16,,0,0,0.0
reuse_R1_k16,pg19,1,1,99,0,32,4,1,16,,0,0,0.0
reuse_R1_k16,pg19,1,1,100,0,32,4,1,16,,0,0,0.0
reuse_R1_k16,pg19,1,1,101,0,32,4,1,16,,0,0,0.0
reuse_R1_k16,pg19,1,1,102,0,32,4,1,16,,0,0,0.0
reuse_R1_k16,pg19,1,1,103,0,32,4,1,16,,0,0,0.0
reuse_R1_k16,pg19,1,1,104,0,32,4,1,16,,0,0,0.0
reuse_R1_k16,pg19,1,1,105,0,32,4,1,16,,0,0,0.0
reuse_R1_k16,pg19,1,1,106,0,32,4,1,16,,0,0,0.0
reuse_R1_k16,pg19,1,1,107,0,32,4,1,16,,0,0,0.0
reuse_R1_k16,pg19,1,1,108,0,32,4,1,16,,0,0,0.0
reuse_R1_k16,pg19,1,1,109,0,32,4,1,16,,0,0,0.0
reuse_R1_k16,pg19,1,1,110,0,32,4,1,16,,0,0,0.0
reuse_R1_k16,pg19,1,1,111,0,32,4,1,16,,0,0,0.0
reuse_R1_k16,pg19,1,1,112,0,32,4,1,16,,0,0,0.0
reuse_R2_k8,pg19,1,2,0,0,32,2,1,8,,0,0,0.0
reuse_R2_k8,pg19,1,2,1,1,32,2,0,8,,0,0,0.0
reuse_R2_k8,pg19,1,2,2,0,32,4,1,8,,0,0,0.0
reuse_R2_k8,pg19,1,2,3,1,32,1,0,8,,0,0,0.0
reuse_R2_k8,pg19,1,2,4,0,32,4,1,8,,0,0,0.0
reuse_R2_k8,pg19,1,2,5,1,32,4,0,8,,0,0,0.0
reuse_R2_k8,pg19,1,2,6,0,32,4,1,8,,0,0,0.0
reuse_R2_k8,pg19,1,2,7,1,32,4,0,8,,0,0,0.0
reuse_R2_k8,pg19,1,2,8,0,32,4,1,8,,0,0,0.0
reuse_R2_k8,pg19,1,2,9,1,32,0,0,8,,0,0,0.0
reuse_R2_k8,pg19,1,2,10,0,32,4,1,8,,0,0,0.0
reuse_R2_k8,pg19,1,2,11,1,32,4,0,8,,0,0,0.0
reuse_R2_k8,pg19,1,2,12,0,32,1,1,8,,0,0,0.0
reuse_R2_k8,pg19,1,2,13,1,32,0,0,8,,0,0,0.0
reuse_R2_k8,pg19,1,2,14,0,32,3,1,8,,0,0,0.0
reuse_R2_k8,pg19,1,2,15,1,32,4,0,8,,0,0,0.0
reuse_R2_k8,pg19,1,2,16,0,32,0,1,8,,0,0,0.0
reuse_R2_k8,pg19,1,2,17,1,32,4,0,8,,0,0,0.0
reuse_R2_k8,pg19,1,2,18,0,32,4,1,8,,0,0,0.0
reuse_R2_k8,pg19,1,2,19,1,32,1,0,8,,0,0,0.0
reuse_R2_k8,pg19,1,2,20,0,32,4,1,8,,0,0,0.0
reuse_R2_k8,pg19,1,2,21,1,32,4,0,8,,0,0,0.0
reuse_R2_k8,pg19,1,2,22,0,32,4,1,8,,0,0,0.0
reuse_R2_k8,pg19,1,2,23,1,32,4,0,8,,0,0,0.0
reuse_R2_k8,pg19,1,2,24,0,32,4,1,8,,0,0,0.0
reuse_R2_k8,pg19,1,2,25,1,32,4,0,8,,0,0,0.0
reuse_R2_k8,pg19,1,2,26,0,32,4,1,8,,0,0,0.0
reuse_R2_k8,pg19,1,2,27,1,32,4,0,8,,0,0,0.0
reuse_R2_k8,pg19,1,2,28,0,32,4,1,8,,0,0,0.0
reuse_R2_k8,pg19,1,2,29,1,32,0,0,8,,0,0,0.0
reuse_R2_k8,pg19,1,2,30,0,32,4,1,8,,0,0,0.0
reuse_R2_k8,pg19,1,2,31,1,32,4,0,8,,0,0,0.0
reuse_R2_k8,pg19,1,2,32,0,32,4,1,8,,0,0,0.0
reuse_R2_k8,pg19,1,2,33,1,32,0,0,8,,0,0,0.0
reuse_R2_k8,pg19,1,2,34,0,32,4,1,8,,0,0,0.0
reuse_R2_k8,pg19,1,2,35,1,32,4,0,8,,0,0,0.0
reuse_R2_k8,pg19,1,2,36,0,32,4,1,8,,0,0,0.0
reuse_R2_k8,pg19,1,2,37,1,32,4,0,8,,0,0,0.0
reuse_R2_k8,pg19,1,2,38,0,32,4,1,8,,0,0,0.0
reuse_R2_k8,pg19,1,2,39,1,32,4,0,8,,0,0,0.0
reuse_R2_k8,pg19,1,2,40,0,32,4,1,8,,0,0,0.0
reuse_R2_k8,pg19,1,2,41,1,32,4,0,8,,0,0,0.0
reuse_R2_k8,pg19,1,2,42,0,32,4,1,8,,0,0,0.0
reuse_R2_k8,pg19,1,2,43,1,32,4,0,8,,0,0,0.0
reuse_R2_k8,pg19,1,2,44,0,32,4,1,8,,0,0,0.0
reuse_R2_k8,pg19,1,2,45,1,32,4,0,8,,0,0,0.0
reuse_R2_k8,pg19,1,2,46,0,32,3,1,8,,0,0,0.0
reuse_R2_k8,pg19,1,2,47,1,32,0,0,8,,0,0,0.0
reuse_R2_k8,pg19,1,2,48,0,32,4,1,8,,0,0,0.0
reuse_R2_k8,pg19,1,2,49,1,32,4,0,8,,0,0,0.0
reuse_R2_k8,pg19,1,2,50,0,32,3,1,8,,0,0,0.0
reuse_R2_k8,pg19,1,2,51,1,32,2,0,8,,0,0,0.0
reuse_R2_k8,pg19,1,2,52,0,32,2,1,8,,0,0,0.0
reuse_R2_k8,pg19,1,2,53,1,32,3,0,8,,0,0,0.0
reuse_R2_k8,pg19,1,2,54,0,32,4,1,8,,0,0,0.0
reuse_R2_k8,pg19,1,2,55,1,32,3,0,8,,0,0,0.0
reuse_R2_k8,pg19,1,2,56,0,32,4,1,8,,0,0,0.0
reuse_R2_k8,pg19,1,2,57,1,32,4,0,8,,0,0,0.0
reuse_R2_k8,pg19,1,2,58,0,32,4,1,8,,0,0,0.0
reuse_R2_k8,pg19,1,2,59,1,32,4,0,8,,0,0,0.0
reuse_R2_k8,pg19,1,2,60,0,32,4,1,8,,0,0,0.0
reuse_R2_k8,pg19,1,2,61,1,32,4,0,8,,0,0,0.0
reuse_R2_k8,pg19,1,2,62,0,32,4,1,8,,0,0,0.0
reuse_R2_k8,pg19,1,2,63,1,32,4,0,8,,0,0,0.0
reuse_R2_k8,pg19,1,2,64,0,32,4,1,8,,0,0,0.0
reuse_R2_k8,pg19,1,2,65,1,32,4,0,8,,0,0,0.0
reuse_R2_k8,pg19,1,2,66,0,32,4,1,8,,0,0,0.0
reuse_R2_k8,pg19,1,2,67,1,32,4,0,8,,0,0,0.0
reuse_R2_k8,pg19,1,2,68,0,32,4,1,8,,0,0,0.0
reuse_R2_k8,pg19,1,2,69,1,32,4,0,8,,0,0,0.0
reuse_R2_k8,pg19,1,2,70,0,32,4,1,8,,0,0,0.0
reuse_R2_k8,pg19,1,2,71,1,32,4,0,8,,0,0,0.0
reuse_R2_k8,pg19,1,2,72,0,32,4,1,8,,0,0,0.0
reuse_R2_k8,pg19,1,2,73,1,32,4,0,8,,0,0,0.0
reuse_R2_k8,pg19,1,2,74,0,32,4,1,8,,0,0,0.0
reuse_R2_k8,pg19,1,2,75,1,32,4,0,8,,0,0,0.0
reuse_R2_k8,pg19,1,2,76,0,32,4,1,8,,0,0,0.0
reuse_R2_k8,pg19,1,2,77,1,32,4,0,8,,0,0,0.0
reuse_R2_k8,pg19,1,2,78,0,32,4,1,8,,0,0,0.0
reuse_R2_k8,pg19,1,2,79,1,32,4,0,8,,0,0,0.0
reuse_R2_k8,pg19,1,2,80,0,32,4,1,8,,0,0,0.0
reuse_R2_k8,pg19,1,2,81,1,32,4,0,8,,0,0,0.0
reuse_R2_k8,pg19,1,2,82,0,32,4,1,8,,0,0,0.0
reuse_R2_k8,pg19,1,2,83,1,32,4,0,8,,0,0,0.0
reuse_R2_k8,pg19,1,2,84,0,32,4,1,8,,0,0,0.0
reuse_R2_k8,pg19,1,2,85,1,32,4,0,8,,0,0,0.0
reuse_R2_k8,pg19,1,2,86,0,32,4,1,8,,0,0,0.0
reuse_R2_k8,pg19,1,2,87,1,32,4,0,8,,0,0,0.0
reuse_R2_k8,pg19,1,2,88,0,32,4,1,8,,0,0,0.0
reuse_R2_k8,pg19,1,2,89,1,32,4,0,8,,0,0,0.0
reuse_R2_k8,pg19,1,2,90,0,32,4,1,8,,0,0,0.0
reuse_R2_k8,pg19,1,2,91,1,32,4,0,8,,0,0,0.0
reuse_R2_k8,pg19,1,2,92,0,32,4,1,8,,0,0,0.0
reuse_R2_k8,pg19,1,2,93,1,32,4,0,8,,0,0,0.0
reuse_R2_k8,pg19,1,2,94,0,32,4,1,8,,0,0,0.0
reuse_R2_k8,pg19,1,2,95,1,32,4,0,8,,0,0,0.0
reuse_R2_k8,pg19,1,2,96,0,32,4,1,8,,0,0,0.0
reuse_R2_k8,pg19,1,2,97,1,32,4,0,8,,0,0,0.0
reuse_R2_k8,pg19,1,2,98,0,32,4,1,8,,0,0,0.0
reuse_R2_k8,pg19,1,2,99,1,32,4,0,8,,0,0,0.0
reuse_R2_k8,pg19,1,2,100,0,32,4,1,8,,0,0,0.0
reuse_R2_k8,pg19,1,2,101,1,32,4,0,8,,0,0,0.0
reuse_R2_k8,pg19,1,2,102,0,32,4,1,8,,0,0,0.0
reuse_R2_k8,pg19,1,2,103,1,32,4,0,8,,0,0,0.0
reuse_R2_k8,pg19,1,2,104,0,32,4,1,8,,0,0,0.0
reuse_R2_k8,pg19,1,2,105,1,32,4,0,8,,0,0,0.0
reuse_R2_k8,pg19,1,2,106,0,32,4,1,8,,0,0,0.0
reuse_R2_k8,pg19,1,2,107,1,32,4,0,8,,0,0,0.0
reuse_R2_k8,pg19,1,2,108,0,32,4,1,8,,0,0,0.0
reuse_R2_k8,pg19,1,2,109,1,32,4,0,8,,0,0,0.0
reuse_R2_k8,pg19,1,2,110,0,32,4,1,8,,0,0,0.0
reuse_R2_k8,pg19,1,2,111,1,32,4,0,8,,0,0,0.0
reuse_R2_k16,pg19,1,2,0,0,32,2,1,16,,0,0,0.0
reuse_R2_k16,pg19,1,2,1,1,32,2,0,16,,0,0,0.0
reuse_R2_k16,pg19,1,2,2,0,32,4,1,16,,0,0,0.0
reuse_R2_k16,pg19,1,2,3,1,32,1,0,16,,0,0,0.0
reuse_R2_k16,pg19,1,2,4,0,32,4,1,16,,0,0,0.0
reuse_R2_k16,pg19,1,2,5,1,32,4,0,16,,0,0,0.0
reuse_R2_k16,pg19,1,2,6,0,32,4,1,16,,0,0,0.0
reuse_R2_k16,pg19,1,2,7,1,32,4,0,16,,0,0,0.0
reuse_R2_k16,pg19,1,2,8,0,32,4,1,16,,0,0,0.0
reuse_R2_k16,pg19,1,2,9,1,32,0,0,16,,0,0,0.0
reuse_R2_k16,pg19,1,2,10,0,32,4,1,16,,0,0,0.0
reuse_R2_k16,pg19,1,2,11,1,32,4,0,16,,0,0,0.0
reuse_R2_k16,pg19,1,2,12,0,32,1,1,16,,0,0,0.0
reuse_R2_k16,pg19,1,2,13,1,32,0,0,16,,0,0,0.0
reuse_R2_k16,pg19,1,2,14,0,32,3,1,16,,0,0,0.0
reuse_R2_k16,pg19,1,2,15,1,32,4,0,16,,0,0,0.0
reuse_R2_k16,pg19,1,2,16,0,32,1,1,16,,0,0,0.0
reuse_R2_k16,pg19,1,2,17,1,32,4,0,16,,0,0,0.0
reuse_R2_k16,pg19,1,2,18,0,32,4,1,16,,0,0,0.0
reuse_R2_k16,pg19,1,2,19,1,32,0,0,16,,0,0,0.0
reuse_R2_k16,pg19,1,2,20,0,32,4,1,16,,0,0,0.0
reuse_R2_k16,pg19,1,2,21,1,32,4,0,16,,0,0,0.0
reuse_R2_k16,pg19,1,2,22,0,32,4,1,16,,0,0,0.0
reuse_R2_k16,pg19,1,2,23,1,32,4,0,16,,0,0,0.0
reuse_R2_k16,pg19,1,2,24,0,32,4,1,16,,0,0,0.0
reuse_R2_k16,pg19,1,2,25,1,32,4,0,16,,0,0,0.0
reuse_R2_k16,pg19,1,2,26,0,32,4,1,16,,0,0,0.0
reuse_R2_k16,pg19,1,2,27,1,32,4,0,16,,0,0,0.0
reuse_R2_k16,pg19,1,2,28,0,32,4,1,16,,0,0,0.0
reuse_R2_k16,pg19,1,2,29,1,32,0,0,16,,0,0,0.0
reuse_R2_k16,pg19,1,2,30,0,32,2,1,16,,0,0,0.0
reuse_R2_k16,pg19,1,2,31,1,32,1,0,16,,0,0,0.0
reuse_R2_k16,pg19,1,2,32,0,32,4,1,16,,0,0,0.0
reuse_R2_k16,pg19,1,2,33,1,32,4,0,16,,0,0,0.0
reuse_R2_k16,pg19,1,2,34,0,32,0,1,16,,0,0,0.0
reuse_R2_k16,pg19,1,2,35,1,32,4,0,16,,0,0,0.0
reuse_R2_k16,pg19,1,2,36,0,32,4,1,16,,0,0,0.0
reuse_R2_k16,pg19,1,2,37,1,32,4,0,16,,0,0,0.0
reuse_R2_k16,pg19,1,2,38,0,32,4,1,16,,0,0,0.0
reuse_R2_k16,pg19,1,2,39,1,32,4,0,16,,0,0,0.0
reuse_R2_k16,pg19,1,2,40,0,32,4,1,16,,0,0,0.0
reuse_R2_k16,pg19,1,2,41,1,32,4,0,16,,0,0,0.0
reuse_R2_k16,pg19,1,2,42,0,32,4,1,16,,0,0,0.0
reuse_R2_k16,pg19,1,2,43,1,32,4,0,16,,0,0,0.0
reuse_R2_k16,pg19,1,2,44,0,32,4,1,16,,0,0,0.0
reuse_R2_k16,pg19,1,2,45,1,32,4,0,16,,0,0,0.0
reuse_R2_k16,pg19,1,2,46,0,32,4,1,16,,0,0,0.0
reuse_R2_k16,pg19,1,2,47,1,32,3,0,16,,0,0,0.0
reuse_R2_k16,pg19,1,2,48,0,32,0,1,16,,0,0,0.0
reuse_R2_k16,pg19,1,2,49,1,32,4,0,16,,0,0,0.0
reuse_R2_k16,pg19,1,2,50,0,32,4,1,16,,0,0,0.0
reuse_R2_k16,pg19,1,2,51,1,32,3,0,16,,0,0,0.0
reuse_R2_k16,pg19,1,2,52,0,32,2,1,16,,0,0,0.0
reuse_R2_k16,pg19,1,2,53,1,32,2,0,16,,0,0,0.0
reuse_R2_k16,pg19,1,2,54,0,32,3,1,16,,0,0,0.0
reuse_R2_k16,pg19,1,2,55,1,32,4,0,16,,0,0,0.0
reuse_R2_k16,pg19,1,2,56,0,32,3,1,16,,0,0,0.0
reuse_R2_k16,pg19,1,2,57,1,32,4,0,16,,0,0,0.0
reuse_R2_k16,pg19,1,2,58,0,32,4,1,16,,0,0,0.0
reuse_R2_k16,pg19,1,2,59,1,32,4,0,16,,0,0,0.0
reuse_R2_k16,pg19,1,2,60,0,32,4,1,16,,0,0,0.0
reuse_R2_k16,pg19,1,2,61,1,32,4,0,16,,0,0,0.0
reuse_R2_k16,pg19,1,2,62,0,32,4,1,16,,0,0,0.0
reuse_R2_k16,pg19,1,2,63,1,32,4,0,16,,0,0,0.0
reuse_R2_k16,pg19,1,2,64,0,32,4,1,16,,0,0,0.0
reuse_R2_k16,pg19,1,2,65,1,32,4,0,16,,0,0,0.0
reuse_R2_k16,pg19,1,2,66,0,32,4,1,16,,0,0,0.0
reuse_R2_k16,pg19,1,2,67,1,32,4,0,16,,0,0,0.0
reuse_R2_k16,pg19,1,2,68,0,32,4,1,16,,0,0,0.0
reuse_R2_k16,pg19,1,2,69,1,32,4,0,16,,0,0,0.0
reuse_R2_k16,pg19,1,2,70,0,32,4,1,16,,0,0,0.0
reuse_R2_k16,pg19,1,2,71,1,32,4,0,16,,0,0,0.0
reuse_R2_k16,pg19,1,2,72,0,32,4,1,16,,0,0,0.0
reuse_R2_k16,pg19,1,2,73,1,32,4,0,16,,0,0,0.0
reuse_R2_k16,pg19,1,2,74,0,32,4,1,16,,0,0,0.0
reuse_R2_k16,pg19,1,2,75,1,32,4,0,16,,0,0,0.0
reuse_R2_k16,pg19,1,2,76,0,32,4,1,16,,0,0,0.0
reuse_R2_k16,pg19,1,2,77,1,32,4,0,16,,0,0,0.0
reuse_R2_k16,pg19,1,2,78,0,32,4,1,16,,0,0,0.0
reuse_R2_k16,pg19,1,2,79,1,32,4,0,16,,0,0,0.0
reuse_R2_k16,pg19,1,2,80,0,32,4,1,16,,0,0,0.0
reuse_R2_k16,pg19,1,2,81,1,32,4,0,16,,0,0,0.0
reuse_R2_k16,pg19,1,2,82,0,32,4,1,16,,0,0,0.0
reuse_R2_k16,pg19,1,2,83,1,32,4,0,16,,0,0,0.0
reuse_R2_k16,pg19,1,2,84,0,32,4,1,16,,0,0,0.0
reuse_R2_k16,pg19,1,2,85,1,32,4,0,16,,0,0,0.0
reuse_R2_k16,pg19,1,2,86,0,32,4,1,16,,0,0,0.0
reuse_R2_k16,pg19,1,2,87,1,32,4,0,16,,0,0,0.0
reuse_R2_k16,pg19,1,2,88,0,32,4,1,16,,0,0,0.0
reuse_R2_k16,pg19,1,2,89,1,32,4,0,16,,0,0,0.0
reuse_R2_k16,pg19,1,2,90,0,32,4,1,16,,0,0,0.0
reuse_R2_k16,pg19,1,2,91,1,32,4,0,16,,0,0,0.0
reuse_R2_k16,pg19,1,2,92,0,32,4,1,16,,0,0,0.0
reuse_R2_k16,pg19,1,2,93,1,32,4,0,16,,0,0,0.0
reuse_R2_k16,pg19,1,2,94,0,32,4,1,16,,0,0,0.0
reuse_R2_k16,pg19,1,2,95,1,32,4,0,16,,0,0,0.0
reuse_R2_k16,pg19,1,2,96,0,32,4,1,16,,0,0,0.0
reuse_R2_k16,pg19,1,2,97,1,32,4,0,16,,0,0,0.0
reuse_R2_k16,pg19,1,2,98,0,32,4,1,16,,0,0,0.0
reuse_R2_k16,pg19,1,2,99,1,32,4,0,16,,0,0,0.0
reuse_R2_k16,pg19,1,2,100,0,32,4,1,16,,0,0,0.0
reuse_R2_k16,pg19,1,2,101,1,32,4,0,16,,0,0,0.0
reuse_R2_k16,pg19,1,2,102,0,32,4,1,16,,0,0,0.0
reuse_R2_k16,pg19,1,2,103,1,32,4,0,16,,0,0,0.0
reuse_R2_k16,pg19,1,2,104,0,32,4,1,16,,0,0,0.0
reuse_R2_k16,pg19,1,2,105,1,32,4,0,16,,0,0,0.0
reuse_R2_k16,pg19,1,2,106,0,32,4,1,16,,0,0,0.0
reuse_R2_k16,pg19,1,2,107,1,32,4,0,16,,0,0,0.0
reuse_R2_k16,pg19,1,2,108,0,32,4,1,16,,0,0,0.0
reuse_R2_k16,pg19,1,2,109,1,32,4,0,16,,0,0,0.0
reuse_R2_k16,pg19,1,2,110,0,32,4,1,16,,0,0,0.0
reuse_R2_k16,pg19,1,2,111,1,32,4,0,16,,0,0,0.0
reuse_R2_k16,pg19,1,2,112,0,32,4,1,16,,0,0,0.0
reuse_R4_k8,pg19,1,4,0,0,32,2,1,8,,0,0,0.0
reuse_R4_k8,pg19,1,4,1,1,32,2,0,8,,0,0,0.0
reuse_R4_k8,pg19,1,4,2,2,32,4,0,8,,0,0,0.0
reuse_R4_k8,pg19,1,4,3,3,32,1,0,8,,0,0,0.0
reuse_R4_k8,pg19,1,4,4,0,32,4,1,8,,0,0,0.0
reuse_R4_k8,pg19,1,4,5,1,32,4,0,8,,0,0,0.0
reuse_R4_k8,pg19,1,4,6,2,32,4,0,8,,0,0,0.0
reuse_R4_k8,pg19,1,4,7,3,32,4,0,8,,0,0,0.0
reuse_R4_k8,pg19,1,4,8,0,32,4,1,8,,0,0,0.0
reuse_R4_k8,pg19,1,4,9,1,32,0,0,8,,0,0,0.0
reuse_R4_k8,pg19,1,4,10,2,32,4,0,8,,0,0,0.0
reuse_R4_k8,pg19,1,4,11,3,32,4,0,8,,0,0,0.0
reuse_R4_k8,pg19,1,4,12,0,32,1,1,8,,0,0,0.0
reuse_R4_k8,pg19,1,4,13,1,32,0,0,8,,0,0,0.0
reuse_R4_k8,pg19,1,4,14,2,32,3,0,8,,0,0,0.0
reuse_R4_k8,pg19,1,4,15,3,32,4,0,8,,0,0,0.0
reuse_R4_k8,pg19,1,4,16,0,32,0,1,8,,0,0,0.0
reuse_R4_k8,pg19,1,4,17,1,32,4,0,8,,0,0,0.0
reuse_R4_k8,pg19,1,4,18,2,32,4,0,8,,0,0,0.0
reuse_R4_k8,pg19,1,4,19,3,32,1,0,8,,0,0,0.0
reuse_R4_k8,pg19,1,4,20,0,32,4,1,8,,0,0,0.0
reuse_R4_k8,pg19,1,4,21,1,32,4,0,8,,0,0,0.0
reuse_R4_k8,pg19,1,4,22,2,32,4,0,8,,0,0,0.0
reuse_R4_k8,pg19,1,4,23,3,32,4,0,8,,0,0,0.0
reuse_R4_k8,pg19,1,4,24,0,32,4,1,8,,0,0,0.0
reuse_R4_k8,pg19,1,4,25,1,32,4,0,8,,0,0,0.0
reuse_R4_k8,pg19,1,4,26,2,32,4,0,8,,0,0,0.0
reuse_R4_k8,pg19,1,4,27,3,32,4,0,8,,0,0,0.0
reuse_R4_k8,pg19,1,4,28,0,32,4,1,8,,0,0,0.0
reuse_R4_k8,pg19,1,4,29,1,32,0,0,8,,0,0,0.0
reuse_R4_k8,pg19,1,4,30,2,32,2,0,8,,0,0,0.0
reuse_R4_k8,pg19,1,4,31,3,32,1,0,8,,0,0,0.0
reuse_R4_k8,pg19,1,4,32,0,32,4,1,8,,0,0,0.0
reuse_R4_k8,pg19,1,4,33,1,32,4,0,8,,0,0,0.0
reuse_R4_k8,pg19,1,4,34,2,32,0,0,8,,0,0,0.0
reuse_R4_k8,pg19,1,4,35,3,32,4,0,8,,0,0,0.0
reuse_R4_k8,pg19,1,4,36,0,32,4,1,8,,0,0,0.0
reuse_R4_k8,pg19,1,4,37,1,32,4,0,8,,0,0,0.0
reuse_R4_k8,pg19,1,4,38,2,32,4,0,8,,0,0,0.0
reuse_R4_k8,pg19,1,4,39,3,32,4,0,8,,0,0,0.0
reuse_R4_k8,pg19,1,4,40,0,32,4,1,8,,0,0,0.0
reuse_R4_k8,pg19,1,4,41,1,32,4,0,8,,0,0,0.0
reuse_R4_k8,pg19,1,4,42,2,32,4,0,8,,0,0,0.0
reuse_R4_k8,pg19,1,4,43,3,32,4,0,8,,0,0,0.0
reuse_R4_k8,pg19,1,4,44,0,32,4,1,8,,0,0,0.0
reuse_R4_k8,pg19,1,4,45,1,32,4,0,8,,0,0,0.0
reuse_R4_k8,pg19,1,4,46,2,32,4,0,8,,0,0,0.0
reuse_R4_k8,pg19,1,4,47,3,32,3,0,8,,0,0,0.0
reuse_R4_k8,pg19,1,4,48,0,32,0,1,8,,0,0,0.0
reuse_R4_k8,pg19,1,4,49,1,32,4,0,8,,0,0,0.0
reuse_R4_k8,pg19,1,4,50,2,32,4,0,8,,0,0,0.0
reuse_R4_k8,pg19,1,4,51,3,32,4,0,8,,0,0,0.0
reuse_R4_k8,pg19,1,4,52,0,32,1,1,8,,0,0,0.0
reuse_R4_k8,pg19,1,4,53,1,32,4,0,8,,0,0,0.0
reuse_R4_k8,pg19,1,4,54,2,32,1,0,8,,0,0,0.0
reuse_R4_k8,pg19,1,4,55,3,32,4,0,8,,0,0,0.0
reuse_R4_k8,pg19,1,4,56,0,32,3,1,8,,0,0,0.0
reuse_R4_k8,pg19,1,4,57,1,32,4,0,8,,0,0,0.0
reuse_R4_k8,pg19,1,4,58,2,32,4,0,8,,0,0,0.0
reuse_R4_k8,pg19,1,4,59,3,32,4,0,8,,0,0,0.0
reuse_R4_k8,pg19,1,4,60,0,32,4,1,8,,0,0,0.0
reuse_R4_k8,pg19,1,4,61,1,32,4,0,8,,0,0,0.0
reuse_R4_k8,pg19,1,4,62,2,32,4,0,8,,0,0,0.0
reuse_R4_k8,pg19,1,4,63,3,32,4,0,8,,0,0,0.0
reuse_R4_k8,pg19,1,4,64,0,32,4,1,8,,0,0,0.0
reuse_R4_k8,pg19,1,4,65,1,32,4,0,8,,0,0,0.0
reuse_R4_k8,pg19,1,4,66,2,32,4,0,8,,0,0,0.0
reuse_R4_k8,pg19,1,4,67,3,32,4,0,8,,0,0,0.0
reuse_R4_k8,pg19,1,4,68,0,32,4,1,8,,0,0,0.0
reuse_R4_k8,pg19,1,4,69,1,32,4,0,8,,0,0,0.0
reuse_R4_k8,pg19,1,4,70,2,32,4,0,8,,0,0,0.0
reuse_R4_k8,pg19,1,4,71,3,32,4,0,8,,0,0,0.0
reuse_R4_k8,pg19,1,4,72,0,32,4,1,8,,0,0,0.0
reuse_R4_k8,pg19,1,4,73,1,32,4,0,8,,0,0,0.0
reuse_R4_k8,pg19,1,4,74,2,32,4,0,8,,0,0,0.0
reuse_R4_k8,pg19,1,4,75,3,32,4,0,8,,0,0,0.0
reuse_R4_k8,pg19,1,4,76,0,32,4,1,8,,0,0,0.0
reuse_R4_k8,pg19,1,4,77,1,32,4,0,8,,0,0,0.0
reuse_R4_k8,pg19,1,4,78,2,32,4,0,8,,0,0,0.0
reuse_R4_k8,pg19,1,4,79,3,32,4,0,8,,0,0,0.0
reuse_R4_k8,pg19,1,4,80,0,32,4,1,8,,0,0,0.0
reuse_R4_k8,pg19,1,4,81,1,32,4,0,8,,0,0,0.0
reuse_R4_k8,pg19,1,4,82,2,32,4,0,8,,0,0,0.0
reuse_R4_k8,pg19,1,4,83,3,32,4,0,8,,0,0,0.0
reuse_R4_k8,pg19,1,4,84,0,32,4,1,8,,0,0,0.0
reuse_R4_k8,pg19,1,4,85,1,32,4,0,8,,0,0,0.0
reuse_R4_k8,pg19,1,4,86,2,32,4,0,8,,0,0,0.0
reuse_R4_k8,pg19,1,4,87,3,32,4,0,8,,0,0,0.0
reuse_R4_k8,pg19,1,4,88,0,32,4,1,8,,0,0,0.0
reuse_R4_k8,pg19,1,4,89,1,32,4,0,8,,0,0,0.0
reuse_R4_k8,pg19,1,4,90,2,32,4,0,8,,0,0,0.0
reuse_R4_k8,pg19,1,4,91,3,32,4,0,8,,0,0,0.0
reuse_R4_k8,pg19,1,4,92,0,32,4,1,8,,0,0,0.0
reuse_R4_k8,pg19,1,4,93,1,32,4,0,8,,0,0,0.0
reuse_R4_k8,pg19,1,4,94,2,32,4,0,8,,0,0,0.0
reuse_R4_k8,pg19,1,4,95,3,32,4,0,8,,0,0,0.0
reuse_R4_k8,pg19,1,4,96,0,32,4,1,8,,0,0,0.0
reuse_R4_k8,pg19,1,4,97,1,32,4,0,8,,0,0,0.0
reuse_R4_k8,pg19,1,4,98,2,32,4,0,8,,0,0,0.0
reuse_R4_k8,pg19,1,4,99,3,32,4,0,8,,0,0,0.0
reuse_R4_k8,pg19,1,4,100,0,32,4,1,8,,0,0,0.0
reuse_R4_k8,pg19,1,4,101,1,32,4,0,8,,0,0,0.0
reuse_R4_k8,pg19,1,4,102,2,32,4,0,8,,0,0,0.0
reuse_R4_k8,pg19,1,4,103,3,32,4,0,8,,0,0,0.0
reuse_R4_k8,pg19,1,4,104,0,32,4,1,8,,0,0,0.0
reuse_R4_k8,pg19,1,4,105,1,32,4,0,8,,0,0,0.0
reuse_R4_k8,pg19,1,4,106,2,32,4,0,8,,0,0,0.0
reuse_R4_k8,pg19,1,4,107,3,32,4,0,8,,0,0,0.0
reuse_R4_k8,pg19,1,4,108,0,32,4,1,8,,0,0,0.0
reuse_R4_k8,pg19,1,4,109,1,32,4,0,8,,0,0,0.0
reuse_R4_k8,pg19,1,4,110,2,32,4,0,8,,0,0,0.0
reuse_R4_k8,pg19,1,4,111,3,32,4,0,8,,0,0,0.0
reuse_R4_k8,pg19,1,4,112,0,32,4,1,8,,0,0,0.0
reuse_R4_k16,pg19,1,4,0,0,32,2,1,16,,0,0,0.0
reuse_R4_k16,pg19,1,4,1,1,32,2,0,16,,0,0,0.0
reuse_R4_k16,pg19,1,4,2,2,32,4,0,16,,0,0,0.0
reuse_R4_k16,pg19,1,4,3,3,32,1,0,16,,0,0,0.0
reuse_R4_k16,pg19,1,4,4,0,32,4,1,16,,0,0,0.0
reuse_R4_k16,pg19,1,4,5,1,32,4,0,16,,0,0,0.0
reuse_R4_k16,pg19,1,4,6,2,32,4,0,16,,0,0,0.0
reuse_R4_k16,pg19,1,4,7,3,32,4,0,16,,0,0,0.0
reuse_R4_k16,pg19,1,4,8,0,32,4,1,16,,0,0,0.0
reuse_R4_k16,pg19,1,4,9,1,32,0,0,16,,0,0,0.0
reuse_R4_k16,pg19,1,4,10,2,32,4,0,16,,0,0,0.0
reuse_R4_k16,pg19,1,4,11,3,32,4,0,16,,0,0,0.0
reuse_R4_k16,pg19,1,4,12,0,32,1,1,16,,0,0,0.0
reuse_R4_k16,pg19,1,4,13,1,32,0,0,16,,0,0,0.0
reuse_R4_k16,pg19,1,4,14,2,32,3,0,16,,0,0,0.0
reuse_R4_k16,pg19,1,4,15,3,32,4,0,16,,0,0,0.0
reuse_R4_k16,pg19,1,4,16,0,32,1,1,16,,0,0,0.0
reuse_R4_k16,pg19,1,4,17,1,32,4,0,16,,0,0,0.0
reuse_R4_k16,pg19,1,4,18,2,32,4,0,16,,0,0,0.0
reuse_R4_k16,pg19,1,4,19,3,32,0,0,16,,0,0,0.0
reuse_R4_k16,pg19,1,4,20,0,32,4,1,16,,0,0,0.0
reuse_R4_k16,pg19,1,4,21,1,32,4,0,16,,0,0,0.0
reuse_R4_k16,pg19,1,4,22,2,32,4,0,16,,0,0,0.0
reuse_R4_k16,pg19,1,4,23,3,32,4,0,16,,0,0,0.0
reuse_R4_k16,pg19,1,4,24,0,32,4,1,16,,0,0,0.0
reuse_R4_k16,pg19,1,4,25,1,32,4,0,16,,0,0,0.0
reuse_R4_k16,pg19,1,4,26,2,32,4,0,16,,0,0,0.0
reuse_R4_k16,pg19,1,4,27,3,32,4,0,16,,0,0,0.0
reuse_R4_k16,pg19,1,4,28,0,32,4,1,16,,0,0,0.0
reuse_R4_k16,pg19,1,4,29,1,32,0,0,16,,0,0,0.0
reuse_R4_k16,pg19,1,4,30,2,32,3,0,16,,0,0,0.0
reuse_R4_k16,pg19,1,4,31,3,32,0,0,16,,0,0,0.0
reuse_R4_k16,pg19,1,4,32,0,32,4,1,16,,0,0,0.0
reuse_R4_k16,pg19,1,4,33,1,32,4,0,16,,0,0,0.0
reuse_R4_k16,pg19,1,4,34,2,32,0,0,16,,0,0,0.0
reuse_R4_k16,pg19,1,4,35,3,32,4,0,16,,0,0,0.0
reuse_R4_k16,pg19,1,4,36,0,32,4,1,16,,0,0,0.0
reuse_R4_k16,pg19,1,4,37,1,32,4,0,16,,0,0,0.0
reuse_R4_k16,pg19,1,4,38,2,32,4,0,16,,0,0,0.0
reuse_R4_k16,pg19,1,4,39,3,32,4,0,16,,0,0,0.0
reuse_R4_k16,pg19,1,4,40,0,32,4,1,16,,0,0,0.0
reuse_R4_k16,pg19,1,4,41,1,32,4,0,16,,0,0,0.0
reuse_R4_k16,pg19,1,4,42,2,32,4,0,16,,0,0,0.0
reuse_R4_k16,pg19,1,4,43,3,32,4,0,16,,0,0,0.0
reuse_R4_k16,pg19,1,4,44,0,32,4,1,16,,0,0,0.0
reuse_R4_k16,pg19,1,4,45,1,32,4,0,16,,0,0,0.0
reuse_R4_k16,pg19,1,4,46,2,32,4,0,16,,0,0,0.0
reuse_R4_k16,pg19,1,4,47,3,32,4,0,16,,0,0,0.0
reuse_R4_k16,pg19,1,4,48,0,32,4,1,16,,0,0,0.0
reuse_R4_k16,pg19,1,4,49,1,32,4,0,16,,0,0,0.0
reuse_R4_k16,pg19,1,4,50,2,32,4,0,16,,0,0,0.0
reuse_R4_k16,pg19,1,4,51,3,32,1,0,16,,0,0,0.0
reuse_R4_k16,pg19,1,4,52,0,32,2,1,16,,0,0,0.0
reuse_R4_k16,pg19,1,4,53,1,32,3,0,16,,0,0,0.0
reuse_R4_k16,pg19,1,4,54,2,32,4,0,16,,0,0,0.0
reuse_R4_k16,pg19,1,4,55,3,32,3,0,16,,0,0,0.0
reuse_R4_k16,pg19,1,4,56,0,32,4,1,16,,0,0,0.0
reuse_R4_k16,pg19,1,4,57,1,32,4,0,16,,0,0,0.0
reuse_R4_k16,pg19,1,4,58,2,32,4,0,16,,0,0,0.0
reuse_R4_k16,pg19,1,4,59,3,32,4,0,16,,0,0,0.0
reuse_R4_k16,pg19,1,4,60,0,32,4,1,16,,0,0,0.0
reuse_R4_k16,pg19,1,4,61,1,32,4,0,16,,0,0,0.0
reuse_R4_k16,pg19,1,4,62,2,32,4,0,16,,0,0,0.0
reuse_R4_k16,pg19,1,4,63,3,32,4,0,16,,0,0,0.0
reuse_R4_k16,pg19,1,4,64,0,32,4,1,16,,0,0,0.0
reuse_R4_k16,pg19,1,4,65,1,32,4,0,16,,0,0,0.0
reuse_R4_k16,pg19,1,4,66,2,32,4,0,16,,0,0,0.0
reuse_R4_k16,pg19,1,4,67,3,32,4,0,16,,0,0,0.0
reuse_R4_k16,pg19,1,4,68,0,32,4,1,16,,0,0,0.0
reuse_R4_k16,pg19,1,4,69,1,32,4,0,16,,0,0,0.0
reuse_R4_k16,pg19,1,4,70,2,32,4,0,16,,0,0,0.0
reuse_R4_k16,pg19,1,4,71,3,32,4,0,16,,0,0,0.0
reuse_R4_k16,pg19,1,4,72,0,32,4,1,16,,0,0,0.0
reuse_R4_k16,pg19,1,4,73,1,32,4,0,16,,0,0,0.0
reuse_R4_k16,pg19,1,4,74,2,32,4,0,16,,0,0,0.0
reuse_R4_k16,pg19,1,4,75,3,32,4,0,16,,0,0,0.0
reuse_R4_k16,pg19,1,4,76,0,32,4,1,16,,0,0,0.0
reuse_R4_k16,pg19,1,4,77,1,32,4,0,16,,0,0,0.0
reuse_R4_k16,pg19,1,4,78,2,32,4,0,16,,0,0,0.0
reuse_R4_k16,pg19,1,4,79,3,32,4,0,16,,0,0,0.0
reuse_R4_k16,pg19,1,4,80,0,32,4,1,16,,0,0,0.0
reuse_R4_k16,pg19,1,4,81,1,32,4,0,16,,0,0,0.0
reuse_R4_k16,pg19,1,4,82,2,32,4,0,16,,0,0,0.0
reuse_R4_k16,pg19,1,4,83,3,32,4,0,16,,0,0,0.0
reuse_R4_k16,pg19,1,4,84,0,32,4,1,16,,0,0,0.0
reuse_R4_k16,pg19,1,4,85,1,32,4,0,16,,0,0,0.0
reuse_R4_k16,pg19,1,4,86,2,32,4,0,16,,0,0,0.0
reuse_R4_k16,pg19,1,4,87,3,32,4,0,16,,0,0,0.0
reuse_R4_k16,pg19,1,4,88,0,32,4,1,16,,0,0,0.0
reuse_R4_k16,pg19,1,4,89,1,32,4,0,16,,0,0,0.0
reuse_R4_k16,pg19,1,4,90,2,32,4,0,16,,0,0,0.0
reuse_R4_k16,pg19,1,4,91,3,32,4,0,16,,0,0,0.0
reuse_R4_k16,pg19,1,4,92,0,32,4,1,16,,0,0,0.0
reuse_R4_k16,pg19,1,4,93,1,32,4,0,16,,0,0,0.0
reuse_R4_k16,pg19,1,4,94,2,32,4,0,16,,0,0,0.0
reuse_R4_k16,pg19,1,4,95,3,32,4,0,16,,0,0,0.0
reuse_R4_k16,pg19,1,4,96,0,32,4,1,16,,0,0,0.0
reuse_R4_k16,pg19,1,4,97,1,32,4,0,16,,0,0,0.0
reuse_R4_k16,pg19,1,4,98,2,32,4,0,16,,0,0,0.0
reuse_R4_k16,pg19,1,4,99,3,32,4,0,16,,0,0,0.0
reuse_R4_k16,pg19,1,4,100,0,32,4,1,16,,0,0,0.0
reuse_R4_k16,pg19,1,4,101,1,32,4,0,16,,0,0,0.0
reuse_R4_k16,pg19,1,4,102,2,32,4,0,16,,0,0,0.0
reuse_R4_k16,pg19,1,4,103,3,32,4,0,16,,0,0,0.0
reuse_R4_k16,pg19,1,4,104,0,32,4,1,16,,0,0,0.0
reuse_R4_k16,pg19,1,4,105,1,32,4,0,16,,0,0,0.0
reuse_R4_k16,pg19,1,4,106,2,32,4,0,16,,0,0,0.0
reuse_R4_k16,pg19,1,4,107,3,32,4,0,16,,0,0,0.0
reuse_R4_k16,pg19,1,4,108,0,32,4,1,16,,0,0,0.0
reuse_R4_k16,pg19,1,4,109,1,32,4,0,16,,0,0,0.0
reuse_R4_k16,pg19,1,4,110,2,32,4,0,16,,0,0,0.0
reuse_R4_k16,pg19,1,4,111,3,32,4,0,16,,0,0,0.0
reuse_R8_k8,pg19,1,8,0,0,32,2,1,8,,0,0,0.0
reuse_R8_k8,pg19,1,8,1,1,32,2,0,8,,0,0,0.0
reuse_R8_k8,pg19,1,8,2,2,32,4,0,8,,0,0,0.0
reuse_R8_k8,pg19,1,8,3,3,32,1,0,8,,0,0,0.0
reuse_R8_k8,pg19,1,8,4,4,32,4,0,8,,0,0,0.0
reuse_R8_k8,pg19,1,8,5,5,32,4,0,8,,0,0,0.0
reuse_R8_k8,pg19,1,8,6,6,32,4,0,8,,0,0,0.0
reuse_R8_k8,pg19,1,8,7,7,32,4,0,8,,0,0,0.0
reuse_R8_k8,pg19,1,8,8,0,32,4,1,8,,0,0,0.0
reuse_R8_k8,pg19,1,8,9,1,32,0,0,8,,0,0,0.0
reuse_R8_k8,pg19,1,8,10,2,32,4,0,8,,0,0,0.0
reuse_R8_k8,pg19,1,8,11,3,32,4,0,8,,0,0,0.0
reuse_R8_k8,pg19,1,8,12,4,32,1,0,8,,0,0,0.0
reuse_R8_k8,pg19,1,8,13,5,32,0,0,8,,0,0,0.0
reuse_R8_k8,pg19,1,8,14,6,32,3,0,8,,0,0,0.0
reuse_R8_k8,pg19,1,8,15,7,32,4,0,8,,0,0,0.0
reuse_R8_k8,pg19,1,8,16,0,32,0,1,8,,0,0,0.0
reuse_R8_k8,pg19,1,8,17,1,32,4,0,8,,0,0,0.0
reuse_R8_k8,pg19,1,8,18,2,32,4,0,8,,0,0,0.0
reuse_R8_k8,pg19,1,8,19,3,32,1,0,8,,0,0,0.0
reuse_R8_k8,pg19,1,8,20,4,32,4,0,8,,0,0,0.0
reuse_R8_k8,pg19,1,8,21,5,32,4,0,8,,0,0,0.0
reuse_R8_k8,pg19,1,8,22,6,32,4,0,8,,0,0,0.0
reuse_R8_k8,pg19,1,8,23,7,32,4,0,8,,0,0,0.0
reuse_R8_k8,pg19,1,8,24,0,32,4,1,8,,0,0,0.0
reuse_R8_k8,pg19,1,8,25,1,32,4,0,8,,0,0,0.0
reuse_R8_k8,pg19,1,8,26,2,32,4,0,8,,0,0,0.0
reuse_R8_k8,pg19,1,8,27,3,32,4,0,8,,0,0,0.0
reuse_R8_k8,pg19,1,8,28,4,32,4,0,8,,0,0,0.0
reuse_R8_k8,pg19,1,8,29,5,32,0,0,8,,0,0,0.0
reuse_R8_k8,pg19,1,8,30,6,32,4,0,8,,0,0,0.0
reuse_R8_k8,pg19,1,8,31,7,32,4,0,8,,0,0,0.0
reuse_R8_k8,pg19,1,8,32,0,32,4,1,8,,0,0,0.0
reuse_R8_k8,pg19,1,8,33,1,32,0,0,8,,0,0,0.0
reuse_R8_k8,pg19,1,8,34,2,32,4,0,8,,0,0,0.0
reuse_R8_k8,pg19,1,8,35,3,32,4,0,8,,0,0,0.0
reuse_R8_k8,pg19,1,8,36,4,32,4,0,8,,0,0,0.0
reuse_R8_k8,pg19,1,8,37,5,32,4,0,8,,0,0,0.0
reuse_R8_k8,pg19,1,8,38,6,32,4,0,8,,0,0,0.0
reuse_R8_k8,pg19,1,8,39,7,32,4,0,8,,0,0,0.0
reuse_R8_k8,pg19,1,8,40,0,32,4,1,8,,0,0,0.0
reuse_R8_k8,pg19,1,8,41,1,32,4,0,8,,0,0,0.0
reuse_R8_k8,pg19,1,8,42,2,32,4,0,8,,0,0,0.0
reuse_R8_k8,pg19,1,8,43,3,32,4,0,8,,0,0,0.0
reuse_R8_k8,pg19,1,8,44,4,32,4,0,8,,0,0,0.0
reuse_R8_k8,pg19,1,8,45,5,32,4,0,8,,0,0,0.0
reuse_R8_k8,pg19,1,8,46,6,32,3,0,8,,0,0,0.0
reuse_R8_k8,pg19,1,8,47,7,32,0,0,8,,0,0,0.0
reuse_R8_k8,pg19,1,8,48,0,32,1,1,8,,0,0,0.0
reuse_R8_k8,pg19,1,8,49,1,32,4,0,8,,0,0,0.0
reuse_R8_k8,pg19,1,8,50,2,32,2,0,8,,0,0,0.0
reuse_R8_k8,pg19,1,8,51,3,32,4,0,8,,0,0,0.0
reuse_R8_k8,pg19,1,8,52,4,32,1,0,8,,0,0,0.0
reuse_R8_k8,pg19,1,8,53,5,32,2,0,8,,0,0,0.0
reuse_R8_k8,pg19,1,8,54,6,32,3,0,8,,0,0,0.0
reuse_R8_k8,pg19,1,8,55,7,32,4,0,8,,0,0,0.0
reuse_R8_k8,pg19,1,8,56,0,32,3,1,8,,0,0,0.0
reuse_R8_k8,pg19,1,8,57,1,32,4,0,8,,0,0,0.0
reuse_R8_k8,pg19,1,8,58,2,32,4,0,8,,0,0,0.0
reuse_R8_k8,pg19,1,8,59,3,32,4,0,8,,0,0,0.0
reuse_R8_k8,pg19,1,8,60,4,32,4,0,8,,0,0,0.0
reuse_R8_k8,pg19,1,8,61,5,32,4,0,8,,0,0,0.0
reuse_R8_k8,pg19,1,8,62,6,32,4,0,8,,0,0,0.0
reuse_R8_k8,pg19,1,8,63,7,32,4,0,8,,0,0,0.0
reuse_R8_k8,pg19,1,8,64,0,32,4,1,8,,0,0,0.0
reuse_R8_k8,pg19,1,8,65,1,32,4,0,8,,0,0,0.0
reuse_R8_k8,pg19,1,8,66,2,32,4,0,8,,0,0,0.0
reuse_R8_k8,pg19,1,8,67,3,32,4,0,8,,0,0,0.0
reuse_R8_k8,pg19,1,8,68,4,32,4,0,8,,0,0,0.0
reuse_R8_k8,pg19,1,8,69,5,32,4,0,8,,0,0,0.0
reuse_R8_k8,pg19,1,8,70,6,32,4,0,8,,0,0,0.0
reuse_R8_k8,pg19,1,8,71,7,32,4,0,8,,0,0,0.0
reuse_R8_k8,pg19,1,8,72,0,32,4,1,8,,0,0,0.0
reuse_R8_k8,pg19,1,8,73,1,32,4,0,8,,0,0,0.0
reuse_R8_k8,pg19,1,8,74,2,32,4,0,8,,0,0,0.0
reuse_R8_k8,pg19,1,8,75,3,32,4,0,8,,0,0,0.0
reuse_R8_k8,pg19,1,8,76,4,32,4,0,8,,0,0,0.0
reuse_R8_k8,pg19,1,8,77,5,32,4,0,8,,0,0,0.0
reuse_R8_k8,pg19,1,8,78,6,32,4,0,8,,0,0,0.0
reuse_R8_k8,pg19,1,8,79,7,32,4,0,8,,0,0,0.0
reuse_R8_k8,pg19,1,8,80,0,32,4,1,8,,0,0,0.0
reuse_R8_k8,pg19,1,8,81,1,32,4,0,8,,0,0,0.0
reuse_R8_k8,pg19,1,8,82,2,32,4,0,8,,0,0,0.0
reuse_R8_k8,pg19,1,8,83,3,32,4,0,8,,0,0,0.0
reuse_R8_k8,pg19,1,8,84,4,32,4,0,8,,0,0,0.0
reuse_R8_k8,pg19,1,8,85,5,32,4,0,8,,0,0,0.0
reuse_R8_k8,pg19,1,8,86,6,32,4,0,8,,0,0,0.0
reuse_R8_k8,pg19,1,8,87,7,32,4,0,8,,0,0,0.0
reuse_R8_k8,pg19,1,8,88,0,32,4,1,8,,0,0,0.0
reuse_R8_k8,pg19,1,8,89,1,32,4,0,8,,0,0,0.0
reuse_R8_k8,pg19,1,8,90,2,32,4,0,8,,0,0,0.0
reuse_R8_k8,pg19,1,8,91,3,32,4,0,8,,0,0,0.0
reuse_R8_k8,pg19,1,8,92,4,32,4,0,8,,0,0,0.0
reuse_R8_k8,pg19,1,8,93,5,32,4,0,8,,0,0,0.0
reuse_R8_k8,pg19,1,8,94,6,32,4,0,8,,0,0,0.0
reuse_R8_k8,pg19,1,8,95,7,32,4,0,8,,0,0,0.0
reuse_R8_k8,pg19,1,8,96,0,32,4,1,8,,0,0,0.0
reuse_R8_k8,pg19,1,8,97,1,32,4,0,8,,0,0,0.0
reuse_R8_k8,pg19,1,8,98,2,32,4,0,8,,0,0,0.0
reuse_R8_k8,pg19,1,8,99,3,32,4,0,8,,0,0,0.0
reuse_R8_k8,pg19,1,8,100,4,32,4,0,8,,0,0,0.0
reuse_R8_k8,pg19,1,8,101,5,32,4,0,8,,0,0,0.0
reuse_R8_k8,pg19,1,8,102,6,32,4,0,8,,0,0,0.0
reuse_R8_k8,pg19,1,8,103,7,32,4,0,8,,0,0,0.0
reuse_R8_k8,pg19,1,8,104,0,32,4,1,8,,0,0,0.0
reuse_R8_k8,pg19,1,8,105,1,32,4,0,8,,0,0,0.0
reuse_R8_k8,pg19,1,8,106,2,32,4,0,8,,0,0,0.0
reuse_R8_k8,pg19,1,8,107,3,32,4,0,8,,0,0,0.0
reuse_R8_k8,pg19,1,8,108,4,32,4,0,8,,0,0,0.0
reuse_R8_k8,pg19,1,8,109,5,32,4,0,8,,0,0,0.0
reuse_R8_k8,pg19,1,8,110,6,32,4,0,8,,0,0,0.0
reuse_R8_k8,pg19,1,8,111,7,32,4,0,8,,0,0,0.0
reuse_R8_k8,pg19,1,8,112,0,32,4,1,8,,0,0,0.0
reuse_R8_k16,pg19,1,8,0,0,32,2,1,16,,0,0,0.0
reuse_R8_k16,pg19,1,8,1,1,32,2,0,16,,0,0,0.0
reuse_R8_k16,pg19,1,8,2,2,32,4,0,16,,0,0,0.0
reuse_R8_k16,pg19,1,8,3,3,32,1,0,16,,0,0,0.0
reuse_R8_k16,pg19,1,8,4,4,32,4,0,16,,0,0,0.0
reuse_R8_k16,pg19,1,8,5,5,32,4,0,16,,0,0,0.0
reuse_R8_k16,pg19,1,8,6,6,32,4,0,16,,0,0,0.0
reuse_R8_k16,pg19,1,8,7,7,32,4,0,16,,0,0,0.0
reuse_R8_k16,pg19,1,8,8,0,32,4,1,16,,0,0,0.0
reuse_R8_k16,pg19,1,8,9,1,32,0,0,16,,0,0,0.0
reuse_R8_k16,pg19,1,8,10,2,32,4,0,16,,0,0,0.0
reuse_R8_k16,pg19,1,8,11,3,32,4,0,16,,0,0,0.0
reuse_R8_k16,pg19,1,8,12,4,32,1,0,16,,0,0,0.0
reuse_R8_k16,pg19,1,8,13,5,32,0,0,16,,0,0,0.0
reuse_R8_k16,pg19,1,8,14,6,32,3,0,16,,0,0,0.0
reuse_R8_k16,pg19,1,8,15,7,32,4,0,16,,0,0,0.0
reuse_R8_k16,pg19,1,8,16,0,32,1,1,16,,0,0,0.0
reuse_R8_k16,pg19,1,8,17,1,32,4,0,16,,0,0,0.0
reuse_R8_k16,pg19,1,8,18,2,32,4,0,16,,0,0,0.0
reuse_R8_k16,pg19,1,8,19,3,32,0,0,16,,0,0,0.0
reuse_R8_k16,pg19,1,8,20,4,32,4,0,16,,0,0,0.0
reuse_R8_k16,pg19,1,8,21,5,32,4,0,16,,0,0,0.0
reuse_R8_k16,pg19,1,8,22,6,32,4,0,16,,0,0,0.0
reuse_R8_k16,pg19,1,8,23,7,32,4,0,16,,0,0,0.0
reuse_R8_k16,pg19,1,8,24,0,32,4,1,16,,0,0,0.0
reuse_R8_k16,pg19,1,8,25,1,32,4,0,16,,0,0,0.0
reuse_R8_k16,pg19,1,8,26,2,32,4,0,16,,0,0,0.0
reuse_R8_k16,pg19,1,8,27,3,32,4,0,16,,0,0,0.0
reuse_R8_k16,pg19,1,8,28,4,32,4,0,16,,0,0,0.0
reuse_R8_k16,pg19,1,8,29,5,32,0,0,16,,0,0,0.0
reuse_R8_k16,pg19,1,8,30,6,32,4,0,16,,0,0,0.0
reuse_R8_k16,pg19,1,8,31,7,32,4,0,16,,0,0,0.0
reuse_R8_k16,pg19,1,8,32,0,32,4,1,16,,0,0,0.0
reuse_R8_k16,pg19,1,8,33,1,32,0,0,16,,0,0,0.0
reuse_R8_k16,pg19,1,8,34,2,32,4,0,16,,0,0,0.0
reuse_R8_k16,pg19,1,8,35,3,32,4,0,16,,0,0,0.0
reuse_R8_k16,pg19,1,8,36,4,32,4,0,16,,0,0,0.0
reuse_R8_k16,pg19,1,8,37,5,32,4,0,16,,0,0,0.0
reuse_R8_k16,pg19,1,8,38,6,32,4,0,16,,0,0,0.0
reuse_R8_k16,pg19,1,8,39,7,32,4,0,16,,0,0,0.0
reuse_R8_k16,pg19,1,8,40,0,32,4,1,16,,0,0,0.0
reuse_R8_k16,pg19,1,8,41,1,32,4,0,16,,0,0,0.0
reuse_R8_k16,pg19,1,8,42,2,32,4,0,16,,0,0,0.0
reuse_R8_k16,pg19,1,8,43,3,32,4,0,16,,0,0,0.0
reuse_R8_k16,pg19,1,8,44,4,32,4,0,16,,0,0,0.0
reuse_R8_k16,pg19,1,8,45,5,32,4,0,16,,0,0,0.0
reuse_R8_k16,pg19,1,8,46,6,32,4,0,16,,0,0,0.0
reuse_R8_k16,pg19,1,8,47,7,32,4,0,16,,0,0,0.0
reuse_R8_k16,pg19,1,8,48,0,32,4,1,16,,0,0,0.0
reuse_R8_k16,pg19,1,8,49,1,32,2,0,16,,0,0,0.0
reuse_R8_k16,pg19,1,8,50,2,32,2,0,16,,0,0,0.0
reuse_R8_k16,pg19,1,8,51,3,32,1,0,16,,0,0,0.0
reuse_R8_k16,pg19,1,8,52,4,32,4,0,16,,0,0,0.0
reuse_R8_k16,pg19,1,8,53,5,32,0,0,16,,0,0,0.0
reuse_R8_k16,pg19,1,8,54,6,32,4,0,16,,0,0,0.0
reuse_R8_k16,pg19,1,8,55,7,32,3,0,16,,0,0,0.0
reuse_R8_k16,pg19,1,8,56,0,32,4,1,16,,0,0,0.0
reuse_R8_k16,pg19,1,8,57,1,32,4,0,16,,0,0,0.0
reuse_R8_k16,pg19,1,8,58,2,32,4,0,16,,0,0,0.0
reuse_R8_k16,pg19,1,8,59,3,32,4,0,16,,0,0,0.0
reuse_R8_k16,pg19,1,8,60,4,32,4,0,16,,0,0,0.0
reuse_R8_k16,pg19,1,8,61,5,32,4,0,16,,0,0,0.0
reuse_R8_k16,pg19,1,8,62,6,32,4,0,16,,0,0,0.0
reuse_R8_k16,pg19,1,8,63,7,32,4,0,16,,0,0,0.0
reuse_R8_k16,pg19,1,8,64,0,32,4,1,16,,0,0,0.0
reuse_R8_k16,pg19,1,8,65,1,32,4,0,16,,0,0,0.0
reuse_R8_k16,pg19,1,8,66,2,32,4,0,16,,0,0,0.0
reuse_R8_k16,pg19,1,8,67,3,32,4,0,16,,0,0,0.0
reuse_R8_k16,pg19,1,8,68,4,32,4,0,16,,0,0,0.0
reuse_R8_k16,pg19,1,8,69,5,32,4,0,16,,0,0,0.0
reuse_R8_k16,pg19,1,8,70,6,32,4,0,16,,0,0,0.0
reuse_R8_k16,pg19,1,8,71,7,32,4,0,16,,0,0,0.0
reuse_R8_k16,pg19,1,8,72,0,32,4,1,16,,0,0,0.0
reuse_R8_k16,pg19,1,8,73,1,32,4,0,16,,0,0,0.0
reuse_R8_k16,pg19,1,8,74,2,32,4,0,16,,0,0,0.0
reuse_R8_k16,pg19,1,8,75,3,32,4,0,16,,0,0,0.0
reuse_R8_k16,pg19,1,8,76,4,32,4,0,16,,0,0,0.0
reuse_R8_k16,pg19,1,8,77,5,32,4,0,16,,0,0,0.0
reuse_R8_k16,pg19,1,8,78,6,32,4,0,16,,0,0,0.0
reuse_R8_k16,pg19,1,8,79,7,32,4,0,16,,0,0,0.0
reuse_R8_k16,pg19,1,8,80,0,32,4,1,16,,0,0,0.0
reuse_R8_k16,pg19,1,8,81,1,32,4,0,16,,0,0,0.0
reuse_R8_k16,pg19,1,8,82,2,32,4,0,16,,0,0,0.0
reuse_R8_k16,pg19,1,8,83,3,32,4,0,16,,0,0,0.0
reuse_R8_k16,pg19,1,8,84,4,32,4,0,16,,0,0,0.0
reuse_R8_k16,pg19,1,8,85,5,32,4,0,16,,0,0,0.0
reuse_R8_k16,pg19,1,8,86,6,32,4,0,16,,0,0,0.0
reuse_R8_k16,pg19,1,8,87,7,32,4,0,16,,0,0,0.0
reuse_R8_k16,pg19,1,8,88,0,32,4,1,16,,0,0,0.0
reuse_R8_k16,pg19,1,8,89,1,32,4,0,16,,0,0,0.0
reuse_R8_k16,pg19,1,8,90,2,32,4,0,16,,0,0,0.0
reuse_R8_k16,pg19,1,8,91,3,32,4,0,16,,0,0,0.0
reuse_R8_k16,pg19,1,8,92,4,32,4,0,16,,0,0,0.0
reuse_R8_k16,pg19,1,8,93,5,32,4,0,16,,0,0,0.0
reuse_R8_k16,pg19,1,8,94,6,32,4,0,16,,0,0,0.0
reuse_R8_k16,pg19,1,8,95,7,32,4,0,16,,0,0,0.0
reuse_R8_k16,pg19,1,8,96,0,32,4,1,16,,0,0,0.0
reuse_R8_k16,pg19,1,8,97,1,32,4,0,16,,0,0,0.0
reuse_R8_k16,pg19,1,8,98,2,32,4,0,16,,0,0,0.0
reuse_R8_k16,pg19,1,8,99,3,32,4,0,16,,0,0,0.0
reuse_R8_k16,pg19,1,8,100,4,32,4,0,16,,0,0,0.0
reuse_R8_k16,pg19,1,8,101,5,32,4,0,16,,0,0,0.0
reuse_R8_k16,pg19,1,8,102,6,32,4,0,16,,0,0,0.0
reuse_R8_k16,pg19,1,8,103,7,32,4,0,16,,0,0,0.0
reuse_R8_k16,pg19,1,8,104,0,32,4,1,16,,0,0,0.0
reuse_R8_k16,pg19,1,8,105,1,32,4,0,16,,0,0,0.0
reuse_R8_k16,pg19,1,8,106,2,32,4,0,16,,0,0,0.0
reuse_R8_k16,pg19,1,8,107,3,32,4,0,16,,0,0,0.0
reuse_R8_k16,pg19,1,8,108,4,32,4,0,16,,0,0,0.0
reuse_R8_k16,pg19,1,8,109,5,32,4,0,16,,0,0,0.0
reuse_R8_k16,pg19,1,8,110,6,32,4,0,16,,0,0,0.0
reuse_R8_k16,pg19,1,8,111,7,32,4,0,16,,0,0,0.0
reuse_R16_k8,pg19,1,16,0,0,32,2,1,8,,0,0,0.0
reuse_R16_k8,pg19,1,16,1,1,32,2,0,8,,0,0,0.0
reuse_R16_k8,pg19,1,16,2,2,32,4,0,8,,0,0,0.0
reuse_R16_k8,pg19,1,16,3,3,32,1,0,8,,0,0,0.0
reuse_R16_k8,pg19,1,16,4,4,32,4,0,8,,0,0,0.0
reuse_R16_k8,pg19,1,16,5,5,32,4,0,8,,0,0,0.0
reuse_R16_k8,pg19,1,16,6,6,32,4,0,8,,0,0,0.0
reuse_R16_k8,pg19,1,16,7,7,32,4,0,8,,0,0,0.0
reuse_R16_k8,pg19,1,16,8,8,32,4,0,8,,0,0,0.0
reuse_R16_k8,pg19,1,16,9,9,32,0,0,8,,0,0,0.0
reuse_R16_k8,pg19,1,16,10,10,32,4,0,8,,0,0,0.0
reuse_R16_k8,pg19,1,16,11,11,32,4,0,8,,0,0,0.0
reuse_R16_k8,pg19,1,16,12,12,32,1,0,8,,0,0,0.0
reuse_R16_k8,pg19,1,16,13,13,32,0,0,8,,0,0,0.0
reuse_R16_k8,pg19,1,16,14,14,32,3,0,8,,0,0,0.0
reuse_R16_k8,pg19,1,16,15,15,32,4,0,8,,0,0,0.0
reuse_R16_k8,pg19,1,16,16,0,32,1,1,8,,0,0,0.0
reuse_R16_k8,pg19,1,16,17,1,32,4,0,8,,0,0,0.0
reuse_R16_k8,pg19,1,16,18,2,32,4,0,8,,0,0,0.0
reuse_R16_k8,pg19,1,16,19,3,32,0,0,8,,0,0,0.0
reuse_R16_k8,pg19,1,16,20,4,32,4,0,8,,0,0,0.0
reuse_R16_k8,pg19,1,16,21,5,32,4,0,8,,0,0,0.0
reuse_R16_k8,pg19,1,16,22,6,32,4,0,8,,0,0,0.0
reuse_R16_k8,pg19,1,16,23,7,32,4,0,8,,0,0,0.0
reuse_R16_k8,pg19,1,16,24,8,32,4,0,8,,0,0,0.0
reuse_R16_k8,pg19,1,16,25,9,32,4,0,8,,0,0,0.0
reuse_R16_k8,pg19,1,16,26,10,32,4,0,8,,0,0,0.0
reuse_R16_k8,pg19,1,16,27,11,32,4,0,8,,0,0,0.0
reuse_R16_k8,pg19,1,16,28,12,32,4,0,8,,0,0,0.0
reuse_R16_k8,pg19,1,16,29,13,32,0,0,8,,0,0,0.0
reuse_R16_k8,pg19,1,16,30,14,32,2,0,8,,0,0,0.0
reuse_R16_k8,pg19,1,16,31,15,32,1,0,8,,0,0,0.0
reuse_R16_k8,pg19,1,16,32,0,32,4,1,8,,0,0,0.0
reuse_R16_k8,pg19,1,16,33,1,32,4,0,8,,0,0,0.0
reuse_R16_k8,pg19,1,16,34,2,32,0,0,8,,0,0,0.0
reuse_R16_k8,pg19,1,16,35,3,32,4,0,8,,0,0,0.0
reuse_R16_k8,pg19,1,16,36,4,32,4,0,8,,0,0,0.0
reuse_R16_k8,pg19,1,16,37,5,32,4,0,8,,0,0,0.0
reuse_R16_k8,pg19,1,16,38,6,32,4,0,8,,0,0,0.0
reuse_R16_k8,pg19,1,16,39,7,32,4,0,8,,0,0,0.0
reuse_R16_k8,pg19,1,16,40,8,32,4,0,8,,0,0,0.0
reuse_R16_k8,pg19,1,16,41,9,32,4,0,8,,0,0,0.0
reuse_R16_k8,pg19,1,16,42,10,32,4,0,8,,0,0,0.0
reuse_R16_k8,pg19,1,16,43,11,32,4,0,8,,0,0,0.0
reuse_R16_k8,pg19,1,16,44,12,32,4,0,8,,0,0,0.0
reuse_R16_k8,pg19,1,16,45,13,32,4,0,8,,0,0,0.0
reuse_R16_k8,pg19,1,16,46,14,32,4,0,8,,0,0,0.0
reuse_R16_k8,pg19,1,16,47,15,32,3,0,8,,0,0,0.0
reuse_R16_k8,pg19,1,16,48,0,32,0,1,8,,0,0,0.0
reuse_R16_k8,pg19,1,16,49,1,32,4,0,8,,0,0,0.0
reuse_R16_k8,pg19,1,16,50,2,32,4,0,8,,0,0,0.0
reuse_R16_k8,pg19,1,16,51,3,32,4,0,8,,0,0,0.0
reuse_R16_k8,pg19,1,16,52,4,32,1,0,8,,0,0,0.0
reuse_R16_k8,pg19,1,16,53,5,32,3,0,8,,0,0,0.0
reuse_R16_k8,pg19,1,16,54,6,32,2,0,8,,0,0,0.0
reuse_R16_k8,pg19,1,16,55,7,32,4,0,8,,0,0,0.0
reuse_R16_k8,pg19,1,16,56,8,32,3,0,8,,0,0,0.0
reuse_R16_k8,pg19,1,16,57,9,32,4,0,8,,0,0,0.0
reuse_R16_k8,pg19,1,16,58,10,32,4,0,8,,0,0,0.0
reuse_R16_k8,pg19,1,16,59,11,32,4,0,8,,0,0,0.0
reuse_R16_k8,pg19,1,16,60,12,32,4,0,8,,0,0,0.0
reuse_R16_k8,pg19,1,16,61,13,32,4,0,8,,0,0,0.0
reuse_R16_k8,pg19,1,16,62,14,32,4,0,8,,0,0,0.0
reuse_R16_k8,pg19,1,16,63,15,32,4,0,8,,0,0,0.0
reuse_R16_k8,pg19,1,16,64,0,32,4,1,8,,0,0,0.0
reuse_R16_k8,pg19,1,16,65,1,32,4,0,8,,0,0,0.0
reuse_R16_k8,pg19,1,16,66,2,32,4,0,8,,0,0,0.0
reuse_R16_k8,pg19,1,16,67,3,32,4,0,8,,0,0,0.0
reuse_R16_k8,pg19,1,16,68,4,32,4,0,8,,0,0,0.0
reuse_R16_k8,pg19,1,16,69,5,32,4,0,8,,0,0,0.0
reuse_R16_k8,pg19,1,16,70,6,32,4,0,8,,0,0,0.0
reuse_R16_k8,pg19,1,16,71,7,32,4,0,8,,0,0,0.0
reuse_R16_k8,pg19,1,16,72,8,32,4,0,8,,0,0,0.0
reuse_R16_k8,pg19,1,16,73,9,32,4,0,8,,0,0,0.0
reuse_R16_k8,pg19,1,16,74,10,32,4,0,8,,0,0,0.0
reuse_R16_k8,pg19,1,16,75,11,32,4,0,8,,0,0,0.0
reuse_R16_k8,pg19,1,16,76,12,32,4,0,8,,0,0,0.0
reuse_R16_k8,pg19,1,16,77,13,32,4,0,8,,0,0,0.0
reuse_R16_k8,pg19,1,16,78,14,32,4,0,8,,0,0,0.0
reuse_R16_k8,pg19,1,16,79,15,32,4,0,8,,0,0,0.0
reuse_R16_k8,pg19,1,16,80,0,32,4,1,8,,0,0,0.0
reuse_R16_k8,pg19,1,16,81,1,32,4,0,8,,0,0,0.0
reuse_R16_k8,pg19,1,16,82,2,32,4,0,8,,0,0,0.0
reuse_R16_k8,pg19,1,16,83,3,32,4,0,8,,0,0,0.0
reuse_R16_k8,pg19,1,16,84,4,32,4,0,8,,0,0,0.0
reuse_R16_k8,pg19,1,16,85,5,32,4,0,8,,0,0,0.0
reuse_R16_k8,pg19,1,16,86,6,32,4,0,8,,0,0,0.0
reuse_R16_k8,pg19,1,16,87,7,32,4,0,8,,0,0,0.0
reuse_R16_k8,pg19,1,16,88,8,32,4,0,8,,0,0,0.0
reuse_R16_k8,pg19,1,16,89,9,32,4,0,8,,0,0,0.0
reuse_R16_k8,pg19,1,16,90,10,32,4,0,8,,0,0,0.0
reuse_R16_k8,pg19,1,16,91,11,32,4,0,8,,0,0,0.0
reuse_R16_k8,pg19,1,16,92,12,32,4,0,8,,0,0,0.0
reuse_R16_k8,pg19,1,16,93,13,32,4,0,8,,0,0,0.0
reuse_R16_k8,pg19,1,16,94,14,32,4,0,8,,0,0,0.0
reuse_R16_k8,pg19,1,16,95,15,32,4,0,8,,0,0,0.0
reuse_R16_k8,pg19,1,16,96,0,32,4,1,8,,0,0,0.0
reuse_R16_k8,pg19,1,16,97,1,32,4,0,8,,0,0,0.0
reuse_R16_k8,pg19,1,16,98,2,32,4,0,8,,0,0,0.0
reuse_R16_k8,pg19,1,16,99,3,32,4,0,8,,0,0,0.0
reuse_R16_k8,pg19,1,16,100,4,32,4,0,8,,0,0,0.0
reuse_R16_k8,pg19,1,16,101,5,32,4,0,8,,0,0,0.0
reuse_R16_k8,pg19,1,16,102,6,32,4,0,8,,0,0,0.0
reuse_R16_k8,pg19,1,16,103,7,32,4,0,8,,0,0,0.0
reuse_R16_k8,pg19,1,16,104,8,32,4,0,8,,0,0,0.0
reuse_R16_k8,pg19,1,16,105,9,32,4,0,8,,0,0,0.0
reuse_R16_k8,pg19,1,16,106,10,32,4,0,8,,0,0,0.0
reuse_R16_k8,pg19,1,16,107,11,32,4,0,8,,0,0,0.0
reuse_R16_k8,pg19,1,16,108,12,32,4,0,8,,0,0,0.0
reuse_R16_k8,pg19,1,16,109,13,32,4,0,8,,0,0,0.0
reuse_R16_k8,pg19,1,16,110,14,32,4,0,8,,0,0,0.0
reuse_R16_k8,pg19,1,16,111,15,32,4,0,8,,0,0,0.0
reuse_R16_k8,pg19,1,16,112,0,32,4,1,8,,0,0,0.0
reuse_R16_k16,pg19,1,16,0,0,32,2,1,16,,0,0,0.0
reuse_R16_k16,pg19,1,16,1,1,32,2,0,16,,0,0,0.0
reuse_R16_k16,pg19,1,16,2,2,32,4,0,16,,0,0,0.0
reuse_R16_k16,pg19,1,16,3,3,32,1,0,16,,0,0,0.0
reuse_R16_k16,pg19,1,16,4,4,32,4,0,16,,0,0,0.0
reuse_R16_k16,pg19,1,16,5,5,32,4,0,16,,0,0,0.0
reuse_R16_k16,pg19,1,16,6,6,32,4,0,16,,0,0,0.0
reuse_R16_k16,pg19,1,16,7,7,32,4,0,16,,0,0,0.0
reuse_R16_k16,pg19,1,16,8,8,32,4,0,16,,0,0,0.0
reuse_R16_k16,pg19,1,16,9,9,32,0,0,16,,0,0,0.0
reuse_R16_k16,pg19,1,16,10,10,32,4,0,16,,0,0,0.0
reuse_R16_k16,pg19,1,16,11,11,32,4,0,16,,0,0,0.0
reuse_R16_k16,pg19,1,16,12,12,32,1,0,16,,0,0,0.0
reuse_R16_k16,pg19,1,16,13,13,32,0,0,16,,0,0,0.0
reuse_R16_k16,pg19,1,16,14,14,32,3,0,16,,0,0,0.0
reuse_R16_k16,pg19,1,16,15,15,32,4,0,16,,0,0,0.0
reuse_R16_k16,pg19,1,16,16,0,32,1,1,16,,0,0,0.0
reuse_R16_k16,pg19,1,16,17,1,32,4,0,16,,0,0,0.0
reuse_R16_k16,pg19,1,16,18,2,32,4,0,16,,0,0,0.0
reuse_R16_k16,pg19,1,16,19,3,32,0,0,16,,0,0,0.0
reuse_R16_k16,pg19,1,16,20,4,32,4,0,16,,0,0,0.0
reuse_R16_k16,pg19,1,16,21,5,32,4,0,16,,0,0,0.0
reuse_R16_k16,pg19,1,16,22,6,32,4,0,16,,0,0,0.0
reuse_R16_k16,pg19,1,16,23,7,32,4,0,16,,0,0,0.0
reuse_R16_k16,pg19,1,16,24,8,32,4,0,16,,0,0,0.0
reuse_R16_k16,pg19,1,16,25,9,32,4,0,16,,0,0,0.0
reuse_R16_k16,pg19,1,16,26,10,32,4,0,16,,0,0,0.0
reuse_R16_k16,pg19,1,16,27,11,32,4,0,16,,0,0,0.0
reuse_R16_k16,pg19,1,16,28,12,32,4,0,16,,0,0,0.0
reuse_R16_k16,pg19,1,16,29,13,32,0,0,16,,0,0,0.0
reuse_R16_k16,pg19,1,16,30,14,32,3,0,16,,0,0,0.0
reuse_R16_k16,pg19,1,16,31,15,32,0,0,16,,0,0,0.0
reuse_R16_k16,pg19,1,16,32,0,32,4,1,16,,0,0,0.0
reuse_R16_k16,pg19,1,16,33,1,32,4,0,16,,0,0,0.0
reuse_R16_k16,pg19,1,16,34,2,32,0,0,16,,0,0,0.0
reuse_R16_k16,pg19,1,16,35,3,32,4,0,16,,0,0,0.0
reuse_R16_k16,pg19,1,16,36,4,32,4,0,16,,0,0,0.0
reuse_R16_k16,pg19,1,16,37,5,32,4,0,16,,0,0,0.0
reuse_R16_k16,pg19,1,16,38,6,32,4,0,16,,0,0,0.0
reuse_R16_k16,pg19,1,16,39,7,32,4,0,16,,0,0,0.0
reuse_R16_k16,pg19,1,16,40,8,32,4,0,16,,0,0,0.0
reuse_R16_k16,pg19,1,16,41,9,32,4,0,16,,0,0,0.0
reuse_R16_k16,pg19,1,16,42,10,32,4,0,16,,0,0,0.0
reuse_R16_k16,pg19,1,16,43,11,32,4,0,16,,0,0,0.0
reuse_R16_k16,pg19,1,16,44,12,32,4,0,16,,0,0,0.0
reuse_R16_k16,pg19,1,16,45,13,32,4,0,16,,0,0,0.0
reuse_R16_k16,pg19,1,16,46,14,32,4,0,16,,0,0,0.0
reuse_R16_k16,pg19,1,16,47,15,32,4,0,16,,0,0,0.0
reuse_R16_k16,pg19,1,16,48,0,32,4,1,16,,0,0,0.0
reuse_R16_k16,pg19,1,16,49,1,32,4,0,16,,0,0,0.0
reuse_R16_k16,pg19,1,16,50,2,32,4,0,16,,0,0,0.0
reuse_R16_k16,pg19,1,16,51,3,32,1,0,16,,0,0,0.0
reuse_R16_k16,pg19,1,16,52,4,32,2,0,16,,0,0,0.0
reuse_R16_k16,pg19,1,16,53,5,32,3,0,16,,0,0,0.0
reuse_R16_k16,pg19,1,16,54,6,32,4,0,16,,0,0,0.0
reuse_R16_k16,pg19,1,16,55,7,32,3,0,16,,0,0,0.0
reuse_R16_k16,pg19,1,16,56,8,32,4,0,16,,0,0,0.0
reuse_R16_k16,pg19,1,16,57,9,32,4,0,16,,0,0,0.0
reuse_R16_k16,pg19,1,16,58,10,32,4,0,16,,0,0,0.0
reuse_R16_k16,pg19,1,16,59,11,32,4,0,16,,0,0,0.0
reuse_R16_k16,pg19,1,16,60,12,32,4,0,16,,0,0,0.0
reuse_R16_k16,pg19,1,16,61,13,32,4,0,16,,0,0,0.0
reuse_R16_k16,pg19,1,16,62,14,32,4,0,16,,0,0,0.0
reuse_R16_k16,pg19,1,16,63,15,32,4,0,16,,0,0,0.0
reuse_R16_k16,pg19,1,16,64,0,32,4,1,16,,0,0,0.0
reuse_R16_k16,pg19,1,16,65,1,32,4,0,16,,0,0,0.0
reuse_R16_k16,pg19,1,16,66,2,32,4,0,16,,0,0,0.0
reuse_R16_k16,pg19,1,16,67,3,32,4,0,16,,0,0,0.0
reuse_R16_k16,pg19,1,16,68,4,32,4,0,16,,0,0,0.0
reuse_R16_k16,pg19,1,16,69,5,32,4,0,16,,0,0,0.0
reuse_R16_k16,pg19,1,16,70,6,32,4,0,16,,0,0,0.0
reuse_R16_k16,pg19,1,16,71,7,32,4,0,16,,0,0,0.0
reuse_R16_k16,pg19,1,16,72,8,32,4,0,16,,0,0,0.0
reuse_R16_k16,pg19,1,16,73,9,32,4,0,16,,0,0,0.0
reuse_R16_k16,pg19,1,16,74,10,32,4,0,16,,0,0,0.0
reuse_R16_k16,pg19,1,16,75,11,32,4,0,16,,0,0,0.0
reuse_R16_k16,pg19,1,16,76,12,32,4,0,16,,0,0,0.0
reuse_R16_k16,pg19,1,16,77,13,32,4,0,16,,0,0,0.0
reuse_R16_k16,pg19,1,16,78,14,32,4,0,16,,0,0,0.0
reuse_R16_k16,pg19,1,16,79,15,32,4,0,16,,0,0,0.0
reuse_R16_k16,pg19,1,16,80,0,32,4,1,16,,0,0,0.0
reuse_R16_k16,pg19,1,16,81,1,32,4,0,16,,0,0,0.0
reuse_R16_k16,pg19,1,16,82,2,32,4,0,16,,0,0,0.0
reuse_R16_k16,pg19,1,16,83,3,32,4,0,16,,0,0,0.0
reuse_R16_k16,pg19,1,16,84,4,32,4,0,16,,0,0,0.0
reuse_R16_k16,pg19,1,16,85,5,32,4,0,16,,0,0,0.0
reuse_R16_k16,pg19,1,16,86,6,32,4,0,16,,0,0,0.0
reuse_R16_k16,pg19,1,16,87,7,32,4,0,16,,0,0,0.0
reuse_R16_k16,pg19,1,16,88,8,32,4,0,16,,0,0,0.0
reuse_R16_k16,pg19,1,16,89,9,32,4,0,16,,0,0,0.0
reuse_R16_k16,pg19,1,16,90,10,32,4,0,16,,0,0,0.0
reuse_R16_k16,pg19,1,16,91,11,32,4,0,16,,0,0,0.0
reuse_R16_k16,pg19,1,16,92,12,32,4,0,16,,0,0,0.0
reuse_R16_k16,pg19,1,16,93,13,32,4,0,16,,0,0,0.0
reuse_R16_k16,pg19,1,16,94,14,32,4,0,16,,0,0,0.0
reuse_R16_k16,pg19,1,16,95,15,32,4,0,16,,0,0,0.0
reuse_R16_k16,pg19,1,16,96,0,32,4,1,16,,0,0,0.0
reuse_R16_k16,pg19,1,16,97,1,32,4,0,16,,0,0,0.0
reuse_R16_k16,pg19,1,16,98,2,32,4,0,16,,0,0,0.0
reuse_R16_k16,pg19,1,16,99,3,32,4,0,16,,0,0,0.0
reuse_R16_k16,pg19,1,16,100,4,32,4,0,16,,0,0,0.0
reuse_R16_k16,pg19,1,16,101,5,32,4,0,16,,0,0,0.0
reuse_R16_k16,pg19,1,16,102,6,32,4,0,16,,0,0,0.0
reuse_R16_k16,pg19,1,16,103,7,32,4,0,16,,0,0,0.0
reuse_R16_k16,pg19,1,16,104,8,32,4,0,16,,0,0,0.0
reuse_R16_k16,pg19,1,16,105,9,32,4,0,16,,0,0,0.0
reuse_R16_k16,pg19,1,16,106,10,32,4,0,16,,0,0,0.0
reuse_R16_k16,pg19,1,16,107,11,32,4,0,16,,0,0,0.0
reuse_R16_k16,pg19,1,16,108,12,32,4,0,16,,0,0,0.0
reuse_R16_k16,pg19,1,16,109,13,32,4,0,16,,0,0,0.0
reuse_R16_k16,pg19,1,16,110,14,32,4,0,16,,0,0,0.0
reuse_R16_k16,pg19,1,16,111,15,32,4,0,16,,0,0,0.0
reuse_R32_k8,pg19,1,32,0,0,32,2,1,8,,0,0,0.0
reuse_R32_k8,pg19,1,32,1,1,32,2,0,8,,0,0,0.0
reuse_R32_k8,pg19,1,32,2,2,32,4,0,8,,0,0,0.0
reuse_R32_k8,pg19,1,32,3,3,32,1,0,8,,0,0,0.0
reuse_R32_k8,pg19,1,32,4,4,32,4,0,8,,0,0,0.0
reuse_R32_k8,pg19,1,32,5,5,32,4,0,8,,0,0,0.0
reuse_R32_k8,pg19,1,32,6,6,32,4,0,8,,0,0,0.0
reuse_R32_k8,pg19,1,32,7,7,32,4,0,8,,0,0,0.0
reuse_R32_k8,pg19,1,32,8,8,32,4,0,8,,0,0,0.0
reuse_R32_k8,pg19,1,32,9,9,32,0,0,8,,0,0,0.0
reuse_R32_k8,pg19,1,32,10,10,32,4,0,8,,0,0,0.0
reuse_R32_k8,pg19,1,32,11,11,32,4,0,8,,0,0,0.0
reuse_R32_k8,pg19,1,32,12,12,32,1,0,8,,0,0,0.0
reuse_R32_k8,pg19,1,32,13,13,32,0,0,8,,0,0,0.0
reuse_R32_k8,pg19,1,32,14,14,32,3,0,8,,0,0,0.0
reuse_R32_k8,pg19,1,32,15,15,32,4,0,8,,0,0,0.0
reuse_R32_k8,pg19,1,32,16,16,32,1,0,8,,0,0,0.0
reuse_R32_k8,pg19,1,32,17,17,32,4,0,8,,0,0,0.0
reuse_R32_k8,pg19,1,32,18,18,32,4,0,8,,0,0,0.0
reuse_R32_k8,pg19,1,32,19,19,32,0,0,8,,0,0,0.0
reuse_R32_k8,pg19,1,32,20,20,32,4,0,8,,0,0,0.0
reuse_R32_k8,pg19,1,32,21,21,32,4,0,8,,0,0,0.0
reuse_R32_k8,pg19,1,32,22,22,32,4,0,8,,0,0,0.0
reuse_R32_k8,pg19,1,32,23,23,32,4,0,8,,0,0,0.0
reuse_R32_k8,pg19,1,32,24,24,32,4,0,8,,0,0,0.0
reuse_R32_k8,pg19,1,32,25,25,32,4,0,8,,0,0,0.0
reuse_R32_k8,pg19,1,32,26,26,32,4,0,8,,0,0,0.0
reuse_R32_k8,pg19,1,32,27,27,32,4,0,8,,0,0,0.0
reuse_R32_k8,pg19,1,32,28,28,32,4,0,8,,0,0,0.0
reuse_R32_k8,pg19,1,32,29,29,32,0,0,8,,0,0,0.0
reuse_R32_k8,pg19,1,32,30,30,32,4,0,8,,0,0,0.0
reuse_R32_k8,pg19,1,32,31,31,32,4,0,8,,0,0,0.0
reuse_R32_k8,pg19,1,32,32,0,32,4,1,8,,0,0,0.0
reuse_R32_k8,pg19,1,32,33,1,32,0,0,8,,0,0,0.0
reuse_R32_k8,pg19,1,32,34,2,32,4,0,8,,0,0,0.0
reuse_R32_k8,pg19,1,32,35,3,32,4,0,8,,0,0,0.0
reuse_R32_k8,pg19,1,32,36,4,32,4,0,8,,0,0,0.0
reuse_R32_k8,pg19,1,32,37,5,32,4,0,8,,0,0,0.0
reuse_R32_k8,pg19,1,32,38,6,32,4,0,8,,0,0,0.0
reuse_R32_k8,pg19,1,32,39,7,32,4,0,8,,0,0,0.0
reuse_R32_k8,pg19,1,32,40,8,32,4,0,8,,0,0,0.0
reuse_R32_k8,pg19,1,32,41,9,32,4,0,8,,0,0,0.0
reuse_R32_k8,pg19,1,32,42,10,32,4,0,8,,0,0,0.0
reuse_R32_k8,pg19,1,32,43,11,32,4,0,8,,0,0,0.0
reuse_R32_k8,pg19,1,32,44,12,32,4,0,8,,0,0,0.0
reuse_R32_k8,pg19,1,32,45,13,32,4,0,8,,0,0,0.0
reuse_R32_k8,pg19,1,32,46,14,32,3,0,8,,0,0,0.0
reuse_R32_k8,pg19,1,32,47,15,32,0,0,8,,0,0,0.0
reuse_R32_k8,pg19,1,32,48,16,32,1,0,8,,0,0,0.0
reuse_R32_k8,pg19,1,32,49,17,32,4,0,8,,0,0,0.0
reuse_R32_k8,pg19,1,32,50,18,32,1,0,8,,0,0,0.0
reuse_R32_k8,pg19,1,32,51,19,32,0,0,8,,0,0,0.0
reuse_R32_k8,pg19,1,32,52,20,32,1,0,8,,0,0,0.0
reuse_R32_k8,pg19,1,32,53,21,32,0,0,8,,0,0,0.0
reuse_R32_k8,pg19,1,32,54,22,32,2,0,8,,0,0,0.0
reuse_R32_k8,pg19,1,32,55,23,32,0,0,8,,0,0,0.0
reuse_R32_k8,pg19,1,32,56,24,32,2,0,8,,0,0,0.0
reuse_R32_k8,pg19,1,32,57,25,32,3,0,8,,0,0,0.0
reuse_R32_k8,pg19,1,32,58,26,32,4,0,8,,0,0,0.0
reuse_R32_k8,pg19,1,32,59,27,32,3,0,8,,0,0,0.0
reuse_R32_k8,pg19,1,32,60,28,32,4,0,8,,0,0,0.0
reuse_R32_k8,pg19,1,32,61,29,32,4,0,8,,0,0,0.0
reuse_R32_k8,pg19,1,32,62,30,32,4,0,8,,0,0,0.0
reuse_R32_k8,pg19,1,32,63,31,32,4,0,8,,0,0,0.0
reuse_R32_k8,pg19,1,32,64,0,32,4,1,8,,0,0,0.0
reuse_R32_k8,pg19,1,32,65,1,32,4,0,8,,0,0,0.0
reuse_R32_k8,pg19,1,32,66,2,32,4,0,8,,0,0,0.0
reuse_R32_k8,pg19,1,32,67,3,32,4,0,8,,0,0,0.0
reuse_R32_k8,pg19,1,32,68,4,32,4,0,8,,0,0,0.0
reuse_R32_k8,pg19,1,32,69,5,32,4,0,8,,0,0,0.0
reuse_R32_k8,pg19,1,32,70,6,32,4,0,8,,0,0,0.0
reuse_R32_k8,pg19,1,32,71,7,32,4,0,8,,0,0,0.0
reuse_R32_k8,pg19,1,32,72,8,32,4,0,8,,0,0,0.0
reuse_R32_k8,pg19,1,32,73,9,32,4,0,8,,0,0,0.0
reuse_R32_k8,pg19,1,32,74,10,32,4,0,8,,0,0,0.0
reuse_R32_k8,pg19,1,32,75,11,32,4,0,8,,0,0,0.0
reuse_R32_k8,pg19,1,32,76,12,32,4,0,8,,0,0,0.0
reuse_R32_k8,pg19,1,32,77,13,32,4,0,8,,0,0,0.0
reuse_R32_k8,pg19,1,32,78,14,32,4,0,8,,0,0,0.0
reuse_R32_k8,pg19,1,32,79,15,32,4,0,8,,0,0,0.0
reuse_R32_k8,pg19,1,32,80,16,32,4,0,8,,0,0,0.0
reuse_R32_k8,pg19,1,32,81,17,32,4,0,8,,0,0,0.0
reuse_R32_k8,pg19,1,32,82,18,32,4,0,8,,0,0,0.0
reuse_R32_k8,pg19,1,32,83,19,32,4,0,8,,0,0,0.0
reuse_R32_k8,pg19,1,32,84,20,32,4,0,8,,0,0,0.0
reuse_R32_k8,pg19,1,32,85,21,32,4,0,8,,0,0,0.0
reuse_R32_k8,pg19,1,32,86,22,32,4,0,8,,0,0,0.0
reuse_R32_k8,pg19,1,32,87,23,32,4,0,8,,0,0,0.0
reuse_R32_k8,pg19,1,32,88,24,32,4,0,8,,0,0,0.0
reuse_R32_k8,pg19,1,32,89,25,32,4,0,8,,0,0,0.0
reuse_R32_k8,pg19,1,32,90,26,32,4,0,8,,0,0,0.0
reuse_R32_k8,pg19,1,32,91,27,32,4,0,8,,0,0,0.0
reuse_R32_k8,pg19,1,32,92,28,32,4,0,8,,0,0,0.0
reuse_R32_k8,pg19,1,32,93,29,32,4,0,8,,0,0,0.0
reuse_R32_k8,pg19,1,32,94,30,32,4,0,8,,0,0,0.0
reuse_R32_k8,pg19,1,32,95,31,32,4,0,8,,0,0,0.0
reuse_R32_k8,pg19,1,32,96,0,32,4,1,8,,0,0,0.0
reuse_R32_k8,pg19,1,32,97,1,32,4,0,8,,0,0,0.0
reuse_R32_k8,pg19,1,32,98,2,32,4,0,8,,0,0,0.0
reuse_R32_k8,pg19,1,32,99,3,32,4,0,8,,0,0,0.0
reuse_R32_k8,pg19,1,32,100,4,32,4,0,8,,0,0,0.0
reuse_R32_k8,pg19,1,32,101,5,32,4,0,8,,0,0,0.0
reuse_R32_k8,pg19,1,32,102,6,32,4,0,8,,0,0,0.0
reuse_R32_k8,pg19,1,32,103,7,32,4,0,8,,0,0,0.0
reuse_R32_k8,pg19,1,32,104,8,32,4,0,8,,0,0,0.0
reuse_R32_k8,pg19,1,32,105,9,32,4,0,8,,0,0,0.0
reuse_R32_k8,pg19,1,32,106,10,32,4,0,8,,0,0,0.0
reuse_R32_k8,pg19,1,32,107,11,32,4,0,8,,0,0,0.0
reuse_R32_k8,pg19,1,32,108,12,32,4,0,8,,0,0,0.0
reuse_R32_k8,pg19,1,32,109,13,32,4,0,8,,0,0,0.0
reuse_R32_k8,pg19,1,32,110,14,32,4,0,8,,0,0,0.0
reuse_R32_k8,pg19,1,32,111,15,32,4,0,8,,0,0,0.0
reuse_R32_k8,pg19,1,32,112,16,32,4,0,8,,0,0,0.0
reuse_R32_k8,pg19,1,32,113,17,32,4,0,8,,0,0,0.0
reuse_R32_k8,pg19,1,32,114,18,32,4,0,8,,0,0,0.0
reuse_R32_k8,pg19,1,32,115,19,32,4,0,8,,0,0,0.0
reuse_R32_k16,pg19,1,32,0,0,32,2,1,16,,0,0,0.0
reuse_R32_k16,pg19,1,32,1,1,32,2,0,16,,0,0,0.0
reuse_R32_k16,pg19,1,32,2,2,32,4,0,16,,0,0,0.0
reuse_R32_k16,pg19,1,32,3,3,32,1,0,16,,0,0,0.0
reuse_R32_k16,pg19,1,32,4,4,32,4,0,16,,0,0,0.0
reuse_R32_k16,pg19,1,32,5,5,32,4,0,16,,0,0,0.0
reuse_R32_k16,pg19,1,32,6,6,32,4,0,16,,0,0,0.0
reuse_R32_k16,pg19,1,32,7,7,32,4,0,16,,0,0,0.0
reuse_R32_k16,pg19,1,32,8,8,32,4,0,16,,0,0,0.0
reuse_R32_k16,pg19,1,32,9,9,32,0,0,16,,0,0,0.0
reuse_R32_k16,pg19,1,32,10,10,32,4,0,16,,0,0,0.0
reuse_R32_k16,pg19,1,32,11,11,32,4,0,16,,0,0,0.0
reuse_R32_k16,pg19,1,32,12,12,32,1,0,16,,0,0,0.0
reuse_R32_k16,pg19,1,32,13,13,32,0,0,16,,0,0,0.0
reuse_R32_k16,pg19,1,32,14,14,32,3,0,16,,0,0,0.0
reuse_R32_k16,pg19,1,32,15,15,32,4,0,16,,0,0,0.0
reuse_R32_k16,pg19,1,32,16,16,32,1,0,16,,0,0,0.0
reuse_R32_k16,pg19,1,32,17,17,32,4,0,16,,0,0,0.0
reuse_R32_k16,pg19,1,32,18,18,32,4,0,16,,0,0,0.0
reuse_R32_k16,pg19,1,32,19,19,32,0,0,16,,0,0,0.0
reuse_R32_k16,pg19,1,32,20,20,32,4,0,16,,0,0,0.0
reuse_R32_k16,pg19,1,32,21,21,32,4,0,16,,0,0,0.0
reuse_R32_k16,pg19,1,32,22,22,32,4,0,16,,0,0,0.0
reuse_R32_k16,pg19,1,32,23,23,32,4,0,16,,0,0,0.0
reuse_R32_k16,pg19,1,32,24,24,32,4,0,16,,0,0,0.0
reuse_R32_k16,pg19,1,32,25,25,32,4,0,16,,0,0,0.0
reuse_R32_k16,pg19,1,32,26,26,32,4,0,16,,0,0,0.0
reuse_R32_k16,pg19,1,32,27,27,32,4,0,16,,0,0,0.0
reuse_R32_k16,pg19,1,32,28,28,32,4,0,16,,0,0,0.0
reuse_R32_k16,pg19,1,32,29,29,32,0,0,16,,0,0,0.0
reuse_R32_k16,pg19,1,32,30,30,32,3,0,16,,0,0,0.0
reuse_R32_k16,pg19,1,32,31,31,32,0,0,16,,0,0,0.0
reuse_R32_k16,pg19,1,32,32,0,32,4,1,16,,0,0,0.0
reuse_R32_k16,pg19,1,32,33,1,32,4,0,16,,0,0,0.0
reuse_R32_k16,pg19,1,32,34,2,32,0,0,16,,0,0,0.0
reuse_R32_k16,pg19,1,32,35,3,32,4,0,16,,0,0,0.0
reuse_R32_k16,pg19,1,32,36,4,32,4,0,16,,0,0,0.0
reuse_R32_k16,pg19,1,32,37,5,32,4,0,16,,0,0,0.0
reuse_R32_k16,pg19,1,32,38,6,32,4,0,16,,0,0,0.0
reuse_R32_k16,pg19,1,32,39,7,32,4,0,16,,0,0,0.0
reuse_R32_k16,pg19,1,32,40,8,32,4,0,16,,0,0,0.0
reuse_R32_k16,pg19,1,32,41,9,32,4,0,16,,0,0,0.0
reuse_R32_k16,pg19,1,32,42,10,32,4,0,16,,0,0,0.0
reuse_R32_k16,pg19,1,32,43,11,32,4,0,16,,0,0,0.0
reuse_R32_k16,pg19,1,32,44,12,32,4,0,16,,0,0,0.0
reuse_R32_k16,pg19,1,32,45,13,32,4,0,16,,0,0,0.0
reuse_R32_k16,pg19,1,32,46,14,32,4,0,16,,0,0,0.0
reuse_R32_k16,pg19,1,32,47,15,32,4,0,16,,0,0,0.0
reuse_R32_k16,pg19,1,32,48,16,32,4,0,16,,0,0,0.0
reuse_R32_k16,pg19,1,32,49,17,32,4,0,16,,0,0,0.0
reuse_R32_k16,pg19,1,32,50,18,32,3,0,16,,0,0,0.0
reuse_R32_k16,pg19,1,32,51,19,32,2,0,16,,0,0,0.0
reuse_R32_k16,pg19,1,32,52,20,32,2,0,16,,0,0,0.0
reuse_R32_k16,pg19,1,32,53,21,32,3,0,16,,0,0,0.0
reuse_R32_k16,pg19,1,32,54,22,32,4,0,16,,0,0,0.0
reuse_R32_k16,pg19,1,32,55,23,32,3,0,16,,0,0,0.0
reuse_R32_k16,pg19,1,32,56,24,32,4,0,16,,0,0,0.0
reuse_R32_k16,pg19,1,32,57,25,32,4,0,16,,0,0,0.0
reuse_R32_k16,pg19,1,32,58,26,32,4,0,16,,0,0,0.0
reuse_R32_k16,pg19,1,32,59,27,32,4,0,16,,0,0,0.0
reuse_R32_k16,pg19,1,32,60,28,32,4,0,16,,0,0,0.0
reuse_R32_k16,pg19,1,32,61,29,32,4,0,16,,0,0,0.0
reuse_R32_k16,pg19,1,32,62,30,32,4,0,16,,0,0,0.0
reuse_R32_k16,pg19,1,32,63,31,32,4,0,16,,0,0,0.0
reuse_R32_k16,pg19,1,32,64,0,32,4,1,16,,0,0,0.0
reuse_R32_k16,pg19,1,32,65,1,32,4,0,16,,0,0,0.0
reuse_R32_k16,pg19,1,32,66,2,32,4,0,16,,0,0,0.0
reuse_R32_k16,pg19,1,32,67,3,32,4,0,16,,0,0,0.0
reuse_R32_k16,pg19,1,32,68,4,32,4,0,16,,0,0,0.0
reuse_R32_k16,pg19,1,32,69,5,32,4,0,16,,0,0,0.0
reuse_R32_k16,pg19,1,32,70,6,32,4,0,16,,0,0,0.0
reuse_R32_k16,pg19,1,32,71,7,32,4,0,16,,0,0,0.0
reuse_R32_k16,pg19,1,32,72,8,32,4,0,16,,0,0,0.0
reuse_R32_k16,pg19,1,32,73,9,32,4,0,16,,0,0,0.0
reuse_R32_k16,pg19,1,32,74,10,32,4,0,16,,0,0,0.0
reuse_R32_k16,pg19,1,32,75,11,32,4,0,16,,0,0,0.0
reuse_R32_k16,pg19,1,32,76,12,32,4,0,16,,0,0,0.0
reuse_R32_k16,pg19,1,32,77,13,32,4,0,16,,0,0,0.0
reuse_R32_k16,pg19,1,32,78,14,32,4,0,16,,0,0,0.0
reuse_R32_k16,pg19,1,32,79,15,32,4,0,16,,0,0,0.0
reuse_R32_k16,pg19,1,32,80,16,32,4,0,16,,0,0,0.0
reuse_R32_k16,pg19,1,32,81,17,32,4,0,16,,0,0,0.0
reuse_R32_k16,pg19,1,32,82,18,32,4,0,16,,0,0,0.0
reuse_R32_k16,pg19,1,32,83,19,32,4,0,16,,0,0,0.0
reuse_R32_k16,pg19,1,32,84,20,32,4,0,16,,0,0,0.0
reuse_R32_k16,pg19,1,32,85,21,32,4,0,16,,0,0,0.0
reuse_R32_k16,pg19,1,32,86,22,32,4,0,16,,0,0,0.0
reuse_R32_k16,pg19,1,32,87,23,32,4,0,16,,0,0,0.0
reuse_R32_k16,pg19,1,32,88,24,32,4,0,16,,0,0,0.0
reuse_R32_k16,pg19,1,32,89,25,32,4,0,16,,0,0,0.0
reuse_R32_k16,pg19,1,32,90,26,32,4,0,16,,0,0,0.0
reuse_R32_k16,pg19,1,32,91,27,32,4,0,16,,0,0,0.0
reuse_R32_k16,pg19,1,32,92,28,32,4,0,16,,0,0,0.0
reuse_R32_k16,pg19,1,32,93,29,32,4,0,16,,0,0,0.0
reuse_R32_k16,pg19,1,32,94,30,32,4,0,16,,0,0,0.0
reuse_R32_k16,pg19,1,32,95,31,32,4,0,16,,0,0,0.0
reuse_R32_k16,pg19,1,32,96,0,32,4,1,16,,0,0,0.0
reuse_R32_k16,pg19,1,32,97,1,32,4,0,16,,0,0,0.0
reuse_R32_k16,pg19,1,32,98,2,32,4,0,16,,0,0,0.0
reuse_R32_k16,pg19,1,32,99,3,32,4,0,16,,0,0,0.0
reuse_R32_k16,pg19,1,32,100,4,32,4,0,16,,0,0,0.0
reuse_R32_k16,pg19,1,32,101,5,32,4,0,16,,0,0,0.0
reuse_R32_k16,pg19,1,32,102,6,32,4,0,16,,0,0,0.0
reuse_R32_k16,pg19,1,32,103,7,32,4,0,16,,0,0,0.0
reuse_R32_k16,pg19,1,32,104,8,32,4,0,16,,0,0,0.0
reuse_R32_k16,pg19,1,32,105,9,32,4,0,16,,0,0,0.0
reuse_R32_k16,pg19,1,32,106,10,32,4,0,16,,0,0,0.0
reuse_R32_k16,pg19,1,32,107,11,32,4,0,16,,0,0,0.0
reuse_R32_k16,pg19,1,32,108,12,32,4,0,16,,0,0,0.0
reuse_R32_k16,pg19,1,32,109,13,32,4,0,16,,0,0,0.0
reuse_R32_k16,pg19,1,32,110,14,32,4,0,16,,0,0,0.0
reuse_R32_k16,pg19,1,32,111,15,32,4,0,16,,0,0,0.0
no_update_k8,pg19,1,0,0,0,32,2,0,0,,0,0,0.0
no_update_k8,pg19,1,0,1,0,32,2,0,0,,0,0,0.0
no_update_k8,pg19,1,0,2,0,32,0,0,0,,0,0,0.0
no_update_k8,pg19,1,0,3,0,32,1,0,0,,0,0,0.0
no_update_k8,pg19,1,0,4,0,32,3,0,0,,0,0,0.0
no_update_k8,pg19,1,0,5,0,32,4,0,0,,0,0,0.0
no_update_k8,pg19,1,0,6,0,32,0,0,0,,0,0,0.0
no_update_k8,pg19,1,0,7,0,32,3,0,0,,0,0,0.0
no_update_k8,pg19,1,0,8,0,32,4,0,0,,0,0,0.0
no_update_k8,pg19,1,0,9,0,32,0,0,0,,0,0,0.0
no_update_k8,pg19,1,0,10,0,32,3,0,0,,0,0,0.0
no_update_k8,pg19,1,0,11,0,32,4,0,0,,0,0,0.0
no_update_k8,pg19,1,0,12,0,32,0,0,0,,0,0,0.0
no_update_k8,pg19,1,0,13,0,32,4,0,0,,0,0,0.0
no_update_k8,pg19,1,0,14,0,32,3,0,0,,0,0,0.0
no_update_k8,pg19,1,0,15,0,32,2,0,0,,0,0,0.0
no_update_k8,pg19,1,0,16,0,32,0,0,0,,0,0,0.0
no_update_k8,pg19,1,0,17,0,32,3,0,0,,0,0,0.0
no_update_k8,pg19,1,0,18,0,32,0,0,0,,0,0,0.0
no_update_k8,pg19,1,0,19,0,32,4,0,0,,0,0,0.0
no_update_k8,pg19,1,0,20,0,32,4,0,0,,0,0,0.0
no_update_k8,pg19,1,0,21,0,32,4,0,0,,0,0,0.0
no_update_k8,pg19,1,0,22,0,32,1,0,0,,0,0,0.0
no_update_k8,pg19,1,0,23,0,32,4,0,0,,0,0,0.0
no_update_k8,pg19,1,0,24,0,32,4,0,0,,0,0,0.0
no_update_k8,pg19,1,0,25,0,32,4,0,0,,0,0,0.0
no_update_k8,pg19,1,0,26,0,32,0,0,0,,0,0,0.0
no_update_k8,pg19,1,0,27,0,32,4,0,0,,0,0,0.0
no_update_k8,pg19,1,0,28,0,32,4,0,0,,0,0,0.0
no_update_k8,pg19,1,0,29,0,32,4,0,0,,0,0,0.0
no_update_k8,pg19,1,0,30,0,32,4,0,0,,0,0,0.0
no_update_k8,pg19,1,0,31,0,32,4,0,0,,0,0,0.0
no_update_k8,pg19,1,0,32,0,32,4,0,0,,0,0,0.0
no_update_k8,pg19,1,0,33,0,32,0,0,0,,0,0,0.0
no_update_k8,pg19,1,0,34,0,32,3,0,0,,0,0,0.0
no_update_k8,pg19,1,0,35,0,32,4,0,0,,0,0,0.0
no_update_k8,pg19,1,0,36,0,32,4,0,0,,0,0,0.0
no_update_k8,pg19,1,0,37,0,32,0,0,0,,0,0,0.0
no_update_k8,pg19,1,0,38,0,32,3,0,0,,0,0,0.0
no_update_k8,pg19,1,0,39,0,32,4,0,0,,0,0,0.0
no_update_k8,pg19,1,0,40,0,32,4,0,0,,0,0,0.0
no_update_k8,pg19,1,0,41,0,32,4,0,0,,0,0,0.0
no_update_k8,pg19,1,0,42,0,32,4,0,0,,0,0,0.0
no_update_k8,pg19,1,0,43,0,32,4,0,0,,0,0,0.0
no_update_k8,pg19,1,0,44,0,32,4,0,0,,0,0,0.0
no_update_k8,pg19,1,0,45,0,32,4,0,0,,0,0,0.0
no_update_k8,pg19,1,0,46,0,32,4,0,0,,0,0,0.0
no_update_k8,pg19,1,0,47,0,32,4,0,0,,0,0,0.0
no_update_k8,pg19,1,0,48,0,32,4,0,0,,0,0,0.0
no_update_k8,pg19,1,0,49,0,32,4,0,0,,0,0,0.0
no_update_k8,pg19,1,0,50,0,32,4,0,0,,0,0,0.0
no_update_k8,pg19,1,0,51,0,32,0,0,0,,0,0,0.0
no_update_k8,pg19,1,0,52,0,32,4,0,0,,0,0,0.0
no_update_k8,pg19,1,0,53,0,32,2,0,0,,0,0,0.0
no_update_k8,pg19,1,0,54,0,32,0,0,0,,0,0,0.0
no_update_k8,pg19,1,0,55,0,32,0,0,0,,0,0,0.0
no_update_k8,pg19,1,0,56,0,32,1,0,0,,0,0,0.0
no_update_k8,pg19,1,0,57,0,32,0,0,0,,0,0,0.0
no_update_k8,pg19,1,0,58,0,32,0,0,0,,0,0,0.0
no_update_k8,pg19,1,0,59,0,32,1,0,0,,0,0,0.0
no_update_k8,pg19,1,0,60,0,32,0,0,0,,0,0,0.0
no_update_k8,pg19,1,0,61,0,32,0,0,0,,0,0,0.0
no_update_k8,pg19,1,0,62,0,32,0,0,0,,0,0,0.0
no_update_k8,pg19,1,0,63,0,32,4,0,0,,0,0,0.0
no_update_k8,pg19,1,0,64,0,32,2,0,0,,0,0,0.0
no_update_k8,pg19,1,0,65,0,32,0,0,0,,0,0,0.0
no_update_k8,pg19,1,0,66,0,32,1,0,0,,0,0,0.0
no_update_k8,pg19,1,0,67,0,32,2,0,0,,0,0,0.0
no_update_k8,pg19,1,0,68,0,32,0,0,0,,0,0,0.0
no_update_k8,pg19,1,0,69,0,32,4,0,0,,0,0,0.0
no_update_k8,pg19,1,0,70,0,32,4,0,0,,0,0,0.0
no_update_k8,pg19,1,0,71,0,32,4,0,0,,0,0,0.0
no_update_k8,pg19,1,0,72,0,32,4,0,0,,0,0,0.0
no_update_k8,pg19,1,0,73,0,32,4,0,0,,0,0,0.0
no_update_k8,pg19,1,0,74,0,32,4,0,0,,0,0,0.0
no_update_k8,pg19,1,0,75,0,32,4,0,0,,0,0,0.0
no_update_k8,pg19,1,0,76,0,32,4,0,0,,0,0,0.0
no_update_k8,pg19,1,0,77,0,32,4,0,0,,0,0,0.0
no_update_k8,pg19,1,0,78,0,32,4,0,0,,0,0,0.0
no_update_k8,pg19,1,0,79,0,32,4,0,0,,0,0,0.0
no_update_k8,pg19,1,0,80,0,32,4,0,0,,0,0,0.0
no_update_k8,pg19,1,0,81,0,32,4,0,0,,0,0,0.0
no_update_k8,pg19,1,0,82,0,32,4,0,0,,0,0,0.0
no_update_k8,pg19,1,0,83,0,32,4,0,0,,0,0,0.0
no_update_k8,pg19,1,0,84,0,32,4,0,0,,0,0,0.0
no_update_k8,pg19,1,0,85,0,32,4,0,0,,0,0,0.0
no_update_k8,pg19,1,0,86,0,32,4,0,0,,0,0,0.0
no_update_k8,pg19,1,0,87,0,32,4,0,0,,0,0,0.0
no_update_k8,pg19,1,0,88,0,32,4,0,0,,0,0,0.0
no_update_k8,pg19,1,0,89,0,32,4,0,0,,0,0,0.0
no_update_k8,pg19,1,0,90,0,32,4,0,0,,0,0,0.0
no_update_k8,pg19,1,0,91,0,32,4,0,0,,0,0,0.0
no_update_k8,pg19,1,0,92,0,32,4,0,0,,0,0,0.0
no_update_k8,pg19,1,0,93,0,32,4,0,0,,0,0,0.0
no_update_k8,pg19,1,0,94,0,32,4,0,0,,0,0,0.0
no_update_k8,pg19,1,0,95,0,32,4,0,0,,0,0,0.0
no_update_k8,pg19,1,0,96,0,32,4,0,0,,0,0,0.0
no_update_k8,pg19,1,0,97,0,32,4,0,0,,0,0,0.0
no_update_k8,pg19,1,0,98,0,32,4,0,0,,0,0,0.0
no_update_k8,pg19,1,0,99,0,32,4,0,0,,0,0,0.0
no_update_k8,pg19,1,0,100,0,32,4,0,0,,0,0,0.0
no_update_k8,pg19,1,0,101,0,32,4,0,0,,0,0,0.0
no_update_k8,pg19,1,0,102,0,32,4,0,0,,0,0,0.0
no_update_k8,pg19,1,0,103,0,32,4,0,0,,0,0,0.0
no_update_k8,pg19,1,0,104,0,32,4,0,0,,0,0,0.0
no_update_k8,pg19,1,0,105,0,32,4,0,0,,0,0,0.0
no_update_k8,pg19,1,0,106,0,32,4,0,0,,0,0,0.0
no_update_k8,pg19,1,0,107,0,32,4,0,0,,0,0,0.0
no_update_k8,pg19,1,0,108,0,32,4,0,0,,0,0,0.0
no_update_k8,pg19,1,0,109,0,32,4,0,0,,0,0,0.0
no_update_k8,pg19,1,0,110,0,32,4,0,0,,0,0,0.0
no_update_k8,pg19,1,0,111,0,32,4,0,0,,0,0,0.0
no_update_k8,pg19,1,0,112,0,32,4,0,0,,0,0,0.0
no_update_k8,pg19,1,0,113,0,32,4,0,0,,0,0,0.0
no_update_k8,pg19,1,0,114,0,32,4,0,0,,0,0,0.0
no_update_k8,pg19,1,0,115,0,32,4,0,0,,0,0,0.0
no_update_k8,pg19,1,0,116,0,32,4,0,0,,0,0,0.0
no_update_k8,pg19,1,0,117,0,32,4,0,0,,0,0,0.0
no_update_k8,pg19,1,0,118,0,32,4,0,0,,0,0,0.0
no_update_k8,pg19,1,0,119,0,32,4,0,0,,0,0,0.0
no_update_k8,pg19,1,0,120,0,32,4,0,0,,0,0,0.0
no_update_k8,pg19,1,0,121,0,32,4,0,0,,0,0,0.0
no_update_k8,pg19,1,0,122,0,32,4,0,0,,0,0,0.0
no_update_k8,pg19,1,0,123,0,32,4,0,0,,0,0,0.0
no_update_k8,pg19,1,0,124,0,32,4,0,0,,0,0,0.0
no_update_k16,pg19,1,0,0,0,32,2,0,0,,0,0,0.0
no_update_k16,pg19,1,0,1,0,32,2,0,0,,0,0,0.0
no_update_k16,pg19,1,0,2,0,32,0,0,0,,0,0,0.0
no_update_k16,pg19,1,0,3,0,32,2,0,0,,0,0,0.0
no_update_k16,pg19,1,0,4,0,32,2,0,0,,0,0,0.0
no_update_k16,pg19,1,0,5,0,32,4,0,0,,0,0,0.0
no_update_k16,pg19,1,0,6,0,32,0,0,0,,0,0,0.0
no_update_k16,pg19,1,0,7,0,32,3,0,0,,0,0,0.0
no_update_k16,pg19,1,0,8,0,32,4,0,0,,0,0,0.0
no_update_k16,pg19,1,0,9,0,32,0,0,0,,0,0,0.0
no_update_k16,pg19,1,0,10,0,32,3,0,0,,0,0,0.0
no_update_k16,pg19,1,0,11,0,32,4,0,0,,0,0,0.0
no_update_k16,pg19,1,0,12,0,32,0,0,0,,0,0,0.0
no_update_k16,pg19,1,0,13,0,32,4,0,0,,0,0,0.0
no_update_k16,pg19,1,0,14,0,32,3,0,0,,0,0,0.0
no_update_k16,pg19,1,0,15,0,32,2,0,0,,0,0,0.0
no_update_k16,pg19,1,0,16,0,32,0,0,0,,0,0,0.0
no_update_k16,pg19,1,0,17,0,32,3,0,0,,0,0,0.0
no_update_k16,pg19,1,0,18,0,32,0,0,0,,0,0,0.0
no_update_k16,pg19,1,0,19,0,32,4,0,0,,0,0,0.0
no_update_k16,pg19,1,0,20,0,32,4,0,0,,0,0,0.0
no_update_k16,pg19,1,0,21,0,32,4,0,0,,0,0,0.0
no_update_k16,pg19,1,0,22,0,32,1,0,0,,0,0,0.0
no_update_k16,pg19,1,0,23,0,32,4,0,0,,0,0,0.0
no_update_k16,pg19,1,0,24,0,32,4,0,0,,0,0,0.0
no_update_k16,pg19,1,0,25,0,32,4,0,0,,0,0,0.0
no_update_k16,pg19,1,0,26,0,32,4,0,0,,0,0,0.0
no_update_k16,pg19,1,0,27,0,32,4,0,0,,0,0,0.0
no_update_k16,pg19,1,0,28,0,32,4,0,0,,0,0,0.0
no_update_k16,pg19,1,0,29,0,32,4,0,0,,0,0,0.0
no_update_k16,pg19,1,0,30,0,32,0,0,0,,0,0,0.0
no_update_k16,pg19,1,0,31,0,32,4,0,0,,0,0,0.0
no_update_k16,pg19,1,0,32,0,32,4,0,0,,0,0,0.0
no_update_k16,pg19,1,0,33,0,32,0,0,0,,0,0,0.0
no_update_k16,pg19,1,0,34,0,32,3,0,0,,0,0,0.0
no_update_k16,pg19,1,0,35,0,32,4,0,0,,0,0,0.0
no_update_k16,pg19,1,0,36,0,32,4,0,0,,0,0,0.0
no_update_k16,pg19,1,0,37,0,32,0,0,0,,0,0,0.0
no_update_k16,pg19,1,0,38,0,32,3,0,0,,0,0,0.0
no_update_k16,pg19,1,0,39,0,32,4,0,0,,0,0,0.0
no_update_k16,pg19,1,0,40,0,32,4,0,0,,0,0,0.0
no_update_k16,pg19,1,0,41,0,32,4,0,0,,0,0,0.0
no_update_k16,pg19,1,0,42,0,32,4,0,0,,0,0,0.0
no_update_k16,pg19,1,0,43,0,32,4,0,0,,0,0,0.0
no_update_k16,pg19,1,0,44,0,32,4,0,0,,0,0,0.0
no_update_k16,pg19,1,0,45,0,32,4,0,0,,0,0,0.0
no_update_k16,pg19,1,0,46,0,32,4,0,0,,0,0,0.0
no_update_k16,pg19,1,0,47,0,32,4,0,0,,0,0,0.0
no_update_k16,pg19,1,0,48,0,32,4,0,0,,0,0,0.0
no_update_k16,pg19,1,0,49,0,32,4,0,0,,0,0,0.0
no_update_k16,pg19,1,0,50,0,32,4,0,0,,0,0,0.0
no_update_k16,pg19,1,0,51,0,32,4,0,0,,0,0,0.0
no_update_k16,pg19,1,0,52,0,32,3,0,0,,0,0,0.0
no_update_k16,pg19,1,0,53,0,32,0,0,0,,0,0,0.0
no_update_k16,pg19,1,0,54,0,32,0,0,0,,0,0,0.0
no_update_k16,pg19,1,0,55,0,32,1,0,0,,0,0,0.0
no_update_k16,pg19,1,0,56,0,32,0,0,0,,0,0,0.0
no_update_k16,pg19,1,0,57,0,32,0,0,0,,0,0,0.0
no_update_k16,pg19,1,0,58,0,32,1,0,0,,0,0,0.0
no_update_k16,pg19,1,0,59,0,32,0,0,0,,0,0,0.0
no_update_k16,pg19,1,0,60,0,32,0,0,0,,0,0,0.0
no_update_k16,pg19,1,0,61,0,32,0,0,0,,0,0,0.0
no_update_k16,pg19,1,0,62,0,32,4,0,0,,0,0,0.0
no_update_k16,pg19,1,0,63,0,32,2,0,0,,0,0,0.0
no_update_k16,pg19,1,0,64,0,32,0,0,0,,0,0,0.0
no_update_k16,pg19,1,0,65,0,32,1,0,0,,0,0,0.0
no_update_k16,pg19,1,0,66,0,32,2,0,0,,0,0,0.0
no_update_k16,pg19,1,0,67,0,32,0,0,0,,0,0,0.0
no_update_k16,pg19,1,0,68,0,32,4,0,0,,0,0,0.0
no_update_k16,pg19,1,0,69,0,32,4,0,0,,0,0,0.0
no_update_k16,pg19,1,0,70,0,32,4,0,0,,0,0,0.0
no_update_k16,pg19,1,0,71,0,32,4,0,0,,0,0,0.0
no_update_k16,pg19,1,0,72,0,32,4,0,0,,0,0,0.0
no_update_k16,pg19,1,0,73,0,32,4,0,0,,0,0,0.0
no_update_k16,pg19,1,0,74,0,32,4,0,0,,0,0,0.0
no_update_k16,pg19,1,0,75,0,32,4,0,0,,0,0,0.0
no_update_k16,pg19,1,0,76,0,32,4,0,0,,0,0,0.0
no_update_k16,pg19,1,0,77,0,32,4,0,0,,0,0,0.0
no_update_k16,pg19,1,0,78,0,32,4,0,0,,0,0,0.0
no_update_k16,pg19,1,0,79,0,32,4,0,0,,0,0,0.0
no_update_k16,pg19,1,0,80,0,32,4,0,0,,0,0,0.0
no_update_k16,pg19,1,0,81,0,32,4,0,0,,0,0,0.0
no_update_k16,pg19,1,0,82,0,32,4,0,0,,0,0,0.0
no_update_k16,pg19,1,0,83,0,32,4,0,0,,0,0,0.0
no_update_k16,pg19,1,0,84,0,32,4,0,0,,0,0,0.0
no_update_k16,pg19,1,0,85,0,32,4,0,0,,0,0,0.0
no_update_k16,pg19,1,0,86,0,32,4,0,0,,0,0,0.0
no_update_k16,pg19,1,0,87,0,32,4,0,0,,0,0,0.0
no_update_k16,pg19,1,0,88,0,32,4,0,0,,0,0,0.0
no_update_k16,pg19,1,0,89,0,32,4,0,0,,0,0,0.0
no_update_k16,pg19,1,0,90,0,32,4,0,0,,0,0,0.0
no_update_k16,pg19,1,0,91,0,32,4,0,0,,0,0,0.0
no_update_k16,pg19,1,0,92,0,32,4,0,0,,0,0,0.0
no_update_k16,pg19,1,0,93,0,32,4,0,0,,0,0,0.0
no_update_k16,pg19,1,0,94,0,32,4,0,0,,0,0,0.0
no_update_k16,pg19,1,0,95,0,32,4,0,0,,0,0,0.0
no_update_k16,pg19,1,0,96,0,32,4,0,0,,0,0,0.0
no_update_k16,pg19,1,0,97,0,32,4,0,0,,0,0,0.0
no_update_k16,pg19,1,0,98,0,32,4,0,0,,0,0,0.0
no_update_k16,pg19,1,0,99,0,32,4,0,0,,0,0,0.0
no_update_k16,pg19,1,0,100,0,32,4,0,0,,0,0,0.0
no_update_k16,pg19,1,0,101,0,32,4,0,0,,0,0,0.0
no_update_k16,pg19,1,0,102,0,32,4,0,0,,0,0,0.0
no_update_k16,pg19,1,0,103,0,32,4,0,0,,0,0,0.0
no_update_k16,pg19,1,0,104,0,32,4,0,0,,0,0,0.0
no_update_k16,pg19,1,0,105,0,32,4,0,0,,0,0,0.0
no_update_k16,pg19,1,0,106,0,32,4,0,0,,0,0,0.0
no_update_k16,pg19,1,0,107,0,32,4,0,0,,0,0,0.0
no_update_k16,pg19,1,0,108,0,32,4,0,0,,0,0,0.0
no_update_k16,pg19,1,0,109,0,32,4,0,0,,0,0,0.0
no_update_k16,pg19,1,0,110,0,32,4,0,0,,0,0,0.0
no_update_k16,pg19,1,0,111,0,32,4,0,0,,0,0,0.0
no_update_k16,pg19,1,0,112,0,32,4,0,0,,0,0,0.0
no_update_k16,pg19,1,0,113,0,32,4,0,0,,0,0,0.0
no_update_k16,pg19,1,0,114,0,32,4,0,0,,0,0,0.0
no_update_k16,pg19,1,0,115,0,32,4,0,0,,0,0,0.0
no_update_k16,pg19,1,0,116,0,32,4,0,0,,0,0,0.0
no_update_k16,pg19,1,0,117,0,32,4,0,0,,0,0,0.0
no_update_k16,pg19,1,0,118,0,32,4,0,0,,0,0,0.0
no_update_k16,pg19,1,0,119,0,32,4,0,0,,0,0,0.0
no_update_k16,pg19,1,0,120,0,32,4,0,0,,0,0,0.0
no_update_k16,pg19,1,0,121,0,32,4,0,0,,0,0,0.0
no_update_k16,pg19,1,0,122,0,32,4,0,0,,0,0,0.0
no_update_k16,pg19,1,0,123,0,32,4,0,0,,0,0,0.0
reuse_R1_k8,pg19,2,1,0,0,32,1,1,8,,0,0,0.0
reuse_R1_k8,pg19,2,1,1,0,32,0,1,8,,0,0,0.0
reuse_R1_k8,pg19,2,1,2,0,32,3,1,8,,0,0,0.0
reuse_R1_k8,pg19,2,1,3,0,32,2,1,8,,0,0,0.0
reuse_R1_k8,pg19,2,1,4,0,32,2,1,8,,0,0,0.0
reuse_R1_k8,pg19,2,1,5,0,32,4,1,8,,0,0,0.0
reuse_R1_k8,pg19,2,1,6,0,32,4,1,8,,0,0,0.0
reuse_R1_k8,pg19,2,1,7,0,32,0,1,8,,0,0,0.0
reuse_R1_k8,pg19,2,1,8,0,32,0,1,8,,0,0,0.0
reuse_R1_k8,pg19,2,1,9,0,32,2,1,8,,0,0,0.0
reuse_R1_k8,pg19,2,1,10,0,32,0,1,8,,0,0,0.0
reuse_R1_k8,pg19,2,1,11,0,32,1,1,8,,0,0,0.0
reuse_R1_k8,pg19,2,1,12,0,32,1,1,8,,0,0,0.0
reuse_R1_k8,pg19,2,1,13,0,32,3,1,8,,0,0,0.0
reuse_R1_k8,pg19,2,1,14,0,32,2,1,8,,0,0,0.0
reuse_R1_k8,pg19,2,1,15,0,32,4,1,8,,0,0,0.0
reuse_R1_k8,pg19,2,1,16,0,32,4,1,8,,0,0,0.0
reuse_R1_k8,pg19,2,1,17,0,32,2,1,8,,0,0,0.0
reuse_R1_k8,pg19,2,1,18,0,32,4,1,8,,0,0,0.0
reuse_R1_k8,pg19,2,1,19,0,32,4,1,8,,0,0,0.0
reuse_R1_k8,pg19,2,1,20,0,32,4,1,8,,0,0,0.0
reuse_R1_k8,pg19,2,1,21,0,32,2,1,8,,0,0,0.0
reuse_R1_k8,pg19,2,1,22,0,32,0,1,8,,0,0,0.0
reuse_R1_k8,pg19,2,1,23,0,32,2,1,8,,0,0,0.0
reuse_R1_k8,pg19,2,1,24,0,32,3,1,8,,0,0,0.0
reuse_R1_k8,pg19,2,1,25,0,32,3,1,8,,0,0,0.0
reuse_R1_k8,pg19,2,1,26,0,32,2,1,8,,0,0,0.0
reuse_R1_k8,pg19,2,1,27,0,32,3,1,8,,0,0,0.0
reuse_R1_k8,pg19,2,1,28,0,32,2,1,8,,0,0,0.0
reuse_R1_k8,pg19,2,1,29,0,32,0,1,8,,0,0,0.0
reuse_R1_k8,pg19,2,1,30,0,32,4,1,8,,0,0,0.0
reuse_R1_k8,pg19,2,1,31,0,32,4,1,8,,0,0,0.0
reuse_R1_k8,pg19,2,1,32,0,32,2,1,8,,0,0,0.0
reuse_R1_k8,pg19,2,1,33,0,32,0,1,8,,0,0,0.0
reuse_R1_k8,pg19,2,1,34,0,32,0,1,8,,0,0,0.0
reuse_R1_k8,pg19,2,1,35,0,32,1,1,8,,0,0,0.0
reuse_R1_k8,pg19,2,1,36,0,32,4,1,8,,0,0,0.0
reuse_R1_k8,pg19,2,1,37,0,32,4,1,8,,0,0,0.0
reuse_R1_k8,pg19,2,1,38,0,32,2,1,8,,0,0,0.0
reuse_R1_k8,pg19,2,1,39,0,32,4,1,8,,0,0,0.0
reuse_R1_k8,pg19,2,1,40,0,32,4,1,8,,0,0,0.0
reuse_R1_k8,pg19,2,1,41,0,32,2,1,8,,0,0,0.0
reuse_R1_k8,pg19,2,1,42,0,32,2,1,8,,0,0,0.0
reuse_R1_k8,pg19,2,1,43,0,32,4,1,8,,0,0,0.0
reuse_R1_k8,pg19,2,1,44,0,32,3,1,8,,0,0,0.0
reuse_R1_k8,pg19,2,1,45,0,32,4,1,8,,0,0,0.0
reuse_R1_k8,pg19,2,1,46,0,32,4,1,8,,0,0,0.0
reuse_R1_k8,pg19,2,1,47,0,32,4,1,8,,0,0,0.0
reuse_R1_k8,pg19,2,1,48,0,32,2,1,8,,0,0,0.0
reuse_R1_k8,pg19,2,1,49,0,32,1,1,8,,0,0,0.0
reuse_R1_k8,pg19,2,1,50,0,32,3,1,8,,0,0,0.0
reuse_R1_k8,pg19,2,1,51,0,32,1,1,8,,0,0,0.0
reuse_R1_k8,pg19,2,1,52,0,32,4,1,8,,0,0,0.0
reuse_R1_k8,pg19,2,1,53,0,32,2,1,8,,0,0,0.0
reuse_R1_k8,pg19,2,1,54,0,32,4,1,8,,0,0,0.0
reuse_R1_k8,pg19,2,1,55,0,32,3,1,8,,0,0,0.0
reuse_R1_k8,pg19,2,1,56,0,32,4,1,8,,0,0,0.0
reuse_R1_k8,pg19,2,1,57,0,32,3,1,8,,0,0,0.0
reuse_R1_k8,pg19,2,1,58,0,32,4,1,8,,0,0,0.0
reuse_R1_k8,pg19,2,1,59,0,32,4,1,8,,0,0,0.0
reuse_R1_k8,pg19,2,1,60,0,32,3,1,8,,0,0,0.0
reuse_R1_k8,pg19,2,1,61,0,32,2,1,8,,0,0,0.0
reuse_R1_k8,pg19,2,1,62,0,32,2,1,8,,0,0,0.0
reuse_R1_k8,pg19,2,1,63,0,32,3,1,8,,0,0,0.0
reuse_R1_k8,pg19,2,1,64,0,32,4,1,8,,0,0,0.0
reuse_R1_k8,pg19,2,1,65,0,32,4,1,8,,0,0,0.0
reuse_R1_k8,pg19,2,1,66,0,32,3,1,8,,0,0,0.0
reuse_R1_k8,pg19,2,1,67,0,32,4,1,8,,0,0,0.0
reuse_R1_k8,pg19,2,1,68,0,32,4,1,8,,0,0,0.0
reuse_R1_k8,pg19,2,1,69,0,32,4,1,8,,0,0,0.0
reuse_R1_k8,pg19,2,1,70,0,32,4,1,8,,0,0,0.0
reuse_R1_k8,pg19,2,1,71,0,32,4,1,8,,0,0,0.0
reuse_R1_k8,pg19,2,1,72,0,32,4,1,8,,0,0,0.0
reuse_R1_k8,pg19,2,1,73,0,32,4,1,8,,0,0,0.0
reuse_R1_k8,pg19,2,1,74,0,32,2,1,8,,0,0,0.0
reuse_R1_k8,pg19,2,1,75,0,32,3,1,8,,0,0,0.0
reuse_R1_k8,pg19,2,1,76,0,32,1,1,8,,0,0,0.0
reuse_R1_k8,pg19,2,1,77,0,32,1,1,8,,0,0,0.0
reuse_R1_k8,pg19,2,1,78,0,32,4,1,8,,0,0,0.0
reuse_R1_k8,pg19,2,1,79,0,32,1,1,8,,0,0,0.0
reuse_R1_k8,pg19,2,1,80,0,32,4,1,8,,0,0,0.0
reuse_R1_k8,pg19,2,1,81,0,32,0,1,8,,0,0,0.0
reuse_R1_k8,pg19,2,1,82,0,32,4,1,8,,0,0,0.0
reuse_R1_k8,pg19,2,1,83,0,32,0,1,8,,0,0,0.0
reuse_R1_k8,pg19,2,1,84,0,32,4,1,8,,0,0,0.0
reuse_R1_k8,pg19,2,1,85,0,32,1,1,8,,0,0,0.0
reuse_R1_k8,pg19,2,1,86,0,32,1,1,8,,0,0,0.0
reuse_R1_k8,pg19,2,1,87,0,32,2,1,8,,0,0,0.0
reuse_R1_k8,pg19,2,1,88,0,32,2,1,8,,0,0,0.0
reuse_R1_k8,pg19,2,1,89,0,32,3,1,8,,0,0,0.0
reuse_R1_k8,pg19,2,1,90,0,32,0,1,8,,0,0,0.0
reuse_R1_k8,pg19,2,1,91,0,32,4,1,8,,0,0,0.0
reuse_R1_k8,pg19,2,1,92,0,32,2,1,8,,0,0,0.0
reuse_R1_k8,pg19,2,1,93,0,32,1,1,8,,0,0,0.0
reuse_R1_k8,pg19,2,1,94,0,32,4,1,8,,0,0,0.0
reuse_R1_k8,pg19,2,1,95,0,32,4,1,8,,0,0,0.0
reuse_R1_k8,pg19,2,1,96,0,32,0,1,8,,0,0,0.0
reuse_R1_k8,pg19,2,1,97,0,32,1,1,8,,0,0,0.0
reuse_R1_k8,pg19,2,1,98,0,32,3,1,8,,0,0,0.0
reuse_R1_k8,pg19,2,1,99,0,32,4,1,8,,0,0,0.0
reuse_R1_k8,pg19,2,1,100,0,32,4,1,8,,0,0,0.0
reuse_R1_k8,pg19,2,1,101,0,32,4,1,8,,0,0,0.0
reuse_R1_k8,pg19,2,1,102,0,32,3,1,8,,0,0,0.0
reuse_R1_k8,pg19,2,1,103,0,32,0,1,8,,0,0,0.0
reuse_R1_k8,pg19,2,1,104,0,32,0,1,8,,0,0,0.0
reuse_R1_k8,pg19,2,1,105,0,32,4,1,8,,0,0,0.0
reuse_R1_k8,pg19,2,1,106,0,32,4,1,8,,0,0,0.0
reuse_R1_k8,pg19,2,1,107,0,32,4,1,8,,0,0,0.0
reuse_R1_k8,pg19,2,1,108,0,32,3,1,8,,0,0,0.0
reuse_R1_k8,pg19,2,1,109,0,32,1,1,8,,0,0,0.0
reuse_R1_k8,pg19,2,1,110,0,32,4,1,8,,0,0,0.0
reuse_R1_k8,pg19,2,1,111,0,32,4,1,8,,0,0,0.0
reuse_R1_k8,pg19,2,1,112,0,32,4,1,8,,0,0,0.0
reuse_R1_k8,pg19,2,1,113,0,32,0,1,8,,0,0,0.0
reuse_R1_k8,pg19,2,1,114,0,32,2,1,8,,0,0,0.0
reuse_R1_k8,pg19,2,1,115,0,32,4,1,8,,0,0,0.0
reuse_R1_k8,pg19,2,1,116,0,32,4,1,8,,0,0,0.0
reuse_R1_k8,pg19,2,1,117,0,32,4,1,8,,0,0,0.0
reuse_R1_k8,pg19,2,1,118,0,32,4,1,8,,0,0,0.0
reuse_R1_k8,pg19,2,1,119,0,32,1,1,8,,0,0,0.0
reuse_R1_k8,pg19,2,1,120,0,32,4,1,8,,0,0,0.0
reuse_R1_k8,pg19,2,1,121,0,32,0,1,8,,0,0,0.0
reuse_R1_k8,pg19,2,1,122,0,32,4,1,8,,0,0,0.0
reuse_R1_k8,pg19,2,1,123,0,32,2,1,8,,0,0,0.0
reuse_R1_k8,pg19,2,1,124,0,32,4,1,8,,0,0,0.0
reuse_R1_k8,pg19,2,1,125,0,32,4,1,8,,0,0,0.0
reuse_R1_k8,pg19,2,1,126,0,32,4,1,8,,0,0,0.0
reuse_R1_k8,pg19,2,1,127,0,32,4,1,8,,0,0,0.0
reuse_R1_k8,pg19,2,1,128,0,32,2,1,8,,0,0,0.0
reuse_R1_k8,pg19,2,1,129,0,32,2,1,8,,0,0,0.0
reuse_R1_k8,pg19,2,1,130,0,32,1,1,8,,0,0,0.0
reuse_R1_k8,pg19,2,1,131,0,32,2,1,8,,0,0,0.0
reuse_R1_k8,pg19,2,1,132,0,32,4,1,8,,0,0,0.0
reuse_R1_k8,pg19,2,1,133,0,32,4,1,8,,0,0,0.0
reuse_R1_k8,pg19,2,1,134,0,32,4,1,8,,0,0,0.0
reuse_R1_k8,pg19,2,1,135,0,32,4,1,8,,0,0,0.0
reuse_R1_k8,pg19,2,1,136,0,32,4,1,8,,0,0,0.0
reuse_R1_k8,pg19,2,1,137,0,32,4,1,8,,0,0,0.0
reuse_R1_k8,pg19,2,1,138,0,32,4,1,8,,0,0,0.0
reuse_R1_k16,pg19,2,1,0,0,32,1,1,16,,0,0,0.0
reuse_R1_k16,pg19,2,1,1,0,32,0,1,16,,0,0,0.0
reuse_R1_k16,pg19,2,1,2,0,32,3,1,16,,0,0,0.0
reuse_R1_k16,pg19,2,1,3,0,32,2,1,16,,0,0,0.0
reuse_R1_k16,pg19,2,1,4,0,32,2,1,16,,0,0,0.0
reuse_R1_k16,pg19,2,1,5,0,32,4,1,16,,0,0,0.0
reuse_R1_k16,pg19,2,1,6,0,32,4,1,16,,0,0,0.0
reuse_R1_k16,pg19,2,1,7,0,32,0,1,16,,0,0,0.0
reuse_R1_k16,pg19,2,1,8,0,32,0,1,16,,0,0,0.0
reuse_R1_k16,pg19,2,1,9,0,32,2,1,16,,0,0,0.0
reuse_R1_k16,pg19,2,1,10,0,32,1,1,16,,0,0,0.0
reuse_R1_k16,pg19,2,1,11,0,32,2,1,16,,0,0,0.0
reuse_R1_k16,pg19,2,1,12,0,32,1,1,16,,0,0,0.0
reuse_R1_k16,pg19,2,1,13,0,32,4,1,16,,0,0,0.0
reuse_R1_k16,pg19,2,1,14,0,32,4,1,16,,0,0,0.0
reuse_R1_k16,pg19,2,1,15,0,32,4,1,16,,0,0,0.0
reuse_R1_k16,pg19,2,1,16,0,32,3,1,16,,0,0,0.0
reuse_R1_k16,pg19,2,1,17,0,32,4,1,16,,0,0,0.0
reuse_R1_k16,pg19,2,1,18,0,32,4,1,16,,0,0,0.0
reuse_R1_k16,pg19,2,1,19,0,32,3,1,16,,0,0,0.0
reuse_R1_k16,pg19,2,1,20,0,32,2,1,16,,0,0,0.0
reuse_R1_k16,pg19,2,1,21,0,32,1,1,16,,0,0,0.0
reuse_R1_k16,pg19,2,1,22,0,32,1,1,16,,0,0,0.0
reuse_R1_k16,pg19,2,1,23,0,32,1,1,16,,0,0,0.0
reuse_R1_k16,pg19,2,1,24,0,32,4,1,16,,0,0,0.0
reuse_R1_k16,pg19,2,1,25,0,32,3,1,16,,0,0,0.0
reuse_R1_k16,pg19,2,1,26,0,32,3,1,16,,0,0,0.0
reuse_R1_k16,pg19,2,1,27,0,32,3,1,16,,0,0,0.0
reuse_R1_k16,pg19,2,1,28,0,32,4,1,16,,0,0,0.0
reuse_R1_k16,pg19,2,1,29,0,32,4,1,16,,0,0,0.0
reuse_R1_k16,pg19,2,1,30,0,32,2,1,16,,0,0,0.0
reuse_R1_k16,pg19,2,1,31,0,32,0,1,16,,0,0,0.0
reuse_R1_k16,pg19,2,1,32,0,32,0,1,16,,0,0,0.0
reuse_R1_k16,pg19,2,1,33,0,32,1,1,16,,0,0,0.0
reuse_R1_k16,pg19,2,1,34,0,32,4,1,16,,0,0,0.0
reuse_R1_k16,pg19,2,1,35,0,32,2,1,16,,0,0,0.0
reuse_R1_k16,pg19,2,1,36,0,32,3,1,16,,0,0,0.0
reuse_R1_k16,pg19,2,1,37,0,32,3,1,16,,0,0,0.0
reuse_R1_k16,pg19,2,1,38,0,32,4,1,16,,0,0,0.0
reuse_R1_k16,pg19,2,1,39,0,32,4,1,16,,0,0,0.0
reuse_R1_k16,pg19,2,1,40,0,32,3,1,16,,0,0,0.0
reuse_R1_k16,pg19,2,1,41,0,32,3,1,16,,0,0,0.0
reuse_R1_k16,pg19,2,1,42,0,32,2,1,16,,0,0,0.0
reuse_R1_k16,pg19,2,1,43,0,32,4,1,16,,0,0,0.0
reuse_R1_k16,pg19,2,1,44,0,32,4,1,16,,0,0,0.0
reuse_R1_k16,pg19,2,1,45,0,32,4,1,16,,0,0,0.0
reuse_R1_k16,pg19,2,1,46,0,32,3,1,16,,0,0,0.0
reuse_R1_k16,pg19,2,1,47,0,32,1,1,16,,0,0,0.0
reuse_R1_k16,pg19,2,1,48,0,32,3,1,16,,0,0,0.0
reuse_R1_k16,pg19,2,1,49,0,32,1,1,16,,0,0,0.0
reuse_R1_k16,pg19,2,1,50,0,32,4,1,16,,0,0,0.0
reuse_R1_k16,pg19,2,1,51,0,32,2,1,16,,0,0,0.0
reuse_R1_k16,pg19,2,1,52,0,32,4,1,16,,0,0,0.0
reuse_R1_k16,pg19,2,1,53,0,32,3,1,16,,0,0,0.0
reuse_R1_k16,pg19,2,1,54,0,32,4,1,16,,0,0,0.0
reuse_R1_k16,pg19,2,1,55,0,32,3,1,16,,0,0,0.0
reuse_R1_k16,pg19,2,1,56,0,32,3,1,16,,0,0,0.0
reuse_R1_k16,pg19,2,1,57,0,32,4,1,16,,0,0,0.0
reuse_R1_k16,pg19,2,1,58,0,32,2,1,16,,0,0,0.0
reuse_R1_k16,pg19,2,1,59,0,32,2,1,16,,0,0,0.0
reuse_R1_k16,pg19,2,1,60,0,32,1,1,16,,0,0,0.0
reuse_R1_k16,pg19,2,1,61,0,32,1,1,16,,0,0,0.0
reuse_R1_k16,pg19,2,1,62,0,32,4,1,16,,0,0,0.0
reuse_R1_k16,pg19,2,1,63,0,32,4,1,16,,0,0,0.0
reuse_R1_k16,pg19,2,1,64,0,32,4,1,16,,0,0,0.0
reuse_R1_k16,pg19,2,1,65,0,32,3,1,16,,0,0,0.0
reuse_R1_k16,pg19,2,1,66,0,32,4,1,16,,0,0,0.0
reuse_R1_k16,pg19,2,1,67,0,32,4,1,16,,0,0,0.0
reuse_R1_k16,pg19,2,1,68,0,32,4,1,16,,0,0,0.0
reuse_R1_k16,pg19,2,1,69,0,32,4,1,16,,0,0,0.0
reuse_R1_k16,pg19,2,1,70,0,32,4,1,16,,0,0,0.0
reuse_R1_k16,pg19,2,1,71,0,32,4,1,16,,0,0,0.0
reuse_R1_k16,pg19,2,1,72,0,32,4,1,16,,0,0,0.0
reuse_R1_k16,pg19,2,1,73,0,32,0,1,16,,0,0,0.0
reuse_R1_k16,pg19,2,1,74,0,32,1,1,16,,0,0,0.0
reuse_R1_k16,pg19,2,1,75,0,32,1,1,16,,0,0,0.0
reuse_R1_k16,pg19,2,1,76,0,32,3,1,16,,0,0,0.0
reuse_R1_k16,pg19,2,1,77,0,32,1,1,16,,0,0,0.0
reuse_R1_k16,pg19,2,1,78,0,32,4,1,16,,0,0,0.0
reuse_R1_k16,pg19,2,1,79,0,32,1,1,16,,0,0,0.0
reuse_R1_k16,pg19,2,1,80,0,32,4,1,16,,0,0,0.0
reuse_R1_k16,pg19,2,1,81,0,32,0,1,16,,0,0,0.0
reuse_R1_k16,pg19,2,1,82,0,32,4,1,16,,0,0,0.0
reuse_R1_k16,pg19,2,1,83,0,32,3,1,16,,0,0,0.0
reuse_R1_k16,pg19,2,1,84,0,32,1,1,16,,0,0,0.0
reuse_R1_k16,pg19,2,1,85,0,32,1,1,16,,0,0,0.0
reuse_R1_k16,pg19,2,1,86,0,32,1,1,16,,0,0,0.0
reuse_R1_k16,pg19,2,1,87,0,32,2,1,16,,0,0,0.0
reuse_R1_k16,pg19,2,1,88,0,32,2,1,16,,0,0,0.0
reuse_R1_k16,pg19,2,1,89,0,32,3,1,16,,0,0,0.0
reuse_R1_k16,pg19,2,1,90,0,32,0,1,16,,0,0,0.0
reuse_R1_k16,pg19,2,1,91,0,32,4,1,16,,0,0,0.0
reuse_R1_k16,pg19,2,1,92,0,32,2,1,16,,0,0,0.0
reuse_R1_k16,pg19,2,1,93,0,32,0,1,16,,0,0,0.0
reuse_R1_k16,pg19,2,1,94,0,32,1,1,16,,0,0,0.0
reuse_R1_k16,pg19,2,1,95,0,32,3,1,16,,0,0,0.0
reuse_R1_k16,pg19,2,1,96,0,32,4,1,16,,0,0,0.0
reuse_R1_k16,pg19,2,1,97,0,32,2,1,16,,0,0,0.0
reuse_R1_k16,pg19,2,1,98,0,32,3,1,16,,0,0,0.0
reuse_R1_k16,pg19,2,1,99,0,32,4,1,16,,0,0,0.0
reuse_R1_k16,pg19,2,1,100,0,32,4,1,16,,0,0,0.0
reuse_R1_k16,pg19,2,1,101,0,32,4,1,16,,0,0,0.0
reuse_R1_k16,pg19,2,1,102,0,32,3,1,16,,0,0,0.0
reuse_R1_k16,pg19,2,1,103,0,32,0,1,16,,0,0,0.0
reuse_R1_k16,pg19,2,1,104,0,32,0,1,16,,0,0,0.0
reuse_R1_k16,pg19,2,1,105,0,32,3,1,16,,0,0,0.0
reuse_R1_k16,pg19,2,1,106,0,32,4,1,16,,0,0,0.0
reuse_R1_k16,pg19,2,1,107,0,32,4,1,16,,0,0,0.0
reuse_R1_k16,pg19,2,1,108,0,32,1,1,16,,0,0,0.0
reuse_R1_k16,pg19,2,1,109,0,32,4,1,16,,0,0,0.0
reuse_R1_k16,pg19,2,1,110,0,32,4,1,16,,0,0,0.0
reuse_R1_k16,pg19,2,1,111,0,32,4,1,16,,0,0,0.0
reuse_R1_k16,pg19,2,1,112,0,32,4,1,16,,0,0,0.0
reuse_R1_k16,pg19,2,1,113,0,32,0,1,16,,0,0,0.0
reuse_R1_k16,pg19,2,1,114,0,32,2,1,16,,0,0,0.0
reuse_R1_k16,pg19,2,1,115,0,32,4,1,16,,0,0,0.0
reuse_R1_k16,pg19,2,1,116,0,32,2,1,16,,0,0,0.0
reuse_R1_k16,pg19,2,1,117,0,32,4,1,16,,0,0,0.0
reuse_R1_k16,pg19,2,1,118,0,32,4,1,16,,0,0,0.0
reuse_R1_k16,pg19,2,1,119,0,32,3,1,16,,0,0,0.0
reuse_R1_k16,pg19,2,1,120,0,32,4,1,16,,0,0,0.0
reuse_R1_k16,pg19,2,1,121,0,32,0,1,16,,0,0,0.0
reuse_R1_k16,pg19,2,1,122,0,32,4,1,16,,0,0,0.0
reuse_R1_k16,pg19,2,1,123,0,32,2,1,16,,0,0,0.0
reuse_R1_k16,pg19,2,1,124,0,32,4,1,16,,0,0,0.0
reuse_R1_k16,pg19,2,1,125,0,32,4,1,16,,0,0,0.0
reuse_R1_k16,pg19,2,1,126,0,32,4,1,16,,0,0,0.0
reuse_R1_k16,pg19,2,1,127,0,32,4,1,16,,0,0,0.0
reuse_R1_k16,pg19,2,1,128,0,32,2,1,16,,0,0,0.0
reuse_R1_k16,pg19,2,1,129,0,32,2,1,16,,0,0,0.0
reuse_R1_k16,pg19,2,1,130,0,32,1,1,16,,0,0,0.0
reuse_R1_k16,pg19,2,1,131,0,32,3,1,16,,0,0,0.0
reuse_R1_k16,pg19,2,1,132,0,32,4,1,16,,0,0,0.0
reuse_R1_k16,pg19,2,1,133,0,32,4,1,16,,0,0,0.0
reuse_R1_k16,pg19,2,1,134,0,32,3,1,16,,0,0,0.0
reuse_R1_k16,pg19,2,1,135,0,32,4,1,16,,0,0,0.0
reuse_R1_k16,pg19,2,1,136,0,32,4,1,16,,0,0,0.0
reuse_R1_k16,pg19,2,1,137,0,32,4,1,16,,0,0,0.0
reuse_R1_k16,pg19,2,1,138,0,32,4,1,16,,0,0,0.0
reuse_R2_k8,pg19,2,2,0,0,32,1,1,8,,0,0,0.0
reuse_R2_k8,pg19,2,2,1,1,32,0,0,8,,0,0,0.0
reuse_R2_k8,pg19,2,2,2,0,32,3,1,8,,0,0,0.0
reuse_R2_k8,pg19,2,2,3,1,32,2,0,8,,0,0,0.0
reuse_R2_k8,pg19,2,2,4,0,32,2,1,8,,0,0,0.0
reuse_R2_k8,pg19,2,2,5,1,32,3,0,8,,0,0,0.0
reuse_R2_k8,pg19,2,2,6,0,32,3,1,8,,0,0,0.0
reuse_R2_k8,pg19,2,2,7,1,32,1,0,8,,0,0,0.0
reuse_R2_k8,pg19,2,2,8,0,32,0,1,8,,0,0,0.0
reuse_R2_k8,pg19,2,2,9,1,32,0,0,8,,0,0,0.0
reuse_R2_k8,pg19,2,2,10,0,32,2,1,8,,0,0,0.0
reuse_R2_k8,pg19,2,2,11,1,32,0,0,8,,0,0,0.0
reuse_R2_k8,pg19,2,2,12,0,32,1,1,8,,0,0,0.0
reuse_R2_k8,pg19,2,2,13,1,32,1,0,8,,0,0,0.0
reuse_R2_k8,pg19,2,2,14,0,32,3,1,8,,0,0,0.0
reuse_R2_k8,pg19,2,2,15,1,32,2,0,8,,0,0,0.0
reuse_R2_k8,pg19,2,2,16,0,32,4,1,8,,0,0,0.0
reuse_R2_k8,pg19,2,2,17,1,32,4,0,8,,0,0,0.0
reuse_R2_k8,pg19,2,2,18,0,32,2,1,8,,0,0,0.0
reuse_R2_k8,pg19,2,2,19,1,32,4,0,8,,0,0,0.0
reuse_R2_k8,pg19,2,2,20,0,32,4,1,8,,0,0,0.0
reuse_R2_k8,pg19,2,2,21,1,32,4,0,8,,0,0,0.0
reuse_R2_k8,pg19,2,2,22,0,32,2,1,8,,0,0,0.0
reuse_R2_k8,pg19,2,2,23,1,32,0,0,8,,0,0,0.0
reuse_R2_k8,pg19,2,2,24,0,32,2,1,8,,0,0,0.0
reuse_R2_k8,pg19,2,2,25,1,32,0,0,8,,0,0,0.0
reuse_R2_k8,pg19,2,2,26,0,32,4,1,8,,0,0,0.0
reuse_R2_k8,pg19,2,2,27,1,32,3,0,8,,0,0,0.0
reuse_R2_k8,pg19,2,2,28,0,32,3,1,8,,0,0,0.0
reuse_R2_k8,pg19,2,2,29,1,32,1,0,8,,0,0,0.0
reuse_R2_k8,pg19,2,2,30,0,32,2,1,8,,0,0,0.0
reuse_R2_k8,pg19,2,2,31,1,32,3,0,8,,0,0,0.0
reuse_R2_k8,pg19,2,2,32,0,32,4,1,8,,0,0,0.0
reuse_R2_k8,pg19,2,2,33,1,32,1,0,8,,0,0,0.0
reuse_R2_k8,pg19,2,2,34,0,32,1,1,8,,0,0,0.0
reuse_R2_k8,pg19,2,2,35,1,32,0,0,8,,0,0,0.0
reuse_R2_k8,pg19,2,2,36,0,32,0,1,8,,0,0,0.0
reuse_R2_k8,pg19,2,2,37,1,32,1,0,8,,0,0,0.0
reuse_R2_k8,pg19,2,2,38,0,32,4,1,8,,0,0,0.0
reuse_R2_k8,pg19,2,2,39,1,32,4,0,8,,0,0,0.0
reuse_R2_k8,pg19,2,2,40,0,32,1,1,8,,0,0,0.0
reuse_R2_k8,pg19,2,2,41,1,32,3,0,8,,0,0,0.0
reuse_R2_k8,pg19,2,2,42,0,32,4,1,8,,0,0,0.0
reuse_R2_k8,pg19,2,2,43,1,32,4,0,8,,0,0,0.0
reuse_R2_k8,pg19,2,2,44,0,32,2,1,8,,0,0,0.0
reuse_R2_k8,pg19,2,2,45,1,32,4,0,8,,0,0,0.0
reuse_R2_k8,pg19,2,2,46,0,32,3,1,8,,0,0,0.0
reuse_R2_k8,pg19,2,2,47,1,32,4,0,8,,0,0,0.0
reuse_R2_k8,pg19,2,2,48,0,32,4,1,8,,0,0,0.0
reuse_R2_k8,pg19,2,2,49,1,32,4,0,8,,0,0,0.0
reuse_R2_k8,pg19,2,2,50,0,32,2,1,8,,0,0,0.0
reuse_R2_k8,pg19,2,2,51,1,32,1,0,8,,0,0,0.0
reuse_R2_k8,pg19,2,2,52,0,32,3,1,8,,0,0,0.0
reuse_R2_k8,pg19,2,2,53,1,32,1,0,8,,0,0,0.0
reuse_R2_k8,pg19,2,2,54,0,32,4,1,8,,0,0,0.0
reuse_R2_k8,pg19,2,2,55,1,32,2,0,8,,0,0,0.0
reuse_R2_k8,pg19,2,2,56,0,32,4,1,8,,0,0,0.0
reuse_R2_k8,pg19,2,2,57,1,32,3,0,8,,0,0,0.0
reuse_R2_k8,pg19,2,2,58,0,32,3,1,8,,0,0,0.0
reuse_R2_k8,pg19,2,2,59,1,32,3,0,8,,0,0,0.0
reuse_R2_k8,pg19,2,2,60,0,32,2,1,8,,0,0,0.0
reuse_R2_k8,pg19,2,2,61,1,32,4,0,8,,0,0,0.0
reuse_R2_k8,pg19,2,2,62,0,32,3,1,8,,0,0,0.0
reuse_R2_k8,pg19,2,2,63,1,32,2,0,8,,0,0,0.0
reuse_R2_k8,pg19,2,2,64,0,32,2,1,8,,0,0,0.0
reuse_R2_k8,pg19,2,2,65,1,32,1,0,8,,0,0,0.0
reuse_R2_k8,pg19,2,2,66,0,32,0,1,8,,0,0,0.0
reuse_R2_k8,pg19,2,2,67,1,32,3,0,8,,0,0,0.0
reuse_R2_k8,pg19,2,2,68,0,32,4,1,8,,0,0,0.0
reuse_R2_k8,pg19,2,2,69,1,32,4,0,8,,0,0,0.0
reuse_R2_k8,pg19,2,2,70,0,32,4,1,8,,0,0,0.0
reuse_R2_k8,pg19,2,2,71,1,32,4,0,8,,0,0,0.0
reuse_R2_k8,pg19,2,2,72,0,32,4,1,8,,0,0,0.0
reuse_R2_k8,pg19,2,2,73,1,32,4,0,8,,0,0,0.0
reuse_R2_k8,pg19,2,2,74,0,32,4,1,8,,0,0,0.0
reuse_R2_k8,pg19,2,2,75,1,32,4,0,8,,0,0,0.0
reuse_R2_k8,pg19,2,2,76,0,32,4,1,8,,0,0,0.0
reuse_R2_k8,pg19,2,2,77,1,32,4,0,8,,0,0,0.0
reuse_R2_k8,pg19,2,2,78,0,32,1,1,8,,0,0,0.0
reuse_R2_k8,pg19,2,2,79,1,32,3,0,8,,0,0,0.0
reuse_R2_k8,pg19,2,2,80,0,32,1,1,8,,0,0,0.0
reuse_R2_k8,pg19,2,2,81,1,32,1,0,8,,0,0,0.0
reuse_R2_k8,pg19,2,2,82,0,32,4,1,8,,0,0,0.0
reuse_R2_k8,pg19,2,2,83,1,32,1,0,8,,0,0,0.0
reuse_R2_k8,pg19,2,2,84,0,32,4,1,8,,0,0,0.0
reuse_R2_k8,pg19,2,2,85,1,32,1,0,8,,0,0,0.0
reuse_R2_k8,pg19,2,2,86,0,32,4,1,8,,0,0,0.0
reuse_R2_k8,pg19,2,2,87,1,32,4,0,8,,0,0,0.0
reuse_R2_k8,pg19,2,2,88,0,32,1,1,8,,0,0,0.0
reuse_R2_k8,pg19,2,2,89,1,32,4,0,8,,0,0,0.0
reuse_R2_k8,pg19,2,2,90,0,32,2,1,8,,0,0,0.0
reuse_R2_k8,pg19,2,2,91,1,32,3,0,8,,0,0,0.0
reuse_R2_k8,pg19,2,2,92,0,32,0,1,8,,0,0,0.0
reuse_R2_k8,pg19,2,2,93,1,32,4,0,8,,0,0,0.0
reuse_R2_k8,pg19,2,2,94,0,32,2,1,8,,0,0,0.0
reuse_R2_k8,pg19,2,2,95,1,32,1,0,8,,0,0,0.0
reuse_R2_k8,pg19,2,2,96,0,32,3,1,8,,0,0,0.0
reuse_R2_k8,pg19,2,2,97,1,32,0,0,8,,0,0,0.0
reuse_R2_k8,pg19,2,2,98,0,32,4,1,8,,0,0,0.0
reuse_R2_k8,pg19,2,2,99,1,32,2,0,8,,0,0,0.0
reuse_R2_k8,pg19,2,2,100,0,32,3,1,8,,0,0,0.0
reuse_R2_k8,pg19,2,2,101,1,32,4,0,8,,0,0,0.0
reuse_R2_k8,pg19,2,2,102,0,32,4,1,8,,0,0,0.0
reuse_R2_k8,pg19,2,2,103,1,32,4,0,8,,0,0,0.0
reuse_R2_k8,pg19,2,2,104,0,32,3,1,8,,0,0,0.0
reuse_R2_k8,pg19,2,2,105,1,32,0,0,8,,0,0,0.0
reuse_R2_k8,pg19,2,2,106,0,32,0,1,8,,0,0,0.0
reuse_R2_k8,pg19,2,2,107,1,32,3,0,8,,0,0,0.0
reuse_R2_k8,pg19,2,2,108,0,32,4,1,8,,0,0,0.0
reuse_R2_k8,pg19,2,2,109,1,32,4,0,8,,0,0,0.0
reuse_R2_k8,pg19,2,2,110,0,32,1,1,8,,0,0,0.0
reuse_R2_k8,pg19,2,2,111,1,32,4,0,8,,0,0,0.0
reuse_R2_k8,pg19,2,2,112,0,32,4,1,8,,0,0,0.0
reuse_R2_k8,pg19,2,2,113,1,32,4,0,8,,0,0,0.0
reuse_R2_k8,pg19,2,2,114,0,32,4,1,8,,0,0,0.0
reuse_R2_k8,pg19,2,2,115,1,32,0,0,8,,0,0,0.0
reuse_R2_k8,pg19,2,2,116,0,32,2,1,8,,0,0,0.0
reuse_R2_k8,pg19,2,2,117,1,32,4,0,8,,0,0,0.0
reuse_R2_k8,pg19,2,2,118,0,32,4,1,8,,0,0,0.0
reuse_R2_k8,pg19,2,2,119,1,32,4,0,8,,0,0,0.0
reuse_R2_k8,pg19,2,2,120,0,32,4,1,8,,0,0,0.0
reuse_R2_k8,pg19,2,2,121,1,32,1,0,8,,0,0,0.0
reuse_R2_k8,pg19,2,2,122,0,32,4,1,8,,0,0,0.0
reuse_R2_k8,pg19,2,2,123,1,32,0,0,8,,0,0,0.0
reuse_R2_k8,pg19,2,2,124,0,32,4,1,8,,0,0,0.0
reuse_R2_k8,pg19,2,2,125,1,32,2,0,8,,0,0,0.0
reuse_R2_k8,pg19,2,2,126,0,32,4,1,8,,0,0,0.0
reuse_R2_k8,pg19,2,2,127,1,32,4,0,8,,0,0,0.0
reuse_R2_k8,pg19,2,2,128,0,32,4,1,8,,0,0,0.0
reuse_R2_k8,pg19,2,2,129,1,32,4,0,8,,0,0,0.0
reuse_R2_k8,pg19,2,2,130,0,32,2,1,8,,0,0,0.0
reuse_R2_k8,pg19,2,2,131,1,32,2,0,8,,0,0,0.0
reuse_R2_k8,pg19,2,2,132,0,32,1,1,8,,0,0,0.0
reuse_R2_k8,pg19,2,2,133,1,32,3,0,8,,0,0,0.0
reuse_R2_k8,pg19,2,2,134,0,32,4,1,8,,0,0,0.0
reuse_R2_k8,pg19,2,2,135,1,32,4,0,8,,0,0,0.0
reuse_R2_k8,pg19,2,2,136,0,32,4,1,8,,0,0,0.0
reuse_R2_k8,pg19,2,2,137,1,32,4,0,8,,0,0,0.0
reuse_R2_k8,pg19,2,2,138,0,32,4,1,8,,0,0,0.0
reuse_R2_k8,pg19,2,2,139,1,32,4,0,8,,0,0,0.0
reuse_R2_k8,pg19,2,2,140,0,32,4,1,8,,0,0,0.0
reuse_R2_k16,pg19,2,2,0,0,32,1,1,16,,0,0,0.0
reuse_R2_k16,pg19,2,2,1,1,32,0,0,16,,0,0,0.0
reuse_R2_k16,pg19,2,2,2,0,32,3,1,16,,0,0,0.0
reuse_R2_k16,pg19,2,2,3,1,32,2,0,16,,0,0,0.0
reuse_R2_k16,pg19,2,2,4,0,32,2,1,16,,0,0,0.0
reuse_R2_k16,pg19,2,2,5,1,32,4,0,16,,0,0,0.0
reuse_R2_k16,pg19,2,2,6,0,32,4,1,16,,0,0,0.0
reuse_R2_k16,pg19,2,2,7,1,32,0,0,16,,0,0,0.0
reuse_R2_k16,pg19,2,2,8,0,32,0,1,16,,0,0,0.0
reuse_R2_k16,pg19,2,2,9,1,32,2,0,16,,0,0,0.0
reuse_R2_k16,pg19,2,2,10,0,32,1,1,16,,0,0,0.0
reuse_R2_k16,pg19,2,2,11,1,32,1,0,16,,0,0,0.0
reuse_R2_k16,pg19,2,2,12,0,32,1,1,16,,0,0,0.0
reuse_R2_k16,pg19,2,2,13,1,32,3,0,16,,0,0,0.0
reuse_R2_k16,pg19,2,2,14,0,32,1,1,16,,0,0,0.0
reuse_R2_k16,pg19,2,2,15,1,32,4,0,16,,0,0,0.0
reuse_R2_k16,pg19,2,2,16,0,32,4,1,16,,0,0,0.0
reuse_R2_k16,pg19,2,2,17,1,32,3,0,16,,0,0,0.0
reuse_R2_k16,pg19,2,2,18,0,32,4,1,16,,0,0,0.0
reuse_R2_k16,pg19,2,2,19,1,32,4,0,16,,0,0,0.0
reuse_R2_k16,pg19,2,2,20,0,32,3,1,16,,0,0,0.0
reuse_R2_k16,pg19,2,2,21,1,32,2,0,16,,0,0,0.0
reuse_R2_k16,pg19,2,2,22,0,32,1,1,16,,0,0,0.0
reuse_R2_k16,pg19,2,2,23,1,32,1,0,16,,0,0,0.0
reuse_R2_k16,pg19,2,2,24,0,32,1,1,16,,0,0,0.0
reuse_R2_k16,pg19,2,2,25,1,32,3,0,16,,0,0,0.0
reuse_R2_k16,pg19,2,2,26,0,32,3,1,16,,0,0,0.0
reuse_R2_k16,pg19,2,2,27,1,32,4,0,16,,0,0,0.0
reuse_R2_k16,pg19,2,2,28,0,32,3,1,16,,0,0,0.0
reuse_R2_k16,pg19,2,2,29,1,32,4,0,16,,0,0,0.0
reuse_R2_k16,pg19,2,2,30,0,32,4,1,16,,0,0,0.0
reuse_R2_k16,pg19,2,2,31,1,32,2,0,16,,0,0,0.0
reuse_R2_k16,pg19,2,2,32,0,32,0,1,16,,0,0,0.0
reuse_R2_k16,pg19,2,2,33,1,32,0,0,16,,0,0,0.0
reuse_R2_k16,pg19,2,2,34,0,32,1,1,16,,0,0,0.0
reuse_R2_k16,pg19,2,2,35,1,32,4,0,16,,0,0,0.0
reuse_R2_k16,pg19,2,2,36,0,32,2,1,16,,0,0,0.0
reuse_R2_k16,pg19,2,2,37,1,32,3,0,16,,0,0,0.0
reuse_R2_k16,pg19,2,2,38,0,32,3,1,16,,0,0,0.0
reuse_R2_k16,pg19,2,2,39,1,32,4,0,16,,0,0,0.0
reuse_R2_k16,pg19,2,2,40,0,32,4,1,16,,0,0,0.0
reuse_R2_k16,pg19,2,2,41,1,32,2,0,16,,0,0,0.0
reuse_R2_k16,pg19,2,2,42,0,32,4,1,16,,0,0,0.0
reuse_R2_k16,pg19,2,2,43,1,32,3,0,16,,0,0,0.0
reuse_R2_k16,pg19,2,2,44,0,32,4,1,16,,0,0,0.0
reuse_R2_k16,pg19,2,2,45,1,32,4,0,16,,0,0,0.0
reuse_R2_k16,pg19,2,2,46,0,32,4,1,16,,0,0,0.0
reuse_R2_k16,pg19,2,2,47,1,32,2,0,16,,0,0,0.0
reuse_R2_k16,pg19,2,2,48,0,32,1,1,16,,0,0,0.0
reuse_R2_k16,pg19,2,2,49,1,32,3,0,16,,0,0,0.0
reuse_R2_k16,pg19,2,2,50,0,32,1,1,16,,0,0,0.0
reuse_R2_k16,pg19,2,2,51,1,32,4,0,16,,0,0,0.0
reuse_R2_k16,pg19,2,2,52,0,32,2,1,16,,0,0,0.0
reuse_R2_k16,pg19,2,2,53,1,32,4,0,16,,0,0,0.0
reuse_R2_k16,pg19,2,2,54,0,32,3,1,16,,0,0,0.0
reuse_R2_k16,pg19,2,2,55,1,32,4,0,16,,0,0,0.0
reuse_R2_k16,pg19,2,2,56,0,32,3,1,16,,0,0,0.0
reuse_R2_k16,pg19,2,2,57,1,32,3,0,16,,0,0,0.0
reuse_R2_k16,pg19,2,2,58,0,32,4,1,16,,0,0,0.0
reuse_R2_k16,pg19,2,2,59,1,32,1,0,16,,0,0,0.0
reuse_R2_k16,pg19,2,2,60,0,32,3,1,16,,0,0,0.0
reuse_R2_k16,pg19,2,2,61,1,32,1,0,16,,0,0,0.0
reuse_R2_k16,pg19,2,2,62,0,32,1,1,16,,0,0,0.0
reuse_R2_k16,pg19,2,2,63,1,32,4,0,16,,0,0,0.0
reuse_R2_k16,pg19,2,2,64,0,32,4,1,16,,0,0,0.0
reuse_R2_k16,pg19,2,2,65,1,32,4,0,16,,0,0,0.0
reuse_R2_k16,pg19,2,2,66,0,32,3,1,16,,0,0,0.0
reuse_R2_k16,pg19,2,2,67,1,32,4,0,16,,0,0,0.0
reuse_R2_k16,pg19,2,2,68,0,32,4,1,16,,0,0,0.0
reuse_R2_k16,pg19,2,2,69,1,32,4,0,16,,0,0,0.0
reuse_R2_k16,pg19,2,2,70,0,32,4,1,16,,0,0,0.0
reuse_R2_k16,pg19,2,2,71,1,32,4,0,16,,0,0,0.0
reuse_R2_k16,pg19,2,2,72,0,32,4,1,16,,0,0,0.0
reuse_R2_k16,pg19,2,2,73,1,32,4,0,16,,0,0,0.0
reuse_R2_k16,pg19,2,2,74,0,32,0,1,16,,0,0,0.0
reuse_R2_k16,pg19,2,2,75,1,32,1,0,16,,0,0,0.0
reuse_R2_k16,pg19,2,2,76,0,32,3,1,16,,0,0,0.0
reuse_R2_k16,pg19,2,2,77,1,32,1,0,16,,0,0,0.0
reuse_R2_k16,pg19,2,2,78,0,32,1,1,16,,0,0,0.0
reuse_R2_k16,pg19,2,2,79,1,32,4,0,16,,0,0,0.0
reuse_R2_k16,pg19,2,2,80,0,32,1,1,16,,0,0,0.0
reuse_R2_k16,pg19,2,2,81,1,32,4,0,16,,0,0,0.0
reuse_R2_k16,pg19,2,2,82,0,32,0,1,16,,0,0,0.0
reuse_R2_k16,pg19,2,2,83,1,32,4,0,16,,0,0,0.0
reuse_R2_k16,pg19,2,2,84,0,32,4,1,16,,0,0,0.0
reuse_R2_k16,pg19,2,2,85,1,32,0,0,16,,0,0,0.0
reuse_R2_k16,pg19,2,2,86,0,32,1,1,16,,0,0,0.0
reuse_R2_k16,pg19,2,2,87,1,32,1,0,16,,0,0,0.0
reuse_R2_k16,pg19,2,2,88,0,32,2,1,16,,0,0,0.0
reuse_R2_k16,pg19,2,2,89,1,32,4,0,16,,0,0,0.0
reuse_R2_k16,pg19,2,2,90,0,32,1,1,16,,0,0,0.0
reuse_R2_k16,pg19,2,2,91,1,32,0,0,16,,0,0,0.0
reuse_R2_k16,pg19,2,2,92,0,32,4,1,16,,0,0,0.0
reuse_R2_k16,pg19,2,2,93,1,32,2,0,16,,0,0,0.0
reuse_R2_k16,pg19,2,2,94,0,32,0,1,16,,0,0,0.0
reuse_R2_k16,pg19,2,2,95,1,32,2,0,16,,0,0,0.0
reuse_R2_k16,pg19,2,2,96,0,32,2,1,16,,0,0,0.0
reuse_R2_k16,pg19,2,2,97,1,32,4,0,16,,0,0,0.0
reuse_R2_k16,pg19,2,2,98,0,32,2,1,16,,0,0,0.0
reuse_R2_k16,pg19,2,2,99,1,32,3,0,16,,0,0,0.0
reuse_R2_k16,pg19,2,2,100,0,32,4,1,16,,0,0,0.0
reuse_R2_k16,pg19,2,2,101,1,32,4,0,16,,0,0,0.0
reuse_R2_k16,pg19,2,2,102,0,32,4,1,16,,0,0,0.0
reuse_R2_k16,pg19,2,2,103,1,32,4,0,16,,0,0,0.0
reuse_R2_k16,pg19,2,2,104,0,32,0,1,16,,0,0,0.0
reuse_R2_k16,pg19,2,2,105,1,32,4,0,16,,0,0,0.0
reuse_R2_k16,pg19,2,2,106,0,32,4,1,16,,0,0,0.0
reuse_R2_k16,pg19,2,2,107,1,32,4,0,16,,0,0,0.0
reuse_R2_k16,pg19,2,2,108,0,32,0,1,16,,0,0,0.0
reuse_R2_k16,pg19,2,2,109,1,32,4,0,16,,0,0,0.0
reuse_R2_k16,pg19,2,2,110,0,32,4,1,16,,0,0,0.0
reuse_R2_k16,pg19,2,2,111,1,32,4,0,16,,0,0,0.0
reuse_R2_k16,pg19,2,2,112,0,32,4,1,16,,0,0,0.0
reuse_R2_k16,pg19,2,2,113,1,32,0,0,16,,0,0,0.0
reuse_R2_k16,pg19,2,2,114,0,32,2,1,16,,0,0,0.0
reuse_R2_k16,pg19,2,2,115,1,32,4,0,16,,0,0,0.0
reuse_R2_k16,pg19,2,2,116,0,32,2,1,16,,0,0,0.0
reuse_R2_k16,pg19,2,2,117,1,32,4,0,16,,0,0,0.0
reuse_R2_k16,pg19,2,2,118,0,32,4,1,16,,0,0,0.0
reuse_R2_k16,pg19,2,2,119,1,32,3,0,16,,0,0,0.0
reuse_R2_k16,pg19,2,2,120,0,32,4,1,16,,0,0,0.0
reuse_R2_k16,pg19,2,2,121,1,32,0,0,16,,0,0,0.0
reuse_R2_k16,pg19,2,2,122,0,32,3,1,16,,0,0,0.0
reuse_R2_k16,pg19,2,2,123,1,32,4,0,16,,0,0,0.0
reuse_R2_k16,pg19,2,2,124,0,32,4,1,16,,0,0,0.0
reuse_R2_k16,pg19,2,2,125,1,32,4,0,16,,0,0,0.0
reuse_R2_k16,pg19,2,2,126,0,32,4,1,16,,0,0,0.0
reuse_R2_k16,pg19,2,2,127,1,32,4,0,16,,0,0,0.0
reuse_R2_k16,pg19,2,2,128,0,32,1,1,16,,0,0,0.0
reuse_R2_k16,pg19,2,2,129,1,32,2,0,16,,0,0,0.0
reuse_R2_k16,pg19,2,2,130,0,32,1,1,16,,0,0,0.0
reuse_R2_k16,pg19,2,2,131,1,32,3,0,16,,0,0,0.0
reuse_R2_k16,pg19,2,2,132,0,32,4,1,16,,0,0,0.0
reuse_R2_k16,pg19,2,2,133,1,32,4,0,16,,0,0,0.0
reuse_R2_k16,pg19,2,2,134,0,32,4,1,16,,0,0,0.0
reuse_R2_k16,pg19,2,2,135,1,32,4,0,16,,0,0,0.0
reuse_R2_k16,pg19,2,2,136,0,32,4,1,16,,0,0,0.0
reuse_R2_k16,pg19,2,2,137,1,32,4,0,16,,0,0,0.0
reuse_R2_k16,pg19,2,2,138,0,32,4,1,16,,0,0,0.0
reuse_R4_k8,pg19,2,4,0,0,32,1,1,8,,0,0,0.0
reuse_R4_k8,pg19,2,4,1,1,32,0,0,8,,0,0,0.0
reuse_R4_k8,pg19,2,4,2,2,32,3,0,8,,0,0,0.0
reuse_R4_k8,pg19,2,4,3,3,32,3,0,8,,0,0,0.0
reuse_R4_k8,pg19,2,4,4,0,32,1,1,8,,0,0,0.0
reuse_R4_k8,pg19,2,4,5,1,32,4,0,8,,0,0,0.0
reuse_R4_k8,pg19,2,4,6,2,32,4,0,8,,0,0,0.0
reuse_R4_k8,pg19,2,4,7,3,32,0,0,8,,0,0,0.0
reuse_R4_k8,pg19,2,4,8,0,32,0,1,8,,0,0,0.0
reuse_R4_k8,pg19,2,4,9,1,32,2,0,8,,0,0,0.0
reuse_R4_k8,pg19,2,4,10,2,32,0,0,8,,0,0,0.0
reuse_R4_k8,pg19,2,4,11,3,32,1,0,8,,0,0,0.0
reuse_R4_k8,pg19,2,4,12,0,32,1,1,8,,0,0,0.0
reuse_R4_k8,pg19,2,4,13,1,32,3,0,8,,0,0,0.0
reuse_R4_k8,pg19,2,4,14,2,32,2,0,8,,0,0,0.0
reuse_R4_k8,pg19,2,4,15,3,32,4,0,8,,0,0,0.0
reuse_R4_k8,pg19,2,4,16,0,32,4,1,8,,0,0,0.0
reuse_R4_k8,pg19,2,4,17,1,32,3,0,8,,0,0,0.0
reuse_R4_k8,pg19,2,4,18,2,32,4,0,8,,0,0,0.0
reuse_R4_k8,pg19,2,4,19,3,32,4,0,8,,0,0,0.0
reuse_R4_k8,pg19,2,4,20,0,32,3,1,8,,0,0,0.0
reuse_R4_k8,pg19,2,4,21,1,32,2,0,8,,0,0,0.0
reuse_R4_k8,pg19,2,4,22,2,32,0,0,8,,0,0,0.0
reuse_R4_k8,pg19,2,4,23,3,32,0,0,8,,0,0,0.0
reuse_R4_k8,pg19,2,4,24,0,32,1,1,8,,0,0,0.0
reuse_R4_k8,pg19,2,4,25,1,32,2,0,8,,0,0,0.0
reuse_R4_k8,pg19,2,4,26,2,32,2,0,8,,0,0,0.0
reuse_R4_k8,pg19,2,4,27,3,32,3,0,8,,0,0,0.0
reuse_R4_k8,pg19,2,4,28,0,32,3,1,8,,0,0,0.0
reuse_R4_k8,pg19,2,4,29,1,32,1,0,8,,0,0,0.0
reuse_R4_k8,pg19,2,4,30,2,32,2,0,8,,0,0,0.0
reuse_R4_k8,pg19,2,4,31,3,32,3,0,8,,0,0,0.0
reuse_R4_k8,pg19,2,4,32,0,32,4,1,8,,0,0,0.0
reuse_R4_k8,pg19,2,4,33,1,32,2,0,8,,0,0,0.0
reuse_R4_k8,pg19,2,4,34,2,32,0,0,8,,0,0,0.0
reuse_R4_k8,pg19,2,4,35,3,32,0,0,8,,0,0,0.0
reuse_R4_k8,pg19,2,4,36,0,32,0,1,8,,0,0,0.0
reuse_R4_k8,pg19,2,4,37,1,32,1,0,8,,0,0,0.0
reuse_R4_k8,pg19,2,4,38,2,32,4,0,8,,0,0,0.0
reuse_R4_k8,pg19,2,4,39,3,32,4,0,8,,0,0,0.0
reuse_R4_k8,pg19,2,4,40,0,32,1,1,8,,0,0,0.0
reuse_R4_k8,pg19,2,4,41,1,32,3,0,8,,0,0,0.0
reuse_R4_k8,pg19,2,4,42,2,32,4,0,8,,0,0,0.0
reuse_R4_k8,pg19,2,4,43,3,32,4,0,8,,0,0,0.0
reuse_R4_k8,pg19,2,4,44,0,32,2,1,8,,0,0,0.0
reuse_R4_k8,pg19,2,4,45,1,32,4,0,8,,0,0,0.0
reuse_R4_k8,pg19,2,4,46,2,32,3,0,8,,0,0,0.0
reuse_R4_k8,pg19,2,4,47,3,32,4,0,8,,0,0,0.0
reuse_R4_k8,pg19,2,4,48,0,32,4,1,8,,0,0,0.0
reuse_R4_k8,pg19,2,4,49,1,32,4,0,8,,0,0,0.0
reuse_R4_k8,pg19,2,4,50,2,32,2,0,8,,0,0,0.0
reuse_R4_k8,pg19,2,4,51,3,32,1,0,8,,0,0,0.0
reuse_R4_k8,pg19,2,4,52,0,32,3,1,8,,0,0,0.0
reuse_R4_k8,pg19,2,4,53,1,32,1,0,8,,0,0,0.0
reuse_R4_k8,pg19,2,4,54,2,32,4,0,8,,0,0,0.0
reuse_R4_k8,pg19,2,4,55,3,32,2,0,8,,0,0,0.0
reuse_R4_k8,pg19,2,4,56,0,32,4,1,8,,0,0,0.0
reuse_R4_k8,pg19,2,4,57,1,32,3,0,8,,0,0,0.0
reuse_R4_k8,pg19,2,4,58,2,32,3,0,8,,0,0,0.0
reuse_R4_k8,pg19,2,4,59,3,32,3,0,8,,0,0,0.0
reuse_R4_k8,pg19,2,4,60,0,32,1,1,8,,0,0,0.0
reuse_R4_k8,pg19,2,4,61,1,32,4,0,8,,0,0,0.0
reuse_R4_k8,pg19,2,4,62,2,32,3,0,8,,0,0,0.0
reuse_R4_k8,pg19,2,4,63,3,32,3,0,8,,0,0,0.0
reuse_R4_k8,pg19,2,4,64,0,32,2,1,8,,0,0,0.0
reuse_R4_k8,pg19,2,4,65,1,32,2,0,8,,0,0,0.0
reuse_R4_k8,pg19,2,4,66,2,32,3,0,8,,0,0,0.0
reuse_R4_k8,pg19,2,4,67,3,32,4,0,8,,0,0,0.0
reuse_R4_k8,pg19,2,4,68,0,32,4,1,8,,0,0,0.0
reuse_R4_k8,pg19,2,4,69,1,32,3,0,8,,0,0,0.0
reuse_R4_k8,pg19,2,4,70,2,32,4,0,8,,0,0,0.0
reuse_R4_k8,pg19,2,4,71,3,32,4,0,8,,0,0,0.0
reuse_R4_k8,pg19,2,4,72,0,32,4,1,8,,0,0,0.0
reuse_R4_k8,pg19,2,4,73,1,32,4,0,8,,0,0,0.0
reuse_R4_k8,pg19,2,4,74,2,32,4,0,8,,0,0,0.0
reuse_R4_k8,pg19,2,4,75,3,32,4,0,8,,0,0,0.0
reuse_R4_k8,pg19,2,4,76,0,32,4,1,8,,0,0,0.0
reuse_R4_k8,pg19,2,4,77,1,32,2,0,8,,0,0,0.0
reuse_R4_k8,pg19,2,4,78,2,32,3,0,8,,0,0,0.0
reuse_R4_k8,pg19,2,4,79,3,32,1,0,8,,0,0,0.0
reuse_R4_k8,pg19,2,4,80,0,32,1,1,8,,0,0,0.0
reuse_R4_k8,pg19,2,4,81,1,32,4,0,8,,0,0,0.0
reuse_R4_k8,pg19,2,4,82,2,32,1,0,8,,0,0,0.0
reuse_R4_k8,pg19,2,4,83,3,32,4,0,8,,0,0,0.0
reuse_R4_k8,pg19,2,4,84,0,32,0,1,8,,0,0,0.0
reuse_R4_k8,pg19,2,4,85,1,32,4,0,8,,0,0,0.0
reuse_R4_k8,pg19,2,4,86,2,32,0,0,8,,0,0,0.0
reuse_R4_k8,pg19,2,4,87,3,32,4,0,8,,0,0,0.0
reuse_R4_k8,pg19,2,4,88,0,32,1,1,8,,0,0,0.0
reuse_R4_k8,pg19,2,4,89,1,32,1,0,8,,0,0,0.0
reuse_R4_k8,pg19,2,4,90,2,32,2,0,8,,0,0,0.0
reuse_R4_k8,pg19,2,4,91,3,32,2,0,8,,0,0,0.0
reuse_R4_k8,pg19,2,4,92,0,32,3,1,8,,0,0,0.0
reuse_R4_k8,pg19,2,4,93,1,32,0,0,8,,0,0,0.0
reuse_R4_k8,pg19,2,4,94,2,32,4,0,8,,0,0,0.0
reuse_R4_k8,pg19,2,4,95,3,32,2,0,8,,0,0,0.0
reuse_R4_k8,pg19,2,4,96,0,32,1,1,8,,0,0,0.0
reuse_R4_k8,pg19,2,4,97,1,32,3,0,8,,0,0,0.0
reuse_R4_k8,pg19,2,4,98,2,32,0,0,8,,0,0,0.0
reuse_R4_k8,pg19,2,4,99,3,32,4,0,8,,0,0,0.0
reuse_R4_k8,pg19,2,4,100,0,32,2,1,8,,0,0,0.0
reuse_R4_k8,pg19,2,4,101,1,32,3,0,8,,0,0,0.0
reuse_R4_k8,pg19,2,4,102,2,32,4,0,8,,0,0,0.0
reuse_R4_k8,pg19,2,4,103,3,32,2,0,8,,0,0,0.0
reuse_R4_k8,pg19,2,4,104,0,32,0,1,8,,0,0,0.0
reuse_R4_k8,pg19,2,4,105,1,32,4,0,8,,0,0,0.0
reuse_R4_k8,pg19,2,4,106,2,32,4,0,8,,0,0,0.0
reuse_R4_k8,pg19,2,4,107,3,32,0,0,8,,0,0,0.0
reuse_R4_k8,pg19,2,4,108,0,32,0,1,8,,0,0,0.0
reuse_R4_k8,pg19,2,4,109,1,32,4,0,8,,0,0,0.0
reuse_R4_k8,pg19,2,4,110,2,32,4,0,8,,0,0,0.0
reuse_R4_k8,pg19,2,4,111,3,32,4,0,8,,0,0,0.0
reuse_R4_k8,pg19,2,4,112,0,32,0,1,8,,0,0,0.0
reuse_R4_k8,pg19,2,4,113,1,32,4,0,8,,0,0,0.0
reuse_R4_k8,pg19,2,4,114,2,32,4,0,8,,0,0,0.0
reuse_R4_k8,pg19,2,4,115,3,32,4,0,8,,0,0,0.0
reuse_R4_k8,pg19,2,4,116,0,32,4,1,8,,0,0,0.0
reuse_R4_k8,pg19,2,4,117,1,32,0,0,8,,0,0,0.0
reuse_R4_k8,pg19,2,4,118,2,32,2,0,8,,0,0,0.0
reuse_R4_k8,pg19,2,4,119,3,32,4,0,8,,0,0,0.0
reuse_R4_k8,pg19,2,4,120,0,32,4,1,8,,0,0,0.0
reuse_R4_k8,pg19,2,4,121,1,32,4,0,8,,0,0,0.0
reuse_R4_k8,pg19,2,4,122,2,32,4,0,8,,0,0,0.0
reuse_R4_k8,pg19,2,4,123,3,32,1,0,8,,0,0,0.0
reuse_R4_k8,pg19,2,4,124,0,32,4,1,8,,0,0,0.0
reuse_R4_k8,pg19,2,4,125,1,32,0,0,8,,0,0,0.0
reuse_R4_k8,pg19,2,4,126,2,32,1,0,8,,0,0,0.0
reuse_R4_k8,pg19,2,4,127,3,32,4,0,8,,0,0,0.0
reuse_R4_k8,pg19,2,4,128,0,32,4,1,8,,0,0,0.0
reuse_R4_k8,pg19,2,4,129,1,32,1,0,8,,0,0,0.0
reuse_R4_k8,pg19,2,4,130,2,32,4,0,8,,0,0,0.0
reuse_R4_k8,pg19,2,4,131,3,32,4,0,8,,0,0,0.0
reuse_R4_k8,pg19,2,4,132,0,32,4,1,8,,0,0,0.0
reuse_R4_k8,pg19,2,4,133,1,32,1,0,8,,0,0,0.0
reuse_R4_k8,pg19,2,4,134,2,32,2,0,8,,0,0,0.0
reuse_R4_k8,pg19,2,4,135,3,32,1,0,8,,0,0,0.0
reuse_R4_k8,pg19,2,4,136,0,32,2,1,8,,0,0,0.0
reuse_R4_k8,pg19,2,4,137,1,32,4,0,8,,0,0,0.0
reuse_R4_k8,pg19,2,4,138,2,32,4,0,8,,0,0,0.0
reuse_R4_k8,pg19,2,4,139,3,32,4,0,8,,0,0,0.0
reuse_R4_k8,pg19,2,4,140,0,32,4,1,8,,0,0,0.0
reuse_R4_k8,pg19,2,4,141,1,32,4,0,8,,0,0,0.0
reuse_R4_k8,pg19,2,4,142,2,32,4,0,8,,0,0,0.0
reuse_R4_k8,pg19,2,4,143,3,32,4,0,8,,0,0,0.0
reuse_R4_k16,pg19,2,4,0,0,32,1,1,16,,0,0,0.0
reuse_R4_k16,pg19,2,4,1,1,32,0,0,16,,0,0,0.0
reuse_R4_k16,pg19,2,4,2,2,32,3,0,16,,0,0,0.0
reuse_R4_k16,pg19,2,4,3,3,32,2,0,16,,0,0,0.0
reuse_R4_k16,pg19,2,4,4,0,32,2,1,16,,0,0,0.0
reuse_R4_k16,pg19,2,4,5,1,32,4,0,16,,0,0,0.0
reuse_R4_k16,pg19,2,4,6,2,32,4,0,16,,0,0,0.0
reuse_R4_k16,pg19,2,4,7,3,32,0,0,16,,0,0,0.0
reuse_R4_k16,pg19,2,4,8,0,32,1,1,16,,0,0,0.0
reuse_R4_k16,pg19,2,4,9,1,32,1,0,16,,0,0,0.0
reuse_R4_k16,pg19,2,4,10,2,32,1,0,16,,0,0,0.0
reuse_R4_k16,pg19,2,4,11,3,32,2,0,16,,0,0,0.0
reuse_R4_k16,pg19,2,4,12,0,32,3,1,16,,0,0,0.0
reuse_R4_k16,pg19,2,4,13,1,32,2,0,16,,0,0,0.0
reuse_R4_k16,pg19,2,4,14,2,32,4,0,16,,0,0,0.0
reuse_R4_k16,pg19,2,4,15,3,32,4,0,16,,0,0,0.0
reuse_R4_k16,pg19,2,4,16,0,32,3,1,16,,0,0,0.0
reuse_R4_k16,pg19,2,4,17,1,32,4,0,16,,0,0,0.0
reuse_R4_k16,pg19,2,4,18,2,32,4,0,16,,0,0,0.0
reuse_R4_k16,pg19,2,4,19,3,32,3,0,16,,0,0,0.0
reuse_R4_k16,pg19,2,4,20,0,32,2,1,16,,0,0,0.0
reuse_R4_k16,pg19,2,4,21,1,32,1,0,16,,0,0,0.0
reuse_R4_k16,pg19,2,4,22,2,32,1,0,16,,0,0,0.0
reuse_R4_k16,pg19,2,4,23,3,32,0,0,16,,0,0,0.0
reuse_R4_k16,pg19,2,4,24,0,32,4,1,16,,0,0,0.0
reuse_R4_k16,pg19,2,4,25,1,32,3,0,16,,0,0,0.0
reuse_R4_k16,pg19,2,4,26,2,32,4,0,16,,0,0,0.0
reuse_R4_k16,pg19,2,4,27,3,32,3,0,16,,0,0,0.0
reuse_R4_k16,pg19,2,4,28,0,32,4,1,16,,0,0,0.0
reuse_R4_k16,pg19,2,4,29,1,32,4,0,16,,0,0,0.0
reuse_R4_k16,pg19,2,4,30,2,32,2,0,16,,0,0,0.0
reuse_R4_k16,pg19,2,4,31,3,32,1,0,16,,0,0,0.0
reuse_R4_k16,pg19,2,4,32,0,32,1,1,16,,0,0,0.0
reuse_R4_k16,pg19,2,4,33,1,32,4,0,16,,0,0,0.0
reuse_R4_k16,pg19,2,4,34,2,32,2,0,16,,0,0,0.0
reuse_R4_k16,pg19,2,4,35,3,32,3,0,16,,0,0,0.0
reuse_R4_k16,pg19,2,4,36,0,32,3,1,16,,0,0,0.0
reuse_R4_k16,pg19,2,4,37,1,32,3,0,16,,0,0,0.0
reuse_R4_k16,pg19,2,4,38,2,32,4,0,16,,0,0,0.0
reuse_R4_k16,pg19,2,4,39,3,32,0,0,16,,0,0,0.0
reuse_R4_k16,pg19,2,4,40,0,32,3,1,16,,0,0,0.0
reuse_R4_k16,pg19,2,4,41,1,32,3,0,16,,0,0,0.0
reuse_R4_k16,pg19,2,4,42,2,32,2,0,16,,0,0,0.0
reuse_R4_k16,pg19,2,4,43,3,32,4,0,16,,0,0,0.0
reuse_R4_k16,pg19,2,4,44,0,32,4,1,16,,0,0,0.0
reuse_R4_k16,pg19,2,4,45,1,32,4,0,16,,0,0,0.0
reuse_R4_k16,pg19,2,4,46,2,32,3,0,16,,0,0,0.0
reuse_R4_k16,pg19,2,4,47,3,32,1,0,16,,0,0,0.0
reuse_R4_k16,pg19,2,4,48,0,32,3,1,16,,0,0,0.0
reuse_R4_k16,pg19,2,4,49,1,32,1,0,16,,0,0,0.0
reuse_R4_k16,pg19,2,4,50,2,32,4,0,16,,0,0,0.0
reuse_R4_k16,pg19,2,4,51,3,32,2,0,16,,0,0,0.0
reuse_R4_k16,pg19,2,4,52,0,32,4,1,16,,0,0,0.0
reuse_R4_k16,pg19,2,4,53,1,32,3,0,16,,0,0,0.0
reuse_R4_k16,pg19,2,4,54,2,32,3,0,16,,0,0,0.0
reuse_R4_k16,pg19,2,4,55,3,32,2,0,16,,0,0,0.0
reuse_R4_k16,pg19,2,4,56,0,32,2,1,16,,0,0,0.0
reuse_R4_k16,pg19,2,4,57,1,32,4,0,16,,0,0,0.0
reuse_R4_k16,pg19,2,4,58,2,32,3,0,16,,0,0,0.0
reuse_R4_k16,pg19,2,4,59,3,32,3,0,16,,0,0,0.0
reuse_R4_k16,pg19,2,4,60,0,32,2,1,16,,0,0,0.0
reuse_R4_k16,pg19,2,4,61,1,32,2,0,16,,0,0,0.0
reuse_R4_k16,pg19,2,4,62,2,32,3,0,16,,0,0,0.0
reuse_R4_k16,pg19,2,4,63,3,32,4,0,16,,0,0,0.0
reuse_R4_k16,pg19,2,4,64,0,32,4,1,16,,0,0,0.0
reuse_R4_k16,pg19,2,4,65,1,32,3,0,16,,0,0,0.0
reuse_R4_k16,pg19,2,4,66,2,32,4,0,16,,0,0,0.0
reuse_R4_k16,pg19,2,4,67,3,32,4,0,16,,0,0,0.0
reuse_R4_k16,pg19,2,4,68,0,32,4,1,16,,0,0,0.0
reuse_R4_k16,pg19,2,4,69,1,32,4,0,16,,0,0,0.0
reuse_R4_k16,pg19,2,4,70,2,32,4,0,16,,0,0,0.0
reuse_R4_k16,pg19,2,4,71,3,32,4,0,16,,0,0,0.0
reuse_R4_k16,pg19,2,4,72,0,32,4,1,16,,0,0,0.0
reuse_R4_k16,pg19,2,4,73,1,32,2,0,16,,0,0,0.0
reuse_R4_k16,pg19,2,4,74,2,32,3,0,16,,0,0,0.0
reuse_R4_k16,pg19,2,4,75,3,32,1,0,16,,0,0,0.0
reuse_R4_k16,pg19,2,4,76,0,32,1,1,16,,0,0,0.0
reuse_R4_k16,pg19,2,4,77,1,32,4,0,16,,0,0,0.0
reuse_R4_k16,pg19,2,4,78,2,32,1,0,16,,0,0,0.0
reuse_R4_k16,pg19,2,4,79,3,32,4,0,16,,0,0,0.0
reuse_R4_k16,pg19,2,4,80,0,32,0,1,16,,0,0,0.0
reuse_R4_k16,pg19,2,4,81,1,32,4,0,16,,0,0,0.0
reuse_R4_k16,pg19,2,4,82,2,32,4,0,16,,0,0,0.0
reuse_R4_k16,pg19,2,4,83,3,32,0,0,16,,0,0,0.0
reuse_R4_k16,pg19,2,4,84,0,32,1,1,16,,0,0,0.0
reuse_R4_k16,pg19,2,4,85,1,32,1,0,16,,0,0,0.0
reuse_R4_k16,pg19,2,4,86,2,32,2,0,16,,0,0,0.0
reuse_R4_k16,pg19,2,4,87,3,32,2,0,16,,0,0,0.0
reuse_R4_k16,pg19,2,4,88,0,32,3,1,16,,0,0,0.0
reuse_R4_k16,pg19,2,4,89,1,32,0,0,16,,0,0,0.0
reuse_R4_k16,pg19,2,4,90,2,32,4,0,16,,0,0,0.0
reuse_R4_k16,pg19,2,4,91,3,32,2,0,16,,0,0,0.0
reuse_R4_k16,pg19,2,4,92,0,32,0,1,16,,0,0,0.0
reuse_R4_k16,pg19,2,4,93,1,32,2,0,16,,0,0,0.0
reuse_R4_k16,pg19,2,4,94,2,32,2,0,16,,0,0,0.0
reuse_R4_k16,pg19,2,4,95,3,32,4,0,16,,0,0,0.0
reuse_R4_k16,pg19,2,4,96,0,32,2,1,16,,0,0,0.0
reuse_R4_k16,pg19,2,4,97,1,32,3,0,16,,0,0,0.0
reuse_R4_k16,pg19,2,4,98,2,32,4,0,16,,0,0,0.0
reuse_R4_k16,pg19,2,4,99,3,32,4,0,16,,0,0,0.0
reuse_R4_k16,pg19,2,4,100,0,32,4,1,16,,0,0,0.0
reuse_R4_k16,pg19,2,4,101,1,32,3,0,16,,0,0,0.0
reuse_R4_k16,pg19,2,4,102,2,32,0,0,16,,0,0,0.0
reuse_R4_k16,pg19,2,4,103,3,32,0,0,16,,0,0,0.0
reuse_R4_k16,pg19,2,4,104,0,32,2,1,16,,0,0,0.0
reuse_R4_k16,pg19,2,4,105,1,32,4,0,16,,0,0,0.0
reuse_R4_k16,pg19,2,4,106,2,32,4,0,16,,0,0,0.0
reuse_R4_k16,pg19,2,4,107,3,32,2,0,16,,0,0,0.0
reuse_R4_k16,pg19,2,4,108,0,32,4,1,16,,0,0,0.0
reuse_R4_k16,pg19,2,4,109,1,32,4,0,16,,0,0,0.0
reuse_R4_k16,pg19,2,4,110,2,32,4,0,16,,0,0,0.0
reuse_R4_k16,pg19,2,4,111,3,32,4,0,16,,0,0,0.0
reuse_R4_k16,pg19,2,4,112,0,32,0,1,16,,0,0,0.0
reuse_R4_k16,pg19,2,4,113,1,32,2,0,16,,0,0,0.0
reuse_R4_k16,pg19,2,4,114,2,32,4,0,16,,0,0,0.0
reuse_R4_k16,pg19,2,4,115,3,32,2,0,16,,0,0,0.0
reuse_R4_k16,pg19,2,4,116,0,32,4,1,16,,0,0,0.0
reuse_R4_k16,pg19,2,4,117,1,32,4,0,16,,0,0,0.0
reuse_R4_k16,pg19,2,4,118,2,32,3,0,16,,0,0,0.0
reuse_R4_k16,pg19,2,4,119,3,32,4,0,16,,0,0,0.0
reuse_R4_k16,pg19,2,4,120,0,32,0,1,16,,0,0,0.0
reuse_R4_k16,pg19,2,4,121,1,32,4,0,16,,0,0,0.0
reuse_R4_k16,pg19,2,4,122,2,32,2,0,16,,0,0,0.0
reuse_R4_k16,pg19,2,4,123,3,32,4,0,16,,0,0,0.0
reuse_R4_k16,pg19,2,4,124,0,32,4,1,16,,0,0,0.0
reuse_R4_k16,pg19,2,4,125,1,32,4,0,16,,0,0,0.0
reuse_R4_k16,pg19,2,4,126,2,32,4,0,16,,0,0,0.0
reuse_R4_k16,pg19,2,4,127,3,32,2,0,16,,0,0,0.0
reuse_R4_k16,pg19,2,4,128,0,32,2,1,16,,0,0,0.0
reuse_R4_k16,pg19,2,4,129,1,32,1,0,16,,0,0,0.0
reuse_R4_k16,pg19,2,4,130,2,32,2,0,16,,0,0,0.0
reuse_R4_k16,pg19,2,4,131,3,32,4,0,16,,0,0,0.0
reuse_R4_k16,pg19,2,4,132,0,32,4,1,16,,0,0,0.0
reuse_R4_k16,pg19,2,4,133,1,32,4,0,16,,0,0,0.0
reuse_R4_k16,pg19,2,4,134,2,32,4,0,16,,0,0,0.0
reuse_R4_k16,pg19,2,4,135,3,32,4,0,16,,0,0,0.0
reuse_R4_k16,pg19,2,4,136,0,32,4,1,16,,0,0,0.0
reuse_R4_k16,pg19,2,4,137,1,32,4,0,16,,0,0,0.0
reuse_R8_k8,pg19,2,8,0,0,32,1,1,8,,0,0,0.0
reuse_R8_k8,pg19,2,8,1,1,32,0,0,8,,0,0,0.0
reuse_R8_k8,pg19,2,8,2,2,32,3,0,8,,0,0,0.0
reuse_R8_k8,pg19,2,8,3,3,32,3,0,8,,0,0,0.0
reuse_R8_k8,pg19,2,8,4,4,32,1,0,8,,0,0,0.0
reuse_R8_k8,pg19,2,8,5,5,32,4,0,8,,0,0,0.0
reuse_R8_k8,pg19,2,8,6,6,32,4,0,8,,0,0,0.0
reuse_R8_k8,pg19,2,8,7,7,32,0,0,8,,0,0,0.0
reuse_R8_k8,pg19,2,8,8,0,32,0,1,8,,0,0,0.0
reuse_R8_k8,pg19,2,8,9,1,32,2,0,8,,0,0,0.0
reuse_R8_k8,pg19,2,8,10,2,32,0,0,8,,0,0,0.0
reuse_R8_k8,pg19,2,8,11,3,32,1,0,8,,0,0,0.0
reuse_R8_k8,pg19,2,8,12,4,32,1,0,8,,0,0,0.0
reuse_R8_k8,pg19,2,8,13,5,32,1,0,8,,0,0,0.0
reuse_R8_k8,pg19,2,8,14,6,32,4,0,8,,0,0,0.0
reuse_R8_k8,pg19,2,8,15,7,32,4,0,8,,0,0,0.0
reuse_R8_k8,pg19,2,8,16,0,32,4,1,8,,0,0,0.0
reuse_R8_k8,pg19,2,8,17,1,32,2,0,8,,0,0,0.0
reuse_R8_k8,pg19,2,8,18,2,32,4,0,8,,0,0,0.0
reuse_R8_k8,pg19,2,8,19,3,32,4,0,8,,0,0,0.0
reuse_R8_k8,pg19,2,8,20,4,32,4,0,8,,0,0,0.0
reuse_R8_k8,pg19,2,8,21,5,32,2,0,8,,0,0,0.0
reuse_R8_k8,pg19,2,8,22,6,32,0,0,8,,0,0,0.0
reuse_R8_k8,pg19,2,8,23,7,32,0,0,8,,0,0,0.0
reuse_R8_k8,pg19,2,8,24,0,32,1,1,8,,0,0,0.0
reuse_R8_k8,pg19,2,8,25,1,32,0,0,8,,0,0,0.0
reuse_R8_k8,pg19,2,8,26,2,32,4,0,8,,0,0,0.0
reuse_R8_k8,pg19,2,8,27,3,32,3,0,8,,0,0,0.0
reuse_R8_k8,pg19,2,8,28,4,32,3,0,8,,0,0,0.0
reuse_R8_k8,pg19,2,8,29,5,32,1,0,8,,0,0,0.0
reuse_R8_k8,pg19,2,8,30,6,32,2,0,8,,0,0,0.0
reuse_R8_k8,pg19,2,8,31,7,32,4,0,8,,0,0,0.0
reuse_R8_k8,pg19,2,8,32,0,32,4,1,8,,0,0,0.0
reuse_R8_k8,pg19,2,8,33,1,32,2,0,8,,0,0,0.0
reuse_R8_k8,pg19,2,8,34,2,32,0,0,8,,0,0,0.0
reuse_R8_k8,pg19,2,8,35,3,32,0,0,8,,0,0,0.0
reuse_R8_k8,pg19,2,8,36,4,32,1,0,8,,0,0,0.0
reuse_R8_k8,pg19,2,8,37,5,32,4,0,8,,0,0,0.0
reuse_R8_k8,pg19,2,8,38,6,32,4,0,8,,0,0,0.0
reuse_R8_k8,pg19,2,8,39,7,32,1,0,8,,0,0,0.0
reuse_R8_k8,pg19,2,8,40,0,32,3,1,8,,0,0,0.0
reuse_R8_k8,pg19,2,8,41,1,32,4,0,8,,0,0,0.0
reuse_R8_k8,pg19,2,8,42,2,32,4,0,8,,0,0,0.0
reuse_R8_k8,pg19,2,8,43,3,32,2,0,8,,0,0,0.0
reuse_R8_k8,pg19,2,8,44,4,32,4,0,8,,0,0,0.0
reuse_R8_k8,pg19,2,8,45,5,32,3,0,8,,0,0,0.0
reuse_R8_k8,pg19,2,8,46,6,32,4,0,8,,0,0,0.0
reuse_R8_k8,pg19,2,8,47,7,32,4,0,8,,0,0,0.0
reuse_R8_k8,pg19,2,8,48,0,32,4,1,8,,0,0,0.0
reuse_R8_k8,pg19,2,8,49,1,32,2,0,8,,0,0,0.0
reuse_R8_k8,pg19,2,8,50,2,32,1,0,8,,0,0,0.0
reuse_R8_k8,pg19,2,8,51,3,32,3,0,8,,0,0,0.0
reuse_R8_k8,pg19,2,8,52,4,32,1,0,8,,0,0,0.0
reuse_R8_k8,pg19,2,8,53,5,32,4,0,8,,0,0,0.0
reuse_R8_k8,pg19,2,8,54,6,32,2,0,8,,0,0,0.0
reuse_R8_k8,pg19,2,8,55,7,32,4,0,8,,0,0,0.0
reuse_R8_k8,pg19,2,8,56,0,32,3,1,8,,0,0,0.0
reuse_R8_k8,pg19,2,8,57,1,32,3,0,8,,0,0,0.0
reuse_R8_k8,pg19,2,8,58,2,32,3,0,8,,0,0,0.0
reuse_R8_k8,pg19,2,8,59,3,32,1,0,8,,0,0,0.0
reuse_R8_k8,pg19,2,8,60,4,32,4,0,8,,0,0,0.0
reuse_R8_k8,pg19,2,8,61,5,32,3,0,8,,0,0,0.0
reuse_R8_k8,pg19,2,8,62,6,32,3,0,8,,0,0,0.0
reuse_R8_k8,pg19,2,8,63,7,32,2,0,8,,0,0,0.0
reuse_R8_k8,pg19,2,8,64,0,32,2,1,8,,0,0,0.0
reuse_R8_k8,pg19,2,8,65,1,32,4,0,8,,0,0,0.0
reuse_R8_k8,pg19,2,8,66,2,32,4,0,8,,0,0,0.0
reuse_R8_k8,pg19,2,8,67,3,32,0,0,8,,0,0,0.0
reuse_R8_k8,pg19,2,8,68,4,32,0,0,8,,0,0,0.0
reuse_R8_k8,pg19,2,8,69,5,32,1,0,8,,0,0,0.0
reuse_R8_k8,pg19,2,8,70,6,32,4,0,8,,0,0,0.0
reuse_R8_k8,pg19,2,8,71,7,32,4,0,8,,0,0,0.0
reuse_R8_k8,pg19,2,8,72,0,32,4,1,8,,0,0,0.0
reuse_R8_k8,pg19,2,8,73,1,32,4,0,8,,0,0,0.0
reuse_R8_k8,pg19,2,8,74,2,32,4,0,8,,0,0,0.0
reuse_R8_k8,pg19,2,8,75,3,32,4,0,8,,0,0,0.0
reuse_R8_k8,pg19,2,8,76,4,32,4,0,8,,0,0,0.0
reuse_R8_k8,pg19,2,8,77,5,32,4,0,8,,0,0,0.0
reuse_R8_k8,pg19,2,8,78,6,32,0,0,8,,0,0,0.0
reuse_R8_k8,pg19,2,8,79,7,32,1,0,8,,0,0,0.0
reuse_R8_k8,pg19,2,8,80,0,32,3,1,8,,0,0,0.0
reuse_R8_k8,pg19,2,8,81,1,32,1,0,8,,0,0,0.0
reuse_R8_k8,pg19,2,8,82,2,32,1,0,8,,0,0,0.0
reuse_R8_k8,pg19,2,8,83,3,32,4,0,8,,0,0,0.0
reuse_R8_k8,pg19,2,8,84,4,32,1,0,8,,0,0,0.0
reuse_R8_k8,pg19,2,8,85,5,32,4,0,8,,0,0,0.0
reuse_R8_k8,pg19,2,8,86,6,32,4,0,8,,0,0,0.0
reuse_R8_k8,pg19,2,8,87,7,32,2,0,8,,0,0,0.0
reuse_R8_k8,pg19,2,8,88,0,32,4,1,8,,0,0,0.0
reuse_R8_k8,pg19,2,8,89,1,32,4,0,8,,0,0,0.0
reuse_R8_k8,pg19,2,8,90,2,32,1,0,8,,0,0,0.0
reuse_R8_k8,pg19,2,8,91,3,32,4,0,8,,0,0,0.0
reuse_R8_k8,pg19,2,8,92,4,32,1,0,8,,0,0,0.0
reuse_R8_k8,pg19,2,8,93,5,32,0,0,8,,0,0,0.0
reuse_R8_k8,pg19,2,8,94,6,32,3,0,8,,0,0,0.0
reuse_R8_k8,pg19,2,8,95,7,32,0,0,8,,0,0,0.0
reuse_R8_k8,pg19,2,8,96,0,32,4,1,8,,0,0,0.0
reuse_R8_k8,pg19,2,8,97,1,32,2,0,8,,0,0,0.0
reuse_R8_k8,pg19,2,8,98,2,32,1,0,8,,0,0,0.0
reuse_R8_k8,pg19,2,8,99,3,32,3,0,8,,0,0,0.0
reuse_R8_k8,pg19,2,8,100,4,32,0,0,8,,0,0,0.0
reuse_R8_k8,pg19,2,8,101,5,32,4,0,8,,0,0,0.0
reuse_R8_k8,pg19,2,8,102,6,32,0,0,8,,0,0,0.0
reuse_R8_k8,pg19,2,8,103,7,32,1,0,8,,0,0,0.0
reuse_R8_k8,pg19,2,8,104,0,32,3,1,8,,0,0,0.0
reuse_R8_k8,pg19,2,8,105,1,32,2,0,8,,0,0,0.0
reuse_R8_k8,pg19,2,8,106,2,32,4,0,8,,0,0,0.0
reuse_R8_k8,pg19,2,8,107,3,32,1,0,8,,0,0,0.0
reuse_R8_k8,pg19,2,8,108,4,32,4,0,8,,0,0,0.0
reuse_R8_k8,pg19,2,8,109,5,32,4,0,8,,0,0,0.0
reuse_R8_k8,pg19,2,8,110,6,32,4,0,8,,0,0,0.0
reuse_R8_k8,pg19,2,8,111,7,32,2,0,8,,0,0,0.0
reuse_R8_k8,pg19,2,8,112,0,32,4,1,8,,0,0,0.0
reuse_R8_k8,pg19,2,8,113,1,32,4,0,8,,0,0,0.0
reuse_R8_k8,pg19,2,8,114,2,32,4,0,8,,0,0,0.0
reuse_R8_k8,pg19,2,8,115,3,32,2,0,8,,0,0,0.0
reuse_R8_k8,pg19,2,8,116,4,32,4,0,8,,0,0,0.0
reuse_R8_k8,pg19,2,8,117,5,32,2,0,8,,0,0,0.0
reuse_R8_k8,pg19,2,8,118,6,32,4,0,8,,0,0,0.0
reuse_R8_k8,pg19,2,8,119,7,32,4,0,8,,0,0,0.0
reuse_R8_k8,pg19,2,8,120,0,32,4,1,8,,0,0,0.0
reuse_R8_k8,pg19,2,8,121,1,32,3,0,8,,0,0,0.0
reuse_R8_k8,pg19,2,8,122,2,32,4,0,8,,0,0,0.0
reuse_R8_k8,pg19,2,8,123,3,32,1,0,8,,0,0,0.0
reuse_R8_k8,pg19,2,8,124,4,32,4,0,8,,0,0,0.0
reuse_R8_k8,pg19,2,8,125,5,32,4,0,8,,0,0,0.0
reuse_R8_k8,pg19,2,8,126,6,32,3,0,8,,0,0,0.0
reuse_R8_k8,pg19,2,8,127,7,32,4,0,8,,0,0,0.0
reuse_R8_k8,pg19,2,8,128,0,32,4,1,8,,0,0,0.0
reuse_R8_k8,pg19,2,8,129,1,32,4,0,8,,0,0,0.0
reuse_R8_k8,pg19,2,8,130,2,32,4,0,8,,0,0,0.0
reuse_R8_k8,pg19,2,8,131,3,32,4,0,8,,0,0,0.0
reuse_R8_k8,pg19,2,8,132,4,32,1,0,8,,0,0,0.0
reuse_R8_k8,pg19,2,8,133,5,32,4,0,8,,0,0,0.0
reuse_R8_k8,pg19,2,8,134,6,32,2,0,8,,0,0,0.0
reuse_R8_k8,pg19,2,8,135,7,32,1,0,8,,0,0,0.0
reuse_R8_k8,pg19,2,8,136,0,32,0,1,8,,0,0,0.0
reuse_R8_k8,pg19,2,8,137,1,32,4,0,8,,0,0,0.0
reuse_R8_k8,pg19,2,8,138,2,32,4,0,8,,0,0,0.0
reuse_R8_k8,pg19,2,8,139,3,32,4,0,8,,0,0,0.0
reuse_R8_k8,pg19,2,8,140,4,32,4,0,8,,0,0,0.0
reuse_R8_k8,pg19,2,8,141,5,32,4,0,8,,0,0,0.0
reuse_R8_k16,pg19,2,8,0,0,32,1,1,16,,0,0,0.0
reuse_R8_k16,pg19,2,8,1,1,32,0,0,16,,0,0,0.0
reuse_R8_k16,pg19,2,8,2,2,32,3,0,16,,0,0,0.0
reuse_R8_k16,pg19,2,8,3,3,32,2,0,16,,0,0,0.0
reuse_R8_k16,pg19,2,8,4,4,32,2,0,16,,0,0,0.0
reuse_R8_k16,pg19,2,8,5,5,32,4,0,16,,0,0,0.0
reuse_R8_k16,pg19,2,8,6,6,32,4,0,16,,0,0,0.0
reuse_R8_k16,pg19,2,8,7,7,32,0,0,16,,0,0,0.0
reuse_R8_k16,pg19,2,8,8,0,32,1,1,16,,0,0,0.0
reuse_R8_k16,pg19,2,8,9,1,32,1,0,16,,0,0,0.0
reuse_R8_k16,pg19,2,8,10,2,32,1,0,16,,0,0,0.0
reuse_R8_k16,pg19,2,8,11,3,32,2,0,16,,0,0,0.0
reuse_R8_k16,pg19,2,8,12,4,32,1,0,16,,0,0,0.0
reuse_R8_k16,pg19,2,8,13,5,32,4,0,16,,0,0,0.0
reuse_R8_k16,pg19,2,8,14,6,32,4,0,16,,0,0,0.0
reuse_R8_k16,pg19,2,8,15,7,32,4,0,16,,0,0,0.0
reuse_R8_k16,pg19,2,8,16,0,32,3,1,16,,0,0,0.0
reuse_R8_k16,pg19,2,8,17,1,32,4,0,16,,0,0,0.0
reuse_R8_k16,pg19,2,8,18,2,32,4,0,16,,0,0,0.0
reuse_R8_k16,pg19,2,8,19,3,32,3,0,16,,0,0,0.0
reuse_R8_k16,pg19,2,8,20,4,32,2,0,16,,0,0,0.0
reuse_R8_k16,pg19,2,8,21,5,32,1,0,16,,0,0,0.0
reuse_R8_k16,pg19,2,8,22,6,32,1,0,16,,0,0,0.0
reuse_R8_k16,pg19,2,8,23,7,32,1,0,16,,0,0,0.0
reuse_R8_k16,pg19,2,8,24,0,32,3,1,16,,0,0,0.0
reuse_R8_k16,pg19,2,8,25,1,32,4,0,16,,0,0,0.0
reuse_R8_k16,pg19,2,8,26,2,32,3,0,16,,0,0,0.0
reuse_R8_k16,pg19,2,8,27,3,32,3,0,16,,0,0,0.0
reuse_R8_k16,pg19,2,8,28,4,32,4,0,16,,0,0,0.0
reuse_R8_k16,pg19,2,8,29,5,32,4,0,16,,0,0,0.0
reuse_R8_k16,pg19,2,8,30,6,32,2,0,16,,0,0,0.0
reuse_R8_k16,pg19,2,8,31,7,32,0,0,16,,0,0,0.0
reuse_R8_k16,pg19,2,8,32,0,32,0,1,16,,0,0,0.0
reuse_R8_k16,pg19,2,8,33,1,32,1,0,16,,0,0,0.0
reuse_R8_k16,pg19,2,8,34,2,32,4,0,16,,0,0,0.0
reuse_R8_k16,pg19,2,8,35,3,32,4,0,16,,0,0,0.0
reuse_R8_k16,pg19,2,8,36,4,32,1,0,16,,0,0,0.0
reuse_R8_k16,pg19,2,8,37,5,32,3,0,16,,0,0,0.0
reuse_R8_k16,pg19,2,8,38,6,32,4,0,16,,0,0,0.0
reuse_R8_k16,pg19,2,8,39,7,32,4,0,16,,0,0,0.0
reuse_R8_k16,pg19,2,8,40,0,32,4,1,16,,0,0,0.0
reuse_R8_k16,pg19,2,8,41,1,32,2,0,16,,0,0,0.0
reuse_R8_k16,pg19,2,8,42,2,32,2,0,16,,0,0,0.0
reuse_R8_k16,pg19,2,8,43,3,32,4,0,16,,0,0,0.0
reuse_R8_k16,pg19,2,8,44,4,32,4,0,16,,0,0,0.0
reuse_R8_k16,pg19,2,8,45,5,32,4,0,16,,0,0,0.0
reuse_R8_k16,pg19,2,8,46,6,32,3,0,16,,0,0,0.0
reuse_R8_k16,pg19,2,8,47,7,32,1,0,16,,0,0,0.0
reuse_R8_k16,pg19,2,8,48,0,32,4,1,16,,0,0,0.0
reuse_R8_k16,pg19,2,8,49,1,32,1,0,16,,0,0,0.0
reuse_R8_k16,pg19,2,8,50,2,32,3,0,16,,0,0,0.0
reuse_R8_k16,pg19,2,8,51,3,32,3,0,16,,0,0,0.0
reuse_R8_k16,pg19,2,8,52,4,32,4,0,16,,0,0,0.0
reuse_R8_k16,pg19,2,8,53,5,32,2,0,16,,0,0,0.0
reuse_R8_k16,pg19,2,8,54,6,32,0,0,16,,0,0,0.0
reuse_R8_k16,pg19,2,8,55,7,32,4,0,16,,0,0,0.0
reuse_R8_k16,pg19,2,8,56,0,32,4,1,16,,0,0,0.0
reuse_R8_k16,pg19,2,8,57,1,32,1,0,16,,0,0,0.0
reuse_R8_k16,pg19,2,8,58,2,32,4,0,16,,0,0,0.0
reuse_R8_k16,pg19,2,8,59,3,32,4,0,16,,0,0,0.0
reuse_R8_k16,pg19,2,8,60,4,32,4,0,16,,0,0,0.0
reuse_R8_k16,pg19,2,8,61,5,32,2,0,16,,0,0,0.0
reuse_R8_k16,pg19,2,8,62,6,32,4,0,16,,0,0,0.0
reuse_R8_k16,pg19,2,8,63,7,32,4,0,16,,0,0,0.0
reuse_R8_k16,pg19,2,8,64,0,32,4,1,16,,0,0,0.0
reuse_R8_k16,pg19,2,8,65,1,32,4,0,16,,0,0,0.0
reuse_R8_k16,pg19,2,8,66,2,32,4,0,16,,0,0,0.0
reuse_R8_k16,pg19,2,8,67,3,32,4,0,16,,0,0,0.0
reuse_R8_k16,pg19,2,8,68,4,32,4,0,16,,0,0,0.0
reuse_R8_k16,pg19,2,8,69,5,32,4,0,16,,0,0,0.0
reuse_R8_k16,pg19,2,8,70,6,32,4,0,16,,0,0,0.0
reuse_R8_k16,pg19,2,8,71,7,32,4,0,16,,0,0,0.0
reuse_R8_k16,pg19,2,8,72,0,32,4,1,16,,0,0,0.0
reuse_R8_k16,pg19,2,8,73,1,32,4,0,16,,0,0,0.0
reuse_R8_k16,pg19,2,8,74,2,32,4,0,16,,0,0,0.0
reuse_R8_k16,pg19,2,8,75,3,32,4,0,16,,0,0,0.0
reuse_R8_k16,pg19,2,8,76,4,32,4,0,16,,0,0,0.0
reuse_R8_k16,pg19,2,8,77,5,32,4,0,16,,0,0,0.0
reuse_R8_k16,pg19,2,8,78,6,32,4,0,16,,0,0,0.0
reuse_R8_k16,pg19,2,8,79,7,32,4,0,16,,0,0,0.0
reuse_R8_k16,pg19,2,8,80,0,32,4,1,16,,0,0,0.0
reuse_R8_k16,pg19,2,8,81,1,32,4,0,16,,0,0,0.0
reuse_R8_k16,pg19,2,8,82,2,32,4,0,16,,0,0,0.0
reuse_R8_k16,pg19,2,8,83,3,32,4,0,16,,0,0,0.0
reuse_R8_k16,pg19,2,8,84,4,32,4,0,16,,0,0,0.0
reuse_R8_k16,pg19,2,8,85,5,32,4,0,16,,0,0,0.0
reuse_R8_k16,pg19,2,8,86,6,32,4,0,16,,0,0,0.0
reuse_R8_k16,pg19,2,8,87,7,32,4,0,16,,0,0,0.0
reuse_R8_k16,pg19,2,8,88,0,32,4,1,16,,0,0,0.0
reuse_R8_k16,pg19,2,8,89,1,32,4,0,16,,0,0,0.0
reuse_R8_k16,pg19,2,8,90,2,32,4,0,16,,0,0,0.0
reuse_R8_k16,pg19,2,8,91,3,32,4,0,16,,0,0,0.0
reuse_R8_k16,pg19,2,8,92,4,32,4,0,16,,0,0,0.0
reuse_R8_k16,pg19,2,8,93,5,32,4,0,16,,0,0,0.0
reuse_R8_k16,pg19,2,8,94,6,32,4,0,16,,0,0,0.0
reuse_R8_k16,pg19,2,8,95,7,32,4,0,16,,0,0,0.0
reuse_R8_k16,pg19,2,8,96,0,32,4,1,16,,0,0,0.0
reuse_R8_k16,pg19,2,8,97,1,32,4,0,16,,0,0,0.0
reuse_R8_k16,pg19,2,8,98,2,32,4,0,16,,0,0,0.0
reuse_R8_k16,pg19,2,8,99,3,32,4,0,16,,0,0,0.0
reuse_R8_k16,pg19,2,8,100,4,32,4,0,16,,0,0,0.0
reuse_R8_k16,pg19,2,8,101,5,32,4,0,16,,0,0,0.0
reuse_R8_k16,pg19,2,8,102,6,32,4,0,16,,0,0,0.0
reuse_R8_k16,pg19,2,8,103,7,32,4,0,16,,0,0,0.0
reuse_R8_k16,pg19,2,8,104,0,32,4,1,16,,0,0,0.0
reuse_R8_k16,pg19,2,8,105,1,32,4,0,16,,0,0,0.0
reuse_R8_k16,pg19,2,8,106,2,32,4,0,16,,0,0,0.0
reuse_R8_k16,pg19,2,8,107,3,32,4,0,16,,0,0,0.0
reuse_R8_k16,pg19,2,8,108,4,32,4,0,16,,0,0,0.0
reuse_R8_k16,pg19,2,8,109,5,32,4,0,16,,0,0,0.0
reuse_R8_k16,pg19,2,8,110,6,32,4,0,16,,0,0,0.0
reuse_R8_k16,pg19,2,8,111,7,32,4,0,16,,0,0,0.0
reuse_R8_k16,pg19,2,8,112,0,32,4,1,16,,0,0,0.0
reuse_R8_k16,pg19,2,8,113,1,32,4,0,16,,0,0,0.0
reuse_R8_k16,pg19,2,8,114,2,32,4,0,16,,0,0,0.0
reuse_R8_k16,pg19,2,8,115,3,32,4,0,16,,0,0,0.0
reuse_R8_k16,pg19,2,8,116,4,32,4,0,16,,0,0,0.0
reuse_R8_k16,pg19,2,8,117,5,32,4,0,16,,0,0,0.0
reuse_R8_k16,pg19,2,8,118,6,32,4,0,16,,0,0,0.0
reuse_R8_k16,pg19,2,8,119,7,32,4,0,16,,0,0,0.0
reuse_R16_k8,pg19,2,16,0,0,32,1,1,8,,0,0,0.0
reuse_R16_k8,pg19,2,16,1,1,32,0,0,8,,0,0,0.0
reuse_R16_k8,pg19,2,16,2,2,32,3,0,8,,0,0,0.0
reuse_R16_k8,pg19,2,16,3,3,32,3,0,8,,0,0,0.0
reuse_R16_k8,pg19,2,16,4,4,32,1,0,8,,0,0,0.0
reuse_R16_k8,pg19,2,16,5,5,32,4,0,8,,0,0,0.0
reuse_R16_k8,pg19,2,16,6,6,32,4,0,8,,0,0,0.0
reuse_R16_k8,pg19,2,16,7,7,32,0,0,8,,0,0,0.0
reuse_R16_k8,pg19,2,16,8,8,32,0,0,8,,0,0,0.0
reuse_R16_k8,pg19,2,16,9,9,32,2,0,8,,0,0,0.0
reuse_R16_k8,pg19,2,16,10,10,32,1,0,8,,0,0,0.0
reuse_R16_k8,pg19,2,16,11,11,32,2,0,8,,0,0,0.0
reuse_R16_k8,pg19,2,16,12,12,32,3,0,8,,0,0,0.0
reuse_R16_k8,pg19,2,16,13,13,32,2,0,8,,0,0,0.0
reuse_R16_k8,pg19,2,16,14,14,32,4,0,8,,0,0,0.0
reuse_R16_k8,pg19,2,16,15,15,32,4,0,8,,0,0,0.0
reuse_R16_k8,pg19,2,16,16,0,32,3,1,8,,0,0,0.0
reuse_R16_k8,pg19,2,16,17,1,32,4,0,8,,0,0,0.0
reuse_R16_k8,pg19,2,16,18,2,32,4,0,8,,0,0,0.0
reuse_R16_k8,pg19,2,16,19,3,32,3,0,8,,0,0,0.0
reuse_R16_k8,pg19,2,16,20,4,32,2,0,8,,0,0,0.0
reuse_R16_k8,pg19,2,16,21,5,32,0,0,8,,0,0,0.0
reuse_R16_k8,pg19,2,16,22,6,32,0,0,8,,0,0,0.0
reuse_R16_k8,pg19,2,16,23,7,32,1,0,8,,0,0,0.0
reuse_R16_k8,pg19,2,16,24,8,32,2,0,8,,0,0,0.0
reuse_R16_k8,pg19,2,16,25,9,32,3,0,8,,0,0,0.0
reuse_R16_k8,pg19,2,16,26,10,32,3,0,8,,0,0,0.0
reuse_R16_k8,pg19,2,16,27,11,32,3,0,8,,0,0,0.0
reuse_R16_k8,pg19,2,16,28,12,32,3,0,8,,0,0,0.0
reuse_R16_k8,pg19,2,16,29,13,32,4,0,8,,0,0,0.0
reuse_R16_k8,pg19,2,16,30,14,32,4,0,8,,0,0,0.0
reuse_R16_k8,pg19,2,16,31,15,32,2,0,8,,0,0,0.0
reuse_R16_k8,pg19,2,16,32,0,32,2,1,8,,0,0,0.0
reuse_R16_k8,pg19,2,16,33,1,32,1,0,8,,0,0,0.0
reuse_R16_k8,pg19,2,16,34,2,32,4,0,8,,0,0,0.0
reuse_R16_k8,pg19,2,16,35,3,32,4,0,8,,0,0,0.0
reuse_R16_k8,pg19,2,16,36,4,32,3,0,8,,0,0,0.0
reuse_R16_k8,pg19,2,16,37,5,32,2,0,8,,0,0,0.0
reuse_R16_k8,pg19,2,16,38,6,32,4,0,8,,0,0,0.0
reuse_R16_k8,pg19,2,16,39,7,32,3,0,8,,0,0,0.0
reuse_R16_k8,pg19,2,16,40,8,32,2,0,8,,0,0,0.0
reuse_R16_k8,pg19,2,16,41,9,32,4,0,8,,0,0,0.0
reuse_R16_k8,pg19,2,16,42,10,32,4,0,8,,0,0,0.0
reuse_R16_k8,pg19,2,16,43,11,32,2,0,8,,0,0,0.0
reuse_R16_k8,pg19,2,16,44,12,32,2,0,8,,0,0,0.0
reuse_R16_k8,pg19,2,16,45,13,32,4,0,8,,0,0,0.0
reuse_R16_k8,pg19,2,16,46,14,32,4,0,8,,0,0,0.0
reuse_R16_k8,pg19,2,16,47,15,32,4,0,8,,0,0,0.0
reuse_R16_k8,pg19,2,16,48,0,32,4,1,8,,0,0,0.0
reuse_R16_k8,pg19,2,16,49,1,32,4,0,8,,0,0,0.0
reuse_R16_k8,pg19,2,16,50,2,32,4,0,8,,0,0,0.0
reuse_R16_k8,pg19,2,16,51,3,32,4,0,8,,0,0,0.0
reuse_R16_k8,pg19,2,16,52,4,32,4,0,8,,0,0,0.0
reuse_R16_k8,pg19,2,16,53,5,32,4,0,8,,0,0,0.0
reuse_R16_k8,pg19,2,16,54,6,32,4,0,8,,0,0,0.0
reuse_R16_k8,pg19,2,16,55,7,32,4,0,8,,0,0,0.0
reuse_R16_k8,pg19,2,16,56,8,32,4,0,8,,0,0,0.0
reuse_R16_k8,pg19,2,16,57,9,32,4,0,8,,0,0,0.0
reuse_R16_k8,pg19,2,16,58,10,32,3,0,8,,0,0,0.0
reuse_R16_k8,pg19,2,16,59,11,32,0,0,8,,0,0,0.0
reuse_R16_k8,pg19,2,16,60,12,32,4,0,8,,0,0,0.0
reuse_R16_k8,pg19,2,16,61,13,32,4,0,8,,0,0,0.0
reuse_R16_k8,pg19,2,16,62,14,32,4,0,8,,0,0,0.0
reuse_R16_k8,pg19,2,16,63,15,32,4,0,8,,0,0,0.0
reuse_R16_k8,pg19,2,16,64,0,32,4,1,8,,0,0,0.0
reuse_R16_k8,pg19,2,16,65,1,32,4,0,8,,0,0,0.0
reuse_R16_k8,pg19,2,16,66,2,32,4,0,8,,0,0,0.0
reuse_R16_k8,pg19,2,16,67,3,32,4,0,8,,0,0,0.0
reuse_R16_k8,pg19,2,16,68,4,32,4,0,8,,0,0,0.0
reuse_R16_k8,pg19,2,16,69,5,32,4,0,8,,0,0,0.0
reuse_R16_k8,pg19,2,16,70,6,32,4,0,8,,0,0,0.0
reuse_R16_k8,pg19,2,16,71,7,32,4,0,8,,0,0,0.0
reuse_R16_k8,pg19,2,16,72,8,32,4,0,8,,0,0,0.0
reuse_R16_k8,pg19,2,16,73,9,32,4,0,8,,0,0,0.0
reuse_R16_k8,pg19,2,16,74,10,32,4,0,8,,0,0,0.0
reuse_R16_k8,pg19,2,16,75,11,32,4,0,8,,0,0,0.0
reuse_R16_k8,pg19,2,16,76,12,32,4,0,8,,0,0,0.0
reuse_R16_k8,pg19,2,16,77,13,32,4,0,8,,0,0,0.0
reuse_R16_k8,pg19,2,16,78,14,32,4,0,8,,0,0,0.0
reuse_R16_k8,pg19,2,16,79,15,32,4,0,8,,0,0,0.0
reuse_R16_k8,pg19,2,16,80,0,32,4,1,8,,0,0,0.0
reuse_R16_k8,pg19,2,16,81,1,32,4,0,8,,0,0,0.0
reuse_R16_k8,pg19,2,16,82,2,32,4,0,8,,0,0,0.0
reuse_R16_k8,pg19,2,16,83,3,32,4,0,8,,0,0,0.0
reuse_R16_k8,pg19,2,16,84,4,32,4,0,8,,0,0,0.0
reuse_R16_k8,pg19,2,16,85,5,32,4,0,8,,0,0,0.0
reuse_R16_k8,pg19,2,16,86,6,32,4,0,8,,0,0,0.0
reuse_R16_k8,pg19,2,16,87,7,32,4,0,8,,0,0,0.0
reuse_R16_k8,pg19,2,16,88,8,32,4,0,8,,0,0,0.0
reuse_R16_k8,pg19,2,16,89,9,32,4,0,8,,0,0,0.0
reuse_R16_k8,pg19,2,16,90,10,32,4,0,8,,0,0,0.0
reuse_R16_k8,pg19,2,16,91,11,32,4,0,8,,0,0,0.0
reuse_R16_k8,pg19,2,16,92,12,32,4,0,8,,0,0,0.0
reuse_R16_k8,pg19,2,16,93,13,32,4,0,8,,0,0,0.0
reuse_R16_k8,pg19,2,16,94,14,32,4,0,8,,0,0,0.0
reuse_R16_k8,pg19,2,16,95,15,32,4,0,8,,0,0,0.0
reuse_R16_k8,pg19,2,16,96,0,32,4,1,8,,0,0,0.0
reuse_R16_k8,pg19,2,16,97,1,32,4,0,8,,0,0,0.0
reuse_R16_k8,pg19,2,16,98,2,32,4,0,8,,0,0,0.0
reuse_R16_k8,pg19,2,16,99,3,32,4,0,8,,0,0,0.0
reuse_R16_k8,pg19,2,16,100,4,32,4,0,8,,0,0,0.0
reuse_R16_k8,pg19,2,16,101,5,32,4,0,8,,0,0,0.0
reuse_R16_k8,pg19,2,16,102,6,32,4,0,8,,0,0,0.0
reuse_R16_k8,pg19,2,16,103,7,32,4,0,8,,0,0,0.0
reuse_R16_k8,pg19,2,16,104,8,32,4,0,8,,0,0,0.0
reuse_R16_k8,pg19,2,16,105,9,32,4,0,8,,0,0,0.0
reuse_R16_k8,pg19,2,16,106,10,32,4,0,8,,0,0,0.0
reuse_R16_k8,pg19,2,16,107,11,32,4,0,8,,0,0,0.0
reuse_R16_k8,pg19,2,16,108,12,32,4,0,8,,0,0,0.0
reuse_R16_k8,pg19,2,16,109,13,32,4,0,8,,0,0,0.0
reuse_R16_k8,pg19,2,16,110,14,32,4,0,8,,0,0,0.0
reuse_R16_k8,pg19,2,16,111,15,32,4,0,8,,0,0,0.0
reuse_R16_k8,pg19,2,16,112,0,32,4,1,8,,0,0,0.0
reuse_R16_k8,pg19,2,16,113,1,32,4,0,8,,0,0,0.0
reuse_R16_k8,pg19,2,16,114,2,32,4,0,8,,0,0,0.0
reuse_R16_k8,pg19,2,16,115,3,32,4,0,8,,0,0,0.0
reuse_R16_k8,pg19,2,16,116,4,32,4,0,8,,0,0,0.0
reuse_R16_k16,pg19,2,16,0,0,32,1,1,16,,0,0,0.0
reuse_R16_k16,pg19,2,16,1,1,32,0,0,16,,0,0,0.0
reuse_R16_k16,pg19,2,16,2,2,32,3,0,16,,0,0,0.0
reuse_R16_k16,pg19,2,16,3,3,32,2,0,16,,0,0,0.0
reuse_R16_k16,pg19,2,16,4,4,32,2,0,16,,0,0,0.0
reuse_R16_k16,pg19,2,16,5,5,32,4,0,16,,0,0,0.0
reuse_R16_k16,pg19,2,16,6,6,32,4,0,16,,0,0,0.0
reuse_R16_k16,pg19,2,16,7,7,32,0,0,16,,0,0,0.0
reuse_R16_k16,pg19,2,16,8,8,32,1,0,16,,0,0,0.0
reuse_R16_k16,pg19,2,16,9,9,32,1,0,16,,0,0,0.0
reuse_R16_k16,pg19,2,16,10,10,32,1,0,16,,0,0,0.0
reuse_R16_k16,pg19,2,16,11,11,32,2,0,16,,0,0,0.0
reuse_R16_k16,pg19,2,16,12,12,32,1,0,16,,0,0,0.0
reuse_R16_k16,pg19,2,16,13,13,32,4,0,16,,0,0,0.0
reuse_R16_k16,pg19,2,16,14,14,32,4,0,16,,0,0,0.0
reuse_R16_k16,pg19,2,16,15,15,32,4,0,16,,0,0,0.0
reuse_R16_k16,pg19,2,16,16,0,32,3,1,16,,0,0,0.0
reuse_R16_k16,pg19,2,16,17,1,32,4,0,16,,0,0,0.0
reuse_R16_k16,pg19,2,16,18,2,32,4,0,16,,0,0,0.0
reuse_R16_k16,pg19,2,16,19,3,32,3,0,16,,0,0,0.0
reuse_R16_k16,pg19,2,16,20,4,32,2,0,16,,0,0,0.0
reuse_R16_k16,pg19,2,16,21,5,32,1,0,16,,0,0,0.0
reuse_R16_k16,pg19,2,16,22,6,32,1,0,16,,0,0,0.0
reuse_R16_k16,pg19,2,16,23,7,32,1,0,16,,0,0,0.0
reuse_R16_k16,pg19,2,16,24,8,32,3,0,16,,0,0,0.0
reuse_R16_k16,pg19,2,16,25,9,32,3,0,16,,0,0,0.0
reuse_R16_k16,pg19,2,16,26,10,32,4,0,16,,0,0,0.0
reuse_R16_k16,pg19,2,16,27,11,32,3,0,16,,0,0,0.0
reuse_R16_k16,pg19,2,16,28,12,32,4,0,16,,0,0,0.0
reuse_R16_k16,pg19,2,16,29,13,32,4,0,16,,0,0,0.0
reuse_R16_k16,pg19,2,16,30,14,32,2,0,16,,0,0,0.0
reuse_R16_k16,pg19,2,16,31,15,32,0,0,16,,0,0,0.0
reuse_R16_k16,pg19,2,16,32,0,32,0,1,16,,0,0,0.0
reuse_R16_k16,pg19,2,16,33,1,32,1,0,16,,0,0,0.0
reuse_R16_k16,pg19,2,16,34,2,32,4,0,16,,0,0,0.0
reuse_R16_k16,pg19,2,16,35,3,32,4,0,16,,0,0,0.0
reuse_R16_k16,pg19,2,16,36,4,32,1,0,16,,0,0,0.0
reuse_R16_k16,pg19,2,16,37,5,32,3,0,16,,0,0,0.0
reuse_R16_k16,pg19,2,16,38,6,32,4,0,16,,0,0,0.0
reuse_R16_k16,pg19,2,16,39,7,32,4,0,16,,0,0,0.0
reuse_R16_k16,pg19,2,16,40,8,32,4,0,16,,0,0,0.0
reuse_R16_k16,pg19,2,16,41,9,32,2,0,16,,0,0,0.0
reuse_R16_k16,pg19,2,16,42,10,32,2,0,16,,0,0,0.0
reuse_R16_k16,pg19,2,16,43,11,32,4,0,16,,0,0,0.0
reuse_R16_k16,pg19,2,16,44,12,32,4,0,16,,0,0,0.0
reuse_R16_k16,pg19,2,16,45,13,32,4,0,16,,0,0,0.0
reuse_R16_k16,pg19,2,16,46,14,32,3,0,16,,0,0,0.0
reuse_R16_k16,pg19,2,16,47,15,32,1,0,16,,0,0,0.0
reuse_R16_k16,pg19,2,16,48,0,32,3,1,16,,0,0,0.0
reuse_R16_k16,pg19,2,16,49,1,32,1,0,16,,0,0,0.0
reuse_R16_k16,pg19,2,16,50,2,32,4,0,16,,0,0,0.0
reuse_R16_k16,pg19,2,16,51,3,32,2,0,16,,0,0,0.0
reuse_R16_k16,pg19,2,16,52,4,32,4,0,16,,0,0,0.0
reuse_R16_k16,pg19,2,16,53,5,32,3,0,16,,0,0,0.0
reuse_R16_k16,pg19,2,16,54,6,32,2,0,16,,0,0,0.0
reuse_R16_k16,pg19,2,16,55,7,32,3,0,16,,0,0,0.0
reuse_R16_k16,pg19,2,16,56,8,32,2,0,16,,0,0,0.0
reuse_R16_k16,pg19,2,16,57,9,32,4,0,16,,0,0,0.0
reuse_R16_k16,pg19,2,16,58,10,32,3,0,16,,0,0,0.0
reuse_R16_k16,pg19,2,16,59,11,32,3,0,16,,0,0,0.0
reuse_R16_k16,pg19,2,16,60,12,32,2,0,16,,0,0,0.0
reuse_R16_k16,pg19,2,16,61,13,32,2,0,16,,0,0,0.0
reuse_R16_k16,pg19,2,16,62,14,32,3,0,16,,0,0,0.0
reuse_R16_k16,pg19,2,16,63,15,32,4,0,16,,0,0,0.0
reuse_R16_k16,pg19,2,16,64,0,32,4,1,16,,0,0,0.0
reuse_R16_k16,pg19,2,16,65,1,32,1,0,16,,0,0,0.0
reuse_R16_k16,pg19,2,16,66,2,32,4,0,16,,0,0,0.0
reuse_R16_k16,pg19,2,16,67,3,32,4,0,16,,0,0,0.0
reuse_R16_k16,pg19,2,16,68,4,32,4,0,16,,0,0,0.0
reuse_R16_k16,pg19,2,16,69,5,32,4,0,16,,0,0,0.0
reuse_R16_k16,pg19,2,16,70,6,32,4,0,16,,0,0,0.0
reuse_R16_k16,pg19,2,16,71,7,32,4,0,16,,0,0,0.0
reuse_R16_k16,pg19,2,16,72,8,32,4,0,16,,0,0,0.0
reuse_R16_k16,pg19,2,16,73,9,32,4,0,16,,0,0,0.0
reuse_R16_k16,pg19,2,16,74,10,32,3,0,16,,0,0,0.0
reuse_R16_k16,pg19,2,16,75,11,32,1,0,16,,0,0,0.0
reuse_R16_k16,pg19,2,16,76,12,32,1,0,16,,0,0,0.0
reuse_R16_k16,pg19,2,16,77,13,32,4,0,16,,0,0,0.0
reuse_R16_k16,pg19,2,16,78,14,32,1,0,16,,0,0,0.0
reuse_R16_k16,pg19,2,16,79,15,32,2,0,16,,0,0,0.0
reuse_R16_k16,pg19,2,16,80,0,32,2,1,16,,0,0,0.0
reuse_R16_k16,pg19,2,16,81,1,32,4,0,16,,0,0,0.0
reuse_R16_k16,pg19,2,16,82,2,32,4,0,16,,0,0,0.0
reuse_R16_k16,pg19,2,16,83,3,32,0,0,16,,0,0,0.0
reuse_R16_k16,pg19,2,16,84,4,32,1,0,16,,0,0,0.0
reuse_R16_k16,pg19,2,16,85,5,32,1,0,16,,0,0,0.0
reuse_R16_k16,pg19,2,16,86,6,32,2,0,16,,0,0,0.0
reuse_R16_k16,pg19,2,16,87,7,32,3,0,16,,0,0,0.0
reuse_R16_k16,pg19,2,16,88,8,32,2,0,16,,0,0,0.0
reuse_R16_k16,pg19,2,16,89,9,32,0,0,16,,0,0,0.0
reuse_R16_k16,pg19,2,16,90,10,32,4,0,16,,0,0,0.0
reuse_R16_k16,pg19,2,16,91,11,32,2,0,16,,0,0,0.0
reuse_R16_k16,pg19,2,16,92,12,32,0,0,16,,0,0,0.0
reuse_R16_k16,pg19,2,16,93,13,32,4,0,16,,0,0,0.0
reuse_R16_k16,pg19,2,16,94,14,32,0,0,16,,0,0,0.0
reuse_R16_k16,pg19,2,16,95,15,32,4,0,16,,0,0,0.0
reuse_R16_k16,pg19,2,16,96,0,32,2,1,16,,0,0,0.0
reuse_R16_k16,pg19,2,16,97,1,32,3,0,16,,0,0,0.0
reuse_R16_k16,pg19,2,16,98,2,32,4,0,16,,0,0,0.0
reuse_R16_k16,pg19,2,16,99,3,32,4,0,16,,0,0,0.0
reuse_R16_k16,pg19,2,16,100,4,32,4,0,16,,0,0,0.0
reuse_R16_k16,pg19,2,16,101,5,32,4,0,16,,0,0,0.0
reuse_R16_k16,pg19,2,16,102,6,32,0,0,16,,0,0,0.0
reuse_R16_k16,pg19,2,16,103,7,32,4,0,16,,0,0,0.0
reuse_R16_k16,pg19,2,16,104,8,32,4,0,16,,0,0,0.0
reuse_R16_k16,pg19,2,16,105,9,32,4,0,16,,0,0,0.0
reuse_R16_k16,pg19,2,16,106,10,32,4,0,16,,0,0,0.0
reuse_R16_k16,pg19,2,16,107,11,32,3,0,16,,0,0,0.0
reuse_R16_k16,pg19,2,16,108,12,32,4,0,16,,0,0,0.0
reuse_R16_k16,pg19,2,16,109,13,32,4,0,16,,0,0,0.0
reuse_R16_k16,pg19,2,16,110,14,32,2,0,16,,0,0,0.0
reuse_R16_k16,pg19,2,16,111,15,32,2,0,16,,0,0,0.0
reuse_R16_k16,pg19,2,16,112,0,32,4,1,16,,0,0,0.0
reuse_R16_k16,pg19,2,16,113,1,32,2,0,16,,0,0,0.0
reuse_R16_k16,pg19,2,16,114,2,32,4,0,16,,0,0,0.0
reuse_R16_k16,pg19,2,16,115,3,32,4,0,16,,0,0,0.0
reuse_R16_k16,pg19,2,16,116,4,32,3,0,16,,0,0,0.0
reuse_R16_k16,pg19,2,16,117,5,32,4,0,16,,0,0,0.0
reuse_R16_k16,pg19,2,16,118,6,32,0,0,16,,0,0,0.0
reuse_R16_k16,pg19,2,16,119,7,32,1,0,16,,0,0,0.0
reuse_R16_k16,pg19,2,16,120,8,32,4,0,16,,0,0,0.0
reuse_R16_k16,pg19,2,16,121,9,32,4,0,16,,0,0,0.0
reuse_R16_k16,pg19,2,16,122,10,32,1,0,16,,0,0,0.0
reuse_R16_k16,pg19,2,16,123,11,32,4,0,16,,0,0,0.0
reuse_R16_k16,pg19,2,16,124,12,32,4,0,16,,0,0,0.0
reuse_R16_k16,pg19,2,16,125,13,32,4,0,16,,0,0,0.0
reuse_R16_k16,pg19,2,16,126,14,32,1,0,16,,0,0,0.0
reuse_R16_k16,pg19,2,16,127,15,32,2,0,16,,0,0,0.0
reuse_R16_k16,pg19,2,16,128,0,32,1,1,16,,0,0,0.0
reuse_R16_k16,pg19,2,16,129,1,32,3,0,16,,0,0,0.0
reuse_R16_k16,pg19,2,16,130,2,32,4,0,16,,0,0,0.0
reuse_R16_k16,pg19,2,16,131,3,32,4,0,16,,0,0,0.0
reuse_R16_k16,pg19,2,16,132,4,32,3,0,16,,0,0,0.0
reuse_R16_k16,pg19,2,16,133,5,32,4,0,16,,0,0,0.0
reuse_R16_k16,pg19,2,16,134,6,32,4,0,16,,0,0,0.0
reuse_R16_k16,pg19,2,16,135,7,32,4,0,16,,0,0,0.0
reuse_R16_k16,pg19,2,16,136,8,32,4,0,16,,0,0,0.0
reuse_R32_k8,pg19,2,32,0,0,32,1,1,8,,0,0,0.0
reuse_R32_k8,pg19,2,32,1,1,32,0,0,8,,0,0,0.0
reuse_R32_k8,pg19,2,32,2,2,32,3,0,8,,0,0,0.0
reuse_R32_k8,pg19,2,32,3,3,32,3,0,8,,0,0,0.0
reuse_R32_k8,pg19,2,32,4,4,32,1,0,8,,0,0,0.0
reuse_R32_k8,pg19,2,32,5,5,32,4,0,8,,0,0,0.0
reuse_R32_k8,pg19,2,32,6,6,32,4,0,8,,0,0,0.0
reuse_R32_k8,pg19,2,32,7,7,32,0,0,8,,0,0,0.0
reuse_R32_k8,pg19,2,32,8,8,32,0,0,8,,0,0,0.0
reuse_R32_k8,pg19,2,32,9,9,32,2,0,8,,0,0,0.0
reuse_R32_k8,pg19,2,32,10,10,32,1,0,8,,0,0,0.0
reuse_R32_k8,pg19,2,32,11,11,32,2,0,8,,0,0,0.0
reuse_R32_k8,pg19,2,32,12,12,32,3,0,8,,0,0,0.0
reuse_R32_k8,pg19,2,32,13,13,32,2,0,8,,0,0,0.0
reuse_R32_k8,pg19,2,32,14,14,32,4,0,8,,0,0,0.0
reuse_R32_k8,pg19,2,32,15,15,32,4,0,8,,0,0,0.0
reuse_R32_k8,pg19,2,32,16,16,32,3,0,8,,0,0,0.0
reuse_R32_k8,pg19,2,32,17,17,32,4,0,8,,0,0,0.0
reuse_R32_k8,pg19,2,32,18,18,32,4,0,8,,0,0,0.0
reuse_R32_k8,pg19,2,32,19,19,32,3,0,8,,0,0,0.0
reuse_R32_k8,pg19,2,32,20,20,32,2,0,8,,0,0,0.0
reuse_R32_k8,pg19,2,32,21,21,32,0,0,8,,0,0,0.0
reuse_R32_k8,pg19,2,32,22,22,32,0,0,8,,0,0,0.0
reuse_R32_k8,pg19,2,32,23,23,32,1,0,8,,0,0,0.0
reuse_R32_k8,pg19,2,32,24,24,32,3,0,8,,0,0,0.0
reuse_R32_k8,pg19,2,32,25,25,32,3,0,8,,0,0,0.0
reuse_R32_k8,pg19,2,32,26,26,32,2,0,8,,0,0,0.0
reuse_R32_k8,pg19,2,32,27,27,32,3,0,8,,0,0,0.0
reuse_R32_k8,pg19,2,32,28,28,32,2,0,8,,0,0,0.0
reuse_R32_k8,pg19,2,32,29,29,32,0,0,8,,0,0,0.0
reuse_R32_k8,pg19,2,32,30,30,32,4,0,8,,0,0,0.0
reuse_R32_k8,pg19,2,32,31,31,32,4,0,8,,0,0,0.0
reuse_R32_k8,pg19,2,32,32,0,32,2,1,8,,0,0,0.0
reuse_R32_k8,pg19,2,32,33,1,32,0,0,8,,0,0,0.0
reuse_R32_k8,pg19,2,32,34,2,32,0,0,8,,0,0,0.0
reuse_R32_k8,pg19,2,32,35,3,32,1,0,8,,0,0,0.0
reuse_R32_k8,pg19,2,32,36,4,32,4,0,8,,0,0,0.0
reuse_R32_k8,pg19,2,32,37,5,32,4,0,8,,0,0,0.0
reuse_R32_k8,pg19,2,32,38,6,32,1,0,8,,0,0,0.0
reuse_R32_k8,pg19,2,32,39,7,32,3,0,8,,0,0,0.0
reuse_R32_k8,pg19,2,32,40,8,32,4,0,8,,0,0,0.0
reuse_R32_k8,pg19,2,32,41,9,32,4,0,8,,0,0,0.0
reuse_R32_k8,pg19,2,32,42,10,32,2,0,8,,0,0,0.0
reuse_R32_k8,pg19,2,32,43,11,32,4,0,8,,0,0,0.0
reuse_R32_k8,pg19,2,32,44,12,32,3,0,8,,0,0,0.0
reuse_R32_k8,pg19,2,32,45,13,32,4,0,8,,0,0,0.0
reuse_R32_k8,pg19,2,32,46,14,32,4,0,8,,0,0,0.0
reuse_R32_k8,pg19,2,32,47,15,32,4,0,8,,0,0,0.0
reuse_R32_k8,pg19,2,32,48,16,32,2,0,8,,0,0,0.0
reuse_R32_k8,pg19,2,32,49,17,32,1,0,8,,0,0,0.0
reuse_R32_k8,pg19,2,32,50,18,32,3,0,8,,0,0,0.0
reuse_R32_k8,pg19,2,32,51,19,32,1,0,8,,0,0,0.0
reuse_R32_k8,pg19,2,32,52,20,32,4,0,8,,0,0,0.0
reuse_R32_k8,pg19,2,32,53,21,32,2,0,8,,0,0,0.0
reuse_R32_k8,pg19,2,32,54,22,32,4,0,8,,0,0,0.0
reuse_R32_k8,pg19,2,32,55,23,32,3,0,8,,0,0,0.0
reuse_R32_k8,pg19,2,32,56,24,32,2,0,8,,0,0,0.0
reuse_R32_k8,pg19,2,32,57,25,32,3,0,8,,0,0,0.0
reuse_R32_k8,pg19,2,32,58,26,32,2,0,8,,0,0,0.0
reuse_R32_k8,pg19,2,32,59,27,32,4,0,8,,0,0,0.0
reuse_R32_k8,pg19,2,32,60,28,32,3,0,8,,0,0,0.0
reuse_R32_k8,pg19,2,32,61,29,32,3,0,8,,0,0,0.0
reuse_R32_k8,pg19,2,32,62,30,32,2,0,8,,0,0,0.0
reuse_R32_k8,pg19,2,32,63,31,32,2,0,8,,0,0,0.0
reuse_R32_k8,pg19,2,32,64,0,32,3,1,8,,0,0,0.0
reuse_R32_k8,pg19,2,32,65,1,32,4,0,8,,0,0,0.0
reuse_R32_k8,pg19,2,32,66,2,32,4,0,8,,0,0,0.0
reuse_R32_k8,pg19,2,32,67,3,32,3,0,8,,0,0,0.0
reuse_R32_k8,pg19,2,32,68,4,32,4,0,8,,0,0,0.0
reuse_R32_k8,pg19,2,32,69,5,32,4,0,8,,0,0,0.0
reuse_R32_k8,pg19,2,32,70,6,32,4,0,8,,0,0,0.0
reuse_R32_k8,pg19,2,32,71,7,32,4,0,8,,0,0,0.0
reuse_R32_k8,pg19,2,32,72,8,32,4,0,8,,0,0,0.0
reuse_R32_k8,pg19,2,32,73,9,32,4,0,8,,0,0,0.0
reuse_R32_k8,pg19,2,32,74,10,32,2,0,8,,0,0,0.0
reuse_R32_k8,pg19,2,32,75,11,32,4,0,8,,0,0,0.0
reuse_R32_k8,pg19,2,32,76,12,32,4,0,8,,0,0,0.0
reuse_R32_k8,pg19,2,32,77,13,32,0,0,8,,0,0,0.0
reuse_R32_k8,pg19,2,32,78,14,32,1,0,8,,0,0,0.0
reuse_R32_k8,pg19,2,32,79,15,32,4,0,8,,0,0,0.0
reuse_R32_k8,pg19,2,32,80,16,32,1,0,8,,0,0,0.0
reuse_R32_k8,pg19,2,32,81,17,32,4,0,8,,0,0,0.0
reuse_R32_k8,pg19,2,32,82,18,32,0,0,8,,0,0,0.0
reuse_R32_k8,pg19,2,32,83,19,32,4,0,8,,0,0,0.0
reuse_R32_k8,pg19,2,32,84,20,32,4,0,8,,0,0,0.0
reuse_R32_k8,pg19,2,32,85,21,32,0,0,8,,0,0,0.0
reuse_R32_k8,pg19,2,32,86,22,32,1,0,8,,0,0,0.0
reuse_R32_k8,pg19,2,32,87,23,32,1,0,8,,0,0,0.0
reuse_R32_k8,pg19,2,32,88,24,32,2,0,8,,0,0,0.0
reuse_R32_k8,pg19,2,32,89,25,32,2,0,8,,0,0,0.0
reuse_R32_k8,pg19,2,32,90,26,32,3,0,8,,0,0,0.0
reuse_R32_k8,pg19,2,32,91,27,32,0,0,8,,0,0,0.0
reuse_R32_k8,pg19,2,32,92,28,32,4,0,8,,0,0,0.0
reuse_R32_k8,pg19,2,32,93,29,32,2,0,8,,0,0,0.0
reuse_R32_k8,pg19,2,32,94,30,32,0,0,8,,0,0,0.0
reuse_R32_k8,pg19,2,32,95,31,32,4,0,8,,0,0,0.0
reuse_R32_k8,pg19,2,32,96,0,32,0,1,8,,0,0,0.0
reuse_R32_k8,pg19,2,32,97,1,32,4,0,8,,0,0,0.0
reuse_R32_k8,pg19,2,32,98,2,32,0,0,8,,0,0,0.0
reuse_R32_k8,pg19,2,32,99,3,32,1,0,8,,0,0,0.0
reuse_R32_k8,pg19,2,32,100,4,32,3,0,8,,0,0,0.0
reuse_R32_k8,pg19,2,32,101,5,32,3,0,8,,0,0,0.0
reuse_R32_k8,pg19,2,32,102,6,32,4,0,8,,0,0,0.0
reuse_R32_k8,pg19,2,32,103,7,32,4,0,8,,0,0,0.0
reuse_R32_k8,pg19,2,32,104,8,32,4,0,8,,0,0,0.0
reuse_R32_k8,pg19,2,32,105,9,32,0,0,8,,0,0,0.0
reuse_R32_k8,pg19,2,32,106,10,32,0,0,8,,0,0,0.0
reuse_R32_k8,pg19,2,32,107,11,32,4,0,8,,0,0,0.0
reuse_R32_k8,pg19,2,32,108,12,32,4,0,8,,0,0,0.0
reuse_R32_k8,pg19,2,32,109,13,32,4,0,8,,0,0,0.0
reuse_R32_k8,pg19,2,32,110,14,32,4,0,8,,0,0,0.0
reuse_R32_k8,pg19,2,32,111,15,32,0,0,8,,0,0,0.0
reuse_R32_k8,pg19,2,32,112,16,32,4,0,8,,0,0,0.0
reuse_R32_k8,pg19,2,32,113,17,32,4,0,8,,0,0,0.0
reuse_R32_k8,pg19,2,32,114,18,32,4,0,8,,0,0,0.0
reuse_R32_k8,pg19,2,32,115,19,32,0,0,8,,0,0,0.0
reuse_R32_k8,pg19,2,32,116,20,32,2,0,8,,0,0,0.0
reuse_R32_k8,pg19,2,32,117,21,32,4,0,8,,0,0,0.0
reuse_R32_k8,pg19,2,32,118,22,32,2,0,8,,0,0,0.0
reuse_R32_k8,pg19,2,32,119,23,32,4,0,8,,0,0,0.0
reuse_R32_k8,pg19,2,32,120,24,32,4,0,8,,0,0,0.0
reuse_R32_k8,pg19,2,32,121,25,32,3,0,8,,0,0,0.0
reuse_R32_k8,pg19,2,32,122,26,32,4,0,8,,0,0,0.0
reuse_R32_k8,pg19,2,32,123,27,32,1,0,8,,0,0,0.0
reuse_R32_k8,pg19,2,32,124,28,32,4,0,8,,0,0,0.0
reuse_R32_k8,pg19,2,32,125,29,32,1,0,8,,0,0,0.0
reuse_R32_k8,pg19,2,32,126,30,32,4,0,8,,0,0,0.0
reuse_R32_k8,pg19,2,32,127,31,32,4,0,8,,0,0,0.0
reuse_R32_k8,pg19,2,32,128,0,32,4,1,8,,0,0,0.0
reuse_R32_k8,pg19,2,32,129,1,32,4,0,8,,0,0,0.0
reuse_R32_k8,pg19,2,32,130,2,32,2,0,8,,0,0,0.0
reuse_R32_k8,pg19,2,32,131,3,32,2,0,8,,0,0,0.0
reuse_R32_k8,pg19,2,32,132,4,32,1,0,8,,0,0,0.0
reuse_R32_k8,pg19,2,32,133,5,32,3,0,8,,0,0,0.0
reuse_R32_k8,pg19,2,32,134,6,32,4,0,8,,0,0,0.0
reuse_R32_k8,pg19,2,32,135,7,32,4,0,8,,0,0,0.0
reuse_R32_k8,pg19,2,32,136,8,32,4,0,8,,0,0,0.0
reuse_R32_k8,pg19,2,32,137,9,32,4,0,8,,0,0,0.0
reuse_R32_k8,pg19,2,32,138,10,32,4,0,8,,0,0,0.0
reuse_R32_k8,pg19,2,32,139,11,32,4,0,8,,0,0,0.0
reuse_R32_k8,pg19,2,32,140,12,32,4,0,8,,0,0,0.0
reuse_R32_k16,pg19,2,32,0,0,32,1,1,16,,0,0,0.0
reuse_R32_k16,pg19,2,32,1,1,32,0,0,16,,0,0,0.0
reuse_R32_k16,pg19,2,32,2,2,32,3,0,16,,0,0,0.0
reuse_R32_k16,pg19,2,32,3,3,32,2,0,16,,0,0,0.0
reuse_R32_k16,pg19,2,32,4,4,32,2,0,16,,0,0,0.0
reuse_R32_k16,pg19,2,32,5,5,32,4,0,16,,0,0,0.0
reuse_R32_k16,pg19,2,32,6,6,32,4,0,16,,0,0,0.0
reuse_R32_k16,pg19,2,32,7,7,32,0,0,16,,0,0,0.0
reuse_R32_k16,pg19,2,32,8,8,32,1,0,16,,0,0,0.0
reuse_R32_k16,pg19,2,32,9,9,32,1,0,16,,0,0,0.0
reuse_R32_k16,pg19,2,32,10,10,32,1,0,16,,0,0,0.0
reuse_R32_k16,pg19,2,32,11,11,32,2,0,16,,0,0,0.0
reuse_R32_k16,pg19,2,32,12,12,32,1,0,16,,0,0,0.0
reuse_R32_k16,pg19,2,32,13,13,32,4,0,16,,0,0,0.0
reuse_R32_k16,pg19,2,32,14,14,32,4,0,16,,0,0,0.0
reuse_R32_k16,pg19,2,32,15,15,32,4,0,16,,0,0,0.0
reuse_R32_k16,pg19,2,32,16,16,32,3,0,16,,0,0,0.0
reuse_R32_k16,pg19,2,32,17,17,32,4,0,16,,0,0,0.0
reuse_R32_k16,pg19,2,32,18,18,32,4,0,16,,0,0,0.0
reuse_R32_k16,pg19,2,32,19,19,32,3,0,16,,0,0,0.0
reuse_R32_k16,pg19,2,32,20,20,32,2,0,16,,0,0,0.0
reuse_R32_k16,pg19,2,32,21,21,32,1,0,16,,0,0,0.0
reuse_R32_k16,pg19,2,32,22,22,32,1,0,16,,0,0,0.0
reuse_R32_k16,pg19,2,32,23,23,32,3,0,16,,0,0,0.0
reuse_R32_k16,pg19,2,32,24,24,32,1,0,16,,0,0,0.0
reuse_R32_k16,pg19,2,32,25,25,32,4,0,16,,0,0,0.0
reuse_R32_k16,pg19,2,32,26,26,32,4,0,16,,0,0,0.0
reuse_R32_k16,pg19,2,32,27,27,32,2,0,16,,0,0,0.0
reuse_R32_k16,pg19,2,32,28,28,32,4,0,16,,0,0,0.0
reuse_R32_k16,pg19,2,32,29,29,32,4,0,16,,0,0,0.0
reuse_R32_k16,pg19,2,32,30,30,32,2,0,16,,0,0,0.0
reuse_R32_k16,pg19,2,32,31,31,32,0,0,16,,0,0,0.0
reuse_R32_k16,pg19,2,32,32,0,32,0,1,16,,0,0,0.0
reuse_R32_k16,pg19,2,32,33,1,32,1,0,16,,0,0,0.0
reuse_R32_k16,pg19,2,32,34,2,32,4,0,16,,0,0,0.0
reuse_R32_k16,pg19,2,32,35,3,32,2,0,16,,0,0,0.0
reuse_R32_k16,pg19,2,32,36,4,32,3,0,16,,0,0,0.0
reuse_R32_k16,pg19,2,32,37,5,32,3,0,16,,0,0,0.0
reuse_R32_k16,pg19,2,32,38,6,32,4,0,16,,0,0,0.0
reuse_R32_k16,pg19,2,32,39,7,32,4,0,16,,0,0,0.0
reuse_R32_k16,pg19,2,32,40,8,32,4,0,16,,0,0,0.0
reuse_R32_k16,pg19,2,32,41,9,32,2,0,16,,0,0,0.0
reuse_R32_k16,pg19,2,32,42,10,32,2,0,16,,0,0,0.0
reuse_R32_k16,pg19,2,32,43,11,32,4,0,16,,0,0,0.0
reuse_R32_k16,pg19,2,32,44,12,32,4,0,16,,0,0,0.0
reuse_R32_k16,pg19,2,32,45,13,32,4,0,16,,0,0,0.0
reuse_R32_k16,pg19,2,32,46,14,32,3,0,16,,0,0,0.0
reuse_R32_k16,pg19,2,32,47,15,32,1,0,16,,0,0,0.0
reuse_R32_k16,pg19,2,32,48,16,32,3,0,16,,0,0,0.0
reuse_R32_k16,pg19,2,32,49,17,32,1,0,16,,0,0,0.0
reuse_R32_k16,pg19,2,32,50,18,32,4,0,16,,0,0,0.0
reuse_R32_k16,pg19,2,32,51,19,32,2,0,16,,0,0,0.0
reuse_R32_k16,pg19,2,32,52,20,32,4,0,16,,0,0,0.0
reuse_R32_k16,pg19,2,32,53,21,32,3,0,16,,0,0,0.0
reuse_R32_k16,pg19,2,32,54,22,32,2,0,16,,0,0,0.0
reuse_R32_k16,pg19,2,32,55,23,32,3,0,16,,0,0,0.0
reuse_R32_k16,pg19,2,32,56,24,32,2,0,16,,0,0,0.0
reuse_R32_k16,pg19,2,32,57,25,32,4,0,16,,0,0,0.0
reuse_R32_k16,pg19,2,32,58,26,32,3,0,16,,0,0,0.0
reuse_R32_k16,pg19,2,32,59,27,32,3,0,16,,0,0,0.0
reuse_R32_k16,pg19,2,32,60,28,32,2,0,16,,0,0,0.0
reuse_R32_k16,pg19,2,32,61,29,32,2,0,16,,0,0,0.0
reuse_R32_k16,pg19,2,32,62,30,32,3,0,16,,0,0,0.0
reuse_R32_k16,pg19,2,32,63,31,32,4,0,16,,0,0,0.0
reuse_R32_k16,pg19,2,32,64,0,32,4,1,16,,0,0,0.0
reuse_R32_k16,pg19,2,32,65,1,32,1,0,16,,0,0,0.0
reuse_R32_k16,pg19,2,32,66,2,32,4,0,16,,0,0,0.0
reuse_R32_k16,pg19,2,32,67,3,32,2,0,16,,0,0,0.0
reuse_R32_k16,pg19,2,32,68,4,32,4,0,16,,0,0,0.0
reuse_R32_k16,pg19,2,32,69,5,32,4,0,16,,0,0,0.0
reuse_R32_k16,pg19,2,32,70,6,32,4,0,16,,0,0,0.0
reuse_R32_k16,pg19,2,32,71,7,32,4,0,16,,0,0,0.0
reuse_R32_k16,pg19,2,32,72,8,32,4,0,16,,0,0,0.0
reuse_R32_k16,pg19,2,32,73,9,32,4,0,16,,0,0,0.0
reuse_R32_k16,pg19,2,32,74,10,32,1,0,16,,0,0,0.0
reuse_R32_k16,pg19,2,32,75,11,32,3,0,16,,0,0,0.0
reuse_R32_k16,pg19,2,32,76,12,32,1,0,16,,0,0,0.0
reuse_R32_k16,pg19,2,32,77,13,32,1,0,16,,0,0,0.0
reuse_R32_k16,pg19,2,32,78,14,32,4,0,16,,0,0,0.0
reuse_R32_k16,pg19,2,32,79,15,32,1,0,16,,0,0,0.0
reuse_R32_k16,pg19,2,32,80,16,32,2,0,16,,0,0,0.0
reuse_R32_k16,pg19,2,32,81,17,32,2,0,16,,0,0,0.0
reuse_R32_k16,pg19,2,32,82,18,32,4,0,16,,0,0,0.0
reuse_R32_k16,pg19,2,32,83,19,32,4,0,16,,0,0,0.0
reuse_R32_k16,pg19,2,32,84,20,32,0,0,16,,0,0,0.0
reuse_R32_k16,pg19,2,32,85,21,32,1,0,16,,0,0,0.0
reuse_R32_k16,pg19,2,32,86,22,32,1,0,16,,0,0,0.0
reuse_R32_k16,pg19,2,32,87,23,32,2,0,16,,0,0,0.0
reuse_R32_k16,pg19,2,32,88,24,32,2,0,16,,0,0,0.0
reuse_R32_k16,pg19,2,32,89,25,32,3,0,16,,0,0,0.0
reuse_R32_k16,pg19,2,32,90,26,32,0,0,16,,0,0,0.0
reuse_R32_k16,pg19,2,32,91,27,32,4,0,16,,0,0,0.0
reuse_R32_k16,pg19,2,32,92,28,32,2,0,16,,0,0,0.0
reuse_R32_k16,pg19,2,32,93,29,32,0,0,16,,0,0,0.0
reuse_R32_k16,pg19,2,32,94,30,32,4,0,16,,0,0,0.0
reuse_R32_k16,pg19,2,32,95,31,32,0,0,16,,0,0,0.0
reuse_R32_k16,pg19,2,32,96,0,32,3,1,16,,0,0,0.0
reuse_R32_k16,pg19,2,32,97,1,32,4,0,16,,0,0,0.0
reuse_R32_k16,pg19,2,32,98,2,32,2,0,16,,0,0,0.0
reuse_R32_k16,pg19,2,32,99,3,32,3,0,16,,0,0,0.0
reuse_R32_k16,pg19,2,32,100,4,32,4,0,16,,0,0,0.0
reuse_R32_k16,pg19,2,32,101,5,32,4,0,16,,0,0,0.0
reuse_R32_k16,pg19,2,32,102,6,32,4,0,16,,0,0,0.0
reuse_R32_k16,pg19,2,32,103,7,32,0,0,16,,0,0,0.0
reuse_R32_k16,pg19,2,32,104,8,32,0,0,16,,0,0,0.0
reuse_R32_k16,pg19,2,32,105,9,32,4,0,16,,0,0,0.0
reuse_R32_k16,pg19,2,32,106,10,32,4,0,16,,0,0,0.0
reuse_R32_k16,pg19,2,32,107,11,32,4,0,16,,0,0,0.0
reuse_R32_k16,pg19,2,32,108,12,32,4,0,16,,0,0,0.0
reuse_R32_k16,pg19,2,32,109,13,32,3,0,16,,0,0,0.0
reuse_R32_k16,pg19,2,32,110,14,32,4,0,16,,0,0,0.0
reuse_R32_k16,pg19,2,32,111,15,32,4,0,16,,0,0,0.0
reuse_R32_k16,pg19,2,32,112,16,32,2,0,16,,0,0,0.0
reuse_R32_k16,pg19,2,32,113,17,32,2,0,16,,0,0,0.0
reuse_R32_k16,pg19,2,32,114,18,32,4,0,16,,0,0,0.0
reuse_R32_k16,pg19,2,32,115,19,32,2,0,16,,0,0,0.0
reuse_R32_k16,pg19,2,32,116,20,32,4,0,16,,0,0,0.0
reuse_R32_k16,pg19,2,32,117,21,32,4,0,16,,0,0,0.0
reuse_R32_k16,pg19,2,32,118,22,32,3,0,16,,0,0,0.0
reuse_R32_k16,pg19,2,32,119,23,32,4,0,16,,0,0,0.0
reuse_R32_k16,pg19,2,32,120,24,32,0,0,16,,0,0,0.0
reuse_R32_k16,pg19,2,32,121,25,32,4,0,16,,0,0,0.0
reuse_R32_k16,pg19,2,32,122,26,32,2,0,16,,0,0,0.0
reuse_R32_k16,pg19,2,32,123,27,32,4,0,16,,0,0,0.0
reuse_R32_k16,pg19,2,32,124,28,32,4,0,16,,0,0,0.0
reuse_R32_k16,pg19,2,32,125,29,32,4,0,16,,0,0,0.0
reuse_R32_k16,pg19,2,32,126,30,32,4,0,16,,0,0,0.0
reuse_R32_k16,pg19,2,32,127,31,32,2,0,16,,0,0,0.0
reuse_R32_k16,pg19,2,32,128,0,32,2,1,16,,0,0,0.0
reuse_R32_k16,pg19,2,32,129,1,32,1,0,16,,0,0,0.0
reuse_R32_k16,pg19,2,32,130,2,32,3,0,16,,0,0,0.0
reuse_R32_k16,pg19,2,32,131,3,32,4,0,16,,0,0,0.0
reuse_R32_k16,pg19,2,32,132,4,32,4,0,16,,0,0,0.0
reuse_R32_k16,pg19,2,32,133,5,32,3,0,16,,0,0,0.0
reuse_R32_k16,pg19,2,32,134,6,32,4,0,16,,0,0,0.0
reuse_R32_k16,pg19,2,32,135,7,32,4,0,16,,0,0,0.0
reuse_R32_k16,pg19,2,32,136,8,32,4,0,16,,0,0,0.0
reuse_R32_k16,pg19,2,32,137,9,32,4,0,16,,0,0,0.0
no_update_k8,pg19,2,0,0,0,32,1,0,0,,0,0,0.0
no_update_k8,pg19,2,0,1,0,32,0,0,0,,0,0,0.0
no_update_k8,pg19,2,0,2,0,32,0,0,0,,0,0,0.0
no_update_k8,pg19,2,0,3,0,32,0,0,0,,0,0,0.0
no_update_k8,pg19,2,0,4,0,32,0,0,0,,0,0,0.0
no_update_k8,pg19,2,0,5,0,32,0,0,0,,0,0,0.0
no_update_k8,pg19,2,0,6,0,32,0,0,0,,0,0,0.0
no_update_k8,pg19,2,0,7,0,32,0,0,0,,0,0,0.0
no_update_k8,pg19,2,0,8,0,32,1,0,0,,0,0,0.0
no_update_k8,pg19,2,0,9,0,32,1,0,0,,0,0,0.0
no_update_k8,pg19,2,0,10,0,32,2,0,0,,0,0,0.0
no_update_k8,pg19,2,0,11,0,32,0,0,0,,0,0,0.0
no_update_k8,pg19,2,0,12,0,32,0,0,0,,0,0,0.0
no_update_k8,pg19,2,0,13,0,32,0,0,0,,0,0,0.0
no_update_k8,pg19,2,0,14,0,32,0,0,0,,0,0,0.0
no_update_k8,pg19,2,0,15,0,32,1,0,0,,0,0,0.0
no_update_k8,pg19,2,0,16,0,32,1,0,0,,0,0,0.0
no_update_k8,pg19,2,0,17,0,32,0,0,0,,0,0,0.0
no_update_k8,pg19,2,0,18,0,32,0,0,0,,0,0,0.0
no_update_k8,pg19,2,0,19,0,32,1,0,0,,0,0,0.0
no_update_k8,pg19,2,0,20,0,32,0,0,0,,0,0,0.0
no_update_k8,pg19,2,0,21,0,32,1,0,0,,0,0,0.0
no_update_k8,pg19,2,0,22,0,32,1,0,0,,0,0,0.0
no_update_k8,pg19,2,0,23,0,32,0,0,0,,0,0,0.0
no_update_k8,pg19,2,0,24,0,32,2,0,0,,0,0,0.0
no_update_k8,pg19,2,0,25,0,32,1,0,0,,0,0,0.0
no_update_k8,pg19,2,0,26,0,32,0,0,0,,0,0,0.0
no_update_k8,pg19,2,0,27,0,32,0,0,0,,0,0,0.0
no_update_k8,pg19,2,0,28,0,32,1,0,0,,0,0,0.0
no_update_k8,pg19,2,0,29,0,32,1,0,0,,0,0,0.0
no_update_k8,pg19,2,0,30,0,32,3,0,0,,0,0,0.0
no_update_k8,pg19,2,0,31,0,32,1,0,0,,0,0,0.0
no_update_k8,pg19,2,0,32,0,32,0,0,0,,0,0,0.0
no_update_k8,pg19,2,0,33,0,32,2,0,0,,0,0,0.0
no_update_k8,pg19,2,0,34,0,32,2,0,0,,0,0,0.0
no_update_k8,pg19,2,0,35,0,32,4,0,0,,0,0,0.0
no_update_k8,pg19,2,0,36,0,32,1,0,0,,0,0,0.0
no_update_k8,pg19,2,0,37,0,32,0,0,0,,0,0,0.0
no_update_k8,pg19,2,0,38,0,32,4,0,0,,0,0,0.0
no_update_k8,pg19,2,0,39,0,32,2,0,0,,0,0,0.0
no_update_k8,pg19,2,0,40,0,32,0,0,0,,0,0,0.0
no_update_k8,pg19,2,0,41,0,32,0,0,0,,0,0,0.0
no_update_k8,pg19,2,0,42,0,32,1,0,0,,0,0,0.0
no_update_k8,pg19,2,0,43,0,32,2,0,0,,0,0,0.0
no_update_k8,pg19,2,0,44,0,32,3,0,0,,0,0,0.0
no_update_k8,pg19,2,0,45,0,32,1,0,0,,0,0,0.0
no_update_k8,pg19,2,0,46,0,32,4,0,0,,0,0,0.0
no_update_k8,pg19,2,0,47,0,32,0,0,0,,0,0,0.0
no_update_k8,pg19,2,0,48,0,32,0,0,0,,0,0,0.0
no_update_k8,pg19,2,0,49,0,32,1,0,0,,0,0,0.0
no_update_k8,pg19,2,0,50,0,32,1,0,0,,0,0,0.0
no_update_k8,pg19,2,0,51,0,32,0,0,0,,0,0,0.0
no_update_k8,pg19,2,0,52,0,32,0,0,0,,0,0,0.0
no_update_k8,pg19,2,0,53,0,32,2,0,0,,0,0,0.0
no_update_k8,pg19,2,0,54,0,32,0,0,0,,0,0,0.0
no_update_k8,pg19,2,0,55,0,32,0,0,0,,0,0,0.0
no_update_k8,pg19,2,0,56,0,32,0,0,0,,0,0,0.0
no_update_k8,pg19,2,0,57,0,32,0,0,0,,0,0,0.0
no_update_k8,pg19,2,0,58,0,32,0,0,0,,0,0,0.0
no_update_k8,pg19,2,0,59,0,32,0,0,0,,0,0,0.0
no_update_k8,pg19,2,0,60,0,32,0,0,0,,0,0,0.0
no_update_k8,pg19,2,0,61,0,32,0,0,0,,0,0,0.0
no_update_k8,pg19,2,0,62,0,32,0,0,0,,0,0,0.0
no_update_k8,pg19,2,0,63,0,32,2,0,0,,0,0,0.0
no_update_k8,pg19,2,0,64,0,32,0,0,0,,0,0,0.0
no_update_k8,pg19,2,0,65,0,32,2,0,0,,0,0,0.0
no_update_k8,pg19,2,0,66,0,32,2,0,0,,0,0,0.0
no_update_k8,pg19,2,0,67,0,32,0,0,0,,0,0,0.0
no_update_k8,pg19,2,0,68,0,32,0,0,0,,0,0,0.0
no_update_k8,pg19,2,0,69,0,32,2,0,0,,0,0,0.0
no_update_k8,pg19,2,0,70,0,32,0,0,0,,0,0,0.0
no_update_k8,pg19,2,0,71,0,32,1,0,0,,0,0,0.0
no_update_k8,pg19,2,0,72,0,32,0,0,0,,0,0,0.0
no_update_k8,pg19,2,0,73,0,32,2,0,0,,0,0,0.0
no_update_k8,pg19,2,0,74,0,32,2,0,0,,0,0,0.0
no_update_k8,pg19,2,0,75,0,32,0,0,0,,0,0,0.0
no_update_k8,pg19,2,0,76,0,32,0,0,0,,0,0,0.0
no_update_k8,pg19,2,0,77,0,32,2,0,0,,0,0,0.0
no_update_k8,pg19,2,0,78,0,32,1,0,0,,0,0,0.0
no_update_k8,pg19,2,0,79,0,32,1,0,0,,0,0,0.0
no_update_k8,pg19,2,0,80,0,32,2,0,0,,0,0,0.0
no_update_k8,pg19,2,0,81,0,32,2,0,0,,0,0,0.0
no_update_k8,pg19,2,0,82,0,32,0,0,0,,0,0,0.0
no_update_k8,pg19,2,0,83,0,32,2,0,0,,0,0,0.0
no_update_k8,pg19,2,0,84,0,32,4,0,0,,0,0,0.0
no_update_k8,pg19,2,0,85,0,32,3,0,0,,0,0,0.0
no_update_k8,pg19,2,0,86,0,32,0,0,0,,0,0,0.0
no_update_k8,pg19,2,0,87,0,32,2,0,0,,0,0,0.0
no_update_k8,pg19,2,0,88,0,32,2,0,0,,0,0,0.0
no_update_k8,pg19,2,0,89,0,32,0,0,0,,0,0,0.0
no_update_k8,pg19,2,0,90,0,32,0,0,0,,0,0,0.0
no_update_k8,pg19,2,0,91,0,32,0,0,0,,0,0,0.0
no_update_k8,pg19,2,0,92,0,32,1,0,0,,0,0,0.0
no_update_k8,pg19,2,0,93,0,32,1,0,0,,0,0,0.0
no_update_k8,pg19,2,0,94,0,32,3,0,0,,0,0,0.0
no_update_k8,pg19,2,0,95,0,32,0,0,0,,0,0,0.0
no_update_k8,pg19,2,0,96,0,32,2,0,0,,0,0,0.0
no_update_k8,pg19,2,0,97,0,32,0,0,0,,0,0,0.0
no_update_k8,pg19,2,0,98,0,32,2,0,0,,0,0,0.0
no_update_k8,pg19,2,0,99,0,32,1,0,0,,0,0,0.0
no_update_k8,pg19,2,0,100,0,32,0,0,0,,0,0,0.0
no_update_k8,pg19,2,0,101,0,32,0,0,0,,0,0,0.0
no_update_k8,pg19,2,0,102,0,32,0,0,0,,0,0,0.0
no_update_k8,pg19,2,0,103,0,32,0,0,0,,0,0,0.0
no_update_k8,pg19,2,0,104,0,32,1,0,0,,0,0,0.0
no_update_k8,pg19,2,0,105,0,32,2,0,0,,0,0,0.0
no_update_k8,pg19,2,0,106,0,32,2,0,0,,0,0,0.0
no_update_k8,pg19,2,0,107,0,32,3,0,0,,0,0,0.0
no_update_k8,pg19,2,0,108,0,32,1,0,0,,0,0,0.0
no_update_k8,pg19,2,0,109,0,32,1,0,0,,0,0,0.0
no_update_k8,pg19,2,0,110,0,32,0,0,0,,0,0,0.0
no_update_k8,pg19,2,0,111,0,32,0,0,0,,0,0,0.0
no_update_k8,pg19,2,0,112,0,32,2,0,0,,0,0,0.0
no_update_k8,pg19,2,0,113,0,32,1,0,0,,0,0,0.0
no_update_k8,pg19,2,0,114,0,32,0,0,0,,0,0,0.0
no_update_k8,pg19,2,0,115,0,32,3,0,0,,0,0,0.0
no_update_k8,pg19,2,0,116,0,32,1,0,0,,0,0,0.0
no_update_k8,pg19,2,0,117,0,32,0,0,0,,0,0,0.0
no_update_k8,pg19,2,0,118,0,32,3,0,0,,0,0,0.0
no_update_k8,pg19,2,0,119,0,32,1,0,0,,0,0,0.0
no_update_k8,pg19,2,0,120,0,32,0,0,0,,0,0,0.0
no_update_k8,pg19,2,0,121,0,32,0,0,0,,0,0,0.0
no_update_k8,pg19,2,0,122,0,32,0,0,0,,0,0,0.0
no_update_k8,pg19,2,0,123,0,32,0,0,0,,0,0,0.0
no_update_k8,pg19,2,0,124,0,32,0,0,0,,0,0,0.0
no_update_k8,pg19,2,0,125,0,32,0,0,0,,0,0,0.0
no_update_k8,pg19,2,0,126,0,32,1,0,0,,0,0,0.0
no_update_k8,pg19,2,0,127,0,32,0,0,0,,0,0,0.0
no_update_k8,pg19,2,0,128,0,32,0,0,0,,0,0,0.0
no_update_k8,pg19,2,0,129,0,32,0,0,0,,0,0,0.0
no_update_k8,pg19,2,0,130,0,32,0,0,0,,0,0,0.0
no_update_k8,pg19,2,0,131,0,32,1,0,0,,0,0,0.0
no_update_k8,pg19,2,0,132,0,32,0,0,0,,0,0,0.0
no_update_k8,pg19,2,0,133,0,32,2,0,0,,0,0,0.0
no_update_k8,pg19,2,0,134,0,32,3,0,0,,0,0,0.0
no_update_k8,pg19,2,0,135,0,32,2,0,0,,0,0,0.0
no_update_k8,pg19,2,0,136,0,32,0,0,0,,0,0,0.0
no_update_k8,pg19,2,0,137,0,32,3,0,0,,0,0,0.0
no_update_k8,pg19,2,0,138,0,32,1,0,0,,0,0,0.0
no_update_k8,pg19,2,0,139,0,32,4,0,0,,0,0,0.0
no_update_k8,pg19,2,0,140,0,32,0,0,0,,0,0,0.0
no_update_k8,pg19,2,0,141,0,32,0,0,0,,0,0,0.0
no_update_k8,pg19,2,0,142,0,32,1,0,0,,0,0,0.0
no_update_k8,pg19,2,0,143,0,32,1,0,0,,0,0,0.0
no_update_k8,pg19,2,0,144,0,32,1,0,0,,0,0,0.0
no_update_k8,pg19,2,0,145,0,32,1,0,0,,0,0,0.0
no_update_k8,pg19,2,0,146,0,32,1,0,0,,0,0,0.0
no_update_k8,pg19,2,0,147,0,32,1,0,0,,0,0,0.0
no_update_k8,pg19,2,0,148,0,32,0,0,0,,0,0,0.0
no_update_k8,pg19,2,0,149,0,32,2,0,0,,0,0,0.0
no_update_k8,pg19,2,0,150,0,32,0,0,0,,0,0,0.0
no_update_k8,pg19,2,0,151,0,32,1,0,0,,0,0,0.0
no_update_k8,pg19,2,0,152,0,32,0,0,0,,0,0,0.0
no_update_k8,pg19,2,0,153,0,32,0,0,0,,0,0,0.0
no_update_k8,pg19,2,0,154,0,32,0,0,0,,0,0,0.0
no_update_k8,pg19,2,0,155,0,32,0,0,0,,0,0,0.0
no_update_k8,pg19,2,0,156,0,32,0,0,0,,0,0,0.0
no_update_k8,pg19,2,0,157,0,32,0,0,0,,0,0,0.0
no_update_k8,pg19,2,0,158,0,32,0,0,0,,0,0,0.0
no_update_k8,pg19,2,0,159,0,32,0,0,0,,0,0,0.0
no_update_k8,pg19,2,0,160,0,32,3,0,0,,0,0,0.0
no_update_k8,pg19,2,0,161,0,32,4,0,0,,0,0,0.0
no_update_k8,pg19,2,0,162,0,32,1,0,0,,0,0,0.0
no_update_k8,pg19,2,0,163,0,32,0,0,0,,0,0,0.0
no_update_k8,pg19,2,0,164,0,32,0,0,0,,0,0,0.0
no_update_k8,pg19,2,0,165,0,32,2,0,0,,0,0,0.0
no_update_k8,pg19,2,0,166,0,32,1,0,0,,0,0,0.0
no_update_k8,pg19,2,0,167,0,32,0,0,0,,0,0,0.0
no_update_k8,pg19,2,0,168,0,32,1,0,0,,0,0,0.0
no_update_k8,pg19,2,0,169,0,32,0,0,0,,0,0,0.0
no_update_k8,pg19,2,0,170,0,32,0,0,0,,0,0,0.0
no_update_k8,pg19,2,0,171,0,32,0,0,0,,0,0,0.0
no_update_k8,pg19,2,0,172,0,32,2,0,0,,0,0,0.0
no_update_k8,pg19,2,0,173,0,32,1,0,0,,0,0,0.0
no_update_k8,pg19,2,0,174,0,32,1,0,0,,0,0,0.0
no_update_k8,pg19,2,0,175,0,32,1,0,0,,0,0,0.0
no_update_k8,pg19,2,0,176,0,32,0,0,0,,0,0,0.0
no_update_k8,pg19,2,0,177,0,32,1,0,0,,0,0,0.0
no_update_k8,pg19,2,0,178,0,32,1,0,0,,0,0,0.0
no_update_k8,pg19,2,0,179,0,32,1,0,0,,0,0,0.0
no_update_k8,pg19,2,0,180,0,32,0,0,0,,0,0,0.0
no_update_k8,pg19,2,0,181,0,32,3,0,0,,0,0,0.0
no_update_k8,pg19,2,0,182,0,32,0,0,0,,0,0,0.0
no_update_k8,pg19,2,0,183,0,32,0,0,0,,0,0,0.0
no_update_k8,pg19,2,0,184,0,32,3,0,0,,0,0,0.0
no_update_k8,pg19,2,0,185,0,32,1,0,0,,0,0,0.0
no_update_k8,pg19,2,0,186,0,32,2,0,0,,0,0,0.0
no_update_k8,pg19,2,0,187,0,32,2,0,0,,0,0,0.0
no_update_k8,pg19,2,0,188,0,32,0,0,0,,0,0,0.0
no_update_k8,pg19,2,0,189,0,32,4,0,0,,0,0,0.0
no_update_k8,pg19,2,0,190,0,32,4,0,0,,0,0,0.0
no_update_k8,pg19,2,0,191,0,32,0,0,0,,0,0,0.0
no_update_k8,pg19,2,0,192,0,32,0,0,0,,0,0,0.0
no_update_k8,pg19,2,0,193,0,32,2,0,0,,0,0,0.0
no_update_k8,pg19,2,0,194,0,32,4,0,0,,0,0,0.0
no_update_k8,pg19,2,0,195,0,32,1,0,0,,0,0,0.0
no_update_k8,pg19,2,0,196,0,32,1,0,0,,0,0,0.0
no_update_k8,pg19,2,0,197,0,32,1,0,0,,0,0,0.0
no_update_k8,pg19,2,0,198,0,32,1,0,0,,0,0,0.0
no_update_k8,pg19,2,0,199,0,32,1,0,0,,0,0,0.0
no_update_k8,pg19,2,0,200,0,32,2,0,0,,0,0,0.0
no_update_k8,pg19,2,0,201,0,32,4,0,0,,0,0,0.0
no_update_k8,pg19,2,0,202,0,32,4,0,0,,0,0,0.0
no_update_k8,pg19,2,0,203,0,32,0,0,0,,0,0,0.0
no_update_k8,pg19,2,0,204,0,32,4,0,0,,0,0,0.0
no_update_k8,pg19,2,0,205,0,32,2,0,0,,0,0,0.0
no_update_k8,pg19,2,0,206,0,32,4,0,0,,0,0,0.0
no_update_k8,pg19,2,0,207,0,32,4,0,0,,0,0,0.0
no_update_k8,pg19,2,0,208,0,32,4,0,0,,0,0,0.0
no_update_k8,pg19,2,0,209,0,32,1,0,0,,0,0,0.0
no_update_k8,pg19,2,0,210,0,32,0,0,0,,0,0,0.0
no_update_k8,pg19,2,0,211,0,32,1,0,0,,0,0,0.0
no_update_k8,pg19,2,0,212,0,32,1,0,0,,0,0,0.0
no_update_k8,pg19,2,0,213,0,32,4,0,0,,0,0,0.0
no_update_k8,pg19,2,0,214,0,32,0,0,0,,0,0,0.0
no_update_k8,pg19,2,0,215,0,32,4,0,0,,0,0,0.0
no_update_k8,pg19,2,0,216,0,32,1,0,0,,0,0,0.0
no_update_k8,pg19,2,0,217,0,32,0,0,0,,0,0,0.0
no_update_k8,pg19,2,0,218,0,32,4,0,0,,0,0,0.0
no_update_k8,pg19,2,0,219,0,32,0,0,0,,0,0,0.0
no_update_k8,pg19,2,0,220,0,32,0,0,0,,0,0,0.0
no_update_k8,pg19,2,0,221,0,32,4,0,0,,0,0,0.0
no_update_k8,pg19,2,0,222,0,32,4,0,0,,0,0,0.0
no_update_k8,pg19,2,0,223,0,32,4,0,0,,0,0,0.0
no_update_k8,pg19,2,0,224,0,32,0,0,0,,0,0,0.0
no_update_k8,pg19,2,0,225,0,32,4,0,0,,0,0,0.0
no_update_k8,pg19,2,0,226,0,32,4,0,0,,0,0,0.0
no_update_k8,pg19,2,0,227,0,32,4,0,0,,0,0,0.0
no_update_k8,pg19,2,0,228,0,32,4,0,0,,0,0,0.0
no_update_k8,pg19,2,0,229,0,32,4,0,0,,0,0,0.0
no_update_k8,pg19,2,0,230,0,32,4,0,0,,0,0,0.0
no_update_k8,pg19,2,0,231,0,32,4,0,0,,0,0,0.0
no_update_k8,pg19,2,0,232,0,32,4,0,0,,0,0,0.0
no_update_k8,pg19,2,0,233,0,32,4,0,0,,0,0,0.0
no_update_k16,pg19,2,0,0,0,32,1,0,0,,0,0,0.0
no_update_k16,pg19,2,0,1,0,32,0,0,0,,0,0,0.0
no_update_k16,pg19,2,0,2,0,32,0,0,0,,0,0,0.0
no_update_k16,pg19,2,0,3,0,32,0,0,0,,0,0,0.0
no_update_k16,pg19,2,0,4,0,32,0,0,0,,0,0,0.0
no_update_k16,pg19,2,0,5,0,32,0,0,0,,0,0,0.0
no_update_k16,pg19,2,0,6,0,32,1,0,0,,0,0,0.0
no_update_k16,pg19,2,0,7,0,32,1,0,0,,0,0,0.0
no_update_k16,pg19,2,0,8,0,32,1,0,0,,0,0,0.0
no_update_k16,pg19,2,0,9,0,32,2,0,0,,0,0,0.0
no_update_k16,pg19,2,0,10,0,32,1,0,0,,0,0,0.0
no_update_k16,pg19,2,0,11,0,32,1,0,0,,0,0,0.0
no_update_k16,pg19,2,0,12,0,32,1,0,0,,0,0,0.0
no_update_k16,pg19,2,0,13,0,32,1,0,0,,0,0,0.0
no_update_k16,pg19,2,0,14,0,32,1,0,0,,0,0,0.0
no_update_k16,pg19,2,0,15,0,32,1,0,0,,0,0,0.0
no_update_k16,pg19,2,0,16,0,32,0,0,0,,0,0,0.0
no_update_k16,pg19,2,0,17,0,32,1,0,0,,0,0,0.0
no_update_k16,pg19,2,0,18,0,32,1,0,0,,0,0,0.0
no_update_k16,pg19,2,0,19,0,32,3,0,0,,0,0,0.0
no_update_k16,pg19,2,0,20,0,32,1,0,0,,0,0,0.0
no_update_k16,pg19,2,0,21,0,32,0,0,0,,0,0,0.0
no_update_k16,pg19,2,0,22,0,32,0,0,0,,0,0,0.0
no_update_k16,pg19,2,0,23,0,32,0,0,0,,0,0,0.0
no_update_k16,pg19,2,0,24,0,32,0,0,0,,0,0,0.0
no_update_k16,pg19,2,0,25,0,32,1,0,0,,0,0,0.0
no_update_k16,pg19,2,0,26,0,32,0,0,0,,0,0,0.0
no_update_k16,pg19,2,0,27,0,32,4,0,0,,0,0,0.0
no_update_k16,pg19,2,0,28,0,32,0,0,0,,0,0,0.0
no_update_k16,pg19,2,0,29,0,32,2,0,0,,0,0,0.0
no_update_k16,pg19,2,0,30,0,32,2,0,0,,0,0,0.0
no_update_k16,pg19,2,0,31,0,32,4,0,0,,0,0,0.0
no_update_k16,pg19,2,0,32,0,32,1,0,0,,0,0,0.0
no_update_k16,pg19,2,0,33,0,32,0,0,0,,0,0,0.0
no_update_k16,pg19,2,0,34,0,32,4,0,0,,0,0,0.0
no_update_k16,pg19,2,0,35,0,32,0,0,0,,0,0,0.0
no_update_k16,pg19,2,0,36,0,32,1,0,0,,0,0,0.0
no_update_k16,pg19,2,0,37,0,32,0,0,0,,0,0,0.0
no_update_k16,pg19,2,0,38,0,32,0,0,0,,0,0,0.0
no_update_k16,pg19,2,0,39,0,32,1,0,0,,0,0,0.0
no_update_k16,pg19,2,0,40,0,32,2,0,0,,0,0,0.0
no_update_k16,pg19,2,0,41,0,32,3,0,0,,0,0,0.0
no_update_k16,pg19,2,0,42,0,32,1,0,0,,0,0,0.0
no_update_k16,pg19,2,0,43,0,32,4,0,0,,0,0,0.0
no_update_k16,pg19,2,0,44,0,32,1,0,0,,0,0,0.0
no_update_k16,pg19,2,0,45,0,32,1,0,0,,0,0,0.0
no_update_k16,pg19,2,0,46,0,32,1,0,0,,0,0,0.0
no_update_k16,pg19,2,0,47,0,32,0,0,0,,0,0,0.0
no_update_k16,pg19,2,0,48,0,32,0,0,0,,0,0,0.0
no_update_k16,pg19,2,0,49,0,32,2,0,0,,0,0,0.0
no_update_k16,pg19,2,0,50,0,32,0,0,0,,0,0,0.0
no_update_k16,pg19,2,0,51,0,32,1,0,0,,0,0,0.0
no_update_k16,pg19,2,0,52,0,32,0,0,0,,0,0,0.0
no_update_k16,pg19,2,0,53,0,32,0,0,0,,0,0,0.0
no_update_k16,pg19,2,0,54,0,32,0,0,0,,0,0,0.0
no_update_k16,pg19,2,0,55,0,32,0,0,0,,0,0,0.0
no_update_k16,pg19,2,0,56,0,32,0,0,0,,0,0,0.0
no_update_k16,pg19,2,0,57,0,32,0,0,0,,0,0,0.0
no_update_k16,pg19,2,0,58,0,32,3,0,0,,0,0,0.0
no_update_k16,pg19,2,0,59,0,32,2,0,0,,0,0,0.0
no_update_k16,pg19,2,0,60,0,32,2,0,0,,0,0,0.0
no_update_k16,pg19,2,0,61,0,32,0,0,0,,0,0,0.0
no_update_k16,pg19,2,0,62,0,32,0,0,0,,0,0,0.0
no_update_k16,pg19,2,0,63,0,32,2,0,0,,0,0,0.0
no_update_k16,pg19,2,0,64,0,32,0,0,0,,0,0,0.0
no_update_k16,pg19,2,0,65,0,32,1,0,0,,0,0,0.0
no_update_k16,pg19,2,0,66,0,32,0,0,0,,0,0,0.0
no_update_k16,pg19,2,0,67,0,32,2,0,0,,0,0,0.0
no_update_k16,pg19,2,0,68,0,32,2,0,0,,0,0,0.0
no_update_k16,pg19,2,0,69,0,32,0,0,0,,0,0,0.0
no_update_k16,pg19,2,0,70,0,32,1,0,0,,0,0,0.0
no_update_k16,pg19,2,0,71,0,32,1,0,0,,0,0,0.0
no_update_k16,pg19,2,0,72,0,32,2,0,0,,0,0,0.0
no_update_k16,pg19,2,0,73,0,32,0,0,0,,0,0,0.0
no_update_k16,pg19,2,0,74,0,32,2,0,0,,0,0,0.0
no_update_k16,pg19,2,0,75,0,32,2,0,0,,0,0,0.0
no_update_k16,pg19,2,0,76,0,32,0,0,0,,0,0,0.0
no_update_k16,pg19,2,0,77,0,32,2,0,0,,0,0,0.0
no_update_k16,pg19,2,0,78,0,32,4,0,0,,0,0,0.0
no_update_k16,pg19,2,0,79,0,32,3,0,0,,0,0,0.0
no_update_k16,pg19,2,0,80,0,32,0,0,0,,0,0,0.0
no_update_k16,pg19,2,0,81,0,32,2,0,0,,0,0,0.0
no_update_k16,pg19,2,0,82,0,32,2,0,0,,0,0,0.0
no_update_k16,pg19,2,0,83,0,32,0,0,0,,0,0,0.0
no_update_k16,pg19,2,0,84,0,32,0,0,0,,0,0,0.0
no_update_k16,pg19,2,0,85,0,32,0,0,0,,0,0,0.0
no_update_k16,pg19,2,0,86,0,32,1,0,0,,0,0,0.0
no_update_k16,pg19,2,0,87,0,32,1,0,0,,0,0,0.0
no_update_k16,pg19,2,0,88,0,32,3,0,0,,0,0,0.0
no_update_k16,pg19,2,0,89,0,32,0,0,0,,0,0,0.0
no_update_k16,pg19,2,0,90,0,32,2,0,0,,0,0,0.0
no_update_k16,pg19,2,0,91,0,32,0,0,0,,0,0,0.0
no_update_k16,pg19,2,0,92,0,32,2,0,0,,0,0,0.0
no_update_k16,pg19,2,0,93,0,32,1,0,0,,0,0,0.0
no_update_k16,pg19,2,0,94,0,32,0,0,0,,0,0,0.0
no_update_k16,pg19,2,0,95,0,32,0,0,0,,0,0,0.0
no_update_k16,pg19,2,0,96,0,32,0,0,0,,0,0,0.0
no_update_k16,pg19,2,0,97,0,32,0,0,0,,0,0,0.0
no_update_k16,pg19,2,0,98,0,32,1,0,0,,0,0,0.0
no_update_k16,pg19,2,0,99,0,32,2,0,0,,0,0,0.0
no_update_k16,pg19,2,0,100,0,32,2,0,0,,0,0,0.0
no_update_k16,pg19,2,0,101,0,32,3,0,0,,0,0,0.0
no_update_k16,pg19,2,0,102,0,32,1,0,0,,0,0,0.0
no_update_k16,pg19,2,0,103,0,32,1,0,0,,0,0,0.0
no_update_k16,pg19,2,0,104,0,32,1,0,0,,0,0,0.0
no_update_k16,pg19,2,0,105,0,32,0,0,0,,0,0,0.0
no_update_k16,pg19,2,0,106,0,32,1,0,0,,0,0,0.0
no_update_k16,pg19,2,0,107,0,32,0,0,0,,0,0,0.0
no_update_k16,pg19,2,0,108,0,32,0,0,0,,0,0,0.0
no_update_k16,pg19,2,0,109,0,32,0,0,0,,0,0,0.0
no_update_k16,pg19,2,0,110,0,32,3,0,0,,0,0,0.0
no_update_k16,pg19,2,0,111,0,32,1,0,0,,0,0,0.0
no_update_k16,pg19,2,0,112,0,32,0,0,0,,0,0,0.0
no_update_k16,pg19,2,0,113,0,32,3,0,0,,0,0,0.0
no_update_k16,pg19,2,0,114,0,32,1,0,0,,0,0,0.0
no_update_k16,pg19,2,0,115,0,32,0,0,0,,0,0,0.0
no_update_k16,pg19,2,0,116,0,32,0,0,0,,0,0,0.0
no_update_k16,pg19,2,0,117,0,32,0,0,0,,0,0,0.0
no_update_k16,pg19,2,0,118,0,32,0,0,0,,0,0,0.0
no_update_k16,pg19,2,0,119,0,32,0,0,0,,0,0,0.0
no_update_k16,pg19,2,0,120,0,32,0,0,0,,0,0,0.0
no_update_k16,pg19,2,0,121,0,32,1,0,0,,0,0,0.0
no_update_k16,pg19,2,0,122,0,32,0,0,0,,0,0,0.0
no_update_k16,pg19,2,0,123,0,32,0,0,0,,0,0,0.0
no_update_k16,pg19,2,0,124,0,32,0,0,0,,0,0,0.0
no_update_k16,pg19,2,0,125,0,32,0,0,0,,0,0,0.0
no_update_k16,pg19,2,0,126,0,32,1,0,0,,0,0,0.0
no_update_k16,pg19,2,0,127,0,32,0,0,0,,0,0,0.0
no_update_k16,pg19,2,0,128,0,32,2,0,0,,0,0,0.0
no_update_k16,pg19,2,0,129,0,32,3,0,0,,0,0,0.0
no_update_k16,pg19,2,0,130,0,32,2,0,0,,0,0,0.0
no_update_k16,pg19,2,0,131,0,32,0,0,0,,0,0,0.0
no_update_k16,pg19,2,0,132,0,32,3,0,0,,0,0,0.0
no_update_k16,pg19,2,0,133,0,32,1,0,0,,0,0,0.0
no_update_k16,pg19,2,0,134,0,32,4,0,0,,0,0,0.0
no_update_k16,pg19,2,0,135,0,32,0,0,0,,0,0,0.0
no_update_k16,pg19,2,0,136,0,32,0,0,0,,0,0,0.0
no_update_k16,pg19,2,0,137,0,32,1,0,0,,0,0,0.0
no_update_k16,pg19,2,0,138,0,32,1,0,0,,0,0,0.0
no_update_k16,pg19,2,0,139,0,32,1,0,0,,0,0,0.0
no_update_k16,pg19,2,0,140,0,32,1,0,0,,0,0,0.0
no_update_k16,pg19,2,0,141,0,32,1,0,0,,0,0,0.0
no_update_k16,pg19,2,0,142,0,32,1,0,0,,0,0,0.0
no_update_k16,pg19,2,0,143,0,32,0,0,0,,0,0,0.0
no_update_k16,pg19,2,0,144,0,32,2,0,0,,0,0,0.0
no_update_k16,pg19,2,0,145,0,32,0,0,0,,0,0,0.0
no_update_k16,pg19,2,0,146,0,32,1,0,0,,0,0,0.0
no_update_k16,pg19,2,0,147,0,32,0,0,0,,0,0,0.0
no_update_k16,pg19,2,0,148,0,32,0,0,0,,0,0,0.0
no_update_k16,pg19,2,0,149,0,32,0,0,0,,0,0,0.0
no_update_k16,pg19,2,0,150,0,32,0,0,0,,0,0,0.0
no_update_k16,pg19,2,0,151,0,32,0,0,0,,0,0,0.0
no_update_k16,pg19,2,0,152,0,32,0,0,0,,0,0,0.0
no_update_k16,pg19,2,0,153,0,32,0,0,0,,0,0,0.0
no_update_k16,pg19,2,0,154,0,32,0,0,0,,0,0,0.0
no_update_k16,pg19,2,0,155,0,32,3,0,0,,0,0,0.0
no_update_k16,pg19,2,0,156,0,32,4,0,0,,0,0,0.0
no_update_k16,pg19,2,0,157,0,32,1,0,0,,0,0,0.0
no_update_k16,pg19,2,0,158,0,32,0,0,0,,0,0,0.0
no_update_k16,pg19,2,0,159,0,32,0,0,0,,0,0,0.0
no_update_k16,pg19,2,0,160,0,32,2,0,0,,0,0,0.0
no_update_k16,pg19,2,0,161,0,32,1,0,0,,0,0,0.0
no_update_k16,pg19,2,0,162,0,32,0,0,0,,0,0,0.0
no_update_k16,pg19,2,0,163,0,32,1,0,0,,0,0,0.0
no_update_k16,pg19,2,0,164,0,32,0,0,0,,0,0,0.0
no_update_k16,pg19,2,0,165,0,32,0,0,0,,0,0,0.0
no_update_k16,pg19,2,0,166,0,32,0,0,0,,0,0,0.0
no_update_k16,pg19,2,0,167,0,32,2,0,0,,0,0,0.0
no_update_k16,pg19,2,0,168,0,32,1,0,0,,0,0,0.0
no_update_k16,pg19,2,0,169,0,32,1,0,0,,0,0,0.0
no_update_k16,pg19,2,0,170,0,32,1,0,0,,0,0,0.0
no_update_k16,pg19,2,0,171,0,32,0,0,0,,0,0,0.0
no_update_k16,pg19,2,0,172,0,32,1,0,0,,0,0,0.0
no_update_k16,pg19,2,0,173,0,32,2,0,0,,0,0,0.0
no_update_k16,pg19,2,0,174,0,32,1,0,0,,0,0,0.0
no_update_k16,pg19,2,0,175,0,32,3,0,0,,0,0,0.0
no_update_k16,pg19,2,0,176,0,32,0,0,0,,0,0,0.0
no_update_k16,pg19,2,0,177,0,32,0,0,0,,0,0,0.0
no_update_k16,pg19,2,0,178,0,32,3,0,0,,0,0,0.0
no_update_k16,pg19,2,0,179,0,32,1,0,0,,0,0,0.0
no_update_k16,pg19,2,0,180,0,32,2,0,0,,0,0,0.0
no_update_k16,pg19,2,0,181,0,32,2,0,0,,0,0,0.0
no_update_k16,pg19,2,0,182,0,32,0,0,0,,0,0,0.0
no_update_k16,pg19,2,0,183,0,32,4,0,0,,0,0,0.0
no_update_k16,pg19,2,0,184,0,32,4,0,0,,0,0,0.0
no_update_k16,pg19,2,0,185,0,32,0,0,0,,0,0,0.0
no_update_k16,pg19,2,0,186,0,32,0,0,0,,0,0,0.0
no_update_k16,pg19,2,0,187,0,32,2,0,0,,0,0,0.0
no_update_k16,pg19,2,0,188,0,32,4,0,0,,0,0,0.0
no_update_k16,pg19,2,0,189,0,32,1,0,0,,0,0,0.0
no_update_k16,pg19,2,0,190,0,32,1,0,0,,0,0,0.0
no_update_k16,pg19,2,0,191,0,32,1,0,0,,0,0,0.0
no_update_k16,pg19,2,0,192,0,32,1,0,0,,0,0,0.0
no_update_k16,pg19,2,0,193,0,32,1,0,0,,0,0,0.0
no_update_k16,pg19,2,0,194,0,32,2,0,0,,0,0,0.0
no_update_k16,pg19,2,0,195,0,32,4,0,0,,0,0,0.0
no_update_k16,pg19,2,0,196,0,32,4,0,0,,0,0,0.0
no_update_k16,pg19,2,0,197,0,32,0,0,0,,0,0,0.0
no_update_k16,pg19,2,0,198,0,32,4,0,0,,0,0,0.0
no_update_k16,pg19,2,0,199,0,32,2,0,0,,0,0,0.0
no_update_k16,pg19,2,0,200,0,32,4,0,0,,0,0,0.0
no_update_k16,pg19,2,0,201,0,32,4,0,0,,0,0,0.0
no_update_k16,pg19,2,0,202,0,32,4,0,0,,0,0,0.0
no_update_k16,pg19,2,0,203,0,32,1,0,0,,0,0,0.0
no_update_k16,pg19,2,0,204,0,32,0,0,0,,0,0,0.0
no_update_k16,pg19,2,0,205,0,32,1,0,0,,0,0,0.0
no_update_k16,pg19,2,0,206,0,32,1,0,0,,0,0,0.0
no_update_k16,pg19,2,0,207,0,32,4,0,0,,0,0,0.0
no_update_k16,pg19,2,0,208,0,32,0,0,0,,0,0,0.0
no_update_k16,pg19,2,0,209,0,32,4,0,0,,0,0,0.0
no_update_k16,pg19,2,0,210,0,32,1,0,0,,0,0,0.0
no_update_k16,pg19,2,0,211,0,32,0,0,0,,0,0,0.0
no_update_k16,pg19,2,0,212,0,32,4,0,0,,0,0,0.0
no_update_k16,pg19,2,0,213,0,32,0,0,0,,0,0,0.0
no_update_k16,pg19,2,0,214,0,32,1,0,0,,0,0,0.0
no_update_k16,pg19,2,0,215,0,32,4,0,0,,0,0,0.0
no_update_k16,pg19,2,0,216,0,32,4,0,0,,0,0,0.0
no_update_k16,pg19,2,0,217,0,32,4,0,0,,0,0,0.0
no_update_k16,pg19,2,0,218,0,32,4,0,0,,0,0,0.0
no_update_k16,pg19,2,0,219,0,32,4,0,0,,0,0,0.0
no_update_k16,pg19,2,0,220,0,32,4,0,0,,0,0,0.0
no_update_k16,pg19,2,0,221,0,32,4,0,0,,0,0,0.0
no_update_k16,pg19,2,0,222,0,32,4,0,0,,0,0,0.0
no_update_k16,pg19,2,0,223,0,32,4,0,0,,0,0,0.0
no_update_k16,pg19,2,0,224,0,32,4,0,0,,0,0,0.0
no_update_k16,pg19,2,0,225,0,32,4,0,0,,0,0,0.0
no_update_k16,pg19,2,0,226,0,32,4,0,0,,0,0,0.0
reuse_R1_k8,pg19,3,1,0,0,32,1,1,8,,0,0,0.0
reuse_R1_k8,pg19,3,1,1,0,32,1,1,8,,0,0,0.0
reuse_R1_k8,pg19,3,1,2,0,32,3,1,8,,0,0,0.0
reuse_R1_k8,pg19,3,1,3,0,32,2,1,8,,0,0,0.0
reuse_R1_k8,pg19,3,1,4,0,32,2,1,8,,0,0,0.0
reuse_R1_k8,pg19,3,1,5,0,32,4,1,8,,0,0,0.0
reuse_R1_k8,pg19,3,1,6,0,32,1,1,8,,0,0,0.0
reuse_R1_k8,pg19,3,1,7,0,32,2,1,8,,0,0,0.0
reuse_R1_k8,pg19,3,1,8,0,32,2,1,8,,0,0,0.0
reuse_R1_k8,pg19,3,1,9,0,32,4,1,8,,0,0,0.0
reuse_R1_k8,pg19,3,1,10,0,32,1,1,8,,0,0,0.0
reuse_R1_k8,pg19,3,1,11,0,32,1,1,8,,0,0,0.0
reuse_R1_k8,pg19,3,1,12,0,32,4,1,8,,0,0,0.0
reuse_R1_k8,pg19,3,1,13,0,32,4,1,8,,0,0,0.0
reuse_R1_k8,pg19,3,1,14,0,32,4,1,8,,0,0,0.0
reuse_R1_k8,pg19,3,1,15,0,32,4,1,8,,0,0,0.0
reuse_R1_k8,pg19,3,1,16,0,32,0,1,8,,0,0,0.0
reuse_R1_k8,pg19,3,1,17,0,32,4,1,8,,0,0,0.0
reuse_R1_k8,pg19,3,1,18,0,32,4,1,8,,0,0,0.0
reuse_R1_k8,pg19,3,1,19,0,32,4,1,8,,0,0,0.0
reuse_R1_k8,pg19,3,1,20,0,32,4,1,8,,0,0,0.0
reuse_R1_k8,pg19,3,1,21,0,32,4,1,8,,0,0,0.0
reuse_R1_k8,pg19,3,1,22,0,32,4,1,8,,0,0,0.0
reuse_R1_k8,pg19,3,1,23,0,32,4,1,8,,0,0,0.0
reuse_R1_k8,pg19,3,1,24,0,32,4,1,8,,0,0,0.0
reuse_R1_k8,pg19,3,1,25,0,32,4,1,8,,0,0,0.0
reuse_R1_k8,pg19,3,1,26,0,32,4,1,8,,0,0,0.0
reuse_R1_k8,pg19,3,1,27,0,32,4,1,8,,0,0,0.0
reuse_R1_k8,pg19,3,1,28,0,32,4,1,8,,0,0,0.0
reuse_R1_k8,pg19,3,1,29,0,32,4,1,8,,0,0,0.0
reuse_R1_k8,pg19,3,1,30,0,32,4,1,8,,0,0,0.0
reuse_R1_k8,pg19,3,1,31,0,32,3,1,8,,0,0,0.0
reuse_R1_k8,pg19,3,1,32,0,32,4,1,8,,0,0,0.0
reuse_R1_k8,pg19,3,1,33,0,32,0,1,8,,0,0,0.0
reuse_R1_k8,pg19,3,1,34,0,32,1,1,8,,0,0,0.0
reuse_R1_k8,pg19,3,1,35,0,32,1,1,8,,0,0,0.0
reuse_R1_k8,pg19,3,1,36,0,32,2,1,8,,0,0,0.0
reuse_R1_k8,pg19,3,1,37,0,32,2,1,8,,0,0,0.0
reuse_R1_k8,pg19,3,1,38,0,32,1,1,8,,0,0,0.0
reuse_R1_k8,pg19,3,1,39,0,32,4,1,8,,0,0,0.0
reuse_R1_k8,pg19,3,1,40,0,32,4,1,8,,0,0,0.0
reuse_R1_k8,pg19,3,1,41,0,32,4,1,8,,0,0,0.0
reuse_R1_k8,pg19,3,1,42,0,32,1,1,8,,0,0,0.0
reuse_R1_k8,pg19,3,1,43,0,32,1,1,8,,0,0,0.0
reuse_R1_k8,pg19,3,1,44,0,32,2,1,8,,0,0,0.0
reuse_R1_k8,pg19,3,1,45,0,32,4,1,8,,0,0,0.0
reuse_R1_k8,pg19,3,1,46,0,32,4,1,8,,0,0,0.0
reuse_R1_k8,pg19,3,1,47,0,32,0,1,8,,0,0,0.0
reuse_R1_k8,pg19,3,1,48,0,32,1,1,8,,0,0,0.0
reuse_R1_k8,pg19,3,1,49,0,32,1,1,8,,0,0,0.0
reuse_R1_k8,pg19,3,1,50,0,32,1,1,8,,0,0,0.0
reuse_R1_k8,pg19,3,1,51,0,32,1,1,8,,0,0,0.0
reuse_R1_k8,pg19,3,1,52,0,32,3,1,8,,0,0,0.0
reuse_R1_k8,pg19,3,1,53,0,32,4,1,8,,0,0,0.0
reuse_R1_k8,pg19,3,1,54,0,32,4,1,8,,0,0,0.0
reuse_R1_k8,pg19,3,1,55,0,32,1,1,8,,0,0,0.0
reuse_R1_k8,pg19,3,1,56,0,32,0,1,8,,0,0,0.0
reuse_R1_k8,pg19,3,1,57,0,32,3,1,8,,0,0,0.0
reuse_R1_k8,pg19,3,1,58,0,32,3,1,8,,0,0,0.0
reuse_R1_k8,pg19,3,1,59,0,32,2,1,8,,0,0,0.0
reuse_R1_k8,pg19,3,1,60,0,32,3,1,8,,0,0,0.0
reuse_R1_k8,pg19,3,1,61,0,32,2,1,8,,0,0,0.0
reuse_R1_k8,pg19,3,1,62,0,32,1,1,8,,0,0,0.0
reuse_R1_k8,pg19,3,1,63,0,32,0,1,8,,0,0,0.0
reuse_R1_k8,pg19,3,1,64,0,32,2,1,8,,0,0,0.0
reuse_R1_k8,pg19,3,1,65,0,32,0,1,8,,0,0,0.0
reuse_R1_k8,pg19,3,1,66,0,32,2,1,8,,0,0,0.0
reuse_R1_k8,pg19,3,1,67,0,32,1,1,8,,0,0,0.0
reuse_R1_k8,pg19,3,1,68,0,32,2,1,8,,0,0,0.0
reuse_R1_k8,pg19,3,1,69,0,32,2,1,8,,0,0,0.0
reuse_R1_k8,pg19,3,1,70,0,32,1,1,8,,0,0,0.0
reuse_R1_k8,pg19,3,1,71,0,32,1,1,8,,0,0,0.0
reuse_R1_k8,pg19,3,1,72,0,32,1,1,8,,0,0,0.0
reuse_R1_k8,pg19,3,1,73,0,32,0,1,8,,0,0,0.0
reuse_R1_k8,pg19,3,1,74,0,32,4,1,8,,0,0,0.0
reuse_R1_k8,pg19,3,1,75,0,32,4,1,8,,0,0,0.0
reuse_R1_k8,pg19,3,1,76,0,32,2,1,8,,0,0,0.0
reuse_R1_k8,pg19,3,1,77,0,32,4,1,8,,0,0,0.0
reuse_R1_k8,pg19,3,1,78,0,32,3,1,8,,0,0,0.0
reuse_R1_k8,pg19,3,1,79,0,32,4,1,8,,0,0,0.0
reuse_R1_k8,pg19,3,1,80,0,32,4,1,8,,0,0,0.0
reuse_R1_k8,pg19,3,1,81,0,32,4,1,8,,0,0,0.0
reuse_R1_k8,pg19,3,1,82,0,32,4,1,8,,0,0,0.0
reuse_R1_k8,pg19,3,1,83,0,32,4,1,8,,0,0,0.0
reuse_R1_k8,pg19,3,1,84,0,32,1,1,8,,0,0,0.0
reuse_R1_k8,pg19,3,1,85,0,32,4,1,8,,0,0,0.0
reuse_R1_k8,pg19,3,1,86,0,32,1,1,8,,0,0,0.0
reuse_R1_k8,pg19,3,1,87,0,32,4,1,8,,0,0,0.0
reuse_R1_k8,pg19,3,1,88,0,32,2,1,8,,0,0,0.0
reuse_R1_k8,pg19,3,1,89,0,32,2,1,8,,0,0,0.0
reuse_R1_k8,pg19,3,1,90,0,32,4,1,8,,0,0,0.0
reuse_R1_k8,pg19,3,1,91,0,32,3,1,8,,0,0,0.0
reuse_R1_k8,pg19,3,1,92,0,32,1,1,8,,0,0,0.0
reuse_R1_k8,pg19,3,1,93,0,32,4,1,8,,0,0,0.0
reuse_R1_k8,pg19,3,1,94,0,32,1,1,8,,0,0,0.0
reuse_R1_k8,pg19,3,1,95,0,32,0,1,8,,0,0,0.0
reuse_R1_k8,pg19,3,1,96,0,32,2,1,8,,0,0,0.0
reuse_R1_k8,pg19,3,1,97,0,32,3,1,8,,0,0,0.0
reuse_R1_k8,pg19,3,1,98,0,32,4,1,8,,0,0,0.0
reuse_R1_k8,pg19,3,1,99,0,32,0,1,8,,0,0,0.0
reuse_R1_k8,pg19,3,1,100,0,32,2,1,8,,0,0,0.0
reuse_R1_k8,pg19,3,1,101,0,32,4,1,8,,0,0,0.0
reuse_R1_k8,pg19,3,1,102,0,32,4,1,8,,0,0,0.0
reuse_R1_k8,pg19,3,1,103,0,32,2,1,8,,0,0,0.0
reuse_R1_k8,pg19,3,1,104,0,32,4,1,8,,0,0,0.0
reuse_R1_k8,pg19,3,1,105,0,32,4,1,8,,0,0,0.0
reuse_R1_k8,pg19,3,1,106,0,32,4,1,8,,0,0,0.0
reuse_R1_k8,pg19,3,1,107,0,32,4,1,8,,0,0,0.0
reuse_R1_k8,pg19,3,1,108,0,32,4,1,8,,0,0,0.0
reuse_R1_k8,pg19,3,1,109,0,32,4,1,8,,0,0,0.0
reuse_R1_k8,pg19,3,1,110,0,32,4,1,8,,0,0,0.0
reuse_R1_k8,pg19,3,1,111,0,32,4,1,8,,0,0,0.0
reuse_R1_k8,pg19,3,1,112,0,32,4,1,8,,0,0,0.0
reuse_R1_k8,pg19,3,1,113,0,32,3,1,8,,0,0,0.0
reuse_R1_k8,pg19,3,1,114,0,32,4,1,8,,0,0,0.0
reuse_R1_k8,pg19,3,1,115,0,32,3,1,8,,0,0,0.0
reuse_R1_k8,pg19,3,1,116,0,32,0,1,8,,0,0,0.0
reuse_R1_k8,pg19,3,1,117,0,32,1,1,8,,0,0,0.0
reuse_R1_k8,pg19,3,1,118,0,32,0,1,8,,0,0,0.0
reuse_R1_k8,pg19,3,1,119,0,32,4,1,8,,0,0,0.0
reuse_R1_k8,pg19,3,1,120,0,32,4,1,8,,0,0,0.0
reuse_R1_k8,pg19,3,1,121,0,32,4,1,8,,0,0,0.0
reuse_R1_k8,pg19,3,1,122,0,32,1,1,8,,0,0,0.0
reuse_R1_k8,pg19,3,1,123,0,32,4,1,8,,0,0,0.0
reuse_R1_k8,pg19,3,1,124,0,32,4,1,8,,0,0,0.0
reuse_R1_k8,pg19,3,1,125,0,32,4,1,8,,0,0,0.0
reuse_R1_k8,pg19,3,1,126,0,32,1,1,8,,0,0,0.0
reuse_R1_k8,pg19,3,1,127,0,32,4,1,8,,0,0,0.0
reuse_R1_k8,pg19,3,1,128,0,32,4,1,8,,0,0,0.0
reuse_R1_k8,pg19,3,1,129,0,32,4,1,8,,0,0,0.0
reuse_R1_k8,pg19,3,1,130,0,32,4,1,8,,0,0,0.0
reuse_R1_k8,pg19,3,1,131,0,32,4,1,8,,0,0,0.0
reuse_R1_k8,pg19,3,1,132,0,32,4,1,8,,0,0,0.0
reuse_R1_k8,pg19,3,1,133,0,32,4,1,8,,0,0,0.0
reuse_R1_k8,pg19,3,1,134,0,32,4,1,8,,0,0,0.0
reuse_R1_k8,pg19,3,1,135,0,32,4,1,8,,0,0,0.0
reuse_R1_k8,pg19,3,1,136,0,32,4,1,8,,0,0,0.0
reuse_R1_k8,pg19,3,1,137,0,32,2,1,8,,0,0,0.0
reuse_R1_k16,pg19,3,1,0,0,32,1,1,16,,0,0,0.0
reuse_R1_k16,pg19,3,1,1,0,32,2,1,16,,0,0,0.0
reuse_R1_k16,pg19,3,1,2,0,32,3,1,16,,0,0,0.0
reuse_R1_k16,pg19,3,1,3,0,32,4,1,16,,0,0,0.0
reuse_R1_k16,pg19,3,1,4,0,32,4,1,16,,0,0,0.0
reuse_R1_k16,pg19,3,1,5,0,32,4,1,16,,0,0,0.0
reuse_R1_k16,pg19,3,1,6,0,32,3,1,16,,0,0,0.0
reuse_R1_k16,pg19,3,1,7,0,32,1,1,16,,0,0,0.0
reuse_R1_k16,pg19,3,1,8,0,32,1,1,16,,0,0,0.0
reuse_R1_k16,pg19,3,1,9,0,32,4,1,16,,0,0,0.0
reuse_R1_k16,pg19,3,1,10,0,32,2,1,16,,0,0,0.0
reuse_R1_k16,pg19,3,1,11,0,32,1,1,16,,0,0,0.0
reuse_R1_k16,pg19,3,1,12,0,32,4,1,16,,0,0,0.0
reuse_R1_k16,pg19,3,1,13,0,32,4,1,16,,0,0,0.0
reuse_R1_k16,pg19,3,1,14,0,32,4,1,16,,0,0,0.0
reuse_R1_k16,pg19,3,1,15,0,32,4,1,16,,0,0,0.0
reuse_R1_k16,pg19,3,1,16,0,32,4,1,16,,0,0,0.0
reuse_R1_k16,pg19,3,1,17,0,32,4,1,16,,0,0,0.0
reuse_R1_k16,pg19,3,1,18,0,32,4,1,16,,0,0,0.0
reuse_R1_k16,pg19,3,1,19,0,32,4,1,16,,0,0,0.0
reuse_R1_k16,pg19,3,1,20,0,32,4,1,16,,0,0,0.0
reuse_R1_k16,pg19,3,1,21,0,32,4,1,16,,0,0,0.0
reuse_R1_k16,pg19,3,1,22,0,32,4,1,16,,0,0,0.0
reuse_R1_k16,pg19,3,1,23,0,32,0,1,16,,0,0,0.0
reuse_R1_k16,pg19,3,1,24,0,32,3,1,16,,0,0,0.0
reuse_R1_k16,pg19,3,1,25,0,32,4,1,16,,0,0,0.0
reuse_R1_k16,pg19,3,1,26,0,32,2,1,16,,0,0,0.0
reuse_R1_k16,pg19,3,1,27,0,32,3,1,16,,0,0,0.0
reuse_R1_k16,pg19,3,1,28,0,32,4,1,16,,0,0,0.0
reuse_R1_k16,pg19,3,1,29,0,32,4,1,16,,0,0,0.0
reuse_R1_k16,pg19,3,1,30,0,32,3,1,16,,0,0,0.0
reuse_R1_k16,pg19,3,1,31,0,32,4,1,16,,0,0,0.0
reuse_R1_k16,pg19,3,1,32,0,32,1,1,16,,0,0,0.0
reuse_R1_k16,pg19,3,1,33,0,32,0,1,16,,0,0,0.0
reuse_R1_k16,pg19,3,1,34,0,32,4,1,16,,0,0,0.0
reuse_R1_k16,pg19,3,1,35,0,32,0,1,16,,0,0,0.0
reuse_R1_k16,pg19,3,1,36,0,32,4,1,16,,0,0,0.0
reuse_R1_k16,pg19,3,1,37,0,32,1,1,16,,0,0,0.0
reuse_R1_k16,pg19,3,1,38,0,32,1,1,16,,0,0,0.0
reuse_R1_k16,pg19,3,1,39,0,32,1,1,16,,0,0,0.0
reuse_R1_k16,pg19,3,1,40,0,32,1,1,16,,0,0,0.0
reuse_R1_k16,pg19,3,1,41,0,32,1,1,16,,0,0,0.0
reuse_R1_k16,pg19,3,1,42,0,32,4,1,16,,0,0,0.0
reuse_R1_k16,pg19,3,1,43,0,32,4,1,16,,0,0,0.0
reuse_R1_k16,pg19,3,1,44,0,32,4,1,16,,0,0,0.0
reuse_R1_k16,pg19,3,1,45,0,32,4,1,16,,0,0,0.0
reuse_R1_k16,pg19,3,1,46,0,32,4,1,16,,0,0,0.0
reuse_R1_k16,pg19,3,1,47,0,32,4,1,16,,0,0,0.0
reuse_R1_k16,pg19,3,1,48,0,32,4,1,16,,0,0,0.0
reuse_R1_k16,pg19,3,1,49,0,32,4,1,16,,0,0,0.0
reuse_R1_k16,pg19,3,1,50,0,32,4,1,16,,0,0,0.0
reuse_R1_k16,pg19,3,1,51,0,32,4,1,16,,0,0,0.0
reuse_R1_k16,pg19,3,1,52,0,32,4,1,16,,0,0,0.0
reuse_R1_k16,pg19,3,1,53,0,32,4,1,16,,0,0,0.0
reuse_R1_k16,pg19,3,1,54,0,32,4,1,16,,0,0,0.0
reuse_R1_k16,pg19,3,1,55,0,32,4,1,16,,0,0,0.0
reuse_R1_k16,pg19,3,1,56,0,32,2,1,16,,0,0,0.0
reuse_R1_k16,pg19,3,1,57,0,32,1,1,16,,0,0,0.0
reuse_R1_k16,pg19,3,1,58,0,32,0,1,16,,0,0,0.0
reuse_R1_k16,pg19,3,1,59,0,32,3,1,16,,0,0,0.0
reuse_R1_k16,pg19,3,1,60,0,32,0,1,16,,0,0,0.0
reuse_R1_k16,pg19,3,1,61,0,32,2,1,16,,0,0,0.0
reuse_R1_k16,pg19,3,1,62,0,32,4,1,16,,0,0,0.0
reuse_R1_k16,pg19,3,1,63,0,32,3,1,16,,0,0,0.0
reuse_R1_k16,pg19,3,1,64,0,32,3,1,16,,0,0,0.0
reuse_R1_k16,pg19,3,1,65,0,32,4,1,16,,0,0,0.0
reuse_R1_k16,pg19,3,1,66,0,32,4,1,16,,0,0,0.0
reuse_R1_k16,pg19,3,1,67,0,32,4,1,16,,0,0,0.0
reuse_R1_k16,pg19,3,1,68,0,32,4,1,16,,0,0,0.0
reuse_R1_k16,pg19,3,1,69,0,32,4,1,16,,0,0,0.0
reuse_R1_k16,pg19,3,1,70,0,32,4,1,16,,0,0,0.0
reuse_R1_k16,pg19,3,1,71,0,32,4,1,16,,0,0,0.0
reuse_R1_k16,pg19,3,1,72,0,32,4,1,16,,0,0,0.0
reuse_R1_k16,pg19,3,1,73,0,32,4,1,16,,0,0,0.0
reuse_R1_k16,pg19,3,1,74,0,32,4,1,16,,0,0,0.0
reuse_R1_k16,pg19,3,1,75,0,32,4,1,16,,0,0,0.0
reuse_R1_k16,pg19,3,1,76,0,32,4,1,16,,0,0,0.0
reuse_R1_k16,pg19,3,1,77,0,32,4,1,16,,0,0,0.0
reuse_R1_k16,pg19,3,1,78,0,32,4,1,16,,0,0,0.0
reuse_R1_k16,pg19,3,1,79,0,32,1,1,16,,0,0,0.0
reuse_R1_k16,pg19,3,1,80,0,32,3,1,16,,0,0,0.0
reuse_R1_k16,pg19,3,1,81,0,32,0,1,16,,0,0,0.0
reuse_R1_k16,pg19,3,1,82,0,32,4,1,16,,0,0,0.0
reuse_R1_k16,pg19,3,1,83,0,32,2,1,16,,0,0,0.0
reuse_R1_k16,pg19,3,1,84,0,32,4,1,16,,0,0,0.0
reuse_R1_k16,pg19,3,1,85,0,32,1,1,16,,0,0,0.0
reuse_R1_k16,pg19,3,1,86,0,32,4,1,16,,0,0,0.0
reuse_R1_k16,pg19,3,1,87,0,32,2,1,16,,0,0,0.0
reuse_R1_k16,pg19,3,1,88,0,32,4,1,16,,0,0,0.0
reuse_R1_k16,pg19,3,1,89,0,32,4,1,16,,0,0,0.0
reuse_R1_k16,pg19,3,1,90,0,32,2,1,16,,0,0,0.0
reuse_R1_k16,pg19,3,1,91,0,32,4,1,16,,0,0,0.0
reuse_R1_k16,pg19,3,1,92,0,32,4,1,16,,0,0,0.0
reuse_R1_k16,pg19,3,1,93,0,32,2,1,16,,0,0,0.0
reuse_R1_k16,pg19,3,1,94,0,32,3,1,16,,0,0,0.0
reuse_R1_k16,pg19,3,1,95,0,32,4,1,16,,0,0,0.0
reuse_R1_k16,pg19,3,1,96,0,32,4,1,16,,0,0,0.0
reuse_R1_k16,pg19,3,1,97,0,32,0,1,16,,0,0,0.0
reuse_R1_k16,pg19,3,1,98,0,32,4,1,16,,0,0,0.0
reuse_R1_k16,pg19,3,1,99,0,32,2,1,16,,0,0,0.0
reuse_R1_k16,pg19,3,1,100,0,32,4,1,16,,0,0,0.0
reuse_R1_k16,pg19,3,1,101,0,32,4,1,16,,0,0,0.0
reuse_R1_k16,pg19,3,1,102,0,32,3,1,16,,0,0,0.0
reuse_R1_k16,pg19,3,1,103,0,32,1,1,16,,0,0,0.0
reuse_R1_k16,pg19,3,1,104,0,32,4,1,16,,0,0,0.0
reuse_R1_k16,pg19,3,1,105,0,32,4,1,16,,0,0,0.0
reuse_R1_k16,pg19,3,1,106,0,32,4,1,16,,0,0,0.0
reuse_R1_k16,pg19,3,1,107,0,32,4,1,16,,0,0,0.0
reuse_R1_k16,pg19,3,1,108,0,32,4,1,16,,0,0,0.0
reuse_R1_k16,pg19,3,1,109,0,32,4,1,16,,0,0,0.0
reuse_R1_k16,pg19,3,1,110,0,32,4,1,16,,0,0,0.0
reuse_R1_k16,pg19,3,1,111,0,32,4,1,16,,0,0,0.0
reuse_R1_k16,pg19,3,1,112,0,32,4,1,16,,0,0,0.0
reuse_R1_k16,pg19,3,1,113,0,32,4,1,16,,0,0,0.0
reuse_R1_k16,pg19,3,1,114,0,32,4,1,16,,0,0,0.0
reuse_R1_k16,pg19,3,1,115,0,32,4,1,16,,0,0,0.0
reuse_R1_k16,pg19,3,1,116,0,32,4,1,16,,0,0,0.0
reuse_R1_k16,pg19,3,1,117,0,32,4,1,16,,0,0,0.0
reuse_R1_k16,pg19,3,1,118,0,32,4,1,16,,0,0,0.0
reuse_R1_k16,pg19,3,1,119,0,32,4,1,16,,0,0,0.0
reuse_R1_k16,pg19,3,1,120,0,32,4,1,16,,0,0,0.0
reuse_R1_k16,pg19,3,1,121,0,32,4,1,16,,0,0,0.0
reuse_R1_k16,pg19,3,1,122,0,32,4,1,16,,0,0,0.0
reuse_R2_k8,pg19,3,2,0,0,32,1,1,8,,0,0,0.0
reuse_R2_k8,pg19,3,2,1,1,32,1,0,8,,0,0,0.0
reuse_R2_k8,pg19,3,2,2,0,32,3,1,8,,0,0,0.0
reuse_R2_k8,pg19,3,2,3,1,32,2,0,8,,0,0,0.0
reuse_R2_k8,pg19,3,2,4,0,32,2,1,8,,0,0,0.0
reuse_R2_k8,pg19,3,2,5,1,32,4,0,8,,0,0,0.0
reuse_R2_k8,pg19,3,2,6,0,32,1,1,8,,0,0,0.0
reuse_R2_k8,pg19,3,2,7,1,32,2,0,8,,0,0,0.0
reuse_R2_k8,pg19,3,2,8,0,32,2,1,8,,0,0,0.0
reuse_R2_k8,pg19,3,2,9,1,32,4,0,8,,0,0,0.0
reuse_R2_k8,pg19,3,2,10,0,32,1,1,8,,0,0,0.0
reuse_R2_k8,pg19,3,2,11,1,32,1,0,8,,0,0,0.0
reuse_R2_k8,pg19,3,2,12,0,32,4,1,8,,0,0,0.0
reuse_R2_k8,pg19,3,2,13,1,32,4,0,8,,0,0,0.0
reuse_R2_k8,pg19,3,2,14,0,32,4,1,8,,0,0,0.0
reuse_R2_k8,pg19,3,2,15,1,32,4,0,8,,0,0,0.0
reuse_R2_k8,pg19,3,2,16,0,32,0,1,8,,0,0,0.0
reuse_R2_k8,pg19,3,2,17,1,32,4,0,8,,0,0,0.0
reuse_R2_k8,pg19,3,2,18,0,32,4,1,8,,0,0,0.0
reuse_R2_k8,pg19,3,2,19,1,32,4,0,8,,0,0,0.0
reuse_R2_k8,pg19,3,2,20,0,32,4,1,8,,0,0,0.0
reuse_R2_k8,pg19,3,2,21,1,32,4,0,8,,0,0,0.0
reuse_R2_k8,pg19,3,2,22,0,32,4,1,8,,0,0,0.0
reuse_R2_k8,pg19,3,2,23,1,32,4,0,8,,0,0,0.0
reuse_R2_k8,pg19,3,2,24,0,32,4,1,8,,0,0,0.0
reuse_R2_k8,pg19,3,2,25,1,32,4,0,8,,0,0,0.0
reuse_R2_k8,pg19,3,2,26,0,32,4,1,8,,0,0,0.0
reuse_R2_k8,pg19,3,2,27,1,32,0,0,8,,0,0,0.0
reuse_R2_k8,pg19,3,2,28,0,32,3,1,8,,0,0,0.0
reuse_R2_k8,pg19,3,2,29,1,32,4,0,8,,0,0,0.0
reuse_R2_k8,pg19,3,2,30,0,32,4,1,8,,0,0,0.0
reuse_R2_k8,pg19,3,2,31,1,32,4,0,8,,0,0,0.0
reuse_R2_k8,pg19,3,2,32,0,32,3,1,8,,0,0,0.0
reuse_R2_k8,pg19,3,2,33,1,32,4,0,8,,0,0,0.0
reuse_R2_k8,pg19,3,2,34,0,32,1,1,8,,0,0,0.0
reuse_R2_k8,pg19,3,2,35,1,32,0,0,8,,0,0,0.0
reuse_R2_k8,pg19,3,2,36,0,32,1,1,8,,0,0,0.0
reuse_R2_k8,pg19,3,2,37,1,32,2,0,8,,0,0,0.0
reuse_R2_k8,pg19,3,2,38,0,32,2,1,8,,0,0,0.0
reuse_R2_k8,pg19,3,2,39,1,32,1,0,8,,0,0,0.0
reuse_R2_k8,pg19,3,2,40,0,32,1,1,8,,0,0,0.0
reuse_R2_k8,pg19,3,2,41,1,32,4,0,8,,0,0,0.0
reuse_R2_k8,pg19,3,2,42,0,32,4,1,8,,0,0,0.0
reuse_R2_k8,pg19,3,2,43,1,32,4,0,8,,0,0,0.0
reuse_R2_k8,pg19,3,2,44,0,32,1,1,8,,0,0,0.0
reuse_R2_k8,pg19,3,2,45,1,32,2,0,8,,0,0,0.0
reuse_R2_k8,pg19,3,2,46,0,32,4,1,8,,0,0,0.0
reuse_R2_k8,pg19,3,2,47,1,32,4,0,8,,0,0,0.0
reuse_R2_k8,pg19,3,2,48,0,32,0,1,8,,0,0,0.0
reuse_R2_k8,pg19,3,2,49,1,32,1,0,8,,0,0,0.0
reuse_R2_k8,pg19,3,2,50,0,32,1,1,8,,0,0,0.0
reuse_R2_k8,pg19,3,2,51,1,32,1,0,8,,0,0,0.0
reuse_R2_k8,pg19,3,2,52,0,32,1,1,8,,0,0,0.0
reuse_R2_k8,pg19,3,2,53,1,32,2,0,8,,0,0,0.0
reuse_R2_k8,pg19,3,2,54,0,32,4,1,8,,0,0,0.0
reuse_R2_k8,pg19,3,2,55,1,32,4,0,8,,0,0,0.0
reuse_R2_k8,pg19,3,2,56,0,32,1,1,8,,0,0,0.0
reuse_R2_k8,pg19,3,2,57,1,32,3,0,8,,0,0,0.0
reuse_R2_k8,pg19,3,2,58,0,32,3,1,8,,0,0,0.0
reuse_R2_k8,pg19,3,2,59,1,32,2,0,8,,0,0,0.0
reuse_R2_k8,pg19,3,2,60,0,32,3,1,8,,0,0,0.0
reuse_R2_k8,pg19,3,2,61,1,32,4,0,8,,0,0,0.0
reuse_R2_k8,pg19,3,2,62,0,32,0,1,8,,0,0,0.0
reuse_R2_k8,pg19,3,2,63,1,32,1,0,8,,0,0,0.0
reuse_R2_k8,pg19,3,2,64,0,32,1,1,8,,0,0,0.0
reuse_R2_k8,pg19,3,2,65,1,32,4,0,8,,0,0,0.0
reuse_R2_k8,pg19,3,2,66,0,32,0,1,8,,0,0,0.0
reuse_R2_k8,pg19,3,2,67,1,32,4,0,8,,0,0,0.0
reuse_R2_k8,pg19,3,2,68,0,32,0,1,8,,0,0,0.0
reuse_R2_k8,pg19,3,2,69,1,32,1,0,8,,0,0,0.0
reuse_R2_k8,pg19,3,2,70,0,32,0,1,8,,0,0,0.0
reuse_R2_k8,pg19,3,2,71,1,32,4,0,8,,0,0,0.0
reuse_R2_k8,pg19,3,2,72,0,32,3,1,8,,0,0,0.0
reuse_R2_k8,pg19,3,2,73,1,32,4,0,8,,0,0,0.0
reuse_R2_k8,pg19,3,2,74,0,32,1,1,8,,0,0,0.0
reuse_R2_k8,pg19,3,2,75,1,32,2,0,8,,0,0,0.0
reuse_R2_k8,pg19,3,2,76,0,32,4,1,8,,0,0,0.0
reuse_R2_k8,pg19,3,2,77,1,32,4,0,8,,0,0,0.0
reuse_R2_k8,pg19,3,2,78,0,32,3,1,8,,0,0,0.0
reuse_R2_k8,pg19,3,2,79,1,32,4,0,8,,0,0,0.0
reuse_R2_k8,pg19,3,2,80,0,32,4,1,8,,0,0,0.0
reuse_R2_k8,pg19,3,2,81,1,32,4,0,8,,0,0,0.0
reuse_R2_k8,pg19,3,2,82,0,32,4,1,8,,0,0,0.0
reuse_R2_k8,pg19,3,2,83,1,32,4,0,8,,0,0,0.0
reuse_R2_k8,pg19,3,2,84,0,32,4,1,8,,0,0,0.0
reuse_R2_k8,pg19,3,2,85,1,32,4,0,8,,0,0,0.0
reuse_R2_k8,pg19,3,2,86,0,32,0,1,8,,0,0,0.0
reuse_R2_k8,pg19,3,2,87,1,32,4,0,8,,0,0,0.0
reuse_R2_k8,pg19,3,2,88,0,32,2,1,8,,0,0,0.0
reuse_R2_k8,pg19,3,2,89,1,32,4,0,8,,0,0,0.0
reuse_R2_k8,pg19,3,2,90,0,32,1,1,8,,0,0,0.0
reuse_R2_k8,pg19,3,2,91,1,32,3,0,8,,0,0,0.0
reuse_R2_k8,pg19,3,2,92,0,32,0,1,8,,0,0,0.0
reuse_R2_k8,pg19,3,2,93,1,32,1,0,8,,0,0,0.0
reuse_R2_k8,pg19,3,2,94,0,32,3,1,8,,0,0,0.0
reuse_R2_k8,pg19,3,2,95,1,32,1,0,8,,0,0,0.0
reuse_R2_k8,pg19,3,2,96,0,32,1,1,8,,0,0,0.0
reuse_R2_k8,pg19,3,2,97,1,32,0,0,8,,0,0,0.0
reuse_R2_k8,pg19,3,2,98,0,32,2,1,8,,0,0,0.0
reuse_R2_k8,pg19,3,2,99,1,32,4,0,8,,0,0,0.0
reuse_R2_k8,pg19,3,2,100,0,32,4,1,8,,0,0,0.0
reuse_R2_k8,pg19,3,2,101,1,32,1,0,8,,0,0,0.0
reuse_R2_k8,pg19,3,2,102,0,32,4,1,8,,0,0,0.0
reuse_R2_k8,pg19,3,2,103,1,32,0,0,8,,0,0,0.0
reuse_R2_k8,pg19,3,2,104,0,32,4,1,8,,0,0,0.0
reuse_R2_k8,pg19,3,2,105,1,32,4,0,8,,0,0,0.0
reuse_R2_k8,pg19,3,2,106,0,32,3,1,8,,0,0,0.0
reuse_R2_k8,pg19,3,2,107,1,32,4,0,8,,0,0,0.0
reuse_R2_k8,pg19,3,2,108,0,32,4,1,8,,0,0,0.0
reuse_R2_k8,pg19,3,2,109,1,32,4,0,8,,0,0,0.0
reuse_R2_k8,pg19,3,2,110,0,32,4,1,8,,0,0,0.0
reuse_R2_k8,pg19,3,2,111,1,32,2,0,8,,0,0,0.0
reuse_R2_k8,pg19,3,2,112,0,32,4,1,8,,0,0,0.0
reuse_R2_k8,pg19,3,2,113,1,32,0,0,8,,0,0,0.0
reuse_R2_k8,pg19,3,2,114,0,32,4,1,8,,0,0,0.0
reuse_R2_k8,pg19,3,2,115,1,32,4,0,8,,0,0,0.0
reuse_R2_k8,pg19,3,2,116,0,32,4,1,8,,0,0,0.0
reuse_R2_k8,pg19,3,2,117,1,32,4,0,8,,0,0,0.0
reuse_R2_k8,pg19,3,2,118,0,32,4,1,8,,0,0,0.0
reuse_R2_k8,pg19,3,2,119,1,32,4,0,8,,0,0,0.0
reuse_R2_k8,pg19,3,2,120,0,32,3,1,8,,0,0,0.0
reuse_R2_k8,pg19,3,2,121,1,32,4,0,8,,0,0,0.0
reuse_R2_k8,pg19,3,2,122,0,32,1,1,8,,0,0,0.0
reuse_R2_k8,pg19,3,2,123,1,32,0,0,8,,0,0,0.0
reuse_R2_k8,pg19,3,2,124,0,32,0,1,8,,0,0,0.0
reuse_R2_k8,pg19,3,2,125,1,32,4,0,8,,0,0,0.0
reuse_R2_k8,pg19,3,2,126,0,32,4,1,8,,0,0,0.0
reuse_R2_k8,pg19,3,2,127,1,32,4,0,8,,0,0,0.0
reuse_R2_k8,pg19,3,2,128,0,32,4,1,8,,0,0,0.0
reuse_R2_k8,pg19,3,2,129,1,32,1,0,8,,0,0,0.0
reuse_R2_k8,pg19,3,2,130,0,32,1,1,8,,0,0,0.0
reuse_R2_k8,pg19,3,2,131,1,32,4,0,8,,0,0,0.0
reuse_R2_k8,pg19,3,2,132,0,32,4,1,8,,0,0,0.0
reuse_R2_k8,pg19,3,2,133,1,32,4,0,8,,0,0,0.0
reuse_R2_k8,pg19,3,2,134,0,32,1,1,8,,0,0,0.0
reuse_R2_k8,pg19,3,2,135,1,32,4,0,8,,0,0,0.0
reuse_R2_k8,pg19,3,2,136,0,32,4,1,8,,0,0,0.0
reuse_R2_k8,pg19,3,2,137,1,32,0,0,8,,0,0,0.0
reuse_R2_k8,pg19,3,2,138,0,32,4,1,8,,0,0,0.0
reuse_R2_k8,pg19,3,2,139,1,32,1,0,8,,0,0,0.0
reuse_R2_k8,pg19,3,2,140,0,32,4,1,8,,0,0,0.0
reuse_R2_k16,pg19,3,2,0,0,32,3,1,16,,0,0,0.0
reuse_R2_k16,pg19,3,2,1,1,32,0,0,16,,0,0,0.0
reuse_R2_k16,pg19,3,2,2,0,32,3,1,16,,0,0,0.0
reuse_R2_k16,pg19,3,2,3,1,32,2,0,16,,0,0,0.0
reuse_R2_k16,pg19,3,2,4,0,32,3,1,16,,0,0,0.0
reuse_R2_k16,pg19,3,2,5,1,32,3,0,16,,0,0,0.0
reuse_R2_k16,pg19,3,2,6,0,32,1,1,16,,0,0,0.0
reuse_R2_k16,pg19,3,2,7,1,32,3,0,16,,0,0,0.0
reuse_R2_k16,pg19,3,2,8,0,32,0,1,16,,0,0,0.0
reuse_R2_k16,pg19,3,2,9,1,32,4,0,16,,0,0,0.0
reuse_R2_k16,pg19,3,2,10,0,32,1,1,16,,0,0,0.0
reuse_R2_k16,pg19,3,2,11,1,32,1,0,16,,0,0,0.0
reuse_R2_k16,pg19,3,2,12,0,32,3,1,16,,0,0,0.0
reuse_R2_k16,pg19,3,2,13,1,32,4,0,16,,0,0,0.0
reuse_R2_k16,pg19,3,2,14,0,32,4,1,16,,0,0,0.0
reuse_R2_k16,pg19,3,2,15,1,32,4,0,16,,0,0,0.0
reuse_R2_k16,pg19,3,2,16,0,32,1,1,16,,0,0,0.0
reuse_R2_k16,pg19,3,2,17,1,32,4,0,16,,0,0,0.0
reuse_R2_k16,pg19,3,2,18,0,32,4,1,16,,0,0,0.0
reuse_R2_k16,pg19,3,2,19,1,32,4,0,16,,0,0,0.0
reuse_R2_k16,pg19,3,2,20,0,32,4,1,16,,0,0,0.0
reuse_R2_k16,pg19,3,2,21,1,32,4,0,16,,0,0,0.0
reuse_R2_k16,pg19,3,2,22,0,32,4,1,16,,0,0,0.0
reuse_R2_k16,pg19,3,2,23,1,32,4,0,16,,0,0,0.0
reuse_R2_k16,pg19,3,2,24,0,32,4,1,16,,0,0,0.0
reuse_R2_k16,pg19,3,2,25,1,32,4,0,16,,0,0,0.0
reuse_R2_k16,pg19,3,2,26,0,32,4,1,16,,0,0,0.0
reuse_R2_k16,pg19,3,2,27,1,32,4,0,16,,0,0,0.0
reuse_R2_k16,pg19,3,2,28,0,32,4,1,16,,0,0,0.0
reuse_R2_k16,pg19,3,2,29,1,32,4,0,16,,0,0,0.0
reuse_R2_k16,pg19,3,2,30,0,32,4,1,16,,0,0,0.0
reuse_R2_k16,pg19,3,2,31,1,32,3,0,16,,0,0,0.0
reuse_R2_k16,pg19,3,2,32,0,32,4,1,16,,0,0,0.0
reuse_R2_k16,pg19,3,2,33,1,32,2,0,16,,0,0,0.0
reuse_R2_k16,pg19,3,2,34,0,32,2,1,16,,0,0,0.0
reuse_R2_k16,pg19,3,2,35,1,32,3,0,16,,0,0,0.0
reuse_R2_k16,pg19,3,2,36,0,32,4,1,16,,0,0,0.0
reuse_R2_k16,pg19,3,2,37,1,32,4,0,16,,0,0,0.0
reuse_R2_k16,pg19,3,2,38,0,32,4,1,16,,0,0,0.0
reuse_R2_k16,pg19,3,2,39,1,32,4,0,16,,0,0,0.0
reuse_R2_k16,pg19,3,2,40,0,32,1,1,16,,0,0,0.0
reuse_R2_k16,pg19,3,2,41,1,32,2,0,16,,0,0,0.0
reuse_R2_k16,pg19,3,2,42,0,32,4,1,16,,0,0,0.0
reuse_R2_k16,pg19,3,2,43,1,32,4,0,16,,0,0,0.0
reuse_R2_k16,pg19,3,2,44,0,32,0,1,16,,0,0,0.0
reuse_R2_k16,pg19,3,2,45,1,32,4,0,16,,0,0,0.0
reuse_R2_k16,pg19,3,2,46,0,32,4,1,16,,0,0,0.0
reuse_R2_k16,pg19,3,2,47,1,32,0,0,16,,0,0,0.0
reuse_R2_k16,pg19,3,2,48,0,32,2,1,16,,0,0,0.0
reuse_R2_k16,pg19,3,2,49,1,32,4,0,16,,0,0,0.0
reuse_R2_k16,pg19,3,2,50,0,32,4,1,16,,0,0,0.0
reuse_R2_k16,pg19,3,2,51,1,32,1,0,16,,0,0,0.0
reuse_R2_k16,pg19,3,2,52,0,32,3,1,16,,0,0,0.0
reuse_R2_k16,pg19,3,2,53,1,32,3,0,16,,0,0,0.0
reuse_R2_k16,pg19,3,2,54,0,32,2,1,16,,0,0,0.0
reuse_R2_k16,pg19,3,2,55,1,32,4,0,16,,0,0,0.0
reuse_R2_k16,pg19,3,2,56,0,32,3,1,16,,0,0,0.0
reuse_R2_k16,pg19,3,2,57,1,32,0,0,16,,0,0,0.0
reuse_R2_k16,pg19,3,2,58,0,32,1,1,16,,0,0,0.0
reuse_R2_k16,pg19,3,2,59,1,32,4,0,16,,0,0,0.0
reuse_R2_k16,pg19,3,2,60,0,32,2,1,16,,0,0,0.0
reuse_R2_k16,pg19,3,2,61,1,32,1,0,16,,0,0,0.0
reuse_R2_k16,pg19,3,2,62,0,32,2,1,16,,0,0,0.0
reuse_R2_k16,pg19,3,2,63,1,32,3,0,16,,0,0,0.0
reuse_R2_k16,pg19,3,2,64,0,32,4,1,16,,0,0,0.0
reuse_R2_k16,pg19,3,2,65,1,32,4,0,16,,0,0,0.0
reuse_R2_k16,pg19,3,2,66,0,32,4,1,16,,0,0,0.0
reuse_R2_k16,pg19,3,2,67,1,32,0,0,16,,0,0,0.0
reuse_R2_k16,pg19,3,2,68,0,32,2,1,16,,0,0,0.0
reuse_R2_k16,pg19,3,2,69,1,32,4,0,16,,0,0,0.0
reuse_R2_k16,pg19,3,2,70,0,32,4,1,16,,0,0,0.0
reuse_R2_k16,pg19,3,2,71,1,32,2,0,16,,0,0,0.0
reuse_R2_k16,pg19,3,2,72,0,32,4,1,16,,0,0,0.0
reuse_R2_k16,pg19,3,2,73,1,32,4,0,16,,0,0,0.0
reuse_R2_k16,pg19,3,2,74,0,32,4,1,16,,0,0,0.0
reuse_R2_k16,pg19,3,2,75,1,32,3,0,16,,0,0,0.0
reuse_R2_k16,pg19,3,2,76,0,32,4,1,16,,0,0,0.0
reuse_R2_k16,pg19,3,2,77,1,32,4,0,16,,0,0,0.0
reuse_R2_k16,pg19,3,2,78,0,32,1,1,16,,0,0,0.0
reuse_R2_k16,pg19,3,2,79,1,32,4,0,16,,0,0,0.0
reuse_R2_k16,pg19,3,2,80,0,32,0,1,16,,0,0,0.0
reuse_R2_k16,pg19,3,2,81,1,32,4,0,16,,0,0,0.0
reuse_R2_k16,pg19,3,2,82,0,32,2,1,16,,0,0,0.0
reuse_R2_k16,pg19,3,2,83,1,32,4,0,16,,0,0,0.0
reuse_R2_k16,pg19,3,2,84,0,32,1,1,16,,0,0,0.0
reuse_R2_k16,pg19,3,2,85,1,32,3,0,16,,0,0,0.0
reuse_R2_k16,pg19,3,2,86,0,32,0,1,16,,0,0,0.0
reuse_R2_k16,pg19,3,2,87,1,32,1,0,16,,0,0,0.0
reuse_R2_k16,pg19,3,2,88,0,32,3,1,16,,0,0,0.0
reuse_R2_k16,pg19,3,2,89,1,32,1,0,16,,0,0,0.0
reuse_R2_k16,pg19,3,2,90,0,32,1,1,16,,0,0,0.0
reuse_R2_k16,pg19,3,2,91,1,32,0,0,16,,0,0,0.0
reuse_R2_k16,pg19,3,2,92,0,32,4,1,16,,0,0,0.0
reuse_R2_k16,pg19,3,2,93,1,32,4,0,16,,0,0,0.0
reuse_R2_k16,pg19,3,2,94,0,32,4,1,16,,0,0,0.0
reuse_R2_k16,pg19,3,2,95,1,32,4,0,16,,0,0,0.0
reuse_R2_k16,pg19,3,2,96,0,32,0,1,16,,0,0,0.0
reuse_R2_k16,pg19,3,2,97,1,32,4,0,16,,0,0,0.0
reuse_R2_k16,pg19,3,2,98,0,32,4,1,16,,0,0,0.0
reuse_R2_k16,pg19,3,2,99,1,32,2,0,16,,0,0,0.0
reuse_R2_k16,pg19,3,2,100,0,32,4,1,16,,0,0,0.0
reuse_R2_k16,pg19,3,2,101,1,32,4,0,16,,0,0,0.0
reuse_R2_k16,pg19,3,2,102,0,32,4,1,16,,0,0,0.0
reuse_R2_k16,pg19,3,2,103,1,32,4,0,16,,0,0,0.0
reuse_R2_k16,pg19,3,2,104,0,32,4,1,16,,0,0,0.0
reuse_R2_k16,pg19,3,2,105,1,32,4,0,16,,0,0,0.0
reuse_R2_k16,pg19,3,2,106,0,32,4,1,16,,0,0,0.0
reuse_R2_k16,pg19,3,2,107,1,32,4,0,16,,0,0,0.0
reuse_R2_k16,pg19,3,2,108,0,32,4,1,16,,0,0,0.0
reuse_R2_k16,pg19,3,2,109,1,32,4,0,16,,0,0,0.0
reuse_R2_k16,pg19,3,2,110,0,32,4,1,16,,0,0,0.0
reuse_R2_k16,pg19,3,2,111,1,32,4,0,16,,0,0,0.0
reuse_R2_k16,pg19,3,2,112,0,32,4,1,16,,0,0,0.0
reuse_R2_k16,pg19,3,2,113,1,32,4,0,16,,0,0,0.0
reuse_R2_k16,pg19,3,2,114,0,32,0,1,16,,0,0,0.0
reuse_R2_k16,pg19,3,2,115,1,32,4,0,16,,0,0,0.0
reuse_R2_k16,pg19,3,2,116,0,32,2,1,16,,0,0,0.0
reuse_R2_k16,pg19,3,2,117,1,32,4,0,16,,0,0,0.0
reuse_R2_k16,pg19,3,2,118,0,32,4,1,16,,0,0,0.0
reuse_R2_k16,pg19,3,2,119,1,32,4,0,16,,0,0,0.0
reuse_R2_k16,pg19,3,2,120,0,32,4,1,16,,0,0,0.0
reuse_R2_k16,pg19,3,2,121,1,32,4,0,16,,0,0,0.0
reuse_R2_k16,pg19,3,2,122,0,32,4,1,16,,0,0,0.0
reuse_R2_k16,pg19,3,2,123,1,32,4,0,16,,0,0,0.0
reuse_R2_k16,pg19,3,2,124,0,32,4,1,16,,0,0,0.0
reuse_R2_k16,pg19,3,2,125,1,32,4,0,16,,0,0,0.0
reuse_R2_k16,pg19,3,2,126,0,32,0,1,16,,0,0,0.0
reuse_R2_k16,pg19,3,2,127,1,32,4,0,16,,0,0,0.0
reuse_R4_k8,pg19,3,4,0,0,32,1,1,8,,0,0,0.0
reuse_R4_k8,pg19,3,4,1,1,32,1,0,8,,0,0,0.0
reuse_R4_k8,pg19,3,4,2,2,32,3,0,8,,0,0,0.0
reuse_R4_k8,pg19,3,4,3,3,32,2,0,8,,0,0,0.0
reuse_R4_k8,pg19,3,4,4,0,32,2,1,8,,0,0,0.0
reuse_R4_k8,pg19,3,4,5,1,32,4,0,8,,0,0,0.0
reuse_R4_k8,pg19,3,4,6,2,32,1,0,8,,0,0,0.0
reuse_R4_k8,pg19,3,4,7,3,32,2,0,8,,0,0,0.0
reuse_R4_k8,pg19,3,4,8,0,32,2,1,8,,0,0,0.0
reuse_R4_k8,pg19,3,4,9,1,32,4,0,8,,0,0,0.0
reuse_R4_k8,pg19,3,4,10,2,32,1,0,8,,0,0,0.0
reuse_R4_k8,pg19,3,4,11,3,32,1,0,8,,0,0,0.0
reuse_R4_k8,pg19,3,4,12,0,32,4,1,8,,0,0,0.0
reuse_R4_k8,pg19,3,4,13,1,32,4,0,8,,0,0,0.0
reuse_R4_k8,pg19,3,4,14,2,32,4,0,8,,0,0,0.0
reuse_R4_k8,pg19,3,4,15,3,32,4,0,8,,0,0,0.0
reuse_R4_k8,pg19,3,4,16,0,32,4,1,8,,0,0,0.0
reuse_R4_k8,pg19,3,4,17,1,32,4,0,8,,0,0,0.0
reuse_R4_k8,pg19,3,4,18,2,32,2,0,8,,0,0,0.0
reuse_R4_k8,pg19,3,4,19,3,32,4,0,8,,0,0,0.0
reuse_R4_k8,pg19,3,4,20,0,32,4,1,8,,0,0,0.0
reuse_R4_k8,pg19,3,4,21,1,32,4,0,8,,0,0,0.0
reuse_R4_k8,pg19,3,4,22,2,32,3,0,8,,0,0,0.0
reuse_R4_k8,pg19,3,4,23,3,32,1,0,8,,0,0,0.0
reuse_R4_k8,pg19,3,4,24,0,32,4,1,8,,0,0,0.0
reuse_R4_k8,pg19,3,4,25,1,32,3,0,8,,0,0,0.0
reuse_R4_k8,pg19,3,4,26,2,32,4,0,8,,0,0,0.0
reuse_R4_k8,pg19,3,4,27,3,32,2,0,8,,0,0,0.0
reuse_R4_k8,pg19,3,4,28,0,32,4,1,8,,0,0,0.0
reuse_R4_k8,pg19,3,4,29,1,32,4,0,8,,0,0,0.0
reuse_R4_k8,pg19,3,4,30,2,32,0,0,8,,0,0,0.0
reuse_R4_k8,pg19,3,4,31,3,32,4,0,8,,0,0,0.0
reuse_R4_k8,pg19,3,4,32,0,32,4,1,8,,0,0,0.0
reuse_R4_k8,pg19,3,4,33,1,32,4,0,8,,0,0,0.0
reuse_R4_k8,pg19,3,4,34,2,32,4,0,8,,0,0,0.0
reuse_R4_k8,pg19,3,4,35,3,32,0,0,8,,0,0,0.0
reuse_R4_k8,pg19,3,4,36,0,32,0,1,8,,0,0,0.0
reuse_R4_k8,pg19,3,4,37,1,32,1,0,8,,0,0,0.0
reuse_R4_k8,pg19,3,4,38,2,32,4,0,8,,0,0,0.0
reuse_R4_k8,pg19,3,4,39,3,32,0,0,8,,0,0,0.0
reuse_R4_k8,pg19,3,4,40,0,32,1,1,8,,0,0,0.0
reuse_R4_k8,pg19,3,4,41,1,32,0,0,8,,0,0,0.0
reuse_R4_k8,pg19,3,4,42,2,32,0,0,8,,0,0,0.0
reuse_R4_k8,pg19,3,4,43,3,32,4,0,8,,0,0,0.0
reuse_R4_k8,pg19,3,4,44,0,32,0,1,8,,0,0,0.0
reuse_R4_k8,pg19,3,4,45,1,32,3,0,8,,0,0,0.0
reuse_R4_k8,pg19,3,4,46,2,32,4,0,8,,0,0,0.0
reuse_R4_k8,pg19,3,4,47,3,32,0,0,8,,0,0,0.0
reuse_R4_k8,pg19,3,4,48,0,32,4,1,8,,0,0,0.0
reuse_R4_k8,pg19,3,4,49,1,32,4,0,8,,0,0,0.0
reuse_R4_k8,pg19,3,4,50,2,32,2,0,8,,0,0,0.0
reuse_R4_k8,pg19,3,4,51,3,32,4,0,8,,0,0,0.0
reuse_R4_k8,pg19,3,4,52,0,32,0,1,8,,0,0,0.0
reuse_R4_k8,pg19,3,4,53,1,32,2,0,8,,0,0,0.0
reuse_R4_k8,pg19,3,4,54,2,32,4,0,8,,0,0,0.0
reuse_R4_k8,pg19,3,4,55,3,32,4,0,8,,0,0,0.0
reuse_R4_k8,pg19,3,4,56,0,32,1,1,8,,0,0,0.0
reuse_R4_k8,pg19,3,4,57,1,32,4,0,8,,0,0,0.0
reuse_R4_k8,pg19,3,4,58,2,32,0,0,8,,0,0,0.0
reuse_R4_k8,pg19,3,4,59,3,32,2,0,8,,0,0,0.0
reuse_R4_k8,pg19,3,4,60,0,32,2,1,8,,0,0,0.0
reuse_R4_k8,pg19,3,4,61,1,32,2,0,8,,0,0,0.0
reuse_R4_k8,pg19,3,4,62,2,32,4,0,8,,0,0,0.0
reuse_R4_k8,pg19,3,4,63,3,32,4,0,8,,0,0,0.0
reuse_R4_k8,pg19,3,4,64,0,32,2,1,8,,0,0,0.0
reuse_R4_k8,pg19,3,4,65,1,32,1,0,8,,0,0,0.0
reuse_R4_k8,pg19,3,4,66,2,32,4,0,8,,0,0,0.0
reuse_R4_k8,pg19,3,4,67,3,32,0,0,8,,0,0,0.0
reuse_R4_k8,pg19,3,4,68,0,32,2,1,8,,0,0,0.0
reuse_R4_k8,pg19,3,4,69,1,32,4,0,8,,0,0,0.0
reuse_R4_k8,pg19,3,4,70,2,32,1,0,8,,0,0,0.0
reuse_R4_k8,pg19,3,4,71,3,32,4,0,8,,0,0,0.0
reuse_R4_k8,pg19,3,4,72,0,32,4,1,8,,0,0,0.0
reuse_R4_k8,pg19,3,4,73,1,32,4,0,8,,0,0,0.0
reuse_R4_k8,pg19,3,4,74,2,32,4,0,8,,0,0,0.0
reuse_R4_k8,pg19,3,4,75,3,32,2,0,8,,0,0,0.0
reuse_R4_k8,pg19,3,4,76,0,32,1,1,8,,0,0,0.0
reuse_R4_k8,pg19,3,4,77,1,32,2,0,8,,0,0,0.0
reuse_R4_k8,pg19,3,4,78,2,32,1,0,8,,0,0,0.0
reuse_R4_k8,pg19,3,4,79,3,32,0,0,8,,0,0,0.0
reuse_R4_k8,pg19,3,4,80,0,32,0,1,8,,0,0,0.0
reuse_R4_k8,pg19,3,4,81,1,32,4,0,8,,0,0,0.0
reuse_R4_k8,pg19,3,4,82,2,32,4,0,8,,0,0,0.0
reuse_R4_k8,pg19,3,4,83,3,32,4,0,8,,0,0,0.0
reuse_R4_k8,pg19,3,4,84,0,32,4,1,8,,0,0,0.0
reuse_R4_k8,pg19,3,4,85,1,32,3,0,8,,0,0,0.0
reuse_R4_k8,pg19,3,4,86,2,32,4,0,8,,0,0,0.0
reuse_R4_k8,pg19,3,4,87,3,32,1,0,8,,0,0,0.0
reuse_R4_k8,pg19,3,4,88,0,32,3,1,8,,0,0,0.0
reuse_R4_k8,pg19,3,4,89,1,32,4,0,8,,0,0,0.0
reuse_R4_k8,pg19,3,4,90,2,32,1,0,8,,0,0,0.0
reuse_R4_k8,pg19,3,4,91,3,32,4,0,8,,0,0,0.0
reuse_R4_k8,pg19,3,4,92,0,32,4,1,8,,0,0,0.0
reuse_R4_k8,pg19,3,4,93,1,32,1,0,8,,0,0,0.0
reuse_R4_k8,pg19,3,4,94,2,32,3,0,8,,0,0,0.0
reuse_R4_k8,pg19,3,4,95,3,32,1,0,8,,0,0,0.0
reuse_R4_k8,pg19,3,4,96,0,32,4,1,8,,0,0,0.0
reuse_R4_k8,pg19,3,4,97,1,32,4,0,8,,0,0,0.0
reuse_R4_k8,pg19,3,4,98,2,32,4,0,8,,0,0,0.0
reuse_R4_k8,pg19,3,4,99,3,32,0,0,8,,0,0,0.0
reuse_R4_k8,pg19,3,4,100,0,32,2,1,8,,0,0,0.0
reuse_R4_k8,pg19,3,4,101,1,32,4,0,8,,0,0,0.0
reuse_R4_k8,pg19,3,4,102,2,32,4,0,8,,0,0,0.0
reuse_R4_k8,pg19,3,4,103,3,32,0,0,8,,0,0,0.0
reuse_R4_k8,pg19,3,4,104,0,32,3,1,8,,0,0,0.0
reuse_R4_k8,pg19,3,4,105,1,32,1,0,8,,0,0,0.0
reuse_R4_k8,pg19,3,4,106,2,32,3,0,8,,0,0,0.0
reuse_R4_k8,pg19,3,4,107,3,32,4,0,8,,0,0,0.0
reuse_R4_k8,pg19,3,4,108,0,32,4,1,8,,0,0,0.0
reuse_R4_k8,pg19,3,4,109,1,32,0,0,8,,0,0,0.0
reuse_R4_k8,pg19,3,4,110,2,32,2,0,8,,0,0,0.0
reuse_R4_k8,pg19,3,4,111,3,32,1,0,8,,0,0,0.0
reuse_R4_k8,pg19,3,4,112,0,32,2,1,8,,0,0,0.0
reuse_R4_k8,pg19,3,4,113,1,32,4,0,8,,0,0,0.0
reuse_R4_k8,pg19,3,4,114,2,32,1,0,8,,0,0,0.0
reuse_R4_k8,pg19,3,4,115,3,32,1,0,8,,0,0,0.0
reuse_R4_k8,pg19,3,4,116,0,32,4,1,8,,0,0,0.0
reuse_R4_k8,pg19,3,4,117,1,32,0,0,8,,0,0,0.0
reuse_R4_k8,pg19,3,4,118,2,32,3,0,8,,0,0,0.0
reuse_R4_k8,pg19,3,4,119,3,32,4,0,8,,0,0,0.0
reuse_R4_k8,pg19,3,4,120,0,32,4,1,8,,0,0,0.0
reuse_R4_k8,pg19,3,4,121,1,32,4,0,8,,0,0,0.0
reuse_R4_k8,pg19,3,4,122,2,32,4,0,8,,0,0,0.0
reuse_R4_k8,pg19,3,4,123,3,32,4,0,8,,0,0,0.0
reuse_R4_k8,pg19,3,4,124,0,32,1,1,8,,0,0,0.0
reuse_R4_k8,pg19,3,4,125,1,32,4,0,8,,0,0,0.0
reuse_R4_k8,pg19,3,4,126,2,32,3,0,8,,0,0,0.0
reuse_R4_k8,pg19,3,4,127,3,32,4,0,8,,0,0,0.0
reuse_R4_k8,pg19,3,4,128,0,32,3,1,8,,0,0,0.0
reuse_R4_k8,pg19,3,4,129,1,32,4,0,8,,0,0,0.0
reuse_R4_k8,pg19,3,4,130,2,32,4,0,8,,0,0,0.0
reuse_R4_k8,pg19,3,4,131,3,32,4,0,8,,0,0,0.0
reuse_R4_k8,pg19,3,4,132,0,32,4,1,8,,0,0,0.0
reuse_R4_k8,pg19,3,4,133,1,32,4,0,8,,0,0,0.0
reuse_R4_k8,pg19,3,4,134,2,32,4,0,8,,0,0,0.0
reuse_R4_k8,pg19,3,4,135,3,32,4,0,8,,0,0,0.0
reuse_R4_k8,pg19,3,4,136,0,32,4,1,8,,0,0,0.0
reuse_R4_k8,pg19,3,4,137,1,32,4,0,8,,0,0,0.0
reuse_R4_k8,pg19,3,4,138,2,32,2,0,8,,0,0,0.0
reuse_R4_k8,pg19,3,4,139,3,32,4,0,8,,0,0,0.0
reuse_R4_k16,pg19,3,4,0,0,32,1,1,16,,0,0,0.0
reuse_R4_k16,pg19,3,4,1,1,32,2,0,16,,0,0,0.0
reuse_R4_k16,pg19,3,4,2,2,32,3,0,16,,0,0,0.0
reuse_R4_k16,pg19,3,4,3,3,32,2,0,16,,0,0,0.0
reuse_R4_k16,pg19,3,4,4,0,32,1,1,16,,0,0,0.0
reuse_R4_k16,pg19,3,4,5,1,32,4,0,16,,0,0,0.0
reuse_R4_k16,pg19,3,4,6,2,32,4,0,16,,0,0,0.0
reuse_R4_k16,pg19,3,4,7,3,32,3,0,16,,0,0,0.0
reuse_R4_k16,pg19,3,4,8,0,32,1,1,16,,0,0,0.0
reuse_R4_k16,pg19,3,4,9,1,32,1,0,16,,0,0,0.0
reuse_R4_k16,pg19,3,4,10,2,32,4,0,16,,0,0,0.0
reuse_R4_k16,pg19,3,4,11,3,32,2,0,16,,0,0,0.0
reuse_R4_k16,pg19,3,4,12,0,32,2,1,16,,0,0,0.0
reuse_R4_k16,pg19,3,4,13,1,32,4,0,16,,0,0,0.0
reuse_R4_k16,pg19,3,4,14,2,32,4,0,16,,0,0,0.0
reuse_R4_k16,pg19,3,4,15,3,32,4,0,16,,0,0,0.0
reuse_R4_k16,pg19,3,4,16,0,32,4,1,16,,0,0,0.0
reuse_R4_k16,pg19,3,4,17,1,32,2,0,16,,0,0,0.0
reuse_R4_k16,pg19,3,4,18,2,32,2,0,16,,0,0,0.0
reuse_R4_k16,pg19,3,4,19,3,32,4,0,16,,0,0,0.0
reuse_R4_k16,pg19,3,4,20,0,32,4,1,16,,0,0,0.0
reuse_R4_k16,pg19,3,4,21,1,32,4,0,16,,0,0,0.0
reuse_R4_k16,pg19,3,4,22,2,32,4,0,16,,0,0,0.0
reuse_R4_k16,pg19,3,4,23,3,32,4,0,16,,0,0,0.0
reuse_R4_k16,pg19,3,4,24,0,32,0,1,16,,0,0,0.0
reuse_R4_k16,pg19,3,4,25,1,32,4,0,16,,0,0,0.0
reuse_R4_k16,pg19,3,4,26,2,32,4,0,16,,0,0,0.0
reuse_R4_k16,pg19,3,4,27,3,32,1,0,16,,0,0,0.0
reuse_R4_k16,pg19,3,4,28,0,32,3,1,16,,0,0,0.0
reuse_R4_k16,pg19,3,4,29,1,32,4,0,16,,0,0,0.0
reuse_R4_k16,pg19,3,4,30,2,32,4,0,16,,0,0,0.0
reuse_R4_k16,pg19,3,4,31,3,32,3,0,16,,0,0,0.0
reuse_R4_k16,pg19,3,4,32,0,32,3,1,16,,0,0,0.0
reuse_R4_k16,pg19,3,4,33,1,32,2,0,16,,0,0,0.0
reuse_R4_k16,pg19,3,4,34,2,32,1,0,16,,0,0,0.0
reuse_R4_k16,pg19,3,4,35,3,32,3,0,16,,0,0,0.0
reuse_R4_k16,pg19,3,4,36,0,32,0,1,16,,0,0,0.0
reuse_R4_k16,pg19,3,4,37,1,32,4,0,16,,0,0,0.0
reuse_R4_k16,pg19,3,4,38,2,32,1,0,16,,0,0,0.0
reuse_R4_k16,pg19,3,4,39,3,32,3,0,16,,0,0,0.0
reuse_R4_k16,pg19,3,4,40,0,32,1,1,16,,0,0,0.0
reuse_R4_k16,pg19,3,4,41,1,32,0,0,16,,0,0,0.0
reuse_R4_k16,pg19,3,4,42,2,32,1,0,16,,0,0,0.0
reuse_R4_k16,pg19,3,4,43,3,32,3,0,16,,0,0,0.0
reuse_R4_k16,pg19,3,4,44,0,32,4,1,16,,0,0,0.0
reuse_R4_k16,pg19,3,4,45,1,32,4,0,16,,0,0,0.0
reuse_R4_k16,pg19,3,4,46,2,32,0,0,16,,0,0,0.0
reuse_R4_k16,pg19,3,4,47,3,32,3,0,16,,0,0,0.0
reuse_R4_k16,pg19,3,4,48,0,32,1,1,16,,0,0,0.0
reuse_R4_k16,pg19,3,4,49,1,32,1,0,16,,0,0,0.0
reuse_R4_k16,pg19,3,4,50,2,32,1,0,16,,0,0,0.0
reuse_R4_k16,pg19,3,4,51,3,32,4,0,16,,0,0,0.0
reuse_R4_k16,pg19,3,4,52,0,32,0,1,16,,0,0,0.0
reuse_R4_k16,pg19,3,4,53,1,32,1,0,16,,0,0,0.0
reuse_R4_k16,pg19,3,4,54,2,32,4,0,16,,0,0,0.0
reuse_R4_k16,pg19,3,4,55,3,32,4,0,16,,0,0,0.0
reuse_R4_k16,pg19,3,4,56,0,32,4,1,16,,0,0,0.0
reuse_R4_k16,pg19,3,4,57,1,32,0,0,16,,0,0,0.0
reuse_R4_k16,pg19,3,4,58,2,32,4,0,16,,0,0,0.0
reuse_R4_k16,pg19,3,4,59,3,32,4,0,16,,0,0,0.0
reuse_R4_k16,pg19,3,4,60,0,32,4,1,16,,0,0,0.0
reuse_R4_k16,pg19,3,4,61,1,32,4,0,16,,0,0,0.0
reuse_R4_k16,pg19,3,4,62,2,32,4,0,16,,0,0,0.0
reuse_R4_k16,pg19,3,4,63,3,32,4,0,16,,0,0,0.0
reuse_R4_k16,pg19,3,4,64,0,32,1,1,16,,0,0,0.0
reuse_R4_k16,pg19,3,4,65,1,32,4,0,16,,0,0,0.0
reuse_R4_k16,pg19,3,4,66,2,32,1,0,16,,0,0,0.0
reuse_R4_k16,pg19,3,4,67,3,32,0,0,16,,0,0,0.0
reuse_R4_k16,pg19,3,4,68,0,32,0,1,16,,0,0,0.0
reuse_R4_k16,pg19,3,4,69,1,32,0,0,16,,0,0,0.0
reuse_R4_k16,pg19,3,4,70,2,32,0,0,16,,0,0,0.0
reuse_R4_k16,pg19,3,4,71,3,32,2,0,16,,0,0,0.0
reuse_R4_k16,pg19,3,4,72,0,32,4,1,16,,0,0,0.0
reuse_R4_k16,pg19,3,4,73,1,32,4,0,16,,0,0,0.0
reuse_R4_k16,pg19,3,4,74,2,32,3,0,16,,0,0,0.0
reuse_R4_k16,pg19,3,4,75,3,32,0,0,16,,0,0,0.0
reuse_R4_k16,pg19,3,4,76,0,32,2,1,16,,0,0,0.0
reuse_R4_k16,pg19,3,4,77,1,32,4,0,16,,0,0,0.0
reuse_R4_k16,pg19,3,4,78,2,32,3,0,16,,0,0,0.0
reuse_R4_k16,pg19,3,4,79,3,32,4,0,16,,0,0,0.0
reuse_R4_k16,pg19,3,4,80,0,32,2,1,16,,0,0,0.0
reuse_R4_k16,pg19,3,4,81,1,32,1,0,16,,0,0,0.0
reuse_R4_k16,pg19,3,4,82,2,32,3,0,16,,0,0,0.0
reuse_R4_k16,pg19,3,4,83,3,32,4,0,16,,0,0,0.0
reuse_R4_k16,pg19,3,4,84,0,32,4,1,16,,0,0,0.0
reuse_R4_k16,pg19,3,4,85,1,32,4,0,16,,0,0,0.0
reuse_R4_k16,pg19,3,4,86,2,32,4,0,16,,0,0,0.0
reuse_R4_k16,pg19,3,4,87,3,32,4,0,16,,0,0,0.0
reuse_R4_k16,pg19,3,4,88,0,32,2,1,16,,0,0,0.0
reuse_R4_k16,pg19,3,4,89,1,32,4,0,16,,0,0,0.0
reuse_R4_k16,pg19,3,4,90,2,32,4,0,16,,0,0,0.0
reuse_R4_k16,pg19,3,4,91,3,32,4,0,16,,0,0,0.0
reuse_R4_k16,pg19,3,4,92,0,32,0,1,16,,0,0,0.0
reuse_R4_k16,pg19,3,4,93,1,32,1,0,16,,0,0,0.0
reuse_R4_k16,pg19,3,4,94,2,32,1,0,16,,0,0,0.0
reuse_R4_k16,pg19,3,4,95,3,32,4,0,16,,0,0,0.0
reuse_R4_k16,pg19,3,4,96,0,32,4,1,16,,0,0,0.0
reuse_R4_k16,pg19,3,4,97,1,32,4,0,16,,0,0,0.0
reuse_R4_k16,pg19,3,4,98,2,32,3,0,16,,0,0,0.0
reuse_R4_k16,pg19,3,4,99,3,32,4,0,16,,0,0,0.0
reuse_R4_k16,pg19,3,4,100,0,32,4,1,16,,0,0,0.0
reuse_R4_k16,pg19,3,4,101,1,32,4,0,16,,0,0,0.0
reuse_R4_k16,pg19,3,4,102,2,32,2,0,16,,0,0,0.0
reuse_R4_k16,pg19,3,4,103,3,32,4,0,16,,0,0,0.0
reuse_R4_k16,pg19,3,4,104,0,32,4,1,16,,0,0,0.0
reuse_R4_k16,pg19,3,4,105,1,32,4,0,16,,0,0,0.0
reuse_R4_k16,pg19,3,4,106,2,32,4,0,16,,0,0,0.0
reuse_R4_k16,pg19,3,4,107,3,32,2,0,16,,0,0,0.0
reuse_R4_k16,pg19,3,4,108,0,32,2,1,16,,0,0,0.0
reuse_R4_k16,pg19,3,4,109,1,32,4,0,16,,0,0,0.0
reuse_R4_k16,pg19,3,4,110,2,32,0,0,16,,0,0,0.0
reuse_R4_k16,pg19,3,4,111,3,32,4,0,16,,0,0,0.0
reuse_R4_k16,pg19,3,4,112,0,32,4,1,16,,0,0,0.0
reuse_R4_k16,pg19,3,4,113,1,32,4,0,16,,0,0,0.0
reuse_R4_k16,pg19,3,4,114,2,32,4,0,16,,0,0,0.0
reuse_R4_k16,pg19,3,4,115,3,32,4,0,16,,0,0,0.0
reuse_R4_k16,pg19,3,4,116,0,32,4,1,16,,0,0,0.0
reuse_R4_k16,pg19,3,4,117,1,32,4,0,16,,0,0,0.0
reuse_R4_k16,pg19,3,4,118,2,32,4,0,16,,0,0,0.0
reuse_R4_k16,pg19,3,4,119,3,32,4,0,16,,0,0,0.0
reuse_R4_k16,pg19,3,4,120,0,32,4,1,16,,0,0,0.0
reuse_R4_k16,pg19,3,4,121,1,32,4,0,16,,0,0,0.0
reuse_R4_k16,pg19,3,4,122,2,32,4,0,16,,0,0,0.0
reuse_R4_k16,pg19,3,4,123,3,32,4,0,16,,0,0,0.0
reuse_R4_k16,pg19,3,4,124,0,32,4,1,16,,0,0,0.0
reuse_R4_k16,pg19,3,4,125,1,32,4,0,16,,0,0,0.0
reuse_R4_k16,pg19,3,4,126,2,32,2,0,16,,0,0,0.0
reuse_R4_k16,pg19,3,4,127,3,32,1,0,16,,0,0,0.0
reuse_R4_k16,pg19,3,4,128,0,32,4,1,16,,0,0,0.0
reuse_R4_k16,pg19,3,4,129,1,32,4,0,16,,0,0,0.0
reuse_R4_k16,pg19,3,4,130,2,32,4,0,16,,0,0,0.0
reuse_R4_k16,pg19,3,4,131,3,32,2,0,16,,0,0,0.0
reuse_R4_k16,pg19,3,4,132,0,32,4,1,16,,0,0,0.0
reuse_R4_k16,pg19,3,4,133,1,32,3,0,16,,0,0,0.0
reuse_R8_k8,pg19,3,8,0,0,32,1,1,8,,0,0,0.0
reuse_R8_k8,pg19,3,8,1,1,32,1,0,8,,0,0,0.0
reuse_R8_k8,pg19,3,8,2,2,32,3,0,8,,0,0,0.0
reuse_R8_k8,pg19,3,8,3,3,32,2,0,8,,0,0,0.0
reuse_R8_k8,pg19,3,8,4,4,32,2,0,8,,0,0,0.0
reuse_R8_k8,pg19,3,8,5,5,32,1,0,8,,0,0,0.0
reuse_R8_k8,pg19,3,8,6,6,32,3,0,8,,0,0,0.0
reuse_R8_k8,pg19,3,8,7,7,32,1,0,8,,0,0,0.0
reuse_R8_k8,pg19,3,8,8,0,32,3,1,8,,0,0,0.0
reuse_R8_k8,pg19,3,8,9,1,32,0,0,8,,0,0,0.0
reuse_R8_k8,pg19,3,8,10,2,32,3,0,8,,0,0,0.0
reuse_R8_k8,pg19,3,8,11,3,32,1,0,8,,0,0,0.0
reuse_R8_k8,pg19,3,8,12,4,32,0,0,8,,0,0,0.0
reuse_R8_k8,pg19,3,8,13,5,32,1,0,8,,0,0,0.0
reuse_R8_k8,pg19,3,8,14,6,32,4,0,8,,0,0,0.0
reuse_R8_k8,pg19,3,8,15,7,32,3,0,8,,0,0,0.0
reuse_R8_k8,pg19,3,8,16,0,32,4,1,8,,0,0,0.0
reuse_R8_k8,pg19,3,8,17,1,32,4,0,8,,0,0,0.0
reuse_R8_k8,pg19,3,8,18,2,32,1,0,8,,0,0,0.0
reuse_R8_k8,pg19,3,8,19,3,32,4,0,8,,0,0,0.0
reuse_R8_k8,pg19,3,8,20,4,32,4,0,8,,0,0,0.0
reuse_R8_k8,pg19,3,8,21,5,32,4,0,8,,0,0,0.0
reuse_R8_k8,pg19,3,8,22,6,32,4,0,8,,0,0,0.0
reuse_R8_k8,pg19,3,8,23,7,32,4,0,8,,0,0,0.0
reuse_R8_k8,pg19,3,8,24,0,32,4,1,8,,0,0,0.0
reuse_R8_k8,pg19,3,8,25,1,32,4,0,8,,0,0,0.0
reuse_R8_k8,pg19,3,8,26,2,32,4,0,8,,0,0,0.0
reuse_R8_k8,pg19,3,8,27,3,32,3,0,8,,0,0,0.0
reuse_R8_k8,pg19,3,8,28,4,32,4,0,8,,0,0,0.0
reuse_R8_k8,pg19,3,8,29,5,32,0,0,8,,0,0,0.0
reuse_R8_k8,pg19,3,8,30,6,32,0,0,8,,0,0,0.0
reuse_R8_k8,pg19,3,8,31,7,32,0,0,8,,0,0,0.0
reuse_R8_k8,pg19,3,8,32,0,32,1,1,8,,0,0,0.0
reuse_R8_k8,pg19,3,8,33,1,32,4,0,8,,0,0,0.0
reuse_R8_k8,pg19,3,8,34,2,32,4,0,8,,0,0,0.0
reuse_R8_k8,pg19,3,8,35,3,32,4,0,8,,0,0,0.0
reuse_R8_k8,pg19,3,8,36,4,32,4,0,8,,0,0,0.0
reuse_R8_k8,pg19,3,8,37,5,32,4,0,8,,0,0,0.0
reuse_R8_k8,pg19,3,8,38,6,32,2,0,8,,0,0,0.0
reuse_R8_k8,pg19,3,8,39,7,32,1,0,8,,0,0,0.0
reuse_R8_k8,pg19,3,8,40,0,32,3,1,8,,0,0,0.0
reuse_R8_k8,pg19,3,8,41,1,32,3,0,8,,0,0,0.0
reuse_R8_k8,pg19,3,8,42,2,32,1,0,8,,0,0,0.0
reuse_R8_k8,pg19,3,8,43,3,32,1,0,8,,0,0,0.0
reuse_R8_k8,pg19,3,8,44,4,32,2,0,8,,0,0,0.0
reuse_R8_k8,pg19,3,8,45,5,32,3,0,8,,0,0,0.0
reuse_R8_k8,pg19,3,8,46,6,32,4,0,8,,0,0,0.0
reuse_R8_k8,pg19,3,8,47,7,32,1,0,8,,0,0,0.0
reuse_R8_k8,pg19,3,8,48,0,32,0,1,8,,0,0,0.0
reuse_R8_k8,pg19,3,8,49,1,32,2,0,8,,0,0,0.0
reuse_R8_k8,pg19,3,8,50,2,32,4,0,8,,0,0,0.0
reuse_R8_k8,pg19,3,8,51,3,32,4,0,8,,0,0,0.0
reuse_R8_k8,pg19,3,8,52,4,32,0,0,8,,0,0,0.0
reuse_R8_k8,pg19,3,8,53,5,32,1,0,8,,0,0,0.0
reuse_R8_k8,pg19,3,8,54,6,32,1,0,8,,0,0,0.0
reuse_R8_k8,pg19,3,8,55,7,32,1,0,8,,0,0,0.0
reuse_R8_k8,pg19,3,8,56,0,32,1,1,8,,0,0,0.0
reuse_R8_k8,pg19,3,8,57,1,32,4,0,8,,0,0,0.0
reuse_R8_k8,pg19,3,8,58,2,32,4,0,8,,0,0,0.0
reuse_R8_k8,pg19,3,8,59,3,32,2,0,8,,0,0,0.0
reuse_R8_k8,pg19,3,8,60,4,32,3,0,8,,0,0,0.0
reuse_R8_k8,pg19,3,8,61,5,32,1,0,8,,0,0,0.0
reuse_R8_k8,pg19,3,8,62,6,32,3,0,8,,0,0,0.0
reuse_R8_k8,pg19,3,8,63,7,32,2,0,8,,0,0,0.0
reuse_R8_k8,pg19,3,8,64,0,32,3,1,8,,0,0,0.0
reuse_R8_k8,pg19,3,8,65,1,32,2,0,8,,0,0,0.0
reuse_R8_k8,pg19,3,8,66,2,32,1,0,8,,0,0,0.0
reuse_R8_k8,pg19,3,8,67,3,32,0,0,8,,0,0,0.0
reuse_R8_k8,pg19,3,8,68,4,32,1,0,8,,0,0,0.0
reuse_R8_k8,pg19,3,8,69,5,32,1,0,8,,0,0,0.0
reuse_R8_k8,pg19,3,8,70,6,32,4,0,8,,0,0,0.0
reuse_R8_k8,pg19,3,8,71,7,32,0,0,8,,0,0,0.0
reuse_R8_k8,pg19,3,8,72,0,32,4,1,8,,0,0,0.0
reuse_R8_k8,pg19,3,8,73,1,32,0,0,8,,0,0,0.0
reuse_R8_k8,pg19,3,8,74,2,32,1,0,8,,0,0,0.0
reuse_R8_k8,pg19,3,8,75,3,32,0,0,8,,0,0,0.0
reuse_R8_k8,pg19,3,8,76,4,32,4,0,8,,0,0,0.0
reuse_R8_k8,pg19,3,8,77,5,32,4,0,8,,0,0,0.0
reuse_R8_k8,pg19,3,8,78,6,32,4,0,8,,0,0,0.0
reuse_R8_k8,pg19,3,8,79,7,32,0,0,8,,0,0,0.0
reuse_R8_k8,pg19,3,8,80,0,32,2,1,8,,0,0,0.0
reuse_R8_k8,pg19,3,8,81,1,32,4,0,8,,0,0,0.0
reuse_R8_k8,pg19,3,8,82,2,32,4,0,8,,0,0,0.0
reuse_R8_k8,pg19,3,8,83,3,32,2,0,8,,0,0,0.0
reuse_R8_k8,pg19,3,8,84,4,32,4,0,8,,0,0,0.0
reuse_R8_k8,pg19,3,8,85,5,32,4,0,8,,0,0,0.0
reuse_R8_k8,pg19,3,8,86,6,32,4,0,8,,0,0,0.0
reuse_R8_k8,pg19,3,8,87,7,32,4,0,8,,0,0,0.0
reuse_R8_k8,pg19,3,8,88,0,32,4,1,8,,0,0,0.0
reuse_R8_k8,pg19,3,8,89,1,32,4,0,8,,0,0,0.0
reuse_R8_k8,pg19,3,8,90,2,32,0,0,8,,0,0,0.0
reuse_R8_k8,pg19,3,8,91,3,32,4,0,8,,0,0,0.0
reuse_R8_k8,pg19,3,8,92,4,32,0,0,8,,0,0,0.0
reuse_R8_k8,pg19,3,8,93,5,32,4,0,8,,0,0,0.0
reuse_R8_k8,pg19,3,8,94,6,32,2,0,8,,0,0,0.0
reuse_R8_k8,pg19,3,8,95,7,32,4,0,8,,0,0,0.0
reuse_R8_k8,pg19,3,8,96,0,32,1,1,8,,0,0,0.0
reuse_R8_k8,pg19,3,8,97,1,32,4,0,8,,0,0,0.0
reuse_R8_k8,pg19,3,8,98,2,32,1,0,8,,0,0,0.0
reuse_R8_k8,pg19,3,8,99,3,32,1,0,8,,0,0,0.0
reuse_R8_k8,pg19,3,8,100,4,32,2,0,8,,0,0,0.0
reuse_R8_k8,pg19,3,8,101,5,32,2,0,8,,0,0,0.0
reuse_R8_k8,pg19,3,8,102,6,32,0,0,8,,0,0,0.0
reuse_R8_k8,pg19,3,8,103,7,32,2,0,8,,0,0,0.0
reuse_R8_k8,pg19,3,8,104,0,32,1,1,8,,0,0,0.0
reuse_R8_k8,pg19,3,8,105,1,32,2,0,8,,0,0,0.0
reuse_R8_k8,pg19,3,8,106,2,32,1,0,8,,0,0,0.0
reuse_R8_k8,pg19,3,8,107,3,32,4,0,8,,0,0,0.0
reuse_R8_k8,pg19,3,8,108,4,32,4,0,8,,0,0,0.0
reuse_R8_k8,pg19,3,8,109,5,32,0,0,8,,0,0,0.0
reuse_R8_k8,pg19,3,8,110,6,32,3,0,8,,0,0,0.0
reuse_R8_k8,pg19,3,8,111,7,32,4,0,8,,0,0,0.0
reuse_R8_k8,pg19,3,8,112,0,32,2,1,8,,0,0,0.0
reuse_R8_k8,pg19,3,8,113,1,32,4,0,8,,0,0,0.0
reuse_R8_k8,pg19,3,8,114,2,32,4,0,8,,0,0,0.0
reuse_R8_k8,pg19,3,8,115,3,32,4,0,8,,0,0,0.0
reuse_R8_k8,pg19,3,8,116,4,32,4,0,8,,0,0,0.0
reuse_R8_k8,pg19,3,8,117,5,32,4,0,8,,0,0,0.0
reuse_R8_k8,pg19,3,8,118,6,32,4,0,8,,0,0,0.0
reuse_R8_k8,pg19,3,8,119,7,32,0,0,8,,0,0,0.0
reuse_R8_k8,pg19,3,8,120,0,32,4,1,8,,0,0,0.0
reuse_R8_k8,pg19,3,8,121,1,32,4,0,8,,0,0,0.0
reuse_R8_k8,pg19,3,8,122,2,32,4,0,8,,0,0,0.0
reuse_R8_k8,pg19,3,8,123,3,32,4,0,8,,0,0,0.0
reuse_R8_k8,pg19,3,8,124,4,32,4,0,8,,0,0,0.0
reuse_R8_k8,pg19,3,8,125,5,32,4,0,8,,0,0,0.0
reuse_R8_k8,pg19,3,8,126,6,32,4,0,8,,0,0,0.0
reuse_R8_k8,pg19,3,8,127,7,32,3,0,8,,0,0,0.0
reuse_R8_k8,pg19,3,8,128,0,32,1,1,8,,0,0,0.0
reuse_R8_k8,pg19,3,8,129,1,32,1,0,8,,0,0,0.0
reuse_R8_k8,pg19,3,8,130,2,32,4,0,8,,0,0,0.0
reuse_R8_k8,pg19,3,8,131,3,32,4,0,8,,0,0,0.0
reuse_R8_k8,pg19,3,8,132,4,32,4,0,8,,0,0,0.0
reuse_R8_k8,pg19,3,8,133,5,32,4,0,8,,0,0,0.0
reuse_R8_k8,pg19,3,8,134,6,32,1,0,8,,0,0,0.0
reuse_R8_k8,pg19,3,8,135,7,32,1,0,8,,0,0,0.0
reuse_R8_k8,pg19,3,8,136,0,32,1,1,8,,0,0,0.0
reuse_R8_k8,pg19,3,8,137,1,32,4,0,8,,0,0,0.0
reuse_R8_k8,pg19,3,8,138,2,32,4,0,8,,0,0,0.0
reuse_R8_k8,pg19,3,8,139,3,32,4,0,8,,0,0,0.0
reuse_R8_k8,pg19,3,8,140,4,32,4,0,8,,0,0,0.0
reuse_R8_k8,pg19,3,8,141,5,32,4,0,8,,0,0,0.0
reuse_R8_k8,pg19,3,8,142,6,32,1,0,8,,0,0,0.0
reuse_R8_k8,pg19,3,8,143,7,32,4,0,8,,0,0,0.0
reuse_R8_k8,pg19,3,8,144,0,32,2,1,8,,0,0,0.0
reuse_R8_k16,pg19,3,8,0,0,32,1,1,16,,0,0,0.0
reuse_R8_k16,pg19,3,8,1,1,32,2,0,16,,0,0,0.0
reuse_R8_k16,pg19,3,8,2,2,32,3,0,16,,0,0,0.0
reuse_R8_k16,pg19,3,8,3,3,32,2,0,16,,0,0,0.0
reuse_R8_k16,pg19,3,8,4,4,32,1,0,16,,0,0,0.0
reuse_R8_k16,pg19,3,8,5,5,32,4,0,16,,0,0,0.0
reuse_R8_k16,pg19,3,8,6,6,32,4,0,16,,0,0,0.0
reuse_R8_k16,pg19,3,8,7,7,32,3,0,16,,0,0,0.0
reuse_R8_k16,pg19,3,8,8,0,32,1,1,16,,0,0,0.0
reuse_R8_k16,pg19,3,8,9,1,32,1,0,16,,0,0,0.0
reuse_R8_k16,pg19,3,8,10,2,32,4,0,16,,0,0,0.0
reuse_R8_k16,pg19,3,8,11,3,32,2,0,16,,0,0,0.0
reuse_R8_k16,pg19,3,8,12,4,32,1,0,16,,0,0,0.0
reuse_R8_k16,pg19,3,8,13,5,32,4,0,16,,0,0,0.0
reuse_R8_k16,pg19,3,8,14,6,32,4,0,16,,0,0,0.0
reuse_R8_k16,pg19,3,8,15,7,32,4,0,16,,0,0,0.0
reuse_R8_k16,pg19,3,8,16,0,32,4,1,16,,0,0,0.0
reuse_R8_k16,pg19,3,8,17,1,32,4,0,16,,0,0,0.0
reuse_R8_k16,pg19,3,8,18,2,32,1,0,16,,0,0,0.0
reuse_R8_k16,pg19,3,8,19,3,32,4,0,16,,0,0,0.0
reuse_R8_k16,pg19,3,8,20,4,32,4,0,16,,0,0,0.0
reuse_R8_k16,pg19,3,8,21,5,32,4,0,16,,0,0,0.0
reuse_R8_k16,pg19,3,8,22,6,32,4,0,16,,0,0,0.0
reuse_R8_k16,pg19,3,8,23,7,32,4,0,16,,0,0,0.0
reuse_R8_k16,pg19,3,8,24,0,32,0,1,16,,0,0,0.0
reuse_R8_k16,pg19,3,8,25,1,32,4,0,16,,0,0,0.0
reuse_R8_k16,pg19,3,8,26,2,32,4,0,16,,0,0,0.0
reuse_R8_k16,pg19,3,8,27,3,32,1,0,16,,0,0,0.0
reuse_R8_k16,pg19,3,8,28,4,32,3,0,16,,0,0,0.0
reuse_R8_k16,pg19,3,8,29,5,32,4,0,16,,0,0,0.0
reuse_R8_k16,pg19,3,8,30,6,32,4,0,16,,0,0,0.0
reuse_R8_k16,pg19,3,8,31,7,32,3,0,16,,0,0,0.0
reuse_R8_k16,pg19,3,8,32,0,32,4,1,16,,0,0,0.0
reuse_R8_k16,pg19,3,8,33,1,32,1,0,16,,0,0,0.0
reuse_R8_k16,pg19,3,8,34,2,32,1,0,16,,0,0,0.0
reuse_R8_k16,pg19,3,8,35,3,32,3,0,16,,0,0,0.0
reuse_R8_k16,pg19,3,8,36,4,32,0,0,16,,0,0,0.0
reuse_R8_k16,pg19,3,8,37,5,32,4,0,16,,0,0,0.0
reuse_R8_k16,pg19,3,8,38,6,32,1,0,16,,0,0,0.0
reuse_R8_k16,pg19,3,8,39,7,32,3,0,16,,0,0,0.0
reuse_R8_k16,pg19,3,8,40,0,32,1,1,16,,0,0,0.0
reuse_R8_k16,pg19,3,8,41,1,32,0,0,16,,0,0,0.0
reuse_R8_k16,pg19,3,8,42,2,32,1,0,16,,0,0,0.0
reuse_R8_k16,pg19,3,8,43,3,32,3,0,16,,0,0,0.0
reuse_R8_k16,pg19,3,8,44,4,32,4,0,16,,0,0,0.0
reuse_R8_k16,pg19,3,8,45,5,32,4,0,16,,0,0,0.0
reuse_R8_k16,pg19,3,8,46,6,32,0,0,16,,0,0,0.0
reuse_R8_k16,pg19,3,8,47,7,32,3,0,16,,0,0,0.0
reuse_R8_k16,pg19,3,8,48,0,32,1,1,16,,0,0,0.0
reuse_R8_k16,pg19,3,8,49,1,32,1,0,16,,0,0,0.0
reuse_R8_k16,pg19,3,8,50,2,32,1,0,16,,0,0,0.0
reuse_R8_k16,pg19,3,8,51,3,32,4,0,16,,0,0,0.0
reuse_R8_k16,pg19,3,8,52,4,32,0,0,16,,0,0,0.0
reuse_R8_k16,pg19,3,8,53,5,32,1,0,16,,0,0,0.0
reuse_R8_k16,pg19,3,8,54,6,32,4,0,16,,0,0,0.0
reuse_R8_k16,pg19,3,8,55,7,32,4,0,16,,0,0,0.0
reuse_R8_k16,pg19,3,8,56,0,32,4,1,16,,0,0,0.0
reuse_R8_k16,pg19,3,8,57,1,32,0,0,16,,0,0,0.0
reuse_R8_k16,pg19,3,8,58,2,32,4,0,16,,0,0,0.0
reuse_R8_k16,pg19,3,8,59,3,32,4,0,16,,0,0,0.0
reuse_R8_k16,pg19,3,8,60,4,32,4,0,16,,0,0,0.0
reuse_R8_k16,pg19,3,8,61,5,32,4,0,16,,0,0,0.0
reuse_R8_k16,pg19,3,8,62,6,32,4,0,16,,0,0,0.0
reuse_R8_k16,pg19,3,8,63,7,32,4,0,16,,0,0,0.0
reuse_R8_k16,pg19,3,8,64,0,32,1,1,16,,0,0,0.0
reuse_R8_k16,pg19,3,8,65,1,32,4,0,16,,0,0,0.0
reuse_R8_k16,pg19,3,8,66,2,32,2,0,16,,0,0,0.0
reuse_R8_k16,pg19,3,8,67,3,32,0,0,16,,0,0,0.0
reuse_R8_k16,pg19,3,8,68,4,32,0,0,16,,0,0,0.0
reuse_R8_k16,pg19,3,8,69,5,32,0,0,16,,0,0,0.0
reuse_R8_k16,pg19,3,8,70,6,32,2,0,16,,0,0,0.0
reuse_R8_k16,pg19,3,8,71,7,32,3,0,16,,0,0,0.0
reuse_R8_k16,pg19,3,8,72,0,32,3,1,16,,0,0,0.0
reuse_R8_k16,pg19,3,8,73,1,32,4,0,16,,0,0,0.0
reuse_R8_k16,pg19,3,8,74,2,32,1,0,16,,0,0,0.0
reuse_R8_k16,pg19,3,8,75,3,32,2,0,16,,0,0,0.0
reuse_R8_k16,pg19,3,8,76,4,32,1,0,16,,0,0,0.0
reuse_R8_k16,pg19,3,8,77,5,32,2,0,16,,0,0,0.0
reuse_R8_k16,pg19,3,8,78,6,32,0,0,16,,0,0,0.0
reuse_R8_k16,pg19,3,8,79,7,32,3,0,16,,0,0,0.0
reuse_R8_k16,pg19,3,8,80,0,32,4,1,16,,0,0,0.0
reuse_R8_k16,pg19,3,8,81,1,32,1,0,16,,0,0,0.0
reuse_R8_k16,pg19,3,8,82,2,32,1,0,16,,0,0,0.0
reuse_R8_k16,pg19,3,8,83,3,32,3,0,16,,0,0,0.0
reuse_R8_k16,pg19,3,8,84,4,32,4,0,16,,0,0,0.0
reuse_R8_k16,pg19,3,8,85,5,32,4,0,16,,0,0,0.0
reuse_R8_k16,pg19,3,8,86,6,32,4,0,16,,0,0,0.0
reuse_R8_k16,pg19,3,8,87,7,32,4,0,16,,0,0,0.0
reuse_R8_k16,pg19,3,8,88,0,32,4,1,16,,0,0,0.0
reuse_R8_k16,pg19,3,8,89,1,32,2,0,16,,0,0,0.0
reuse_R8_k16,pg19,3,8,90,2,32,4,0,16,,0,0,0.0
reuse_R8_k16,pg19,3,8,91,3,32,4,0,16,,0,0,0.0
reuse_R8_k16,pg19,3,8,92,4,32,4,0,16,,0,0,0.0
reuse_R8_k16,pg19,3,8,93,5,32,0,0,16,,0,0,0.0
reuse_R8_k16,pg19,3,8,94,6,32,1,0,16,,0,0,0.0
reuse_R8_k16,pg19,3,8,95,7,32,1,0,16,,0,0,0.0
reuse_R8_k16,pg19,3,8,96,0,32,4,1,16,,0,0,0.0
reuse_R8_k16,pg19,3,8,97,1,32,4,0,16,,0,0,0.0
reuse_R8_k16,pg19,3,8,98,2,32,4,0,16,,0,0,0.0
reuse_R8_k16,pg19,3,8,99,3,32,3,0,16,,0,0,0.0
reuse_R8_k16,pg19,3,8,100,4,32,4,0,16,,0,0,0.0
reuse_R8_k16,pg19,3,8,101,5,32,4,0,16,,0,0,0.0
reuse_R8_k16,pg19,3,8,102,6,32,4,0,16,,0,0,0.0
reuse_R8_k16,pg19,3,8,103,7,32,2,0,16,,0,0,0.0
reuse_R8_k16,pg19,3,8,104,0,32,4,1,16,,0,0,0.0
reuse_R8_k16,pg19,3,8,105,1,32,4,0,16,,0,0,0.0
reuse_R8_k16,pg19,3,8,106,2,32,4,0,16,,0,0,0.0
reuse_R8_k16,pg19,3,8,107,3,32,4,0,16,,0,0,0.0
reuse_R8_k16,pg19,3,8,108,4,32,4,0,16,,0,0,0.0
reuse_R8_k16,pg19,3,8,109,5,32,4,0,16,,0,0,0.0
reuse_R8_k16,pg19,3,8,110,6,32,4,0,16,,0,0,0.0
reuse_R8_k16,pg19,3,8,111,7,32,4,0,16,,0,0,0.0
reuse_R8_k16,pg19,3,8,112,0,32,4,1,16,,0,0,0.0
reuse_R8_k16,pg19,3,8,113,1,32,4,0,16,,0,0,0.0
reuse_R8_k16,pg19,3,8,114,2,32,4,0,16,,0,0,0.0
reuse_R8_k16,pg19,3,8,115,3,32,4,0,16,,0,0,0.0
reuse_R8_k16,pg19,3,8,116,4,32,4,0,16,,0,0,0.0
reuse_R8_k16,pg19,3,8,117,5,32,4,0,16,,0,0,0.0
reuse_R8_k16,pg19,3,8,118,6,32,4,0,16,,0,0,0.0
reuse_R8_k16,pg19,3,8,119,7,32,4,0,16,,0,0,0.0
reuse_R8_k16,pg19,3,8,120,0,32,4,1,16,,0,0,0.0
reuse_R8_k16,pg19,3,8,121,1,32,4,0,16,,0,0,0.0
reuse_R8_k16,pg19,3,8,122,2,32,4,0,16,,0,0,0.0
reuse_R8_k16,pg19,3,8,123,3,32,4,0,16,,0,0,0.0
reuse_R8_k16,pg19,3,8,124,4,32,4,0,16,,0,0,0.0
reuse_R8_k16,pg19,3,8,125,5,32,4,0,16,,0,0,0.0
reuse_R8_k16,pg19,3,8,126,6,32,2,0,16,,0,0,0.0
reuse_R8_k16,pg19,3,8,127,7,32,1,0,16,,0,0,0.0
reuse_R8_k16,pg19,3,8,128,0,32,4,1,16,,0,0,0.0
reuse_R8_k16,pg19,3,8,129,1,32,4,0,16,,0,0,0.0
reuse_R8_k16,pg19,3,8,130,2,32,4,0,16,,0,0,0.0
reuse_R8_k16,pg19,3,8,131,3,32,2,0,16,,0,0,0.0
reuse_R8_k16,pg19,3,8,132,4,32,4,0,16,,0,0,0.0
reuse_R16_k8,pg19,3,16,0,0,32,1,1,8,,0,0,0.0
reuse_R16_k8,pg19,3,16,1,1,32,1,0,8,,0,0,0.0
reuse_R16_k8,pg19,3,16,2,2,32,3,0,8,,0,0,0.0
reuse_R16_k8,pg19,3,16,3,3,32,2,0,8,,0,0,0.0
reuse_R16_k8,pg19,3,16,4,4,32,2,0,8,,0,0,0.0
reuse_R16_k8,pg19,3,16,5,5,32,1,0,8,,0,0,0.0
reuse_R16_k8,pg19,3,16,6,6,32,3,0,8,,0,0,0.0
reuse_R16_k8,pg19,3,16,7,7,32,1,0,8,,0,0,0.0
reuse_R16_k8,pg19,3,16,8,8,32,3,0,8,,0,0,0.0
reuse_R16_k8,pg19,3,16,9,9,32,0,0,8,,0,0,0.0
reuse_R16_k8,pg19,3,16,10,10,32,3,0,8,,0,0,0.0
reuse_R16_k8,pg19,3,16,11,11,32,1,0,8,,0,0,0.0
reuse_R16_k8,pg19,3,16,12,12,32,0,0,8,,0,0,0.0
reuse_R16_k8,pg19,3,16,13,13,32,1,0,8,,0,0,0.0
reuse_R16_k8,pg19,3,16,14,14,32,4,0,8,,0,0,0.0
reuse_R16_k8,pg19,3,16,15,15,32,3,0,8,,0,0,0.0
reuse_R16_k8,pg19,3,16,16,0,32,4,1,8,,0,0,0.0
reuse_R16_k8,pg19,3,16,17,1,32,4,0,8,,0,0,0.0
reuse_R16_k8,pg19,3,16,18,2,32,4,0,8,,0,0,0.0
reuse_R16_k8,pg19,3,16,19,3,32,4,0,8,,0,0,0.0
reuse_R16_k8,pg19,3,16,20,4,32,4,0,8,,0,0,0.0
reuse_R16_k8,pg19,3,16,21,5,32,4,0,8,,0,0,0.0
reuse_R16_k8,pg19,3,16,22,6,32,4,0,8,,0,0,0.0
reuse_R16_k8,pg19,3,16,23,7,32,4,0,8,,0,0,0.0
reuse_R16_k8,pg19,3,16,24,8,32,2,0,8,,0,0,0.0
reuse_R16_k8,pg19,3,16,25,9,32,1,0,8,,0,0,0.0
reuse_R16_k8,pg19,3,16,26,10,32,4,0,8,,0,0,0.0
reuse_R16_k8,pg19,3,16,27,11,32,3,0,8,,0,0,0.0
reuse_R16_k8,pg19,3,16,28,12,32,4,0,8,,0,0,0.0
reuse_R16_k8,pg19,3,16,29,13,32,4,0,8,,0,0,0.0
reuse_R16_k8,pg19,3,16,30,14,32,2,0,8,,0,0,0.0
reuse_R16_k8,pg19,3,16,31,15,32,4,0,8,,0,0,0.0
reuse_R16_k8,pg19,3,16,32,0,32,0,1,8,,0,0,0.0
reuse_R16_k8,pg19,3,16,33,1,32,4,0,8,,0,0,0.0
reuse_R16_k8,pg19,3,16,34,2,32,4,0,8,,0,0,0.0
reuse_R16_k8,pg19,3,16,35,3,32,4,0,8,,0,0,0.0
reuse_R16_k8,pg19,3,16,36,4,32,3,0,8,,0,0,0.0
reuse_R16_k8,pg19,3,16,37,5,32,1,0,8,,0,0,0.0
reuse_R16_k8,pg19,3,16,38,6,32,0,0,8,,0,0,0.0
reuse_R16_k8,pg19,3,16,39,7,32,2,0,8,,0,0,0.0
reuse_R16_k8,pg19,3,16,40,8,32,4,0,8,,0,0,0.0
reuse_R16_k8,pg19,3,16,41,9,32,1,0,8,,0,0,0.0
reuse_R16_k8,pg19,3,16,42,10,32,0,0,8,,0,0,0.0
reuse_R16_k8,pg19,3,16,43,11,32,0,0,8,,0,0,0.0
reuse_R16_k8,pg19,3,16,44,12,32,4,0,8,,0,0,0.0
reuse_R16_k8,pg19,3,16,45,13,32,1,0,8,,0,0,0.0
reuse_R16_k8,pg19,3,16,46,14,32,2,0,8,,0,0,0.0
reuse_R16_k8,pg19,3,16,47,15,32,4,0,8,,0,0,0.0
reuse_R16_k8,pg19,3,16,48,0,32,0,1,8,,0,0,0.0
reuse_R16_k8,pg19,3,16,49,1,32,4,0,8,,0,0,0.0
reuse_R16_k8,pg19,3,16,50,2,32,4,0,8,,0,0,0.0
reuse_R16_k8,pg19,3,16,51,3,32,2,0,8,,0,0,0.0
reuse_R16_k8,pg19,3,16,52,4,32,4,0,8,,0,0,0.0
reuse_R16_k8,pg19,3,16,53,5,32,0,0,8,,0,0,0.0
reuse_R16_k8,pg19,3,16,54,6,32,4,0,8,,0,0,0.0
reuse_R16_k8,pg19,3,16,55,7,32,0,0,8,,0,0,0.0
reuse_R16_k8,pg19,3,16,56,8,32,4,0,8,,0,0,0.0
reuse_R16_k8,pg19,3,16,57,9,32,0,0,8,,0,0,0.0
reuse_R16_k8,pg19,3,16,58,10,32,1,0,8,,0,0,0.0
reuse_R16_k8,pg19,3,16,59,11,32,0,0,8,,0,0,0.0
reuse_R16_k8,pg19,3,16,60,12,32,2,0,8,,0,0,0.0
reuse_R16_k8,pg19,3,16,61,13,32,4,0,8,,0,0,0.0
reuse_R16_k8,pg19,3,16,62,14,32,1,0,8,,0,0,0.0
reuse_R16_k8,pg19,3,16,63,15,32,0,0,8,,0,0,0.0
reuse_R16_k8,pg19,3,16,64,0,32,2,1,8,,0,0,0.0
reuse_R16_k8,pg19,3,16,65,1,32,2,0,8,,0,0,0.0
reuse_R16_k8,pg19,3,16,66,2,32,2,0,8,,0,0,0.0
reuse_R16_k8,pg19,3,16,67,3,32,4,0,8,,0,0,0.0
reuse_R16_k8,pg19,3,16,68,4,32,2,0,8,,0,0,0.0
reuse_R16_k8,pg19,3,16,69,5,32,2,0,8,,0,0,0.0
reuse_R16_k8,pg19,3,16,70,6,32,0,0,8,,0,0,0.0
reuse_R16_k8,pg19,3,16,71,7,32,1,0,8,,0,0,0.0
reuse_R16_k8,pg19,3,16,72,8,32,0,0,8,,0,0,0.0
reuse_R16_k8,pg19,3,16,73,9,32,2,0,8,,0,0,0.0
reuse_R16_k8,pg19,3,16,74,10,32,4,0,8,,0,0,0.0
reuse_R16_k8,pg19,3,16,75,11,32,4,0,8,,0,0,0.0
reuse_R16_k8,pg19,3,16,76,12,32,1,0,8,,0,0,0.0
reuse_R16_k8,pg19,3,16,77,13,32,2,0,8,,0,0,0.0
reuse_R16_k8,pg19,3,16,78,14,32,1,0,8,,0,0,0.0
reuse_R16_k8,pg19,3,16,79,15,32,4,0,8,,0,0,0.0
reuse_R16_k8,pg19,3,16,80,0,32,4,1,8,,0,0,0.0
reuse_R16_k8,pg19,3,16,81,1,32,2,0,8,,0,0,0.0
reuse_R16_k8,pg19,3,16,82,2,32,1,0,8,,0,0,0.0
reuse_R16_k8,pg19,3,16,83,3,32,2,0,8,,0,0,0.0
reuse_R16_k8,pg19,3,16,84,4,32,1,0,8,,0,0,0.0
reuse_R16_k8,pg19,3,16,85,5,32,0,0,8,,0,0,0.0
reuse_R16_k8,pg19,3,16,86,6,32,0,0,8,,0,0,0.0
reuse_R16_k8,pg19,3,16,87,7,32,2,0,8,,0,0,0.0
reuse_R16_k8,pg19,3,16,88,8,32,1,0,8,,0,0,0.0
reuse_R16_k8,pg19,3,16,89,9,32,3,0,8,,0,0,0.0
reuse_R16_k8,pg19,3,16,90,10,32,0,0,8,,0,0,0.0
reuse_R16_k8,pg19,3,16,91,11,32,3,0,8,,0,0,0.0
reuse_R16_k8,pg19,3,16,92,12,32,2,0,8,,0,0,0.0
reuse_R16_k8,pg19,3,16,93,13,32,0,0,8,,0,0,0.0
reuse_R16_k8,pg19,3,16,94,14,32,2,0,8,,0,0,0.0
reuse_R16_k8,pg19,3,16,95,15,32,2,0,8,,0,0,0.0
reuse_R16_k8,pg19,3,16,96,0,32,4,1,8,,0,0,0.0
reuse_R16_k8,pg19,3,16,97,1,32,1,0,8,,0,0,0.0
reuse_R16_k8,pg19,3,16,98,2,32,3,0,8,,0,0,0.0
reuse_R16_k8,pg19,3,16,99,3,32,1,0,8,,0,0,0.0
reuse_R16_k8,pg19,3,16,100,4,32,2,0,8,,0,0,0.0
reuse_R16_k8,pg19,3,16,101,5,32,1,0,8,,0,0,0.0
reuse_R16_k8,pg19,3,16,102,6,32,4,0,8,,0,0,0.0
reuse_R16_k8,pg19,3,16,103,7,32,4,0,8,,0,0,0.0
reuse_R16_k8,pg19,3,16,104,8,32,1,0,8,,0,0,0.0
reuse_R16_k8,pg19,3,16,105,9,32,3,0,8,,0,0,0.0
reuse_R16_k8,pg19,3,16,106,10,32,1,0,8,,0,0,0.0
reuse_R16_k8,pg19,3,16,107,11,32,4,0,8,,0,0,0.0
reuse_R16_k8,pg19,3,16,108,12,32,4,0,8,,0,0,0.0
reuse_R16_k8,pg19,3,16,109,13,32,4,0,8,,0,0,0.0
reuse_R16_k8,pg19,3,16,110,14,32,0,0,8,,0,0,0.0
reuse_R16_k8,pg19,3,16,111,15,32,1,0,8,,0,0,0.0
reuse_R16_k8,pg19,3,16,112,0,32,4,1,8,,0,0,0.0
reuse_R16_k8,pg19,3,16,113,1,32,4,0,8,,0,0,0.0
reuse_R16_k8,pg19,3,16,114,2,32,2,0,8,,0,0,0.0
reuse_R16_k8,pg19,3,16,115,3,32,3,0,8,,0,0,0.0
reuse_R16_k8,pg19,3,16,116,4,32,1,0,8,,0,0,0.0
reuse_R16_k8,pg19,3,16,117,5,32,4,0,8,,0,0,0.0
reuse_R16_k8,pg19,3,16,118,6,32,4,0,8,,0,0,0.0
reuse_R16_k8,pg19,3,16,119,7,32,4,0,8,,0,0,0.0
reuse_R16_k8,pg19,3,16,120,8,32,1,0,8,,0,0,0.0
reuse_R16_k8,pg19,3,16,121,9,32,3,0,8,,0,0,0.0
reuse_R16_k8,pg19,3,16,122,10,32,3,0,8,,0,0,0.0
reuse_R16_k8,pg19,3,16,123,11,32,4,0,8,,0,0,0.0
reuse_R16_k8,pg19,3,16,124,12,32,2,0,8,,0,0,0.0
reuse_R16_k8,pg19,3,16,125,13,32,0,0,8,,0,0,0.0
reuse_R16_k8,pg19,3,16,126,14,32,4,0,8,,0,0,0.0
reuse_R16_k8,pg19,3,16,127,15,32,4,0,8,,0,0,0.0
reuse_R16_k8,pg19,3,16,128,0,32,3,1,8,,0,0,0.0
reuse_R16_k8,pg19,3,16,129,1,32,4,0,8,,0,0,0.0
reuse_R16_k8,pg19,3,16,130,2,32,4,0,8,,0,0,0.0
reuse_R16_k8,pg19,3,16,131,3,32,4,0,8,,0,0,0.0
reuse_R16_k8,pg19,3,16,132,4,32,4,0,8,,0,0,0.0
reuse_R16_k8,pg19,3,16,133,5,32,0,0,8,,0,0,0.0
reuse_R16_k8,pg19,3,16,134,6,32,4,0,8,,0,0,0.0
reuse_R16_k8,pg19,3,16,135,7,32,2,0,8,,0,0,0.0
reuse_R16_k8,pg19,3,16,136,8,32,4,0,8,,0,0,0.0
reuse_R16_k8,pg19,3,16,137,9,32,3,0,8,,0,0,0.0
reuse_R16_k8,pg19,3,16,138,10,32,4,0,8,,0,0,0.0
reuse_R16_k8,pg19,3,16,139,11,32,4,0,8,,0,0,0.0
reuse_R16_k8,pg19,3,16,140,12,32,4,0,8,,0,0,0.0
reuse_R16_k8,pg19,3,16,141,13,32,4,0,8,,0,0,0.0
reuse_R16_k8,pg19,3,16,142,14,32,4,0,8,,0,0,0.0
reuse_R16_k8,pg19,3,16,143,15,32,0,0,8,,0,0,0.0
reuse_R16_k8,pg19,3,16,144,0,32,4,1,8,,0,0,0.0
reuse_R16_k8,pg19,3,16,145,1,32,4,0,8,,0,0,0.0
reuse_R16_k8,pg19,3,16,146,2,32,4,0,8,,0,0,0.0
reuse_R16_k8,pg19,3,16,147,3,32,1,0,8,,0,0,0.0
reuse_R16_k8,pg19,3,16,148,4,32,1,0,8,,0,0,0.0
reuse_R16_k8,pg19,3,16,149,5,32,2,0,8,,0,0,0.0
reuse_R16_k8,pg19,3,16,150,6,32,4,0,8,,0,0,0.0
reuse_R16_k16,pg19,3,16,0,0,32,3,1,16,,0,0,0.0
reuse_R16_k16,pg19,3,16,1,1,32,0,0,16,,0,0,0.0
reuse_R16_k16,pg19,3,16,2,2,32,3,0,16,,0,0,0.0
reuse_R16_k16,pg19,3,16,3,3,32,2,0,16,,0,0,0.0
reuse_R16_k16,pg19,3,16,4,4,32,3,0,16,,0,0,0.0
reuse_R16_k16,pg19,3,16,5,5,32,3,0,16,,0,0,0.0
reuse_R16_k16,pg19,3,16,6,6,32,1,0,16,,0,0,0.0
reuse_R16_k16,pg19,3,16,7,7,32,3,0,16,,0,0,0.0
reuse_R16_k16,pg19,3,16,8,8,32,0,0,16,,0,0,0.0
reuse_R16_k16,pg19,3,16,9,9,32,4,0,16,,0,0,0.0
reuse_R16_k16,pg19,3,16,10,10,32,1,0,16,,0,0,0.0
reuse_R16_k16,pg19,3,16,11,11,32,1,0,16,,0,0,0.0
reuse_R16_k16,pg19,3,16,12,12,32,4,0,16,,0,0,0.0
reuse_R16_k16,pg19,3,16,13,13,32,3,0,16,,0,0,0.0
reuse_R16_k16,pg19,3,16,14,14,32,4,0,16,,0,0,0.0
reuse_R16_k16,pg19,3,16,15,15,32,4,0,16,,0,0,0.0
reuse_R16_k16,pg19,3,16,16,0,32,4,1,16,,0,0,0.0
reuse_R16_k16,pg19,3,16,17,1,32,4,0,16,,0,0,0.0
reuse_R16_k16,pg19,3,16,18,2,32,4,0,16,,0,0,0.0
reuse_R16_k16,pg19,3,16,19,3,32,4,0,16,,0,0,0.0
reuse_R16_k16,pg19,3,16,20,4,32,3,0,16,,0,0,0.0
reuse_R16_k16,pg19,3,16,21,5,32,2,0,16,,0,0,0.0
reuse_R16_k16,pg19,3,16,22,6,32,4,0,16,,0,0,0.0
reuse_R16_k16,pg19,3,16,23,7,32,2,0,16,,0,0,0.0
reuse_R16_k16,pg19,3,16,24,8,32,4,0,16,,0,0,0.0
reuse_R16_k16,pg19,3,16,25,9,32,2,0,16,,0,0,0.0
reuse_R16_k16,pg19,3,16,26,10,32,0,0,16,,0,0,0.0
reuse_R16_k16,pg19,3,16,27,11,32,4,0,16,,0,0,0.0
reuse_R16_k16,pg19,3,16,28,12,32,4,0,16,,0,0,0.0
reuse_R16_k16,pg19,3,16,29,13,32,3,0,16,,0,0,0.0
reuse_R16_k16,pg19,3,16,30,14,32,4,0,16,,0,0,0.0
reuse_R16_k16,pg19,3,16,31,15,32,4,0,16,,0,0,0.0
reuse_R16_k16,pg19,3,16,32,0,32,4,1,16,,0,0,0.0
reuse_R16_k16,pg19,3,16,33,1,32,4,0,16,,0,0,0.0
reuse_R16_k16,pg19,3,16,34,2,32,2,0,16,,0,0,0.0
reuse_R16_k16,pg19,3,16,35,3,32,0,0,16,,0,0,0.0
reuse_R16_k16,pg19,3,16,36,4,32,1,0,16,,0,0,0.0
reuse_R16_k16,pg19,3,16,37,5,32,0,0,16,,0,0,0.0
reuse_R16_k16,pg19,3,16,38,6,32,1,0,16,,0,0,0.0
reuse_R16_k16,pg19,3,16,39,7,32,2,0,16,,0,0,0.0
reuse_R16_k16,pg19,3,16,40,8,32,2,0,16,,0,0,0.0
reuse_R16_k16,pg19,3,16,41,9,32,1,0,16,,0,0,0.0
reuse_R16_k16,pg19,3,16,42,10,32,0,0,16,,0,0,0.0
reuse_R16_k16,pg19,3,16,43,11,32,0,0,16,,0,0,0.0
reuse_R16_k16,pg19,3,16,44,12,32,4,0,16,,0,0,0.0
reuse_R16_k16,pg19,3,16,45,13,32,1,0,16,,0,0,0.0
reuse_R16_k16,pg19,3,16,46,14,32,2,0,16,,0,0,0.0
reuse_R16_k16,pg19,3,16,47,15,32,4,0,16,,0,0,0.0
reuse_R16_k16,pg19,3,16,48,0,32,1,1,16,,0,0,0.0
reuse_R16_k16,pg19,3,16,49,1,32,4,0,16,,0,0,0.0
reuse_R16_k16,pg19,3,16,50,2,32,4,0,16,,0,0,0.0
reuse_R16_k16,pg19,3,16,51,3,32,4,0,16,,0,0,0.0
reuse_R16_k16,pg19,3,16,52,4,32,2,0,16,,0,0,0.0
reuse_R16_k16,pg19,3,16,53,5,32,2,0,16,,0,0,0.0
reuse_R16_k16,pg19,3,16,54,6,32,2,0,16,,0,0,0.0
reuse_R16_k16,pg19,3,16,55,7,32,0,0,16,,0,0,0.0
reuse_R16_k16,pg19,3,16,56,8,32,4,0,16,,0,0,0.0
reuse_R16_k16,pg19,3,16,57,9,32,1,0,16,,0,0,0.0
reuse_R16_k16,pg19,3,16,58,10,32,0,0,16,,0,0,0.0
reuse_R16_k16,pg19,3,16,59,11,32,4,0,16,,0,0,0.0
reuse_R16_k16,pg19,3,16,60,12,32,0,0,16,,0,0,0.0
reuse_R16_k16,pg19,3,16,61,13,32,2,0,16,,0,0,0.0
reuse_R16_k16,pg19,3,16,62,14,32,2,0,16,,0,0,0.0
reuse_R16_k16,pg19,3,16,63,15,32,2,0,16,,0,0,0.0
reuse_R16_k16,pg19,3,16,64,0,32,4,1,16,,0,0,0.0
reuse_R16_k16,pg19,3,16,65,1,32,3,0,16,,0,0,0.0
reuse_R16_k16,pg19,3,16,66,2,32,3,0,16,,0,0,0.0
reuse_R16_k16,pg19,3,16,67,3,32,4,0,16,,0,0,0.0
reuse_R16_k16,pg19,3,16,68,4,32,2,0,16,,0,0,0.0
reuse_R16_k16,pg19,3,16,69,5,32,4,0,16,,0,0,0.0
reuse_R16_k16,pg19,3,16,70,6,32,0,0,16,,0,0,0.0
reuse_R16_k16,pg19,3,16,71,7,32,3,0,16,,0,0,0.0
reuse_R16_k16,pg19,3,16,72,8,32,4,0,16,,0,0,0.0
reuse_R16_k16,pg19,3,16,73,9,32,4,0,16,,0,0,0.0
reuse_R16_k16,pg19,3,16,74,10,32,4,0,16,,0,0,0.0
reuse_R16_k16,pg19,3,16,75,11,32,4,0,16,,0,0,0.0
reuse_R16_k16,pg19,3,16,76,12,32,2,0,16,,0,0,0.0
reuse_R16_k16,pg19,3,16,77,13,32,2,0,16,,0,0,0.0
reuse_R16_k16,pg19,3,16,78,14,32,1,0,16,,0,0,0.0
reuse_R16_k16,pg19,3,16,79,15,32,1,0,16,,0,0,0.0
reuse_R16_k16,pg19,3,16,80,0,32,0,1,16,,0,0,0.0
reuse_R16_k16,pg19,3,16,81,1,32,0,0,16,,0,0,0.0
reuse_R16_k16,pg19,3,16,82,2,32,4,0,16,,0,0,0.0
reuse_R16_k16,pg19,3,16,83,3,32,4,0,16,,0,0,0.0
reuse_R16_k16,pg19,3,16,84,4,32,4,0,16,,0,0,0.0
reuse_R16_k16,pg19,3,16,85,5,32,4,0,16,,0,0,0.0
reuse_R16_k16,pg19,3,16,86,6,32,4,0,16,,0,0,0.0
reuse_R16_k16,pg19,3,16,87,7,32,4,0,16,,0,0,0.0
reuse_R16_k16,pg19,3,16,88,8,32,4,0,16,,0,0,0.0
reuse_R16_k16,pg19,3,16,89,9,32,4,0,16,,0,0,0.0
reuse_R16_k16,pg19,3,16,90,10,32,4,0,16,,0,0,0.0
reuse_R16_k16,pg19,3,16,91,11,32,4,0,16,,0,0,0.0
reuse_R16_k16,pg19,3,16,92,12,32,1,0,16,,0,0,0.0
reuse_R16_k16,pg19,3,16,93,13,32,1,0,16,,0,0,0.0
reuse_R16_k16,pg19,3,16,94,14,32,3,0,16,,0,0,0.0
reuse_R16_k16,pg19,3,16,95,15,32,1,0,16,,0,0,0.0
reuse_R16_k16,pg19,3,16,96,0,32,4,1,16,,0,0,0.0
reuse_R16_k16,pg19,3,16,97,1,32,4,0,16,,0,0,0.0
reuse_R16_k16,pg19,3,16,98,2,32,4,0,16,,0,0,0.0
reuse_R16_k16,pg19,3,16,99,3,32,0,0,16,,0,0,0.0
reuse_R16_k16,pg19,3,16,100,4,32,1,0,16,,0,0,0.0
reuse_R16_k16,pg19,3,16,101,5,32,4,0,16,,0,0,0.0
reuse_R16_k16,pg19,3,16,102,6,32,3,0,16,,0,0,0.0
reuse_R16_k16,pg19,3,16,103,7,32,2,0,16,,0,0,0.0
reuse_R16_k16,pg19,3,16,104,8,32,3,0,16,,0,0,0.0
reuse_R16_k16,pg19,3,16,105,9,32,1,0,16,,0,0,0.0
reuse_R16_k16,pg19,3,16,106,10,32,3,0,16,,0,0,0.0
reuse_R16_k16,pg19,3,16,107,11,32,4,0,16,,0,0,0.0
reuse_R16_k16,pg19,3,16,108,12,32,4,0,16,,0,0,0.0
reuse_R16_k16,pg19,3,16,109,13,32,0,0,16,,0,0,0.0
reuse_R16_k16,pg19,3,16,110,14,32,2,0,16,,0,0,0.0
reuse_R16_k16,pg19,3,16,111,15,32,1,0,16,,0,0,0.0
reuse_R16_k16,pg19,3,16,112,0,32,3,1,16,,0,0,0.0
reuse_R16_k16,pg19,3,16,113,1,32,2,0,16,,0,0,0.0
reuse_R16_k16,pg19,3,16,114,2,32,2,0,16,,0,0,0.0
reuse_R16_k16,pg19,3,16,115,3,32,1,0,16,,0,0,0.0
reuse_R16_k16,pg19,3,16,116,4,32,2,0,16,,0,0,0.0
reuse_R16_k16,pg19,3,16,117,5,32,1,0,16,,0,0,0.0
reuse_R16_k16,pg19,3,16,118,6,32,0,0,16,,0,0,0.0
reuse_R16_k16,pg19,3,16,119,7,32,1,0,16,,0,0,0.0
reuse_R16_k16,pg19,3,16,120,8,32,1,0,16,,0,0,0.0
reuse_R16_k16,pg19,3,16,121,9,32,4,0,16,,0,0,0.0
reuse_R16_k16,pg19,3,16,122,10,32,4,0,16,,0,0,0.0
reuse_R16_k16,pg19,3,16,123,11,32,4,0,16,,0,0,0.0
reuse_R16_k16,pg19,3,16,124,12,32,4,0,16,,0,0,0.0
reuse_R16_k16,pg19,3,16,125,13,32,4,0,16,,0,0,0.0
reuse_R16_k16,pg19,3,16,126,14,32,4,0,16,,0,0,0.0
reuse_R16_k16,pg19,3,16,127,15,32,2,0,16,,0,0,0.0
reuse_R16_k16,pg19,3,16,128,0,32,4,1,16,,0,0,0.0
reuse_R16_k16,pg19,3,16,129,1,32,4,0,16,,0,0,0.0
reuse_R16_k16,pg19,3,16,130,2,32,4,0,16,,0,0,0.0
reuse_R16_k16,pg19,3,16,131,3,32,2,0,16,,0,0,0.0
reuse_R16_k16,pg19,3,16,132,4,32,4,0,16,,0,0,0.0
reuse_R16_k16,pg19,3,16,133,5,32,4,0,16,,0,0,0.0
reuse_R16_k16,pg19,3,16,134,6,32,4,0,16,,0,0,0.0
reuse_R16_k16,pg19,3,16,135,7,32,4,0,16,,0,0,0.0
reuse_R16_k16,pg19,3,16,136,8,32,4,0,16,,0,0,0.0
reuse_R16_k16,pg19,3,16,137,9,32,4,0,16,,0,0,0.0
reuse_R16_k16,pg19,3,16,138,10,32,4,0,16,,0,0,0.0
reuse_R16_k16,pg19,3,16,139,11,32,4,0,16,,0,0,0.0
reuse_R16_k16,pg19,3,16,140,12,32,1,0,16,,0,0,0.0
reuse_R16_k16,pg19,3,16,141,13,32,4,0,16,,0,0,0.0
reuse_R32_k8,pg19,3,32,0,0,32,1,1,8,,0,0,0.0
reuse_R32_k8,pg19,3,32,1,1,32,1,0,8,,0,0,0.0
reuse_R32_k8,pg19,3,32,2,2,32,3,0,8,,0,0,0.0
reuse_R32_k8,pg19,3,32,3,3,32,2,0,8,,0,0,0.0
reuse_R32_k8,pg19,3,32,4,4,32,2,0,8,,0,0,0.0
reuse_R32_k8,pg19,3,32,5,5,32,1,0,8,,0,0,0.0
reuse_R32_k8,pg19,3,32,6,6,32,3,0,8,,0,0,0.0
reuse_R32_k8,pg19,3,32,7,7,32,1,0,8,,0,0,0.0
reuse_R32_k8,pg19,3,32,8,8,32,3,0,8,,0,0,0.0
reuse_R32_k8,pg19,3,32,9,9,32,0,0,8,,0,0,0.0
reuse_R32_k8,pg19,3,32,10,10,32,3,0,8,,0,0,0.0
reuse_R32_k8,pg19,3,32,11,11,32,1,0,8,,0,0,0.0
reuse_R32_k8,pg19,3,32,12,12,32,0,0,8,,0,0,0.0
reuse_R32_k8,pg19,3,32,13,13,32,1,0,8,,0,0,0.0
reuse_R32_k8,pg19,3,32,14,14,32,4,0,8,,0,0,0.0
reuse_R32_k8,pg19,3,32,15,15,32,3,0,8,,0,0,0.0
reuse_R32_k8,pg19,3,32,16,16,32,4,0,8,,0,0,0.0
reuse_R32_k8,pg19,3,32,17,17,32,4,0,8,,0,0,0.0
reuse_R32_k8,pg19,3,32,18,18,32,4,0,8,,0,0,0.0
reuse_R32_k8,pg19,3,32,19,19,32,4,0,8,,0,0,0.0
reuse_R32_k8,pg19,3,32,20,20,32,4,0,8,,0,0,0.0
reuse_R32_k8,pg19,3,32,21,21,32,4,0,8,,0,0,0.0
reuse_R32_k8,pg19,3,32,22,22,32,3,0,8,,0,0,0.0
reuse_R32_k8,pg19,3,32,23,23,32,2,0,8,,0,0,0.0
reuse_R32_k8,pg19,3,32,24,24,32,4,0,8,,0,0,0.0
reuse_R32_k8,pg19,3,32,25,25,32,1,0,8,,0,0,0.0
reuse_R32_k8,pg19,3,32,26,26,32,0,0,8,,0,0,0.0
reuse_R32_k8,pg19,3,32,27,27,32,4,0,8,,0,0,0.0
reuse_R32_k8,pg19,3,32,28,28,32,2,0,8,,0,0,0.0
reuse_R32_k8,pg19,3,32,29,29,32,0,0,8,,0,0,0.0
reuse_R32_k8,pg19,3,32,30,30,32,4,0,8,,0,0,0.0
reuse_R32_k8,pg19,3,32,31,31,32,4,0,8,,0,0,0.0
reuse_R32_k8,pg19,3,32,32,0,32,4,1,8,,0,0,0.0
reuse_R32_k8,pg19,3,32,33,1,32,2,0,8,,0,0,0.0
reuse_R32_k8,pg19,3,32,34,2,32,0,0,8,,0,0,0.0
reuse_R32_k8,pg19,3,32,35,3,32,4,0,8,,0,0,0.0
reuse_R32_k8,pg19,3,32,36,4,32,4,0,8,,0,0,0.0
reuse_R32_k8,pg19,3,32,37,5,32,4,0,8,,0,0,0.0
reuse_R32_k8,pg19,3,32,38,6,32,3,0,8,,0,0,0.0
reuse_R32_k8,pg19,3,32,39,7,32,1,0,8,,0,0,0.0
reuse_R32_k8,pg19,3,32,40,8,32,0,0,8,,0,0,0.0
reuse_R32_k8,pg19,3,32,41,9,32,1,0,8,,0,0,0.0
reuse_R32_k8,pg19,3,32,42,10,32,3,0,8,,0,0,0.0
reuse_R32_k8,pg19,3,32,43,11,32,1,0,8,,0,0,0.0
reuse_R32_k8,pg19,3,32,44,12,32,1,0,8,,0,0,0.0
reuse_R32_k8,pg19,3,32,45,13,32,0,0,8,,0,0,0.0
reuse_R32_k8,pg19,3,32,46,14,32,0,0,8,,0,0,0.0
reuse_R32_k8,pg19,3,32,47,15,32,4,0,8,,0,0,0.0
reuse_R32_k8,pg19,3,32,48,16,32,0,0,8,,0,0,0.0
reuse_R32_k8,pg19,3,32,49,17,32,3,0,8,,0,0,0.0
reuse_R32_k8,pg19,3,32,50,18,32,4,0,8,,0,0,0.0
reuse_R32_k8,pg19,3,32,51,19,32,1,0,8,,0,0,0.0
reuse_R32_k8,pg19,3,32,52,20,32,4,0,8,,0,0,0.0
reuse_R32_k8,pg19,3,32,53,21,32,2,0,8,,0,0,0.0
reuse_R32_k8,pg19,3,32,54,22,32,2,0,8,,0,0,0.0
reuse_R32_k8,pg19,3,32,55,23,32,1,0,8,,0,0,0.0
reuse_R32_k8,pg19,3,32,56,24,32,1,0,8,,0,0,0.0
reuse_R32_k8,pg19,3,32,57,25,32,4,0,8,,0,0,0.0
reuse_R32_k8,pg19,3,32,58,26,32,4,0,8,,0,0,0.0
reuse_R32_k8,pg19,3,32,59,27,32,4,0,8,,0,0,0.0
reuse_R32_k8,pg19,3,32,60,28,32,0,0,8,,0,0,0.0
reuse_R32_k8,pg19,3,32,61,29,32,3,0,8,,0,0,0.0
reuse_R32_k8,pg19,3,32,62,30,32,0,0,8,,0,0,0.0
reuse_R32_k8,pg19,3,32,63,31,32,1,0,8,,0,0,0.0
reuse_R32_k8,pg19,3,32,64,0,32,1,1,8,,0,0,0.0
reuse_R32_k8,pg19,3,32,65,1,32,4,0,8,,0,0,0.0
reuse_R32_k8,pg19,3,32,66,2,32,0,0,8,,0,0,0.0
reuse_R32_k8,pg19,3,32,67,3,32,2,0,8,,0,0,0.0
reuse_R32_k8,pg19,3,32,68,4,32,0,0,8,,0,0,0.0
reuse_R32_k8,pg19,3,32,69,5,32,0,0,8,,0,0,0.0
reuse_R32_k8,pg19,3,32,70,6,32,3,0,8,,0,0,0.0
reuse_R32_k8,pg19,3,32,71,7,32,3,0,8,,0,0,0.0
reuse_R32_k8,pg19,3,32,72,8,32,3,0,8,,0,0,0.0
reuse_R32_k8,pg19,3,32,73,9,32,1,0,8,,0,0,0.0
reuse_R32_k8,pg19,3,32,74,10,32,4,0,8,,0,0,0.0
reuse_R32_k8,pg19,3,32,75,11,32,1,0,8,,0,0,0.0
reuse_R32_k8,pg19,3,32,76,12,32,2,0,8,,0,0,0.0
reuse_R32_k8,pg19,3,32,77,13,32,3,0,8,,0,0,0.0
reuse_R32_k8,pg19,3,32,78,14,32,4,0,8,,0,0,0.0
reuse_R32_k8,pg19,3,32,79,15,32,4,0,8,,0,0,0.0
reuse_R32_k8,pg19,3,32,80,16,32,3,0,8,,0,0,0.0
reuse_R32_k8,pg19,3,32,81,17,32,4,0,8,,0,0,0.0
reuse_R32_k8,pg19,3,32,82,18,32,4,0,8,,0,0,0.0
reuse_R32_k8,pg19,3,32,83,19,32,4,0,8,,0,0,0.0
reuse_R32_k8,pg19,3,32,84,20,32,1,0,8,,0,0,0.0
reuse_R32_k8,pg19,3,32,85,21,32,1,0,8,,0,0,0.0
reuse_R32_k8,pg19,3,32,86,22,32,1,0,8,,0,0,0.0
reuse_R32_k8,pg19,3,32,87,23,32,2,0,8,,0,0,0.0
reuse_R32_k8,pg19,3,32,88,24,32,1,0,8,,0,0,0.0
reuse_R32_k8,pg19,3,32,89,25,32,0,0,8,,0,0,0.0
reuse_R32_k8,pg19,3,32,90,26,32,0,0,8,,0,0,0.0
reuse_R32_k8,pg19,3,32,91,27,32,2,0,8,,0,0,0.0
reuse_R32_k8,pg19,3,32,92,28,32,1,0,8,,0,0,0.0
reuse_R32_k8,pg19,3,32,93,29,32,3,0,8,,0,0,0.0
reuse_R32_k8,pg19,3,32,94,30,32,0,0,8,,0,0,0.0
reuse_R32_k8,pg19,3,32,95,31,32,3,0,8,,0,0,0.0
reuse_R32_k8,pg19,3,32,96,0,32,1,1,8,,0,0,0.0
reuse_R32_k8,pg19,3,32,97,1,32,1,0,8,,0,0,0.0
reuse_R32_k8,pg19,3,32,98,2,32,2,0,8,,0,0,0.0
reuse_R32_k8,pg19,3,32,99,3,32,2,0,8,,0,0,0.0
reuse_R32_k8,pg19,3,32,100,4,32,4,0,8,,0,0,0.0
reuse_R32_k8,pg19,3,32,101,5,32,1,0,8,,0,0,0.0
reuse_R32_k8,pg19,3,32,102,6,32,3,0,8,,0,0,0.0
reuse_R32_k8,pg19,3,32,103,7,32,1,0,8,,0,0,0.0
reuse_R32_k8,pg19,3,32,104,8,32,2,0,8,,0,0,0.0
reuse_R32_k8,pg19,3,32,105,9,32,4,0,8,,0,0,0.0
reuse_R32_k8,pg19,3,32,106,10,32,1,0,8,,0,0,0.0
reuse_R32_k8,pg19,3,32,107,11,32,4,0,8,,0,0,0.0
reuse_R32_k8,pg19,3,32,108,12,32,1,0,8,,0,0,0.0
reuse_R32_k8,pg19,3,32,109,13,32,3,0,8,,0,0,0.0
reuse_R32_k8,pg19,3,32,110,14,32,1,0,8,,0,0,0.0
reuse_R32_k8,pg19,3,32,111,15,32,4,0,8,,0,0,0.0
reuse_R32_k8,pg19,3,32,112,16,32,4,0,8,,0,0,0.0
reuse_R32_k8,pg19,3,32,113,17,32,4,0,8,,0,0,0.0
reuse_R32_k8,pg19,3,32,114,18,32,0,0,8,,0,0,0.0
reuse_R32_k8,pg19,3,32,115,19,32,4,0,8,,0,0,0.0
reuse_R32_k8,pg19,3,32,116,20,32,2,0,8,,0,0,0.0
reuse_R32_k8,pg19,3,32,117,21,32,4,0,8,,0,0,0.0
reuse_R32_k8,pg19,3,32,118,22,32,0,0,8,,0,0,0.0
reuse_R32_k8,pg19,3,32,119,23,32,3,0,8,,0,0,0.0
reuse_R32_k8,pg19,3,32,120,24,32,1,0,8,,0,0,0.0
reuse_R32_k8,pg19,3,32,121,25,32,3,0,8,,0,0,0.0
reuse_R32_k8,pg19,3,32,122,26,32,4,0,8,,0,0,0.0
reuse_R32_k8,pg19,3,32,123,27,32,4,0,8,,0,0,0.0
reuse_R32_k8,pg19,3,32,124,28,32,0,0,8,,0,0,0.0
reuse_R32_k8,pg19,3,32,125,29,32,1,0,8,,0,0,0.0
reuse_R32_k8,pg19,3,32,126,30,32,2,0,8,,0,0,0.0
reuse_R32_k8,pg19,3,32,127,31,32,4,0,8,,0,0,0.0
reuse_R32_k8,pg19,3,32,128,0,32,3,1,8,,0,0,0.0
reuse_R32_k8,pg19,3,32,129,1,32,1,0,8,,0,0,0.0
reuse_R32_k8,pg19,3,32,130,2,32,1,0,8,,0,0,0.0
reuse_R32_k8,pg19,3,32,131,3,32,1,0,8,,0,0,0.0
reuse_R32_k8,pg19,3,32,132,4,32,3,0,8,,0,0,0.0
reuse_R32_k8,pg19,3,32,133,5,32,3,0,8,,0,0,0.0
reuse_R32_k8,pg19,3,32,134,6,32,4,0,8,,0,0,0.0
reuse_R32_k8,pg19,3,32,135,7,32,4,0,8,,0,0,0.0
reuse_R32_k8,pg19,3,32,136,8,32,4,0,8,,0,0,0.0
reuse_R32_k8,pg19,3,32,137,9,32,4,0,8,,0,0,0.0
reuse_R32_k8,pg19,3,32,138,10,32,4,0,8,,0,0,0.0
reuse_R32_k8,pg19,3,32,139,11,32,1,0,8,,0,0,0.0
reuse_R32_k8,pg19,3,32,140,12,32,2,0,8,,0,0,0.0
reuse_R32_k8,pg19,3,32,141,13,32,4,0,8,,0,0,0.0
reuse_R32_k8,pg19,3,32,142,14,32,4,0,8,,0,0,0.0
reuse_R32_k8,pg19,3,32,143,15,32,3,0,8,,0,0,0.0
reuse_R32_k8,pg19,3,32,144,16,32,4,0,8,,0,0,0.0
reuse_R32_k8,pg19,3,32,145,17,32,4,0,8,,0,0,0.0
reuse_R32_k8,pg19,3,32,146,18,32,4,0,8,,0,0,0.0
reuse_R32_k8,pg19,3,32,147,19,32,4,0,8,,0,0,0.0
reuse_R32_k8,pg19,3,32,148,20,32,4,0,8,,0,0,0.0
reuse_R32_k8,pg19,3,32,149,21,32,4,0,8,,0,0,0.0
reuse_R32_k8,pg19,3,32,150,22,32,2,0,8,,0,0,0.0
reuse_R32_k8,pg19,3,32,151,23,32,2,0,8,,0,0,0.0
reuse_R32_k8,pg19,3,32,152,24,32,0,0,8,,0,0,0.0
reuse_R32_k8,pg19,3,32,153,25,32,4,0,8,,0,0,0.0
reuse_R32_k16,pg19,3,32,0,0,32,3,1,16,,0,0,0.0
reuse_R32_k16,pg19,3,32,1,1,32,0,0,16,,0,0,0.0
reuse_R32_k16,pg19,3,32,2,2,32,3,0,16,,0,0,0.0
reuse_R32_k16,pg19,3,32,3,3,32,2,0,16,,0,0,0.0
reuse_R32_k16,pg19,3,32,4,4,32,3,0,16,,0,0,0.0
reuse_R32_k16,pg19,3,32,5,5,32,3,0,16,,0,0,0.0
reuse_R32_k16,pg19,3,32,6,6,32,1,0,16,,0,0,0.0
reuse_R32_k16,pg19,3,32,7,7,32,3,0,16,,0,0,0.0
reuse_R32_k16,pg19,3,32,8,8,32,0,0,16,,0,0,0.0
reuse_R32_k16,pg19,3,32,9,9,32,4,0,16,,0,0,0.0
reuse_R32_k16,pg19,3,32,10,10,32,1,0,16,,0,0,0.0
reuse_R32_k16,pg19,3,32,11,11,32,1,0,16,,0,0,0.0
reuse_R32_k16,pg19,3,32,12,12,32,4,0,16,,0,0,0.0
reuse_R32_k16,pg19,3,32,13,13,32,3,0,16,,0,0,0.0
reuse_R32_k16,pg19,3,32,14,14,32,4,0,16,,0,0,0.0
reuse_R32_k16,pg19,3,32,15,15,32,4,0,16,,0,0,0.0
reuse_R32_k16,pg19,3,32,16,16,32,4,0,16,,0,0,0.0
reuse_R32_k16,pg19,3,32,17,17,32,4,0,16,,0,0,0.0
reuse_R32_k16,pg19,3,32,18,18,32,4,0,16,,0,0,0.0
reuse_R32_k16,pg19,3,32,19,19,32,4,0,16,,0,0,0.0
reuse_R32_k16,pg19,3,32,20,20,32,3,0,16,,0,0,0.0
reuse_R32_k16,pg19,3,32,21,21,32,2,0,16,,0,0,0.0
reuse_R32_k16,pg19,3,32,22,22,32,4,0,16,,0,0,0.0
reuse_R32_k16,pg19,3,32,23,23,32,2,0,16,,0,0,0.0
reuse_R32_k16,pg19,3,32,24,24,32,4,0,16,,0,0,0.0
reuse_R32_k16,pg19,3,32,25,25,32,2,0,16,,0,0,0.0
reuse_R32_k16,pg19,3,32,26,26,32,0,0,16,,0,0,0.0
reuse_R32_k16,pg19,3,32,27,27,32,4,0,16,,0,0,0.0
reuse_R32_k16,pg19,3,32,28,28,32,4,0,16,,0,0,0.0
reuse_R32_k16,pg19,3,32,29,29,32,1,0,16,,0,0,0.0
reuse_R32_k16,pg19,3,32,30,30,32,4,0,16,,0,0,0.0
reuse_R32_k16,pg19,3,32,31,31,32,4,0,16,,0,0,0.0
reuse_R32_k16,pg19,3,32,32,0,32,1,1,16,,0,0,0.0
reuse_R32_k16,pg19,3,32,33,1,32,4,0,16,,0,0,0.0
reuse_R32_k16,pg19,3,32,34,2,32,4,0,16,,0,0,0.0
reuse_R32_k16,pg19,3,32,35,3,32,2,0,16,,0,0,0.0
reuse_R32_k16,pg19,3,32,36,4,32,0,0,16,,0,0,0.0
reuse_R32_k16,pg19,3,32,37,5,32,1,0,16,,0,0,0.0
reuse_R32_k16,pg19,3,32,38,6,32,0,0,16,,0,0,0.0
reuse_R32_k16,pg19,3,32,39,7,32,1,0,16,,0,0,0.0
reuse_R32_k16,pg19,3,32,40,8,32,2,0,16,,0,0,0.0
reuse_R32_k16,pg19,3,32,41,9,32,2,0,16,,0,0,0.0
reuse_R32_k16,pg19,3,32,42,10,32,1,0,16,,0,0,0.0
reuse_R32_k16,pg19,3,32,43,11,32,0,0,16,,0,0,0.0
reuse_R32_k16,pg19,3,32,44,12,32,0,0,16,,0,0,0.0
reuse_R32_k16,pg19,3,32,45,13,32,4,0,16,,0,0,0.0
reuse_R32_k16,pg19,3,32,46,14,32,1,0,16,,0,0,0.0
reuse_R32_k16,pg19,3,32,47,15,32,2,0,16,,0,0,0.0
reuse_R32_k16,pg19,3,32,48,16,32,4,0,16,,0,0,0.0
reuse_R32_k16,pg19,3,32,49,17,32,1,0,16,,0,0,0.0
reuse_R32_k16,pg19,3,32,50,18,32,4,0,16,,0,0,0.0
reuse_R32_k16,pg19,3,32,51,19,32,4,0,16,,0,0,0.0
reuse_R32_k16,pg19,3,32,52,20,32,4,0,16,,0,0,0.0
reuse_R32_k16,pg19,3,32,53,21,32,2,0,16,,0,0,0.0
reuse_R32_k16,pg19,3,32,54,22,32,2,0,16,,0,0,0.0
reuse_R32_k16,pg19,3,32,55,23,32,2,0,16,,0,0,0.0
reuse_R32_k16,pg19,3,32,56,24,32,0,0,16,,0,0,0.0
reuse_R32_k16,pg19,3,32,57,25,32,4,0,16,,0,0,0.0
reuse_R32_k16,pg19,3,32,58,26,32,4,0,16,,0,0,0.0
reuse_R32_k16,pg19,3,32,59,27,32,3,0,16,,0,0,0.0
reuse_R32_k16,pg19,3,32,60,28,32,2,0,16,,0,0,0.0
reuse_R32_k16,pg19,3,32,61,29,32,1,0,16,,0,0,0.0
reuse_R32_k16,pg19,3,32,62,30,32,0,0,16,,0,0,0.0
reuse_R32_k16,pg19,3,32,63,31,32,2,0,16,,0,0,0.0
reuse_R32_k16,pg19,3,32,64,0,32,4,1,16,,0,0,0.0
reuse_R32_k16,pg19,3,32,65,1,32,2,0,16,,0,0,0.0
reuse_R32_k16,pg19,3,32,66,2,32,3,0,16,,0,0,0.0
reuse_R32_k16,pg19,3,32,67,3,32,1,0,16,,0,0,0.0
reuse_R32_k16,pg19,3,32,68,4,32,2,0,16,,0,0,0.0
reuse_R32_k16,pg19,3,32,69,5,32,3,0,16,,0,0,0.0
reuse_R32_k16,pg19,3,32,70,6,32,4,0,16,,0,0,0.0
reuse_R32_k16,pg19,3,32,71,7,32,1,0,16,,0,0,0.0
reuse_R32_k16,pg19,3,32,72,8,32,0,0,16,,0,0,0.0
reuse_R32_k16,pg19,3,32,73,9,32,1,0,16,,0,0,0.0
reuse_R32_k16,pg19,3,32,74,10,32,3,0,16,,0,0,0.0
reuse_R32_k16,pg19,3,32,75,11,32,2,0,16,,0,0,0.0
reuse_R32_k16,pg19,3,32,76,12,32,3,0,16,,0,0,0.0
reuse_R32_k16,pg19,3,32,77,13,32,3,0,16,,0,0,0.0
reuse_R32_k16,pg19,3,32,78,14,32,4,0,16,,0,0,0.0
reuse_R32_k16,pg19,3,32,79,15,32,1,0,16,,0,0,0.0
reuse_R32_k16,pg19,3,32,80,16,32,1,0,16,,0,0,0.0
reuse_R32_k16,pg19,3,32,81,17,32,0,0,16,,0,0,0.0
reuse_R32_k16,pg19,3,32,82,18,32,0,0,16,,0,0,0.0
reuse_R32_k16,pg19,3,32,83,19,32,0,0,16,,0,0,0.0
reuse_R32_k16,pg19,3,32,84,20,32,2,0,16,,0,0,0.0
reuse_R32_k16,pg19,3,32,85,21,32,1,0,16,,0,0,0.0
reuse_R32_k16,pg19,3,32,86,22,32,3,0,16,,0,0,0.0
reuse_R32_k16,pg19,3,32,87,23,32,0,0,16,,0,0,0.0
reuse_R32_k16,pg19,3,32,88,24,32,2,0,16,,0,0,0.0
reuse_R32_k16,pg19,3,32,89,25,32,3,0,16,,0,0,0.0
reuse_R32_k16,pg19,3,32,90,26,32,2,0,16,,0,0,0.0
reuse_R32_k16,pg19,3,32,91,27,32,1,0,16,,0,0,0.0
reuse_R32_k16,pg19,3,32,92,28,32,4,0,16,,0,0,0.0
reuse_R32_k16,pg19,3,32,93,29,32,4,0,16,,0,0,0.0
reuse_R32_k16,pg19,3,32,94,30,32,0,0,16,,0,0,0.0
reuse_R32_k16,pg19,3,32,95,31,32,2,0,16,,0,0,0.0
reuse_R32_k16,pg19,3,32,96,0,32,4,1,16,,0,0,0.0
reuse_R32_k16,pg19,3,32,97,1,32,1,0,16,,0,0,0.0
reuse_R32_k16,pg19,3,32,98,2,32,2,0,16,,0,0,0.0
reuse_R32_k16,pg19,3,32,99,3,32,4,0,16,,0,0,0.0
reuse_R32_k16,pg19,3,32,100,4,32,4,0,16,,0,0,0.0
reuse_R32_k16,pg19,3,32,101,5,32,3,0,16,,0,0,0.0
reuse_R32_k16,pg19,3,32,102,6,32,4,0,16,,0,0,0.0
reuse_R32_k16,pg19,3,32,103,7,32,0,0,16,,0,0,0.0
reuse_R32_k16,pg19,3,32,104,8,32,3,0,16,,0,0,0.0
reuse_R32_k16,pg19,3,32,105,9,32,4,0,16,,0,0,0.0
reuse_R32_k16,pg19,3,32,106,10,32,0,0,16,,0,0,0.0
reuse_R32_k16,pg19,3,32,107,11,32,3,0,16,,0,0,0.0
reuse_R32_k16,pg19,3,32,108,12,32,4,0,16,,0,0,0.0
reuse_R32_k16,pg19,3,32,109,13,32,4,0,16,,0,0,0.0
reuse_R32_k16,pg19,3,32,110,14,32,4,0,16,,0,0,0.0
reuse_R32_k16,pg19,3,32,111,15,32,4,0,16,,0,0,0.0
reuse_R32_k16,pg19,3,32,112,16,32,4,0,16,,0,0,0.0
reuse_R32_k16,pg19,3,32,113,17,32,4,0,16,,0,0,0.0
reuse_R32_k16,pg19,3,32,114,18,32,4,0,16,,0,0,0.0
reuse_R32_k16,pg19,3,32,115,19,32,2,0,16,,0,0,0.0
reuse_R32_k16,pg19,3,32,116,20,32,4,0,16,,0,0,0.0
reuse_R32_k16,pg19,3,32,117,21,32,4,0,16,,0,0,0.0
reuse_R32_k16,pg19,3,32,118,22,32,3,0,16,,0,0,0.0
reuse_R32_k16,pg19,3,32,119,23,32,4,0,16,,0,0,0.0
reuse_R32_k16,pg19,3,32,120,24,32,4,0,16,,0,0,0.0
reuse_R32_k16,pg19,3,32,121,25,32,4,0,16,,0,0,0.0
reuse_R32_k16,pg19,3,32,122,26,32,4,0,16,,0,0,0.0
reuse_R32_k16,pg19,3,32,123,27,32,4,0,16,,0,0,0.0
reuse_R32_k16,pg19,3,32,124,28,32,4,0,16,,0,0,0.0
reuse_R32_k16,pg19,3,32,125,29,32,4,0,16,,0,0,0.0
reuse_R32_k16,pg19,3,32,126,30,32,4,0,16,,0,0,0.0
reuse_R32_k16,pg19,3,32,127,31,32,4,0,16,,0,0,0.0
reuse_R32_k16,pg19,3,32,128,0,32,4,1,16,,0,0,0.0
reuse_R32_k16,pg19,3,32,129,1,32,4,0,16,,0,0,0.0
reuse_R32_k16,pg19,3,32,130,2,32,4,0,16,,0,0,0.0
reuse_R32_k16,pg19,3,32,131,3,32,4,0,16,,0,0,0.0
reuse_R32_k16,pg19,3,32,132,4,32,4,0,16,,0,0,0.0
reuse_R32_k16,pg19,3,32,133,5,32,4,0,16,,0,0,0.0
reuse_R32_k16,pg19,3,32,134,6,32,4,0,16,,0,0,0.0
reuse_R32_k16,pg19,3,32,135,7,32,4,0,16,,0,0,0.0
reuse_R32_k16,pg19,3,32,136,8,32,4,0,16,,0,0,0.0
reuse_R32_k16,pg19,3,32,137,9,32,4,0,16,,0,0,0.0
reuse_R32_k16,pg19,3,32,138,10,32,4,0,16,,0,0,0.0
reuse_R32_k16,pg19,3,32,139,11,32,4,0,16,,0,0,0.0
no_update_k8,pg19,3,0,0,0,32,1,0,0,,0,0,0.0
no_update_k8,pg19,3,0,1,0,32,1,0,0,,0,0,0.0
no_update_k8,pg19,3,0,2,0,32,0,0,0,,0,0,0.0
no_update_k8,pg19,3,0,3,0,32,0,0,0,,0,0,0.0
no_update_k8,pg19,3,0,4,0,32,1,0,0,,0,0,0.0
no_update_k8,pg19,3,0,5,0,32,0,0,0,,0,0,0.0
no_update_k8,pg19,3,0,6,0,32,0,0,0,,0,0,0.0
no_update_k8,pg19,3,0,7,0,32,0,0,0,,0,0,0.0
no_update_k8,pg19,3,0,8,0,32,2,0,0,,0,0,0.0
no_update_k8,pg19,3,0,9,0,32,1,0,0,,0,0,0.0
no_update_k8,pg19,3,0,10,0,32,3,0,0,,0,0,0.0
no_update_k8,pg19,3,0,11,0,32,1,0,0,,0,0,0.0
no_update_k8,pg19,3,0,12,0,32,1,0,0,,0,0,0.0
no_update_k8,pg19,3,0,13,0,32,1,0,0,,0,0,0.0
no_update_k8,pg19,3,0,14,0,32,0,0,0,,0,0,0.0
no_update_k8,pg19,3,0,15,0,32,1,0,0,,0,0,0.0
no_update_k8,pg19,3,0,16,0,32,2,0,0,,0,0,0.0
no_update_k8,pg19,3,0,17,0,32,1,0,0,,0,0,0.0
no_update_k8,pg19,3,0,18,0,32,0,0,0,,0,0,0.0
no_update_k8,pg19,3,0,19,0,32,2,0,0,,0,0,0.0
no_update_k8,pg19,3,0,20,0,32,0,0,0,,0,0,0.0
no_update_k8,pg19,3,0,21,0,32,0,0,0,,0,0,0.0
no_update_k8,pg19,3,0,22,0,32,0,0,0,,0,0,0.0
no_update_k8,pg19,3,0,23,0,32,1,0,0,,0,0,0.0
no_update_k8,pg19,3,0,24,0,32,0,0,0,,0,0,0.0
no_update_k8,pg19,3,0,25,0,32,0,0,0,,0,0,0.0
no_update_k8,pg19,3,0,26,0,32,0,0,0,,0,0,0.0
no_update_k8,pg19,3,0,27,0,32,1,0,0,,0,0,0.0
no_update_k8,pg19,3,0,28,0,32,1,0,0,,0,0,0.0
no_update_k8,pg19,3,0,29,0,32,0,0,0,,0,0,0.0
no_update_k8,pg19,3,0,30,0,32,0,0,0,,0,0,0.0
no_update_k8,pg19,3,0,31,0,32,1,0,0,,0,0,0.0
no_update_k8,pg19,3,0,32,0,32,1,0,0,,0,0,0.0
no_update_k8,pg19,3,0,33,0,32,1,0,0,,0,0,0.0
no_update_k8,pg19,3,0,34,0,32,4,0,0,,0,0,0.0
no_update_k8,pg19,3,0,35,0,32,1,0,0,,0,0,0.0
no_update_k8,pg19,3,0,36,0,32,3,0,0,,0,0,0.0
no_update_k8,pg19,3,0,37,0,32,2,0,0,,0,0,0.0
no_update_k8,pg19,3,0,38,0,32,1,0,0,,0,0,0.0
no_update_k8,pg19,3,0,39,0,32,0,0,0,,0,0,0.0
no_update_k8,pg19,3,0,40,0,32,4,0,0,,0,0,0.0
no_update_k8,pg19,3,0,41,0,32,0,0,0,,0,0,0.0
no_update_k8,pg19,3,0,42,0,32,0,0,0,,0,0,0.0
no_update_k8,pg19,3,0,43,0,32,0,0,0,,0,0,0.0
no_update_k8,pg19,3,0,44,0,32,0,0,0,,0,0,0.0
no_update_k8,pg19,3,0,45,0,32,0,0,0,,0,0,0.0
no_update_k8,pg19,3,0,46,0,32,0,0,0,,0,0,0.0
no_update_k8,pg19,3,0,47,0,32,0,0,0,,0,0,0.0
no_update_k8,pg19,3,0,48,0,32,0,0,0,,0,0,0.0
no_update_k8,pg19,3,0,49,0,32,1,0,0,,0,0,0.0
no_update_k8,pg19,3,0,50,0,32,1,0,0,,0,0,0.0
no_update_k8,pg19,3,0,51,0,32,2,0,0,,0,0,0.0
no_update_k8,pg19,3,0,52,0,32,2,0,0,,0,0,0.0
no_update_k8,pg19,3,0,53,0,32,0,0,0,,0,0,0.0
no_update_k8,pg19,3,0,54,0,32,4,0,0,,0,0,0.0
no_update_k8,pg19,3,0,55,0,32,2,0,0,,0,0,0.0
no_update_k8,pg19,3,0,56,0,32,0,0,0,,0,0,0.0
no_update_k8,pg19,3,0,57,0,32,1,0,0,,0,0,0.0
no_update_k8,pg19,3,0,58,0,32,1,0,0,,0,0,0.0
no_update_k8,pg19,3,0,59,0,32,2,0,0,,0,0,0.0
no_update_k8,pg19,3,0,60,0,32,0,0,0,,0,0,0.0
no_update_k8,pg19,3,0,61,0,32,3,0,0,,0,0,0.0
no_update_k8,pg19,3,0,62,0,32,1,0,0,,0,0,0.0
no_update_k8,pg19,3,0,63,0,32,1,0,0,,0,0,0.0
no_update_k8,pg19,3,0,64,0,32,1,0,0,,0,0,0.0
no_update_k8,pg19,3,0,65,0,32,1,0,0,,0,0,0.0
no_update_k8,pg19,3,0,66,0,32,1,0,0,,0,0,0.0
no_update_k8,pg19,3,0,67,0,32,4,0,0,,0,0,0.0
no_update_k8,pg19,3,0,68,0,32,0,0,0,,0,0,0.0
no_update_k8,pg19,3,0,69,0,32,2,0,0,,0,0,0.0
no_update_k8,pg19,3,0,70,0,32,0,0,0,,0,0,0.0
no_update_k8,pg19,3,0,71,0,32,1,0,0,,0,0,0.0
no_update_k8,pg19,3,0,72,0,32,3,0,0,,0,0,0.0
no_update_k8,pg19,3,0,73,0,32,1,0,0,,0,0,0.0
no_update_k8,pg19,3,0,74,0,32,0,0,0,,0,0,0.0
no_update_k8,pg19,3,0,75,0,32,0,0,0,,0,0,0.0
no_update_k8,pg19,3,0,76,0,32,0,0,0,,0,0,0.0
no_update_k8,pg19,3,0,77,0,32,0,0,0,,0,0,0.0
no_update_k8,pg19,3,0,78,0,32,0,0,0,,0,0,0.0
no_update_k8,pg19,3,0,79,0,32,1,0,0,,0,0,0.0
no_update_k8,pg19,3,0,80,0,32,0,0,0,,0,0,0.0
no_update_k8,pg19,3,0,81,0,32,1,0,0,,0,0,0.0
no_update_k8,pg19,3,0,82,0,32,1,0,0,,0,0,0.0
no_update_k8,pg19,3,0,83,0,32,0,0,0,,0,0,0.0
no_update_k8,pg19,3,0,84,0,32,0,0,0,,0,0,0.0
no_update_k8,pg19,3,0,85,0,32,0,0,0,,0,0,0.0
no_update_k8,pg19,3,0,86,0,32,1,0,0,,0,0,0.0
no_update_k8,pg19,3,0,87,0,32,3,0,0,,0,0,0.0
no_update_k8,pg19,3,0,88,0,32,2,0,0,,0,0,0.0
no_update_k8,pg19,3,0,89,0,32,4,0,0,,0,0,0.0
no_update_k8,pg19,3,0,90,0,32,0,0,0,,0,0,0.0
no_update_k8,pg19,3,0,91,0,32,0,0,0,,0,0,0.0
no_update_k8,pg19,3,0,92,0,32,4,0,0,,0,0,0.0
no_update_k8,pg19,3,0,93,0,32,2,0,0,,0,0,0.0
no_update_k8,pg19,3,0,94,0,32,2,0,0,,0,0,0.0
no_update_k8,pg19,3,0,95,0,32,2,0,0,,0,0,0.0
no_update_k8,pg19,3,0,96,0,32,0,0,0,,0,0,0.0
no_update_k8,pg19,3,0,97,0,32,0,0,0,,0,0,0.0
no_update_k8,pg19,3,0,98,0,32,0,0,0,,0,0,0.0
no_update_k8,pg19,3,0,99,0,32,0,0,0,,0,0,0.0
no_update_k8,pg19,3,0,100,0,32,3,0,0,,0,0,0.0
no_update_k8,pg19,3,0,101,0,32,3,0,0,,0,0,0.0
no_update_k8,pg19,3,0,102,0,32,2,0,0,,0,0,0.0
no_update_k8,pg19,3,0,103,0,32,0,0,0,,0,0,0.0
no_update_k8,pg19,3,0,104,0,32,0,0,0,,0,0,0.0
no_update_k8,pg19,3,0,105,0,32,0,0,0,,0,0,0.0
no_update_k8,pg19,3,0,106,0,32,0,0,0,,0,0,0.0
no_update_k8,pg19,3,0,107,0,32,1,0,0,,0,0,0.0
no_update_k8,pg19,3,0,108,0,32,1,0,0,,0,0,0.0
no_update_k8,pg19,3,0,109,0,32,0,0,0,,0,0,0.0
no_update_k8,pg19,3,0,110,0,32,4,0,0,,0,0,0.0
no_update_k8,pg19,3,0,111,0,32,0,0,0,,0,0,0.0
no_update_k8,pg19,3,0,112,0,32,2,0,0,,0,0,0.0
no_update_k8,pg19,3,0,113,0,32,2,0,0,,0,0,0.0
no_update_k8,pg19,3,0,114,0,32,0,0,0,,0,0,0.0
no_update_k8,pg19,3,0,115,0,32,4,0,0,,0,0,0.0
no_update_k8,pg19,3,0,116,0,32,2,0,0,,0,0,0.0
no_update_k8,pg19,3,0,117,0,32,2,0,0,,0,0,0.0
no_update_k8,pg19,3,0,118,0,32,2,0,0,,0,0,0.0
no_update_k8,pg19,3,0,119,0,32,0,0,0,,0,0,0.0
no_update_k8,pg19,3,0,120,0,32,2,0,0,,0,0,0.0
no_update_k8,pg19,3,0,121,0,32,4,0,0,,0,0,0.0
no_update_k8,pg19,3,0,122,0,32,0,0,0,,0,0,0.0
no_update_k8,pg19,3,0,123,0,32,3,0,0,,0,0,0.0
no_update_k8,pg19,3,0,124,0,32,4,0,0,,0,0,0.0
no_update_k8,pg19,3,0,125,0,32,4,0,0,,0,0,0.0
no_update_k8,pg19,3,0,126,0,32,2,0,0,,0,0,0.0
no_update_k8,pg19,3,0,127,0,32,1,0,0,,0,0,0.0
no_update_k8,pg19,3,0,128,0,32,2,0,0,,0,0,0.0
no_update_k8,pg19,3,0,129,0,32,1,0,0,,0,0,0.0
no_update_k8,pg19,3,0,130,0,32,0,0,0,,0,0,0.0
no_update_k8,pg19,3,0,131,0,32,0,0,0,,0,0,0.0
no_update_k8,pg19,3,0,132,0,32,0,0,0,,0,0,0.0
no_update_k8,pg19,3,0,133,0,32,1,0,0,,0,0,0.0
no_update_k8,pg19,3,0,134,0,32,1,0,0,,0,0,0.0
no_update_k8,pg19,3,0,135,0,32,2,0,0,,0,0,0.0
no_update_k8,pg19,3,0,136,0,32,0,0,0,,0,0,0.0
no_update_k8,pg19,3,0,137,0,32,0,0,0,,0,0,0.0
no_update_k8,pg19,3,0,138,0,32,3,0,0,,0,0,0.0
no_update_k8,pg19,3,0,139,0,32,0,0,0,,0,0,0.0
no_update_k8,pg19,3,0,140,0,32,2,0,0,,0,0,0.0
no_update_k8,pg19,3,0,141,0,32,0,0,0,,0,0,0.0
no_update_k8,pg19,3,0,142,0,32,0,0,0,,0,0,0.0
no_update_k8,pg19,3,0,143,0,32,0,0,0,,0,0,0.0
no_update_k8,pg19,3,0,144,0,32,2,0,0,,0,0,0.0
no_update_k8,pg19,3,0,145,0,32,0,0,0,,0,0,0.0
no_update_k8,pg19,3,0,146,0,32,2,0,0,,0,0,0.0
no_update_k8,pg19,3,0,147,0,32,0,0,0,,0,0,0.0
no_update_k8,pg19,3,0,148,0,32,1,0,0,,0,0,0.0
no_update_k8,pg19,3,0,149,0,32,0,0,0,,0,0,0.0
no_update_k8,pg19,3,0,150,0,32,2,0,0,,0,0,0.0
no_update_k8,pg19,3,0,151,0,32,0,0,0,,0,0,0.0
no_update_k8,pg19,3,0,152,0,32,0,0,0,,0,0,0.0
no_update_k8,pg19,3,0,153,0,32,2,0,0,,0,0,0.0
no_update_k8,pg19,3,0,154,0,32,0,0,0,,0,0,0.0
no_update_k8,pg19,3,0,155,0,32,0,0,0,,0,0,0.0
no_update_k8,pg19,3,0,156,0,32,4,0,0,,0,0,0.0
no_update_k8,pg19,3,0,157,0,32,1,0,0,,0,0,0.0
no_update_k8,pg19,3,0,158,0,32,2,0,0,,0,0,0.0
no_update_k8,pg19,3,0,159,0,32,1,0,0,,0,0,0.0
no_update_k8,pg19,3,0,160,0,32,3,0,0,,0,0,0.0
no_update_k8,pg19,3,0,161,0,32,1,0,0,,0,0,0.0
no_update_k8,pg19,3,0,162,0,32,1,0,0,,0,0,0.0
no_update_k8,pg19,3,0,163,0,32,4,0,0,,0,0,0.0
no_update_k8,pg19,3,0,164,0,32,2,0,0,,0,0,0.0
no_update_k8,pg19,3,0,165,0,32,4,0,0,,0,0,0.0
no_update_k8,pg19,3,0,166,0,32,0,0,0,,0,0,0.0
no_update_k8,pg19,3,0,167,0,32,1,0,0,,0,0,0.0
no_update_k8,pg19,3,0,168,0,32,4,0,0,,0,0,0.0
no_update_k8,pg19,3,0,169,0,32,0,0,0,,0,0,0.0
no_update_k8,pg19,3,0,170,0,32,2,0,0,,0,0,0.0
no_update_k8,pg19,3,0,171,0,32,2,0,0,,0,0,0.0
no_update_k8,pg19,3,0,172,0,32,0,0,0,,0,0,0.0
no_update_k8,pg19,3,0,173,0,32,2,0,0,,0,0,0.0
no_update_k8,pg19,3,0,174,0,32,0,0,0,,0,0,0.0
no_update_k8,pg19,3,0,175,0,32,0,0,0,,0,0,0.0
no_update_k8,pg19,3,0,176,0,32,3,0,0,,0,0,0.0
no_update_k8,pg19,3,0,177,0,32,4,0,0,,0,0,0.0
no_update_k8,pg19,3,0,178,0,32,4,0,0,,0,0,0.0
no_update_k8,pg19,3,0,179,0,32,0,0,0,,0,0,0.0
no_update_k8,pg19,3,0,180,0,32,1,0,0,,0,0,0.0
no_update_k8,pg19,3,0,181,0,32,2,0,0,,0,0,0.0
no_update_k8,pg19,3,0,182,0,32,0,0,0,,0,0,0.0
no_update_k8,pg19,3,0,183,0,32,0,0,0,,0,0,0.0
no_update_k8,pg19,3,0,184,0,32,3,0,0,,0,0,0.0
no_update_k8,pg19,3,0,185,0,32,1,0,0,,0,0,0.0
no_update_k8,pg19,3,0,186,0,32,1,0,0,,0,0,0.0
no_update_k8,pg19,3,0,187,0,32,1,0,0,,0,0,0.0
no_update_k8,pg19,3,0,188,0,32,1,0,0,,0,0,0.0
no_update_k8,pg19,3,0,189,0,32,2,0,0,,0,0,0.0
no_update_k8,pg19,3,0,190,0,32,0,0,0,,0,0,0.0
no_update_k8,pg19,3,0,191,0,32,1,0,0,,0,0,0.0
no_update_k8,pg19,3,0,192,0,32,1,0,0,,0,0,0.0
no_update_k8,pg19,3,0,193,0,32,4,0,0,,0,0,0.0
no_update_k8,pg19,3,0,194,0,32,0,0,0,,0,0,0.0
no_update_k8,pg19,3,0,195,0,32,4,0,0,,0,0,0.0
no_update_k8,pg19,3,0,196,0,32,3,0,0,,0,0,0.0
no_update_k8,pg19,3,0,197,0,32,1,0,0,,0,0,0.0
no_update_k8,pg19,3,0,198,0,32,0,0,0,,0,0,0.0
no_update_k8,pg19,3,0,199,0,32,1,0,0,,0,0,0.0
no_update_k8,pg19,3,0,200,0,32,1,0,0,,0,0,0.0
no_update_k8,pg19,3,0,201,0,32,2,0,0,,0,0,0.0
no_update_k8,pg19,3,0,202,0,32,2,0,0,,0,0,0.0
no_update_k8,pg19,3,0,203,0,32,3,0,0,,0,0,0.0
no_update_k8,pg19,3,0,204,0,32,1,0,0,,0,0,0.0
no_update_k8,pg19,3,0,205,0,32,4,0,0,,0,0,0.0
no_update_k8,pg19,3,0,206,0,32,4,0,0,,0,0,0.0
no_update_k8,pg19,3,0,207,0,32,2,0,0,,0,0,0.0
no_update_k8,pg19,3,0,208,0,32,2,0,0,,0,0,0.0
no_update_k8,pg19,3,0,209,0,32,0,0,0,,0,0,0.0
no_update_k8,pg19,3,0,210,0,32,3,0,0,,0,0,0.0
no_update_k8,pg19,3,0,211,0,32,1,0,0,,0,0,0.0
no_update_k8,pg19,3,0,212,0,32,1,0,0,,0,0,0.0
no_update_k8,pg19,3,0,213,0,32,4,0,0,,0,0,0.0
no_update_k8,pg19,3,0,214,0,32,4,0,0,,0,0,0.0
no_update_k8,pg19,3,0,215,0,32,0,0,0,,0,0,0.0
no_update_k8,pg19,3,0,216,0,32,4,0,0,,0,0,0.0
no_update_k8,pg19,3,0,217,0,32,0,0,0,,0,0,0.0
no_update_k8,pg19,3,0,218,0,32,2,0,0,,0,0,0.0
no_update_k8,pg19,3,0,219,0,32,0,0,0,,0,0,0.0
no_update_k8,pg19,3,0,220,0,32,1,0,0,,0,0,0.0
no_update_k8,pg19,3,0,221,0,32,2,0,0,,0,0,0.0
no_update_k8,pg19,3,0,222,0,32,3,0,0,,0,0,0.0
no_update_k8,pg19,3,0,223,0,32,4,0,0,,0,0,0.0
no_update_k16,pg19,3,0,0,0,32,1,0,0,,0,0,0.0
no_update_k16,pg19,3,0,1,0,32,1,0,0,,0,0,0.0
no_update_k16,pg19,3,0,2,0,32,2,0,0,,0,0,0.0
no_update_k16,pg19,3,0,3,0,32,1,0,0,,0,0,0.0
no_update_k16,pg19,3,0,4,0,32,1,0,0,,0,0,0.0
no_update_k16,pg19,3,0,5,0,32,0,0,0,,0,0,0.0
no_update_k16,pg19,3,0,6,0,32,1,0,0,,0,0,0.0
no_update_k16,pg19,3,0,7,0,32,2,0,0,,0,0,0.0
no_update_k16,pg19,3,0,8,0,32,1,0,0,,0,0,0.0
no_update_k16,pg19,3,0,9,0,32,1,0,0,,0,0,0.0
no_update_k16,pg19,3,0,10,0,32,1,0,0,,0,0,0.0
no_update_k16,pg19,3,0,11,0,32,3,0,0,,0,0,0.0
no_update_k16,pg19,3,0,12,0,32,0,0,0,,0,0,0.0
no_update_k16,pg19,3,0,13,0,32,0,0,0,,0,0,0.0
no_update_k16,pg19,3,0,14,0,32,0,0,0,,0,0,0.0
no_update_k16,pg19,3,0,15,0,32,0,0,0,,0,0,0.0
no_update_k16,pg19,3,0,16,0,32,0,0,0,,0,0,0.0
no_update_k16,pg19,3,0,17,0,32,1,0,0,,0,0,0.0
no_update_k16,pg19,3,0,18,0,32,4,0,0,,0,0,0.0
no_update_k16,pg19,3,0,19,0,32,0,0,0,,0,0,0.0
no_update_k16,pg19,3,0,20,0,32,1,0,0,,0,0,0.0
no_update_k16,pg19,3,0,21,0,32,0,0,0,,0,0,0.0
no_update_k16,pg19,3,0,22,0,32,1,0,0,,0,0,0.0
no_update_k16,pg19,3,0,23,0,32,1,0,0,,0,0,0.0
no_update_k16,pg19,3,0,24,0,32,0,0,0,,0,0,0.0
no_update_k16,pg19,3,0,25,0,32,0,0,0,,0,0,0.0
no_update_k16,pg19,3,0,26,0,32,0,0,0,,0,0,0.0
no_update_k16,pg19,3,0,27,0,32,1,0,0,,0,0,0.0
no_update_k16,pg19,3,0,28,0,32,3,0,0,,0,0,0.0
no_update_k16,pg19,3,0,29,0,32,0,0,0,,0,0,0.0
no_update_k16,pg19,3,0,30,0,32,0,0,0,,0,0,0.0
no_update_k16,pg19,3,0,31,0,32,0,0,0,,0,0,0.0
no_update_k16,pg19,3,0,32,0,32,0,0,0,,0,0,0.0
no_update_k16,pg19,3,0,33,0,32,1,0,0,,0,0,0.0
no_update_k16,pg19,3,0,34,0,32,0,0,0,,0,0,0.0
no_update_k16,pg19,3,0,35,0,32,0,0,0,,0,0,0.0
no_update_k16,pg19,3,0,36,0,32,3,0,0,,0,0,0.0
no_update_k16,pg19,3,0,37,0,32,0,0,0,,0,0,0.0
no_update_k16,pg19,3,0,38,0,32,1,0,0,,0,0,0.0
no_update_k16,pg19,3,0,39,0,32,0,0,0,,0,0,0.0
no_update_k16,pg19,3,0,40,0,32,0,0,0,,0,0,0.0
no_update_k16,pg19,3,0,41,0,32,0,0,0,,0,0,0.0
no_update_k16,pg19,3,0,42,0,32,0,0,0,,0,0,0.0
no_update_k16,pg19,3,0,43,0,32,0,0,0,,0,0,0.0
no_update_k16,pg19,3,0,44,0,32,0,0,0,,0,0,0.0
no_update_k16,pg19,3,0,45,0,32,0,0,0,,0,0,0.0
no_update_k16,pg19,3,0,46,0,32,0,0,0,,0,0,0.0
no_update_k16,pg19,3,0,47,0,32,1,0,0,,0,0,0.0
no_update_k16,pg19,3,0,48,0,32,1,0,0,,0,0,0.0
no_update_k16,pg19,3,0,49,0,32,2,0,0,,0,0,0.0
no_update_k16,pg19,3,0,50,0,32,0,0,0,,0,0,0.0
no_update_k16,pg19,3,0,51,0,32,2,0,0,,0,0,0.0
no_update_k16,pg19,3,0,52,0,32,3,0,0,,0,0,0.0
no_update_k16,pg19,3,0,53,0,32,0,0,0,,0,0,0.0
no_update_k16,pg19,3,0,54,0,32,2,0,0,,0,0,0.0
no_update_k16,pg19,3,0,55,0,32,0,0,0,,0,0,0.0
no_update_k16,pg19,3,0,56,0,32,4,0,0,,0,0,0.0
no_update_k16,pg19,3,0,57,0,32,2,0,0,,0,0,0.0
no_update_k16,pg19,3,0,58,0,32,1,0,0,,0,0,0.0
no_update_k16,pg19,3,0,59,0,32,0,0,0,,0,0,0.0
no_update_k16,pg19,3,0,60,0,32,0,0,0,,0,0,0.0
no_update_k16,pg19,3,0,61,0,32,1,0,0,,0,0,0.0
no_update_k16,pg19,3,0,62,0,32,0,0,0,,0,0,0.0
no_update_k16,pg19,3,0,63,0,32,4,0,0,,0,0,0.0
no_update_k16,pg19,3,0,64,0,32,3,0,0,,0,0,0.0
no_update_k16,pg19,3,0,65,0,32,1,0,0,,0,0,0.0
no_update_k16,pg19,3,0,66,0,32,4,0,0,,0,0,0.0
no_update_k16,pg19,3,0,67,0,32,2,0,0,,0,0,0.0
no_update_k16,pg19,3,0,68,0,32,3,0,0,,0,0,0.0
no_update_k16,pg19,3,0,69,0,32,0,0,0,,0,0,0.0
no_update_k16,pg19,3,0,70,0,32,0,0,0,,0,0,0.0
no_update_k16,pg19,3,0,71,0,32,4,0,0,,0,0,0.0
no_update_k16,pg19,3,0,72,0,32,1,0,0,,0,0,0.0
no_update_k16,pg19,3,0,73,0,32,1,0,0,,0,0,0.0
no_update_k16,pg19,3,0,74,0,32,1,0,0,,0,0,0.0
no_update_k16,pg19,3,0,75,0,32,1,0,0,,0,0,0.0
no_update_k16,pg19,3,0,76,0,32,0,0,0,,0,0,0.0
no_update_k16,pg19,3,0,77,0,32,0,0,0,,0,0,0.0
no_update_k16,pg19,3,0,78,0,32,0,0,0,,0,0,0.0
no_update_k16,pg19,3,0,79,0,32,3,0,0,,0,0,0.0
no_update_k16,pg19,3,0,80,0,32,2,0,0,,0,0,0.0
no_update_k16,pg19,3,0,81,0,32,0,0,0,,0,0,0.0
no_update_k16,pg19,3,0,82,0,32,4,0,0,,0,0,0.0
no_update_k16,pg19,3,0,83,0,32,3,0,0,,0,0,0.0
no_update_k16,pg19,3,0,84,0,32,3,0,0,,0,0,0.0
no_update_k16,pg19,3,0,85,0,32,4,0,0,,0,0,0.0
no_update_k16,pg19,3,0,86,0,32,1,0,0,,0,0,0.0
no_update_k16,pg19,3,0,87,0,32,4,0,0,,0,0,0.0
no_update_k16,pg19,3,0,88,0,32,0,0,0,,0,0,0.0
no_update_k16,pg19,3,0,89,0,32,4,0,0,,0,0,0.0
no_update_k16,pg19,3,0,90,0,32,1,0,0,,0,0,0.0
no_update_k16,pg19,3,0,91,0,32,1,0,0,,0,0,0.0
no_update_k16,pg19,3,0,92,0,32,1,0,0,,0,0,0.0
no_update_k16,pg19,3,0,93,0,32,0,0,0,,0,0,0.0
no_update_k16,pg19,3,0,94,0,32,0,0,0,,0,0,0.0
no_update_k16,pg19,3,0,95,0,32,2,0,0,,0,0,0.0
no_update_k16,pg19,3,0,96,0,32,4,0,0,,0,0,0.0
no_update_k16,pg19,3,0,97,0,32,2,0,0,,0,0,0.0
no_update_k16,pg19,3,0,98,0,32,2,0,0,,0,0,0.0
no_update_k16,pg19,3,0,99,0,32,4,0,0,,0,0,0.0
no_update_k16,pg19,3,0,100,0,32,0,0,0,,0,0,0.0
no_update_k16,pg19,3,0,101,0,32,2,0,0,,0,0,0.0
no_update_k16,pg19,3,0,102,0,32,0,0,0,,0,0,0.0
no_update_k16,pg19,3,0,103,0,32,0,0,0,,0,0,0.0
no_update_k16,pg19,3,0,104,0,32,0,0,0,,0,0,0.0
no_update_k16,pg19,3,0,105,0,32,4,0,0,,0,0,0.0
no_update_k16,pg19,3,0,106,0,32,1,0,0,,0,0,0.0
no_update_k16,pg19,3,0,107,0,32,0,0,0,,0,0,0.0
no_update_k16,pg19,3,0,108,0,32,4,0,0,,0,0,0.0
no_update_k16,pg19,3,0,109,0,32,0,0,0,,0,0,0.0
no_update_k16,pg19,3,0,110,0,32,0,0,0,,0,0,0.0
no_update_k16,pg19,3,0,111,0,32,0,0,0,,0,0,0.0
no_update_k16,pg19,3,0,112,0,32,4,0,0,,0,0,0.0
no_update_k16,pg19,3,0,113,0,32,2,0,0,,0,0,0.0
no_update_k16,pg19,3,0,114,0,32,4,0,0,,0,0,0.0
no_update_k16,pg19,3,0,115,0,32,1,0,0,,0,0,0.0
no_update_k16,pg19,3,0,116,0,32,4,0,0,,0,0,0.0
no_update_k16,pg19,3,0,117,0,32,4,0,0,,0,0,0.0
no_update_k16,pg19,3,0,118,0,32,4,0,0,,0,0,0.0
no_update_k16,pg19,3,0,119,0,32,2,0,0,,0,0,0.0
no_update_k16,pg19,3,0,120,0,32,0,0,0,,0,0,0.0
no_update_k16,pg19,3,0,121,0,32,3,0,0,,0,0,0.0
no_update_k16,pg19,3,0,122,0,32,1,0,0,,0,0,0.0
no_update_k16,pg19,3,0,123,0,32,3,0,0,,0,0,0.0
no_update_k16,pg19,3,0,124,0,32,1,0,0,,0,0,0.0
no_update_k16,pg19,3,0,125,0,32,1,0,0,,0,0,0.0
no_update_k16,pg19,3,0,126,0,32,4,0,0,,0,0,0.0
no_update_k16,pg19,3,0,127,0,32,2,0,0,,0,0,0.0
no_update_k16,pg19,3,0,128,0,32,1,0,0,,0,0,0.0
no_update_k16,pg19,3,0,129,0,32,1,0,0,,0,0,0.0
no_update_k16,pg19,3,0,130,0,32,4,0,0,,0,0,0.0
no_update_k16,pg19,3,0,131,0,32,0,0,0,,0,0,0.0
no_update_k16,pg19,3,0,132,0,32,0,0,0,,0,0,0.0
no_update_k16,pg19,3,0,133,0,32,0,0,0,,0,0,0.0
no_update_k16,pg19,3,0,134,0,32,2,0,0,,0,0,0.0
no_update_k16,pg19,3,0,135,0,32,4,0,0,,0,0,0.0
no_update_k16,pg19,3,0,136,0,32,4,0,0,,0,0,0.0
no_update_k16,pg19,3,0,137,0,32,1,0,0,,0,0,0.0
no_update_k16,pg19,3,0,138,0,32,0,0,0,,0,0,0.0
no_update_k16,pg19,3,0,139,0,32,1,0,0,,0,0,0.0
no_update_k16,pg19,3,0,140,0,32,1,0,0,,0,0,0.0
no_update_k16,pg19,3,0,141,0,32,4,0,0,,0,0,0.0
no_update_k16,pg19,3,0,142,0,32,4,0,0,,0,0,0.0
no_update_k16,pg19,3,0,143,0,32,2,0,0,,0,0,0.0
no_update_k16,pg19,3,0,144,0,32,4,0,0,,0,0,0.0
no_update_k16,pg19,3,0,145,0,32,4,0,0,,0,0,0.0
no_update_k16,pg19,3,0,146,0,32,2,0,0,,0,0,0.0
no_update_k16,pg19,3,0,147,0,32,0,0,0,,0,0,0.0
no_update_k16,pg19,3,0,148,0,32,1,0,0,,0,0,0.0
no_update_k16,pg19,3,0,149,0,32,2,0,0,,0,0,0.0
no_update_k16,pg19,3,0,150,0,32,4,0,0,,0,0,0.0
no_update_k16,pg19,3,0,151,0,32,4,0,0,,0,0,0.0
no_update_k16,pg19,3,0,152,0,32,2,0,0,,0,0,0.0
no_update_k16,pg19,3,0,153,0,32,2,0,0,,0,0,0.0
no_update_k16,pg19,3,0,154,0,32,1,0,0,,0,0,0.0
no_update_k16,pg19,3,0,155,0,32,2,0,0,,0,0,0.0
no_update_k16,pg19,3,0,156,0,32,4,0,0,,0,0,0.0
no_update_k16,pg19,3,0,157,0,32,0,0,0,,0,0,0.0
no_update_k16,pg19,3,0,158,0,32,3,0,0,,0,0,0.0
no_update_k16,pg19,3,0,159,0,32,2,0,0,,0,0,0.0
no_update_k16,pg19,3,0,160,0,32,3,0,0,,0,0,0.0
no_update_k16,pg19,3,0,161,0,32,1,0,0,,0,0,0.0
no_update_k16,pg19,3,0,162,0,32,1,0,0,,0,0,0.0
no_update_k16,pg19,3,0,163,0,32,1,0,0,,0,0,0.0
no_update_k16,pg19,3,0,164,0,32,1,0,0,,0,0,0.0
no_update_k16,pg19,3,0,165,0,32,1,0,0,,0,0,0.0
no_update_k16,pg19,3,0,166,0,32,4,0,0,,0,0,0.0
no_update_k16,pg19,3,0,167,0,32,3,0,0,,0,0,0.0
no_update_k16,pg19,3,0,168,0,32,0,0,0,,0,0,0.0
no_update_k16,pg19,3,0,169,0,32,0,0,0,,0,0,0.0
no_update_k16,pg19,3,0,170,0,32,1,0,0,,0,0,0.0
no_update_k16,pg19,3,0,171,0,32,4,0,0,,0,0,0.0
no_update_k16,pg19,3,0,172,0,32,4,0,0,,0,0,0.0
no_update_k16,pg19,3,0,173,0,32,3,0,0,,0,0,0.0
no_update_k16,pg19,3,0,174,0,32,2,0,0,,0,0,0.0
no_update_k16,pg19,3,0,175,0,32,4,0,0,,0,0,0.0
no_update_k16,pg19,3,0,176,0,32,4,0,0,,0,0,0.0
no_update_k16,pg19,3,0,177,0,32,1,0,0,,0,0,0.0
no_update_k16,pg19,3,0,178,0,32,1,0,0,,0,0,0.0
no_update_k16,pg19,3,0,179,0,32,2,0,0,,0,0,0.0
no_update_k16,pg19,3,0,180,0,32,1,0,0,,0,0,0.0
no_update_k16,pg19,3,0,181,0,32,1,0,0,,0,0,0.0
no_update_k16,pg19,3,0,182,0,32,0,0,0,,0,0,0.0
no_update_k16,pg19,3,0,183,0,32,1,0,0,,0,0,0.0
no_update_k16,pg19,3,0,184,0,32,4,0,0,,0,0,0.0
no_update_k16,pg19,3,0,185,0,32,0,0,0,,0,0,0.0
no_update_k16,pg19,3,0,186,0,32,1,0,0,,0,0,0.0
no_update_k16,pg19,3,0,187,0,32,0,0,0,,0,0,0.0
no_update_k16,pg19,3,0,188,0,32,0,0,0,,0,0,0.0
no_update_k16,pg19,3,0,189,0,32,0,0,0,,0,0,0.0
no_update_k16,pg19,3,0,190,0,32,1,0,0,,0,0,0.0
no_update_k16,pg19,3,0,191,0,32,1,0,0,,0,0,0.0
no_update_k16,pg19,3,0,192,0,32,1,0,0,,0,0,0.0
no_update_k16,pg19,3,0,193,0,32,0,0,0,,0,0,0.0
no_update_k16,pg19,3,0,194,0,32,0,0,0,,0,0,0.0
no_update_k16,pg19,3,0,195,0,32,1,0,0,,0,0,0.0
no_update_k16,pg19,3,0,196,0,32,3,0,0,,0,0,0.0
no_update_k16,pg19,3,0,197,0,32,0,0,0,,0,0,0.0
no_update_k16,pg19,3,0,198,0,32,1,0,0,,0,0,0.0
no_update_k16,pg19,3,0,199,0,32,0,0,0,,0,0,0.0
no_update_k16,pg19,3,0,200,0,32,1,0,0,,0,0,0.0
no_update_k16,pg19,3,0,201,0,32,1,0,0,,0,0,0.0
no_update_k16,pg19,3,0,202,0,32,0,0,0,,0,0,0.0
no_update_k16,pg19,3,0,203,0,32,1,0,0,,0,0,0.0
no_update_k16,pg19,3,0,204,0,32,1,0,0,,0,0,0.0
no_update_k16,pg19,3,0,205,0,32,3,0,0,,0,0,0.0
no_update_k16,pg19,3,0,206,0,32,4,0,0,,0,0,0.0
