network,method,method_family,prompt_type,prompt_id,detail_index,tokens,total_ms,overhead_ms,server_ms,http_ms,ul_ms,dl_ms,round_id,K,drafted,accepted,draft_time_ms,server_time_ms,rtt_ms,correction,verify_prefix_len,verify_draft_len,verify_input_len,slot_id,draft_ms,verify_ms,tree_branch_width,selected_offset,stale_branches,base_accepted,base_draft_ms,branch_draft_ms,streamed_branch_tokens,exposed_branch_ms,active_spec_branches,base_wait_ms,total_wait_ms,prefetched_tokens
good,direct,direct,gsm8k,1,0,128.0,2940.549378000059,25.125799999999998,2913.2041931152344,2915.423578000059,12.584533333333333,12.541266666666667,,,,,,,,,,,,,,,,,,,,,,,,,,
good,sync_k8,sync_spec,gsm8k,1,0,,,,,,,,0.0,8.0,8.0,8.0,37.65606880187988,38.37132453918457,67.08933066664834,13.0,67.0,8.0,75.0,,,,,,,,,,,,,,,
good,sync_k8,sync_spec,gsm8k,1,1,,,,,,,,1.0,8.0,8.0,8.0,38.28763961791992,40.662527084350586,68.49919833339158,582.0,76.0,8.0,84.0,,,,,,,,,,,,,,,
good,sync_k8,sync_spec,gsm8k,1,2,,,,,,,,2.0,8.0,8.0,8.0,36.93747520446777,41.6257381439209,68.4607906666395,20517.0,85.0,8.0,93.0,,,,,,,,,,,,,,,
good,sync_k8,sync_spec,gsm8k,1,3,,,,,,,,3.0,8.0,8.0,2.0,36.041975021362305,45.08686065673828,71.5684859999977,518.0,94.0,8.0,102.0,,,,,,,,,,,,,,,
good,sync_k8,sync_spec,gsm8k,1,4,,,,,,,,4.0,8.0,8.0,8.0,32.76205062866211,45.2880859375,71.81338866660843,17.0,97.0,8.0,105.0,,,,,,,,,,,,,,,
good,sync_k8,sync_spec,gsm8k,1,5,,,,,,,,5.0,8.0,8.0,8.0,35.67934036254883,49.79991912841797,76.88812333330439,33367.0,106.0,8.0,114.0,,,,,,,,,,,,,,,
good,sync_k8,sync_spec,gsm8k,1,6,,,,,,,,6.0,8.0,8.0,8.0,36.56768798828125,51.427364349365234,78.3382433332958,13.0,115.0,8.0,123.0,,,,,,,,,,,,,,,
good,sync_k8,sync_spec,gsm8k,1,7,,,,,,,,7.0,8.0,8.0,3.0,35.57014465332031,56.52809143066406,83.18424399998815,504.0,124.0,8.0,132.0,,,,,,,,,,,,,,,
good,sync_k8,sync_spec,gsm8k,1,8,,,,,,,,8.0,8.0,8.0,3.0,41.92042350769043,55.74631690979004,82.32449133336657,369.0,128.0,8.0,136.0,,,,,,,,,,,,,,,
good,sync_k8,sync_spec,gsm8k,1,9,,,,,,,,9.0,8.0,8.0,0.0,35.550594329833984,55.68504333496094,81.92967033341671,4392.0,132.0,8.0,140.0,,,,,,,,,,,,,,,
good,sync_k8,sync_spec,gsm8k,1,10,,,,,,,,10.0,8.0,8.0,4.0,34.72161293029785,55.99403381347656,82.20375166658948,624.0,133.0,8.0,141.0,,,,,,,,,,,,,,,
good,sync_k8,sync_spec,gsm8k,1,11,,,,,,,,11.0,8.0,8.0,2.0,34.494638442993164,60.340166091918945,86.6660143333294,7169.0,138.0,8.0,146.0,,,,,,,,,,,,,,,
good,sync_k8,sync_spec,gsm8k,1,12,,,,,,,,12.0,8.0,8.0,2.0,34.43288803100586,64.20421600341797,91.91437266661855,311.0,141.0,8.0,149.0,,,,,,,,,,,,,,,
good,sync_k8,sync_spec,gsm8k,1,13,,,,,,,,13.0,8.0,8.0,2.0,37.14132308959961,63.5831356048584,90.78833366669821,315.0,144.0,8.0,152.0,,,,,,,,,,,,,,,
good,sync_k8,sync_spec,gsm8k,1,14,,,,,,,,14.0,8.0,8.0,4.0,36.53836250305176,64.22114372253418,91.56105533336907,5338.0,147.0,8.0,155.0,,,,,,,,,,,,,,,
good,sync_k8,sync_spec,gsm8k,1,15,,,,,,,,15.0,8.0,8.0,8.0,36.15427017211914,64.92972373962402,91.48484799998346,4392.0,152.0,8.0,160.0,,,,,,,,,,,,,,,
good,sync_k8,sync_spec,gsm8k,1,16,,,,,,,,16.0,8.0,8.0,8.0,37.36400604248047,67.87705421447754,94.81564133326516,3349.0,161.0,8.0,169.0,,,,,,,,,,,,,,,
good,sync_k8,sync_spec,gsm8k,1,17,,,,,,,,17.0,8.0,8.0,8.0,35.85481643676758,71.58493995666504,98.05831233333808,15.0,170.0,8.0,178.0,,,,,,,,,,,,,,,
good,sync_k8,sync_spec,gsm8k,1,18,,,,,,,,18.0,8.0,8.0,8.0,35.37607192993164,72.62182235717773,99.62429766667678,20.0,179.0,8.0,187.0,,,,,,,,,,,,,,,
good,sync_k8,sync_spec,gsm8k,1,19,,,,,,,,19.0,8.0,8.0,8.0,36.67497634887695,77.79884338378906,105.5743356666756,279.0,188.0,8.0,196.0,,,,,,,,,,,,,,,
good,tree_k8_b3,tree_async,gsm8k,1,0,,,,,,,,,,16.0,8.0,,,66.90443866676908,,67.0,8.0,75.0,1.0,92.77450199977011,39.64591026306152,3.0,8.0,2.0,8.0,38.41908799995508,54.35541399981503,8.0,0.0,2.0,66.10687299996698,66.1079049999671,3.0
good,tree_k8_b3,tree_async,gsm8k,1,1,,,,,,,,,,16.0,8.0,,,69.26511599997235,,76.0,8.0,84.0,101.0,86.43410700005916,42.38271713256836,3.0,8.0,2.0,8.0,23.750672999995004,62.68343400006415,8.0,0.0,2.0,68.72430999999324,68.7257929999987,3.0
good,tree_k8_b3,tree_async,gsm8k,1,2,,,,,,,,,,16.0,8.0,,,69.39240199995689,,85.0,8.0,93.0,201.0,96.40412899989315,42.46783256530762,3.0,8.0,2.0,8.0,28.74215600002117,67.66197299987198,8.0,0.0,2.0,68.89417499996853,68.89536699998189,3.0
good,tree_k8_b3,tree_async,gsm8k,1,3,,,,,,,,,,18.0,2.0,,,72.5313673332686,,94.0,8.0,102.0,300.0,91.55972599990037,45.50004005432129,3.0,0.0,2.0,2.0,27.229940999973223,64.32978499992714,10.0,0.0,2.0,72.03172900005939,72.03254000000925,0.0
good,tree_k8_b3,tree_async,gsm8k,1,4,,,,,,,,,,18.0,8.0,,,73.43294966666122,,97.0,8.0,105.0,401.0,103.45280299998194,46.30780220031738,3.0,8.0,2.0,8.0,35.542729999974654,67.91007300000729,10.0,0.0,2.0,72.7446849999751,72.74577699990914,4.0
good,tree_k8_b3,tree_async,gsm8k,1,5,,,,,,,,,,18.0,8.0,,,78.01238533326647,,106.0,8.0,114.0,501.0,91.25345200004631,50.66990852355957,3.0,8.0,2.0,8.0,25.164488999962487,66.08896300008382,10.0,0.9735500000260799,2.0,77.7985689999241,77.79923999999028,4.0
good,tree_k8_b3,tree_async,gsm8k,1,6,,,,,,,,,,20.0,8.0,,,79.88677066667083,,115.0,8.0,123.0,601.0,93.46386800007167,52.005767822265625,3.0,8.0,2.0,8.0,18.564672000024984,74.89919600004669,12.0,0.0,2.0,79.59909199996673,79.59977300004084,5.0
good,tree_k8_b3,tree_async,gsm8k,1,7,,,,,,,,,,20.0,3.0,,,82.83655900003663,,124.0,8.0,132.0,700.0,94.67313599998306,55.33885955810547,3.0,0.0,2.0,3.0,16.08353699998588,78.58959899999718,12.0,0.0,2.0,82.59677600005944,82.59745700001986,0.0
good,tree_k8_b3,tree_async,gsm8k,1,8,,,,,,,,,,24.0,3.0,,,84.25995566665814,,128.0,8.0,136.0,800.0,125.22934100013572,56.77294731140137,3.0,0.0,2.0,3.0,42.37370600003487,82.85563500010085,16.0,0.0,2.0,83.88472800004365,83.88540900000407,0.0
good,tree_k8_b3,tree_async,gsm8k,1,9,,,,,,,,,,24.0,0.0,,,84.59130099990603,,132.0,8.0,140.0,900.0,110.98829800005205,56.99348449707031,3.0,0.0,2.0,0.0,33.87581599997702,77.11248200007503,16.0,0.0,2.0,84.17465100001209,84.17587300004925,0.0
good,tree_k8_b3,tree_async,gsm8k,1,10,,,,,,,,,,24.0,4.0,,,85.31588133337306,,133.0,8.0,141.0,1000.0,104.05068399995798,57.42025375366211,3.0,0.0,2.0,4.0,33.719738000058896,70.33094599989909,16.0,0.0,2.0,84.67912600008276,84.68175100006192,0.0
good,tree_k8_b3,tree_async,gsm8k,1,11,,,,,,,,,,24.0,2.0,,,88.1989376666497,,138.0,8.0,146.0,1100.0,108.05849499990927,60.82487106323242,3.0,0.0,2.0,2.0,33.7352499999497,74.32324499995957,16.0,0.0,2.0,87.45162699995035,87.45213800000329,0.0
good,tree_k8_b3,tree_async,gsm8k,1,12,,,,,,,,,,20.0,2.0,,,87.85455733330656,,141.0,8.0,149.0,1200.0,109.52301300017098,60.607194900512695,3.0,0.0,2.0,2.0,33.846739999944475,75.6762730002265,12.0,0.0,2.0,87.3339949999945,87.33471699997608,0.0
good,tree_k8_b3,tree_async,gsm8k,1,13,,,,,,,,,,22.0,2.0,,,89.1959136665878,,144.0,8.0,152.0,1300.0,121.09978099988439,61.46883964538574,3.0,0.0,2.0,2.0,35.27424699996118,85.82553399992321,14.0,0.0,2.0,88.59313300001759,88.59409499996218,0.0
good,tree_k8_b3,tree_async,gsm8k,1,14,,,,,,,,,,24.0,4.0,,,88.3361683333815,,147.0,8.0,155.0,1400.0,131.17793300011726,61.24067306518555,3.0,0.0,2.0,4.0,44.86484099993504,86.31309200018222,16.0,0.0,2.0,87.78754000002209,87.78843200002484,0.0
good,tree_k8_b3,tree_async,gsm8k,1,15,,,,,,,,,,24.0,8.0,,,89.12579133332395,,152.0,8.0,160.0,1501.0,110.09134899984474,61.600446701049805,3.0,8.0,2.0,8.0,33.10095500000898,76.99039399983576,16.0,0.0,2.0,88.99543299992274,88.99635499994929,7.0
good,tree_k8_b3,tree_async,gsm8k,1,16,,,,,,,,,,24.0,8.0,,,94.64788833335093,,161.0,8.0,169.0,1601.0,64.04894400031935,66.92671775817871,3.0,8.0,2.0,8.0,7.0846959999926185,56.964248000326734,16.0,0.0,2.0,94.47895999994671,94.47994199990717,7.0
good,tree_k8_b3,tree_async,gsm8k,1,17,,,,,,,,,,24.0,8.0,,,99.15988633335562,,170.0,8.0,178.0,1701.0,82.57319799986362,71.08354568481445,3.0,8.0,2.0,8.0,6.490713999937725,76.0824839999259,16.0,0.0,2.0,98.84712699999909,98.84810899995955,7.0
good,tree_k8_b3,tree_async,gsm8k,1,18,,,,,,,,,,24.0,8.0,,,100.25972566668638,,179.0,8.0,187.0,1801.0,85.0448599998117,72.77965545654297,3.0,8.0,2.0,8.0,6.952033999937157,78.09282599987455,16.0,0.0,2.0,99.60429000000204,99.60487099999682,7.0
good,tree_k8_b3,tree_async,gsm8k,1,19,,,,,,,,,,24.0,8.0,,,104.70746666656969,,188.0,8.0,196.0,1901.0,104.97877299997072,76.89404487609863,3.0,8.0,2.0,8.0,7.305490000021564,97.67328299994915,16.0,0.0,2.0,103.98076299998138,103.98154500001056,7.0
good,direct,direct,gsm8k,2,0,128.0,3017.456110666664,25.159066666666668,2988.6341094970703,2992.297043999997,12.6232,12.535866666666667,,,,,,,,,,,,,,,,,,,,,,,,,,
good,sync_k8,sync_spec,gsm8k,2,0,,,,,,,,0.0,8.0,8.0,2.0,38.54012489318848,47.56331443786621,75.2475713332317,279.0,93.0,8.0,101.0,,,,,,,,,,,,,,,
good,sync_k8,sync_spec,gsm8k,2,1,,,,,,,,1.0,8.0,8.0,4.0,37.25719451904297,47.63078689575195,75.67068400003558,279.0,96.0,8.0,104.0,,,,,,,,,,,,,,,
good,sync_k8,sync_spec,gsm8k,2,2,,,,,,,,2.0,8.0,8.0,8.0,37.41312026977539,46.87786102294922,74.55842466665607,1438.0,101.0,8.0,109.0,,,,,,,,,,,,,,,
good,sync_k8,sync_spec,gsm8k,2,3,,,,,,,,3.0,8.0,8.0,8.0,37.90473937988281,52.52242088317871,80.18089033340402,13.0,110.0,8.0,118.0,,,,,,,,,,,,,,,
good,sync_k8,sync_spec,gsm8k,2,4,,,,,,,,4.0,8.0,8.0,6.0,35.475969314575195,53.337812423706055,80.79654499997321,481.0,119.0,8.0,127.0,,,,,,,,,,,,,,,
good,sync_k8,sync_spec,gsm8k,2,5,,,,,,,,5.0,8.0,8.0,0.0,34.52706336975098,57.25455284118652,84.43480166674442,576.0,126.0,8.0,134.0,,,,,,,,,,,,,,,
good,sync_k8,sync_spec,gsm8k,2,6,,,,,,,,6.0,8.0,8.0,2.0,35.46595573425293,57.67178535461426,85.32843100006491,2115.0,127.0,8.0,135.0,,,,,,,,,,,,,,,
good,sync_k8,sync_spec,gsm8k,2,7,,,,,,,,7.0,8.0,8.0,0.0,35.13455390930176,57.67464637756348,85.48462766676826,400.0,130.0,8.0,138.0,,,,,,,,,,,,,,,
good,sync_k8,sync_spec,gsm8k,2,8,,,,,,,,8.0,8.0,8.0,8.0,37.81890869140625,56.34164810180664,83.84283166669147,382.0,131.0,8.0,139.0,,,,,,,,,,,,,,,
good,sync_k8,sync_spec,gsm8k,2,9,,,,,,,,9.0,8.0,8.0,8.0,37.451744079589844,61.12337112426758,88.64356733329656,256.0,140.0,8.0,148.0,,,,,,,,,,,,,,,
good,sync_k8,sync_spec,gsm8k,2,10,,,,,,,,10.0,8.0,8.0,8.0,37.872314453125,62.88933753967285,89.7210990000001,11.0,149.0,8.0,157.0,,,,,,,,,,,,,,,
good,sync_k8,sync_spec,gsm8k,2,11,,,,,,,,11.0,8.0,8.0,8.0,37.392377853393555,69.85926628112793,97.30329933336269,15.0,158.0,8.0,166.0,,,,,,,,,,,,,,,
good,sync_k8,sync_spec,gsm8k,2,12,,,,,,,,12.0,8.0,8.0,0.0,37.064552307128906,70.2369213104248,97.9672336666572,817.0,167.0,8.0,175.0,,,,,,,,,,,,,,,
good,sync_k8,sync_spec,gsm8k,2,13,,,,,,,,13.0,8.0,8.0,8.0,35.247802734375,69.80299949645996,97.01210200000082,17832.0,168.0,8.0,176.0,,,,,,,,,,,,,,,
good,sync_k8,sync_spec,gsm8k,2,14,,,,,,,,14.0,8.0,8.0,2.0,34.983158111572266,74.23996925354004,101.39930799994293,220.0,177.0,8.0,185.0,,,,,,,,,,,,,,,
good,sync_k8,sync_spec,gsm8k,2,15,,,,,,,,15.0,8.0,8.0,5.0,34.432172775268555,73.6699104309082,101.04263566660107,284.0,180.0,8.0,188.0,,,,,,,,,,,,,,,
good,sync_k8,sync_spec,gsm8k,2,16,,,,,,,,16.0,8.0,8.0,8.0,38.646697998046875,77.69417762756348,105.28298866664515,3070.0,186.0,8.0,194.0,,,,,,,,,,,,,,,
good,sync_k8,sync_spec,gsm8k,2,17,,,,,,,,17.0,8.0,8.0,8.0,37.54019737243652,77.61836051940918,104.30283166658495,1817.0,195.0,8.0,203.0,,,,,,,,,,,,,,,
good,sync_k8,sync_spec,gsm8k,2,18,,,,,,,,18.0,8.0,8.0,8.0,35.89582443237305,82.2596549987793,109.07386766667577,44486.0,204.0,8.0,212.0,,,,,,,,,,,,,,,
good,sync_k8,sync_spec,gsm8k,2,19,,,,,,,,19.0,8.0,8.0,8.0,37.79125213623047,83.54735374450684,110.3627166666452,438.0,213.0,8.0,221.0,,,,,,,,,,,,,,,
good,tree_k8_b3,tree_async,gsm8k,2,0,,,,,,,,,,20.0,2.0,,,77.25292933325115,,93.0,8.0,101.0,0.0,108.29390200012767,49.135684967041016,3.0,0.0,2.0,2.0,37.96293099992454,70.33097100020314,12.0,0.0,2.0,76.43752900003165,76.43859099994188,0.0
good,tree_k8_b3,tree_async,gsm8k,2,1,,,,,,,,,,24.0,4.0,,,74.74055266671041,,96.0,8.0,104.0,100.0,113.2703760001732,46.96083068847656,3.0,0.0,2.0,4.0,40.095087000054264,73.17528900011894,16.0,0.0,2.0,74.36863800000992,74.37025100000483,0.0
good,tree_k8_b3,tree_async,gsm8k,2,2,,,,,,,,,,24.0,8.0,,,74.98836133338452,,101.0,8.0,109.0,201.0,99.47623999994448,47.081947326660156,3.0,8.0,2.0,8.0,34.873049999987416,64.60318999995707,16.0,0.0,2.0,74.73468800003502,74.7362609999982,7.0
good,tree_k8_b3,tree_async,gsm8k,2,3,,,,,,,,,,24.0,8.0,,,77.25519299996012,,110.0,8.0,118.0,301.0,67.91669199992612,50.58121681213379,3.0,8.0,2.0,8.0,8.03313899996283,59.883552999963285,16.0,0.0,2.0,77.0556759999863,77.05656799998906,7.0
good,tree_k8_b3,tree_async,gsm8k,2,4,,,,,,,,,,24.0,6.0,,,78.23160899997436,,119.0,8.0,127.0,400.0,71.93388600001072,51.624298095703125,3.0,0.0,2.0,6.0,7.416304999992462,64.51758100001825,16.0,0.0,2.0,78.07864899996275,78.07910999997603,0.0
good,tree_k8_b3,tree_async,gsm8k,2,5,,,,,,,,,,24.0,0.0,,,85.14119666669637,,126.0,8.0,134.0,500.0,111.68084599989925,57.70516395568848,3.0,0.0,2.0,0.0,33.62669699993148,78.05414899996777,16.0,0.0,2.0,84.6109639999213,84.61227699990559,0.0
good,tree_k8_b3,tree_async,gsm8k,2,6,,,,,,,,,,24.0,2.0,,,86.57221666656247,,127.0,8.0,135.0,600.0,97.46584399988478,59.564828872680664,3.0,0.0,2.0,2.0,33.448265999936666,64.01757799994812,16.0,0.0,2.0,86.25480900002458,86.25618199994278,0.0
good,tree_k8_b3,tree_async,gsm8k,2,7,,,,,,,,,,24.0,0.0,,,85.65896366675466,,130.0,8.0,138.0,700.0,114.7224390001611,58.29286575317383,3.0,0.0,2.0,0.0,33.671873999992386,81.05056500016872,16.0,0.0,2.0,85.33009500001754,85.33076600008371,0.0
good,tree_k8_b3,tree_async,gsm8k,2,8,,,,,,,,,,24.0,8.0,,,85.53140733326316,,131.0,8.0,139.0,800.0,101.40314599993872,58.76874923706055,3.0,0.0,2.0,8.0,33.34175499992398,68.06139100001474,16.0,0.0,2.0,84.86137300008068,84.86203400002523,0.0
good,tree_k8_b3,tree_async,gsm8k,2,9,,,,,,,,,,24.0,8.0,,,90.47420066665762,,140.0,8.0,148.0,901.0,105.09927900000093,63.40599060058594,3.0,8.0,2.0,8.0,33.411232000048585,71.68804699995235,16.0,0.0,2.0,90.0439679999181,90.0444989999869,7.0
good,tree_k8_b3,tree_async,gsm8k,2,10,,,,,,,,,,24.0,8.0,,,94.13550233336224,,149.0,8.0,157.0,1001.0,72.08734599998934,65.7191276550293,3.0,8.0,2.0,8.0,7.1754669999108955,64.91187900007844,16.0,0.0,2.0,93.87448499990114,93.87527699993825,7.0
good,tree_k8_b3,tree_async,gsm8k,2,11,,,,,,,,,,24.0,8.0,,,93.81012833341718,,158.0,8.0,166.0,1101.0,66.22669200010023,66.69330596923828,3.0,8.0,2.0,8.0,7.937395999988439,58.28929600011179,16.0,0.0,2.0,93.39806699995279,93.39918900002431,7.0
good,tree_k8_b3,tree_async,gsm8k,2,12,,,,,,,,,,24.0,0.0,,,95.57872466670051,,167.0,8.0,175.0,1200.0,72.044096999889,68.40229034423828,3.0,0.0,2.0,0.0,10.437944999921456,61.60615199996755,16.0,0.0,2.0,94.8195040000428,94.82004500000585,0.0
good,tree_k8_b3,tree_async,gsm8k,2,13,,,,,,,,,,24.0,8.0,,,96.2995429999794,,168.0,8.0,176.0,1301.0,99.09055899981922,69.03672218322754,3.0,8.0,2.0,8.0,34.17063599999892,64.9199229998203,16.0,0.0,2.0,95.89839700004177,95.89968900002077,7.0
good,tree_k8_b3,tree_async,gsm8k,2,14,,,,,,,,,,24.0,2.0,,,99.83866666666691,,177.0,8.0,185.0,1400.0,90.2627800001028,72.58439064025879,3.0,0.0,2.0,2.0,8.36885399996845,81.89392600013434,16.0,0.0,2.0,99.40137800003868,99.40212900005463,0.0
good,tree_k8_b3,tree_async,gsm8k,2,15,,,,,,,,,,24.0,5.0,,,102.11195233338188,,180.0,8.0,188.0,1500.0,96.86414899999818,74.57184791564941,3.0,0.0,2.0,5.0,36.34368099994845,60.52046800004973,16.0,0.0,2.0,101.75894100007099,101.75983300007374,0.0
good,tree_k8_b3,tree_async,gsm8k,2,16,,,,,,,,,,24.0,8.0,,,104.8613556666716,,186.0,8.0,194.0,1601.0,97.5206459996798,77.64649391174316,3.0,8.0,2.0,8.0,34.12330099990868,63.39734499977112,16.0,0.0,2.0,104.57344799999646,104.57398899995951,7.0
good,tree_k8_b3,tree_async,gsm8k,2,17,,,,,,,,,,24.0,8.0,,,107.15618066671863,,195.0,8.0,203.0,1700.0,102.8853180000624,79.97536659240723,3.0,0.0,2.0,8.0,7.308704000024591,95.57661400003781,16.0,0.0,2.0,106.76658099998804,106.76839400002791,0.0
good,tree_k8_b3,tree_async,gsm8k,2,18,,,,,,,,,,22.0,8.0,,,110.6087423333164,,204.0,8.0,212.0,1801.0,133.32742099998995,83.36687088012695,3.0,8.0,2.0,8.0,33.92858899997009,99.39883200001987,14.0,0.0,2.0,110.0967900000569,110.09775200000149,6.0
good,tree_k8_b3,tree_async,gsm8k,2,19,,,,,,,,,,24.0,8.0,,,110.84572133331652,,213.0,8.0,221.0,1901.0,90.164599000218,83.49394798278809,3.0,8.0,2.0,8.0,12.192660000096112,77.97193900012189,16.0,0.0,2.0,110.60361800002738,110.60542099994564,7.0
good,direct,direct,gsm8k,3,0,128.0,2890.8223473334037,25.130733333333332,2863.0666732788086,2865.6916140000703,12.596,12.534733333333334,,,,,,,,,,,,,,,,,,,,,,,,,,
good,sync_k8,sync_spec,gsm8k,3,0,,,,,,,,0.0,8.0,8.0,7.0,39.52932357788086,41.11456871032715,68.07116033340367,74194.0,77.0,8.0,85.0,,,,,,,,,,,,,,,
good,sync_k8,sync_spec,gsm8k,3,1,,,,,,,,1.0,8.0,8.0,8.0,38.00320625305176,40.97294807434082,67.6754183333894,220.0,85.0,8.0,93.0,,,,,,,,,,,,,,,
good,sync_k8,sync_spec,gsm8k,3,2,,,,,,,,2.0,8.0,8.0,8.0,36.534786224365234,45.023202896118164,71.92052099996819,3880.0,94.0,8.0,102.0,,,,,,,,,,,,,,,
good,sync_k8,sync_spec,gsm8k,3,3,,,,,,,,3.0,8.0,8.0,8.0,35.485029220581055,48.59471321105957,75.81052100002044,582.0,103.0,8.0,111.0,,,,,,,,,,,,,,,
good,sync_k8,sync_spec,gsm8k,3,4,,,,,,,,4.0,8.0,8.0,7.0,36.734819412231445,50.469398498535156,77.30329599998254,3070.0,112.0,8.0,120.0,,,,,,,,,,,,,,,
good,sync_k8,sync_spec,gsm8k,3,5,,,,,,,,5.0,8.0,8.0,8.0,35.607337951660156,51.46431922912598,78.45678900000485,17.0,120.0,8.0,128.0,,,,,,,,,,,,,,,
good,sync_k8,sync_spec,gsm8k,3,6,,,,,,,,6.0,8.0,8.0,8.0,35.03894805908203,55.78947067260742,82.21695633331413,1697.0,129.0,8.0,137.0,,,,,,,,,,,,,,,
good,sync_k8,sync_spec,gsm8k,3,7,,,,,,,,7.0,8.0,8.0,8.0,34.535884857177734,61.46550178527832,88.4599179999826,20.0,138.0,8.0,146.0,,,,,,,,,,,,,,,
good,sync_k8,sync_spec,gsm8k,3,8,,,,,,,,8.0,8.0,8.0,2.0,35.38870811462402,62.97659873962402,90.30498433330945,74194.0,147.0,8.0,155.0,,,,,,,,,,,,,,,
good,sync_k8,sync_spec,gsm8k,3,9,,,,,,,,9.0,8.0,8.0,4.0,36.890506744384766,63.858747482299805,90.9228749999911,16.0,150.0,8.0,158.0,,,,,,,,,,,,,,,
good,sync_k8,sync_spec,gsm8k,3,10,,,,,,,,10.0,8.0,8.0,7.0,37.732839584350586,67.66152381896973,94.93453699995783,279.0,155.0,8.0,163.0,,,,,,,,,,,,,,,
good,sync_k8,sync_spec,gsm8k,3,11,,,,,,,,11.0,8.0,8.0,3.0,37.67800331115723,67.74544715881348,94.79570333332342,3593.0,163.0,8.0,171.0,,,,,,,,,,,,,,,
good,sync_k8,sync_spec,gsm8k,3,12,,,,,,,,12.0,8.0,8.0,8.0,35.9039306640625,68.25757026672363,95.09908733335617,26376.0,167.0,8.0,175.0,,,,,,,,,,,,,,,
good,sync_k8,sync_spec,gsm8k,3,13,,,,,,,,13.0,8.0,8.0,8.0,35.81118583679199,72.72696495056152,99.73933633338407,1124.0,176.0,8.0,184.0,,,,,,,,,,,,,,,
good,sync_k8,sync_spec,gsm8k,3,14,,,,,,,,14.0,8.0,8.0,8.0,38.064002990722656,77.72207260131836,104.69738733336507,1124.0,185.0,8.0,193.0,,,,,,,,,,,,,,,
good,sync_k8,sync_spec,gsm8k,3,15,,,,,,,,15.0,8.0,8.0,8.0,37.15825080871582,79.76984977722168,106.68954599995028,16.0,194.0,8.0,202.0,,,,,,,,,,,,,,,
good,sync_k8,sync_spec,gsm8k,3,16,,,,,,,,16.0,8.0,8.0,8.0,37.351369857788086,83.00900459289551,109.61939333335098,256.0,203.0,8.0,211.0,,,,,,,,,,,,,,,
good,tree_k8_b3,tree_async,gsm8k,3,0,,,,,,,,,,16.0,7.0,,,71.20225433325845,,77.0,8.0,85.0,0.0,97.47561699998641,43.03407669067383,3.0,0.0,2.0,7.0,38.78452499998275,58.691092000003664,8.0,0.9218199999168064,2.0,70.16255200005617,70.16347300009329,0.0
good,tree_k8_b3,tree_async,gsm8k,3,1,,,,,,,,,,18.0,8.0,,,69.43484033335311,,85.0,8.0,93.0,101.0,100.68012899989753,42.21153259277344,3.0,8.0,2.0,8.0,37.483080000015434,63.1970489998821,10.0,0.0,2.0,68.93109399993591,68.93203599997832,4.0
good,tree_k8_b3,tree_async,gsm8k,3,2,,,,,,,,,,24.0,8.0,,,71.97900999999366,,94.0,8.0,102.0,201.0,97.16252300006545,45.25327682495117,3.0,8.0,2.0,8.0,25.279284000021107,71.88323900004434,16.0,0.0,2.0,71.82193900007405,71.82375200000024,7.0
good,tree_k8_b3,tree_async,gsm8k,3,3,,,,,,,,,,24.0,8.0,,,74.05307900003582,,103.0,8.0,111.0,301.0,80.1542970001492,47.47366905212402,3.0,8.0,2.0,8.0,7.477278999999726,72.67701800014947,16.0,0.0,2.0,73.66274299999986,73.66363500000261,7.0
good,tree_k8_b3,tree_async,gsm8k,3,4,,,,,,,,,,16.0,7.0,,,79.64394233339641,,112.0,8.0,120.0,400.0,72.22238400015613,52.79684066772461,3.0,0.0,2.0,7.0,9.39259699998729,62.829787000168835,8.0,0.7110549998969873,2.0,79.59656099990298,79.59789399990314,0.0
good,tree_k8_b3,tree_async,gsm8k,3,5,,,,,,,,,,20.0,8.0,,,79.60814199995957,,120.0,8.0,128.0,501.0,113.5392179999144,52.77729034423828,3.0,8.0,2.0,8.0,34.47891299992989,79.06030499998451,12.0,0.0,2.0,79.27332199994908,79.2743539999492,5.0
good,tree_k8_b3,tree_async,gsm8k,3,6,,,,,,,,,,22.0,8.0,,,83.60776133334232,,129.0,8.0,137.0,600.0,103.32090199995037,56.84709548950195,3.0,0.0,2.0,8.0,23.412596000071062,79.9083059998793,14.0,0.0,2.0,83.34721400001399,83.34826600002998,0.0
good,tree_k8_b3,tree_async,gsm8k,3,7,,,,,,,,,,20.0,8.0,,,89.1743670000254,,138.0,8.0,146.0,700.0,114.9881080001478,62.166452407836914,3.0,0.0,2.0,8.0,37.10505600008673,77.88305200006107,12.0,1.1682729999620278,2.0,88.92397700003585,88.92524999998841,0.0
good,tree_k8_b3,tree_async,gsm8k,3,8,,,,,,,,,,22.0,2.0,,,88.33668033330764,,147.0,8.0,155.0,800.0,118.14212599983875,61.59090995788574,3.0,0.0,2.0,2.0,34.27732699992703,83.86479899991173,14.0,0.0,2.0,88.0402640000284,88.0413159999307,0.0
good,tree_k8_b3,tree_async,gsm8k,3,9,,,,,,,,,,24.0,4.0,,,92.429454333377,,150.0,8.0,158.0,900.0,115.55976099998588,65.18983840942383,3.0,0.0,2.0,4.0,40.35616599992409,75.2035950000618,16.0,0.0,2.0,92.27851000002829,92.28004199997031,0.0
good,tree_k8_b3,tree_async,gsm8k,3,10,,,,,,,,,,22.0,7.0,,,95.34501466669983,,155.0,8.0,163.0,1000.0,124.2099949997737,67.82174110412598,3.0,0.0,2.0,7.0,33.969352999974944,90.24064199979875,14.0,0.0,2.0,95.14309299993329,95.14444499995989,0.0
good,tree_k8_b3,tree_async,gsm8k,3,11,,,,,,,,,,22.0,3.0,,,95.28841733339797,,163.0,8.0,171.0,1100.0,126.42059199981759,68.21990013122559,3.0,0.0,2.0,3.0,40.8177719999685,85.60281999984909,14.0,0.0,2.0,95.27310800001487,95.2741099999912,0.0
good,tree_k8_b3,tree_async,gsm8k,3,12,,,,,,,,,,24.0,8.0,,,96.83043700009426,,167.0,8.0,175.0,1200.0,112.6743960001022,69.427490234375,3.0,0.0,2.0,8.0,34.290031999944404,78.3843640001578,16.0,0.0,2.0,96.5605039999673,96.56177700003354,0.0
good,tree_k8_b3,tree_async,gsm8k,3,13,,,,,,,,,,24.0,8.0,,,99.77209733332717,,176.0,8.0,184.0,1301.0,121.09186000009231,72.47495651245117,3.0,8.0,2.0,8.0,33.170022000035715,87.9218380000566,16.0,0.0,2.0,99.26435099998798,99.26511300000129,7.0
good,tree_k8_b3,tree_async,gsm8k,3,14,,,,,,,,,,24.0,8.0,,,103.92054033336771,,185.0,8.0,193.0,1401.0,106.7060009997931,76.83658599853516,3.0,8.0,2.0,8.0,7.5117179999324435,99.19428299986066,16.0,0.0,2.0,103.37008499993772,103.3714789999749,7.0
good,tree_k8_b3,tree_async,gsm8k,3,15,,,,,,,,,,24.0,8.0,,,104.86233100001552,,194.0,8.0,202.0,1501.0,80.29817299996012,78.00984382629395,3.0,8.0,2.0,8.0,7.837354999992385,72.46081799996773,16.0,0.0,2.0,104.36015799996312,104.36116999994738,7.0
good,tree_k8_b3,tree_async,gsm8k,3,16,,,,,,,,,,24.0,8.0,,,109.65774499997727,,203.0,8.0,211.0,1601.0,83.57504199989307,82.63111114501953,3.0,8.0,2.0,8.0,7.739844999946399,75.83519699994667,16.0,0.0,2.0,109.5595389999744,109.56071099997189,7.0
good,direct,direct,gsm8k,4,0,128.0,2809.6682023333115,25.114333333333335,2781.0471057891846,2784.5538689999785,12.575733333333334,12.5386,,,,,,,,,,,,,,,,,,,,,,,,,,
good,sync_k8,sync_spec,gsm8k,4,0,,,,,,,,0.0,8.0,8.0,8.0,38.22946548461914,34.285783767700195,61.08713833331484,7355.0,55.0,8.0,63.0,,,,,,,,,,,,,,,
good,sync_k8,sync_spec,gsm8k,4,1,,,,,,,,1.0,8.0,8.0,8.0,34.61575508117676,38.74063491821289,66.10999766665265,11.0,64.0,8.0,72.0,,,,,,,,,,,,,,,
good,sync_k8,sync_spec,gsm8k,4,2,,,,,,,,2.0,8.0,8.0,3.0,35.68148612976074,41.37253761291504,69.1802696666758,279.0,73.0,8.0,81.0,,,,,,,,,,,,,,,
good,sync_k8,sync_spec,gsm8k,4,3,,,,,,,,3.0,8.0,8.0,8.0,35.553932189941406,41.762590408325195,69.24331733330703,3070.0,77.0,8.0,85.0,,,,,,,,,,,,,,,
good,sync_k8,sync_spec,gsm8k,4,4,,,,,,,,4.0,8.0,8.0,2.0,35.71581840515137,43.05601119995117,70.59924066667855,7298.0,86.0,8.0,94.0,,,,,,,,,,,,,,,
good,sync_k8,sync_spec,gsm8k,4,5,,,,,,,,5.0,8.0,8.0,8.0,36.70859336853027,46.501874923706055,73.80262200006777,8886.0,89.0,8.0,97.0,,,,,,,,,,,,,,,
good,sync_k8,sync_spec,gsm8k,4,6,,,,,,,,6.0,8.0,8.0,8.0,35.8123779296875,46.02837562561035,72.62490833331465,15145.0,98.0,8.0,106.0,,,,,,,,,,,,,,,
good,sync_k8,sync_spec,gsm8k,4,7,,,,,,,,7.0,8.0,8.0,8.0,36.85283660888672,49.88503456115723,76.30102299993638,1124.0,107.0,8.0,115.0,,,,,,,,,,,,,,,
good,sync_k8,sync_spec,gsm8k,4,8,,,,,,,,8.0,8.0,8.0,2.0,36.380767822265625,51.95903778076172,79.2914040000345,220.0,116.0,8.0,124.0,,,,,,,,,,,,,,,
good,sync_k8,sync_spec,gsm8k,4,9,,,,,,,,9.0,8.0,8.0,8.0,35.47263145446777,52.445411682128906,79.05403166667514,1124.0,119.0,8.0,127.0,,,,,,,,,,,,,,,
good,sync_k8,sync_spec,gsm8k,4,10,,,,,,,,10.0,8.0,8.0,8.0,34.295082092285156,56.33282661437988,82.86185633334696,92.0,128.0,8.0,136.0,,,,,,,,,,,,,,,
good,sync_k8,sync_spec,gsm8k,4,11,,,,,,,,11.0,8.0,8.0,8.0,37.56213188171387,63.756704330444336,90.62535999999312,44739.0,137.0,8.0,145.0,,,,,,,,,,,,,,,
good,sync_k8,sync_spec,gsm8k,4,12,,,,,,,,12.0,8.0,8.0,8.0,36.3926887512207,64.19563293457031,91.33132933331117,279.0,146.0,8.0,154.0,,,,,,,,,,,,,,,
good,sync_k8,sync_spec,gsm8k,4,13,,,,,,,,13.0,8.0,8.0,8.0,36.07916831970215,569.7541236877441,596.8977116666371,1019.0,155.0,8.0,163.0,,,,,,,,,,,,,,,
good,sync_k8,sync_spec,gsm8k,4,14,,,,,,,,14.0,8.0,8.0,1.0,39.623260498046875,69.03672218322754,96.80121566670064,8704.0,164.0,8.0,172.0,,,,,,,,,,,,,,,
good,sync_k8,sync_spec,gsm8k,4,15,,,,,,,,15.0,8.0,8.0,8.0,39.70026969909668,71.80356979370117,99.87542866658784,279.0,166.0,8.0,174.0,,,,,,,,,,,,,,,
good,sync_k8,sync_spec,gsm8k,4,16,,,,,,,,16.0,8.0,8.0,8.0,37.62006759643555,73.20666313171387,100.65025866666795,256.0,175.0,8.0,183.0,,,,,,,,,,,,,,,
good,tree_k8_b3,tree_async,gsm8k,4,0,,,,,,,,,,20.0,8.0,,,61.845462333317926,,55.0,8.0,63.0,1.0,96.3181249999252,34.72495079040527,3.0,8.0,2.0,8.0,36.9873939999934,59.3307309999318,12.0,0.0,2.0,61.095617999967544,61.096429000031094,5.0
good,tree_k8_b3,tree_async,gsm8k,4,1,,,,,,,,,,22.0,8.0,,,63.323046000008276,,64.0,8.0,72.0,101.0,83.0886799998325,36.40294075012207,3.0,8.0,2.0,8.0,24.18918199998643,58.89949799984606,14.0,0.0,2.0,63.1528870000011,63.15346899998531,6.0
good,tree_k8_b3,tree_async,gsm8k,4,2,,,,,,,,,,22.0,3.0,,,65.70845633333604,,73.0,8.0,81.0,200.0,72.14008000016747,39.36266899108887,3.0,0.0,2.0,3.0,13.565868000000592,58.57421200016688,14.0,0.0,2.0,65.59559100003298,65.59753399994861,0.0
good,tree_k8_b3,tree_async,gsm8k,4,3,,,,,,,,,,22.0,8.0,,,66.7100500000553,,77.0,8.0,85.0,301.0,98.31332800001746,39.9627685546875,3.0,8.0,2.0,8.0,36.56124100007219,61.75208699994528,14.0,0.0,2.0,66.32834399999865,66.32985700002791,6.0
good,tree_k8_b3,tree_async,gsm8k,4,4,,,,,,,,,,24.0,2.0,,,68.05394633324295,,86.0,8.0,94.0,400.0,72.3142680002411,41.00370407104492,3.0,0.0,2.0,2.0,12.873534000050313,59.44073400019079,16.0,0.0,2.0,67.68196799998805,67.68304100000933,0.0
good,tree_k8_b3,tree_async,gsm8k,4,5,,,,,,,,,,16.0,8.0,,,73.68827833332139,,89.0,8.0,97.0,501.0,97.69435599991994,45.97210884094238,3.0,8.0,2.0,8.0,33.85213499996098,63.842220999958954,8.0,0.0,2.0,73.4245620000138,73.42511299998478,3.0
good,tree_k8_b3,tree_async,gsm8k,4,6,,,,,,,,,,18.0,8.0,,,73.18396433335745,,98.0,8.0,106.0,601.0,98.37221500015403,46.12255096435547,3.0,8.0,2.0,8.0,25.816233000000466,72.55598200015356,10.0,0.0,2.0,72.92472200003886,72.92530300003364,4.0
good,tree_k8_b3,tree_async,gsm8k,4,7,,,,,,,,,,20.0,8.0,,,78.13304533338749,,107.0,8.0,115.0,701.0,106.06506600015564,51.53226852416992,3.0,8.0,2.0,8.0,31.442970000057358,74.62209600009828,12.0,0.0,2.0,77.93877000005978,77.94010300005993,5.0
good,tree_k8_b3,tree_async,gsm8k,4,8,,,,,,,,,,16.0,2.0,,,78.63463800001443,,116.0,8.0,124.0,800.0,80.53045500003009,52.10518836975098,3.0,0.0,2.0,2.0,17.517276000035054,63.013178999995034,8.0,0.0,2.0,78.4651799999665,78.46574099994541,0.0
good,tree_k8_b3,tree_async,gsm8k,4,9,,,,,,,,,,22.0,8.0,,,79.25446400002444,,119.0,8.0,127.0,901.0,108.4716530000378,52.46758460998535,3.0,8.0,2.0,8.0,35.13865600007193,73.33299699996587,14.0,1.303944000028423,2.0,79.06165700001111,79.0623279999636,6.0
good,tree_k8_b3,tree_async,gsm8k,4,10,,,,,,,,,,22.0,8.0,,,82.69076500006992,,128.0,8.0,136.0,1001.0,91.06355599988092,56.16354942321777,3.0,8.0,2.0,8.0,11.323618999995233,79.73993699988569,14.0,0.0,2.0,82.20572400000492,82.20695700003944,6.0
good,tree_k8_b3,tree_async,gsm8k,4,11,,,,,,,,,,24.0,8.0,,,87.60387666661978,,137.0,8.0,145.0,1101.0,76.19704000001093,61.06686592102051,3.0,8.0,2.0,8.0,16.347525000014684,59.849514999996245,16.0,0.0,2.0,87.1269779999011,87.12752899998577,7.0
good,tree_k8_b3,tree_async,gsm8k,4,12,,,,,,,,,,24.0,8.0,,,88.20677933337257,,146.0,8.0,154.0,1201.0,92.8396500000872,61.800479888916016,3.0,8.0,2.0,8.0,7.389227000089704,85.4504229999975,16.0,0.0,2.0,88.00284400001601,88.00340499999493,7.0
good,tree_k8_b3,tree_async,gsm8k,4,13,,,,,,,,,,24.0,8.0,,,94.46594566666461,,155.0,8.0,163.0,1301.0,83.88098100022034,67.90375709533691,3.0,8.0,2.0,8.0,7.473562000086531,76.40741900013381,16.0,0.0,2.0,93.92619000004743,93.92711100008455,7.0
good,tree_k8_b3,tree_async,gsm8k,4,14,,,,,,,,,,24.0,1.0,,,95.78699633338132,,164.0,8.0,172.0,1400.0,87.28930699999182,69.33069229125977,3.0,0.0,2.0,1.0,8.239556999910747,79.04975000008108,16.0,0.0,2.0,95.1903410000341,95.19113199996809,0.0
good,tree_k8_b3,tree_async,gsm8k,4,15,,,,,,,,,,24.0,8.0,,,96.41261100000573,,166.0,8.0,174.0,1501.0,109.98388900009104,69.26536560058594,3.0,8.0,2.0,8.0,33.376446000033866,76.60744300005717,16.0,0.0,2.0,96.80122500003563,96.80257699994854,7.0
good,tree_k8_b3,tree_async,gsm8k,4,16,,,,,,,,,,24.0,8.0,,,100.65501466662093,,175.0,8.0,183.0,1601.0,81.20127900008356,73.45461845397949,3.0,8.0,2.0,8.0,6.979990999980146,74.22128800010341,16.0,0.0,2.0,100.10295799997948,100.1034589999108,7.0
good,direct,direct,gsm8k,5,0,128.0,2867.3493906667145,25.11006666666667,2840.0182723999023,2842.2393240000474,12.574666666666667,12.5354,,,,,,,,,,,,,,,,,,,,,,,,,,
good,sync_k8,sync_spec,gsm8k,5,0,,,,,,,,0.0,8.0,8.0,8.0,38.94805908203125,37.56380081176758,64.94937266666608,93811.0,62.0,8.0,70.0,,,,,,,,,,,,,,,
good,sync_k8,sync_spec,gsm8k,5,1,,,,,,,,1.0,8.0,8.0,4.0,40.51566123962402,36.97943687438965,63.94090800010241,1156.0,71.0,8.0,79.0,,,,,,,,,,,,,,,
good,sync_k8,sync_spec,gsm8k,5,2,,,,,,,,2.0,8.0,8.0,8.0,36.80706024169922,40.2069091796875,67.06997433340305,4589.0,76.0,8.0,84.0,,,,,,,,,,,,,,,
good,sync_k8,sync_spec,gsm8k,5,3,,,,,,,,3.0,8.0,8.0,1.0,43.5788631439209,41.93735122680664,69.74113833337324,13.0,85.0,8.0,93.0,,,,,,,,,,,,,,,
good,sync_k8,sync_spec,gsm8k,5,4,,,,,,,,4.0,8.0,8.0,1.0,37.32156753540039,43.772220611572266,70.89979733335497,1414.0,87.0,8.0,95.0,,,,,,,,,,,,,,,
good,sync_k8,sync_spec,gsm8k,5,5,,,,,,,,5.0,8.0,8.0,4.0,39.30020332336426,46.834707260131836,73.47883633339487,7460.0,89.0,8.0,97.0,,,,,,,,,,,,,,,
good,sync_k8,sync_spec,gsm8k,5,6,,,,,,,,6.0,8.0,8.0,1.0,38.36464881896973,47.1804141998291,74.8699636666418,36153.0,94.0,8.0,102.0,,,,,,,,,,,,,,,
good,sync_k8,sync_spec,gsm8k,5,7,,,,,,,,7.0,8.0,8.0,4.0,36.47756576538086,47.42622375488281,75.06639066666479,311.0,96.0,8.0,104.0,,,,,,,,,,,,,,,
good,sync_k8,sync_spec,gsm8k,5,8,,,,,,,,8.0,8.0,8.0,3.0,38.21849822998047,48.61783981323242,76.13683966669097,369.0,101.0,8.0,109.0,,,,,,,,,,,,,,,
good,sync_k8,sync_spec,gsm8k,5,9,,,,,,,,9.0,8.0,8.0,0.0,38.90109062194824,50.993919372558594,78.8159300000731,220.0,105.0,8.0,113.0,,,,,,,,,,,,,,,
good,sync_k8,sync_spec,gsm8k,5,10,,,,,,,,10.0,8.0,8.0,1.0,35.70294380187988,51.3768196105957,78.67809566668089,1525.0,106.0,8.0,114.0,,,,,,,,,,,,,,,
good,sync_k8,sync_spec,gsm8k,5,11,,,,,,,,11.0,8.0,8.0,1.0,36.165475845336914,50.24552345275879,77.06982333331428,382.0,108.0,8.0,116.0,,,,,,,,,,,,,,,
good,sync_k8,sync_spec,gsm8k,5,12,,,,,,,,12.0,8.0,8.0,2.0,37.48369216918945,50.41050910949707,76.92525100006117,1077.0,110.0,8.0,118.0,,,,,,,,,,,,,,,
good,sync_k8,sync_spec,gsm8k,5,13,,,,,,,,13.0,8.0,8.0,8.0,33.084869384765625,50.52757263183594,76.8392673333599,4362.0,113.0,8.0,121.0,,,,,,,,,,,,,,,
good,sync_k8,sync_spec,gsm8k,5,14,,,,,,,,14.0,8.0,8.0,0.0,35.40921211242676,54.57663536071777,81.73568000009016,510.0,122.0,8.0,130.0,,,,,,,,,,,,,,,
good,sync_k8,sync_spec,gsm8k,5,15,,,,,,,,15.0,8.0,8.0,1.0,35.08162498474121,54.15034294128418,80.59363933330584,8886.0,123.0,8.0,131.0,,,,,,,,,,,,,,,
good,sync_k8,sync_spec,gsm8k,5,16,,,,,,,,16.0,8.0,8.0,8.0,35.16674041748047,54.64673042297363,81.01614600010446,1525.0,125.0,8.0,133.0,,,,,,,,,,,,,,,
good,sync_k8,sync_spec,gsm8k,5,17,,,,,,,,17.0,8.0,8.0,4.0,34.224510192871094,55.876970291137695,82.60760433329267,6837.0,134.0,8.0,142.0,,,,,,,,,,,,,,,
good,sync_k8,sync_spec,gsm8k,5,18,,,,,,,,18.0,8.0,8.0,1.0,34.66653823852539,59.398651123046875,86.36497100000685,8180.0,139.0,8.0,147.0,,,,,,,,,,,,,,,
good,sync_k8,sync_spec,gsm8k,5,19,,,,,,,,19.0,8.0,8.0,8.0,34.57140922546387,60.77766418457031,87.74510099995152,16.0,141.0,8.0,149.0,,,,,,,,,,,,,,,
good,sync_k8,sync_spec,gsm8k,5,20,,,,,,,,20.0,8.0,8.0,8.0,35.973310470581055,62.902212142944336,89.88203766669938,279.0,150.0,8.0,158.0,,,,,,,,,,,,,,,
good,sync_k8,sync_spec,gsm8k,5,21,,,,,,,,21.0,8.0,8.0,8.0,39.611101150512695,70.39666175842285,98.02560566656284,11.0,159.0,8.0,167.0,,,,,,,,,,,,,,,
good,sync_k8,sync_spec,gsm8k,5,22,,,,,,,,22.0,8.0,8.0,8.0,37.47224807739258,70.50323486328125,98.00563733329693,15136.0,168.0,8.0,176.0,,,,,,,,,,,,,,,
good,sync_k8,sync_spec,gsm8k,5,23,,,,,,,,23.0,8.0,8.0,8.0,39.067745208740234,74.55325126647949,102.03029866665341,624.0,177.0,8.0,185.0,,,,,,,,,,,,,,,
good,sync_k8,sync_spec,gsm8k,5,24,,,,,,,,24.0,8.0,8.0,8.0,38.387298583984375,78.02462577819824,105.1250593332536,4589.0,186.0,8.0,194.0,,,,,,,,,,,,,,,
good,tree_k8_b3,tree_async,gsm8k,5,0,,,,,,,,,,18.0,8.0,,,66.08991333328616,,62.0,8.0,70.0,1.0,96.06940800017583,38.71583938598633,3.0,8.0,2.0,8.0,36.75767499998983,59.311733000185995,10.0,0.0,2.0,65.4047850000552,65.40551700004471,4.0
good,tree_k8_b3,tree_async,gsm8k,5,1,,,,,,,,,,18.0,4.0,,,65.16502699996005,,71.0,8.0,79.0,100.0,86.97031399992738,37.64772415161133,3.0,0.0,2.0,4.0,24.425233999977536,62.54507999994985,10.0,0.0,2.0,64.78988599997137,64.79071700005079,0.0
good,tree_k8_b3,tree_async,gsm8k,5,2,,,,,,,,,,18.0,8.0,,,70.43289866659498,,76.0,8.0,84.0,201.0,111.0825460000342,42.218923568725586,3.0,8.0,2.0,8.0,42.12622199997895,68.95632400005525,10.0,0.0,2.0,69.85267499999281,69.85354599999027,4.0
good,tree_k8_b3,tree_async,gsm8k,5,3,,,,,,,,,,18.0,1.0,,,69.96149499994188,,85.0,8.0,93.0,300.0,103.05174599989186,42.585134506225586,3.0,0.0,2.0,1.0,36.46676599998955,66.58497999990232,10.0,0.0,2.0,69.64797500006625,69.64892700000291,0.0
good,tree_k8_b3,tree_async,gsm8k,5,4,,,,,,,,,,20.0,1.0,,,72.21731366674743,,87.0,8.0,95.0,400.0,104.52615899998818,44.49295997619629,3.0,0.0,2.0,1.0,36.191519999988486,68.3346389999997,12.0,0.0,2.0,71.8980220000276,71.89885299999332,0.0
good,tree_k8_b3,tree_async,gsm8k,5,5,,,,,,,,,,20.0,4.0,,,75.57215833334547,,89.0,8.0,97.0,500.0,111.24653400020179,47.899723052978516,3.0,0.0,2.0,4.0,44.36757000007674,66.87896400012505,12.0,1.3307200000554076,2.0,75.29098899999553,75.29243099997984,0.0
good,tree_k8_b3,tree_async,gsm8k,5,6,,,,,,,,,,24.0,1.0,,,74.7731236666276,,94.0,8.0,102.0,600.0,103.7078400001974,46.950340270996094,3.0,0.0,2.0,1.0,33.91787700002169,69.7899630001757,16.0,0.0,2.0,73.98012800001652,73.98115000000871,0.0
good,tree_k8_b3,tree_async,gsm8k,5,7,,,,,,,,,,22.0,4.0,,,73.8229783333499,,96.0,8.0,104.0,700.0,107.70100099989577,46.42748832702637,3.0,0.0,2.0,4.0,33.854843999961304,73.84615699993446,14.0,0.0,2.0,74.37485899993135,74.3756699999949,0.0
good,tree_k8_b3,tree_async,gsm8k,5,8,,,,,,,,,,18.0,3.0,,,73.42854833329412,,101.0,8.0,109.0,800.0,117.7249549998578,46.181440353393555,3.0,0.0,2.0,3.0,46.286731999998665,71.43822299985914,10.0,0.0,2.0,72.57862300002671,72.57942399996864,0.0
good,tree_k8_b3,tree_async,gsm8k,5,9,,,,,,,,,,20.0,0.0,,,77.14502533329728,,105.0,8.0,113.0,900.0,113.76191100009692,50.057172775268555,3.0,0.0,2.0,0.0,46.745170999997754,67.01674000009916,12.0,0.0,2.0,76.65320900002826,76.65408100001514,0.0
good,tree_k8_b3,tree_async,gsm8k,5,10,,,,,,,,,,20.0,1.0,,,77.72973533343551,,106.0,8.0,114.0,1000.0,108.28533400001561,50.63819885253906,3.0,0.0,2.0,1.0,35.52289400010977,72.76243999990584,12.0,0.0,2.0,77.1941360000028,77.19560900000033,0.0
good,tree_k8_b3,tree_async,gsm8k,5,11,,,,,,,,,,22.0,1.0,,,78.34744300000357,,108.0,8.0,116.0,1100.0,108.69709000007788,51.06663703918457,3.0,0.0,2.0,1.0,34.56807999998546,74.12901000009242,14.0,0.0,2.0,78.11767900000177,78.11893099994904,0.0
good,tree_k8_b3,tree_async,gsm8k,5,12,,,,,,,,,,24.0,2.0,,,79.23742166672565,,110.0,8.0,118.0,1200.0,110.51285600001393,51.738739013671875,3.0,0.0,2.0,2.0,34.915447999992466,75.59740800002146,16.0,0.0,2.0,78.4998760000235,78.50060700002359,0.0
good,tree_k8_b3,tree_async,gsm8k,5,13,,,,,,,,,,22.0,8.0,,,79.38570933328516,,113.0,8.0,121.0,1301.0,105.9463470000992,51.95498466491699,3.0,8.0,2.0,8.0,31.424931000060496,74.5214160000387,14.0,0.0,2.0,78.8674230000197,78.86823399996956,6.0
good,tree_k8_b3,tree_async,gsm8k,5,14,,,,,,,,,,24.0,0.0,,,82.68291666666079,,122.0,8.0,130.0,1400.0,77.18036300002495,55.571794509887695,3.0,0.0,2.0,0.0,12.414075000037883,64.76628799998707,16.0,0.0,2.0,82.40442099997836,82.40535300001284,0.0
good,tree_k8_b3,tree_async,gsm8k,5,15,,,,,,,,,,20.0,1.0,,,83.53175266675387,,123.0,8.0,131.0,1500.0,112.00617199995122,56.14018440246582,3.0,0.0,2.0,1.0,40.79210499992314,71.21406700002808,12.0,0.0,2.0,82.94964599997456,82.95048799993765,0.0
good,tree_k8_b3,tree_async,gsm8k,5,16,,,,,,,,,,22.0,8.0,,,82.17410000005468,,125.0,8.0,133.0,1601.0,105.68316100011543,55.24897575378418,3.0,8.0,2.0,8.0,33.229746000074556,72.45341500004088,14.0,0.0,2.0,81.97815300002276,81.97868399997787,6.0
good,tree_k8_b3,tree_async,gsm8k,5,17,,,,,,,,,,24.0,4.0,,,85.36575266671133,,134.0,8.0,142.0,1700.0,94.532748000006,57.88540840148926,3.0,0.0,2.0,4.0,12.991706000093473,81.54104199991252,16.0,0.0,2.0,85.67167699993661,85.67247799999222,0.0
good,tree_k8_b3,tree_async,gsm8k,5,18,,,,,,,,,,22.0,1.0,,,88.45363666670818,,139.0,8.0,147.0,1800.0,116.33126800006721,61.22016906738281,3.0,0.0,2.0,1.0,33.42195400000492,82.9093140000623,14.0,0.0,2.0,88.09340499999507,88.09418700002425,0.0
good,tree_k8_b3,tree_async,gsm8k,5,19,,,,,,,,,,24.0,8.0,,,88.1997366667305,,141.0,8.0,149.0,1901.0,96.89621399979842,61.07497215270996,3.0,8.0,2.0,8.0,33.87723299999834,63.01898099980008,16.0,0.0,2.0,87.44368800000757,87.44478000005529,7.0
good,tree_k8_b3,tree_async,gsm8k,5,20,,,,,,,,,,24.0,8.0,,,89.42279066664999,,150.0,8.0,158.0,2001.0,85.77286399997774,62.469482421875,3.0,8.0,2.0,8.0,7.25439399991501,78.51847000006273,16.0,0.0,2.0,88.90223399998831,88.90317600003073,7.0
good,tree_k8_b3,tree_async,gsm8k,5,21,,,,,,,,,,24.0,8.0,,,94.82778766668689,,159.0,8.0,167.0,2101.0,72.50615200018729,68.00532341003418,3.0,8.0,2.0,8.0,7.298008000020673,65.20814400016661,16.0,0.0,2.0,94.55982100007532,94.56141400005436,7.0
good,tree_k8_b3,tree_async,gsm8k,5,22,,,,,,,,,,24.0,8.0,,,95.4783793333105,,168.0,8.0,176.0,2201.0,77.91354900007263,68.24731826782227,3.0,8.0,2.0,8.0,7.122455000057926,70.79109400001471,16.0,0.0,2.0,95.05780300003153,95.05871500005014,7.0
good,tree_k8_b3,tree_async,gsm8k,5,23,,,,,,,,,,24.0,8.0,,,100.04556466669194,,177.0,8.0,185.0,2301.0,71.38236999992387,73.29201698303223,3.0,8.0,2.0,8.0,7.167384000013044,64.21498599991082,16.0,0.0,2.0,99.68781199995647,99.68871499995657,7.0
good,tree_k8_b3,tree_async,gsm8k,5,24,,,,,,,,,,24.0,8.0,,,105.11891466663116,,186.0,8.0,194.0,2401.0,69.38932899970496,78.1714916229248,3.0,8.0,2.0,8.0,5.928023999899779,63.46130499980518,16.0,0.0,2.0,104.7832730000664,104.7840339999766,7.0
good,direct,direct,gsm8k,6,0,128.0,2978.782201999981,25.126800000000003,2951.113224029541,2953.655401999981,12.5888,12.538,,,,,,,,,,,,,,,,,,,,,,,,,,
good,sync_k8,sync_spec,gsm8k,6,0,,,,,,,,0.0,8.0,8.0,8.0,37.48345375061035,36.59224510192871,63.46628033333532,504.0,65.0,8.0,73.0,,,,,,,,,,,,,,,
good,sync_k8,sync_spec,gsm8k,6,1,,,,,,,,1.0,8.0,8.0,2.0,34.90900993347168,39.483070373535156,65.88192066670108,21357.0,74.0,8.0,82.0,,,,,,,,,,,,,,,
good,sync_k8,sync_spec,gsm8k,6,2,,,,,,,,2.0,8.0,8.0,5.0,34.793853759765625,39.786577224731445,66.14205766663358,1795.0,77.0,8.0,85.0,,,,,,,,,,,,,,,
good,sync_k8,sync_spec,gsm8k,6,3,,,,,,,,3.0,8.0,8.0,5.0,37.503719329833984,41.28575325012207,68.85045933337861,3070.0,83.0,8.0,91.0,,,,,,,,,,,,,,,
good,sync_k8,sync_spec,gsm8k,6,4,,,,,,,,4.0,8.0,8.0,0.0,36.646366119384766,44.87466812133789,72.06656233333489,35.0,89.0,8.0,97.0,,,,,,,,,,,,,,,
good,sync_k8,sync_spec,gsm8k,6,5,,,,,,,,5.0,8.0,8.0,8.0,35.12978553771973,44.497013092041016,71.47983666670662,4279.0,90.0,8.0,98.0,,,,,,,,,,,,,,,
good,sync_k8,sync_spec,gsm8k,6,6,,,,,,,,6.0,8.0,8.0,0.0,35.30168533325195,47.02043533325195,73.56788033342482,315.0,99.0,8.0,107.0,,,,,,,,,,,,,,,
good,sync_k8,sync_spec,gsm8k,6,7,,,,,,,,7.0,8.0,8.0,8.0,38.50555419921875,47.78909683227539,74.50608066666352,2790.0,100.0,8.0,108.0,,,,,,,,,,,,,,,
good,sync_k8,sync_spec,gsm8k,6,8,,,,,,,,8.0,8.0,8.0,8.0,36.13686561584473,50.87423324584961,78.13976733341255,6801.0,109.0,8.0,117.0,,,,,,,,,,,,,,,
good,sync_k8,sync_spec,gsm8k,6,9,,,,,,,,9.0,8.0,8.0,4.0,35.99095344543457,51.22518539428711,78.33713966670966,1105.0,118.0,8.0,126.0,,,,,,,,,,,,,,,
good,sync_k8,sync_spec,gsm8k,6,10,,,,,,,,10.0,8.0,8.0,1.0,35.72964668273926,54.89802360534668,81.78745600010151,825.0,123.0,8.0,131.0,,,,,,,,,,,,,,,
good,sync_k8,sync_spec,gsm8k,6,11,,,,,,,,11.0,8.0,8.0,6.0,38.01107406616211,56.28490447998047,83.2686156666243,264.0,125.0,8.0,133.0,,,,,,,,,,,,,,,
good,sync_k8,sync_spec,gsm8k,6,12,,,,,,,,12.0,8.0,8.0,2.0,35.45546531677246,56.62178993225098,83.39171566673565,624.0,132.0,8.0,140.0,,,,,,,,,,,,,,,
good,sync_k8,sync_spec,gsm8k,6,13,,,,,,,,13.0,8.0,8.0,8.0,36.397695541381836,57.68465995788574,84.89211866670229,315.0,135.0,8.0,143.0,,,,,,,,,,,,,,,
good,sync_k8,sync_spec,gsm8k,6,14,,,,,,,,14.0,8.0,8.0,8.0,37.58859634399414,62.20841407775879,89.50290800000158,37018.0,144.0,8.0,152.0,,,,,,,,,,,,,,,
good,sync_k8,sync_spec,gsm8k,6,15,,,,,,,,15.0,8.0,8.0,8.0,38.96808624267578,66.84541702270508,94.0529993333706,21.0,153.0,8.0,161.0,,,,,,,,,,,,,,,
good,sync_k8,sync_spec,gsm8k,6,16,,,,,,,,16.0,8.0,8.0,8.0,36.77201271057129,66.90168380737305,93.83697666667933,279.0,162.0,8.0,170.0,,,,,,,,,,,,,,,
good,sync_k8,sync_spec,gsm8k,6,17,,,,,,,,17.0,8.0,8.0,8.0,36.24892234802246,70.95146179199219,98.10223800004327,25.0,171.0,8.0,179.0,,,,,,,,,,,,,,,
good,sync_k8,sync_spec,gsm8k,6,18,,,,,,,,18.0,8.0,8.0,3.0,35.7050895690918,73.08006286621094,100.32860300003196,25114.0,180.0,8.0,188.0,,,,,,,,,,,,,,,
good,sync_k8,sync_spec,gsm8k,6,19,,,,,,,,19.0,8.0,8.0,8.0,34.829139709472656,73.95267486572266,101.43146433333472,369.0,184.0,8.0,192.0,,,,,,,,,,,,,,,
good,tree_k8_b3,tree_async,gsm8k,6,0,,,,,,,,,,20.0,8.0,,,65.60525333333631,,65.0,8.0,73.0,0.0,98.23638000000301,38.17319869995117,3.0,0.0,2.0,8.0,36.04572899996583,62.19065100003718,12.0,0.0,2.0,65.32495199996902,65.32624399994802,0.0
good,tree_k8_b3,tree_async,gsm8k,6,1,,,,,,,,,,20.0,2.0,,,67.13424733341384,,74.0,8.0,82.0,100.0,99.23916500019914,40.2681827545166,3.0,0.0,2.0,2.0,43.08156100000815,56.157604000190986,12.0,0.5009960000279534,2.0,66.78464599997369,66.78648000001886,0.0
good,tree_k8_b3,tree_async,gsm8k,6,2,,,,,,,,,,22.0,5.0,,,69.04727299999573,,77.0,8.0,85.0,200.0,95.5631210001684,41.63479804992676,3.0,0.0,2.0,5.0,33.511941000028855,62.05118000013954,14.0,0.0,2.0,68.60119700002087,68.60241899994435,0.0
good,tree_k8_b3,tree_async,gsm8k,6,3,,,,,,,,,,24.0,5.0,,,69.56973200003048,,83.0,8.0,91.0,300.0,112.88011299984646,42.546987533569336,3.0,0.0,2.0,5.0,43.68318499996349,69.19692799988297,16.0,0.0,2.0,69.2617039999277,69.26286599991727,0.0
good,tree_k8_b3,tree_async,gsm8k,6,4,,,,,,,,,,16.0,0.0,,,72.66747866669486,,89.0,8.0,97.0,400.0,102.82936400005838,45.22538185119629,3.0,0.0,2.0,0.0,33.302965000075346,69.52639899998303,8.0,0.0,2.0,72.71977300001708,72.7208860000701,0.0
good,tree_k8_b3,tree_async,gsm8k,6,5,,,,,,,,,,18.0,8.0,,,71.9449576666404,,90.0,8.0,98.0,501.0,104.83952100014449,45.191049575805664,3.0,8.0,2.0,8.0,42.60453200004122,62.23498900010327,10.0,0.0,2.0,71.56260799990832,71.56325899995863,4.0
good,tree_k8_b3,tree_async,gsm8k,6,6,,,,,,,,,,24.0,0.0,,,73.45195299997985,,99.0,8.0,107.0,600.0,85.71681200010062,46.91815376281738,3.0,0.0,2.0,0.0,20.711063000021568,65.00574900007905,16.0,0.0,2.0,73.2820590000074,73.28329100005249,0.0
good,tree_k8_b3,tree_async,gsm8k,6,7,,,,,,,,,,24.0,8.0,,,73.34872900002027,,100.0,8.0,108.0,701.0,98.71062400020492,46.86570167541504,3.0,8.0,2.0,8.0,34.24734400005036,64.46328000015455,16.0,0.0,2.0,73.0274019999797,73.02853400005915,7.0
good,tree_k8_b3,tree_async,gsm8k,6,8,,,,,,,,,,24.0,8.0,,,79.11612800007654,,109.0,8.0,117.0,800.0,81.99778800008062,52.10304260253906,3.0,0.0,2.0,8.0,7.164480000028561,74.83330800005206,16.0,0.0,2.0,78.79086599996299,78.79189799996311,0.0
good,tree_k8_b3,tree_async,gsm8k,6,9,,,,,,,,,,24.0,4.0,,,81.42571966664927,,118.0,8.0,126.0,900.0,101.64033700016262,54.81362342834473,3.0,0.0,2.0,4.0,33.47328000006655,68.16705700009607,16.0,0.0,2.0,81.13465400003861,81.13567700002022,0.0
good,tree_k8_b3,tree_async,gsm8k,6,10,,,,,,,,,,24.0,1.0,,,87.37905800008284,,123.0,8.0,131.0,1000.0,115.80874199978552,59.27848815917969,3.0,0.0,2.0,1.0,33.17151199996715,82.63722999981837,16.0,0.0,2.0,86.9333910000023,86.93408199997066,0.0
good,tree_k8_b3,tree_async,gsm8k,6,11,,,,,,,,,,24.0,6.0,,,84.86720033332804,,125.0,8.0,133.0,1100.0,109.35897499985003,57.37137794494629,3.0,0.0,2.0,6.0,33.3909279999034,75.96804699994664,16.0,0.0,2.0,83.62513700001273,83.62619900003665,0.0
good,tree_k8_b3,tree_async,gsm8k,6,12,,,,,,,,,,24.0,2.0,,,84.356968333319,,132.0,8.0,140.0,1200.0,98.80318800026089,57.027339935302734,3.0,0.0,2.0,2.0,33.655164000037985,65.1480240002229,16.0,0.0,2.0,83.67763800004013,83.67884100005085,0.0
good,tree_k8_b3,tree_async,gsm8k,6,13,,,,,,,,,,24.0,8.0,,,84.02254633333939,,135.0,8.0,143.0,1301.0,93.20398700015176,57.55162239074707,3.0,8.0,2.0,8.0,33.45484300007229,59.74914400007947,16.0,0.0,2.0,83.67712799997662,83.68038399999023,7.0
good,tree_k8_b3,tree_async,gsm8k,6,14,,,,,,,,,,24.0,8.0,,,87.64156466660779,,144.0,8.0,152.0,1401.0,86.47615199993197,61.165809631347656,3.0,8.0,2.0,8.0,8.012461000021176,78.4636909999108,16.0,0.0,2.0,87.05970800008345,87.0615110000017,7.0
good,tree_k8_b3,tree_async,gsm8k,6,15,,,,,,,,,,24.0,8.0,,,92.5757856666443,,153.0,8.0,161.0,1501.0,94.2942070000754,65.96827507019043,3.0,8.0,2.0,8.0,7.683059999976649,86.61114700009875,16.0,0.0,2.0,92.27980799994384,92.28180299999167,7.0
good,tree_k8_b3,tree_async,gsm8k,6,16,,,,,,,,,,24.0,8.0,,,96.19421733339942,,162.0,8.0,170.0,1601.0,102.40544900000259,69.52738761901855,3.0,8.0,2.0,8.0,8.084222000093177,94.32122699990941,16.0,0.0,2.0,95.04875499999343,95.0512990000334,7.0
good,tree_k8_b3,tree_async,gsm8k,6,17,,,,,,,,,,20.0,8.0,,,98.25661200001936,,171.0,8.0,179.0,1701.0,100.99675100002514,71.60568237304688,3.0,8.0,2.0,8.0,9.151029999998173,91.84572100002697,12.0,0.0,2.0,97.8935419999516,97.89444399996228,5.0
good,tree_k8_b3,tree_async,gsm8k,6,18,,,,,,,,,,24.0,3.0,,,99.95325200002955,,180.0,8.0,188.0,1800.0,119.66214500012029,72.74794578552246,3.0,0.0,2.0,3.0,20.549329000004946,99.11281600011534,16.0,0.0,2.0,99.36966400005076,99.37071599995306,0.0
good,tree_k8_b3,tree_async,gsm8k,6,19,,,,,,,,,,24.0,8.0,,,106.39323066659287,,184.0,8.0,192.0,1901.0,110.54597400004695,77.4528980255127,3.0,8.0,2.0,8.0,34.16385799994259,76.38211600010436,16.0,0.0,2.0,105.4787350000197,105.48047800000404,7.0
good,direct,direct,gsm8k,7,0,128.0,2778.3311276666486,25.130266666666667,2748.3906745910645,2753.200860999982,12.594933333333334,12.535333333333334,,,,,,,,,,,,,,,,,,,,,,,,,,
good,sync_k8,sync_spec,gsm8k,7,0,,,,,,,,0.0,8.0,8.0,7.0,37.380218505859375,35.912513732910156,62.88301533337807,279.0,58.0,8.0,66.0,,,,,,,,,,,,,,,
good,sync_k8,sync_spec,gsm8k,7,1,,,,,,,,1.0,8.0,8.0,8.0,34.63482856750488,35.36415100097656,61.60052400002544,7354.0,66.0,8.0,74.0,,,,,,,,,,,,,,,
good,sync_k8,sync_spec,gsm8k,7,2,,,,,,,,2.0,8.0,8.0,7.0,38.85793685913086,44.23379898071289,70.38405099998347,369.0,75.0,8.0,83.0,,,,,,,,,,,,,,,
good,sync_k8,sync_spec,gsm8k,7,3,,,,,,,,3.0,8.0,8.0,7.0,35.6593132019043,40.90690612792969,67.60811899993439,19879.0,83.0,8.0,91.0,,,,,,,,,,,,,,,
good,sync_k8,sync_spec,gsm8k,7,4,,,,,,,,4.0,8.0,8.0,8.0,38.190364837646484,44.94810104370117,71.65210933335155,1372.0,91.0,8.0,99.0,,,,,,,,,,,,,,,
good,sync_k8,sync_spec,gsm8k,7,5,,,,,,,,5.0,8.0,8.0,2.0,38.98930549621582,49.248695373535156,76.32306766673472,320.0,100.0,8.0,108.0,,,,,,,,,,,,,,,
good,sync_k8,sync_spec,gsm8k,7,6,,,,,,,,6.0,8.0,8.0,8.0,35.77280044555664,48.20752143859863,75.42705333330207,525.0,103.0,8.0,111.0,,,,,,,,,,,,,,,
good,sync_k8,sync_spec,gsm8k,7,7,,,,,,,,7.0,8.0,8.0,8.0,40.08054733276367,50.64845085144043,77.9343693334143,23.0,112.0,8.0,120.0,,,,,,,,,,,,,,,
good,sync_k8,sync_spec,gsm8k,7,8,,,,,,,,8.0,8.0,8.0,8.0,35.4924201965332,54.16464805603027,80.8215956666247,220.0,121.0,8.0,129.0,,,,,,,,,,,,,,,
good,sync_k8,sync_spec,gsm8k,7,9,,,,,,,,9.0,8.0,8.0,8.0,36.203622817993164,55.454254150390625,81.9161763333118,685.0,130.0,8.0,138.0,,,,,,,,,,,,,,,
good,sync_k8,sync_spec,gsm8k,7,10,,,,,,,,10.0,8.0,8.0,8.0,34.1184139251709,59.80229377746582,86.10020866663973,582.0,139.0,8.0,147.0,,,,,,,,,,,,,,,
good,sync_k8,sync_spec,gsm8k,7,11,,,,,,,,11.0,8.0,8.0,8.0,37.47057914733887,60.73141098022461,87.10190366670733,23.0,148.0,8.0,156.0,,,,,,,,,,,,,,,
good,sync_k8,sync_spec,gsm8k,7,12,,,,,,,,12.0,8.0,8.0,8.0,38.68532180786133,67.89898872375488,94.55166866666809,284.0,157.0,8.0,165.0,,,,,,,,,,,,,,,
good,sync_k8,sync_spec,gsm8k,7,13,,,,,,,,13.0,8.0,8.0,8.0,40.776729583740234,69.54789161682129,97.53432299999587,220.0,166.0,8.0,174.0,,,,,,,,,,,,,,,
good,sync_k8,sync_spec,gsm8k,7,14,,,,,,,,14.0,8.0,8.0,3.0,41.72945022583008,74.07641410827637,103.54712233341753,18.0,175.0,8.0,183.0,,,,,,,,,,,,,,,
good,sync_k8,sync_spec,gsm8k,7,15,,,,,,,,15.0,8.0,8.0,8.0,38.44904899597168,72.54862785339355,100.01517266671543,279.0,179.0,8.0,187.0,,,,,,,,,,,,,,,
good,tree_k8_b3,tree_async,gsm8k,7,0,,,,,,,,,,16.0,7.0,,,64.18020900001949,,58.0,8.0,66.0,0.0,87.59156299993265,36.24463081359863,3.0,0.0,2.0,7.0,36.9601979999743,50.63136499995835,8.0,0.7015339999725256,2.0,63.68810099991151,63.68904299995393,0.0
good,tree_k8_b3,tree_async,gsm8k,7,1,,,,,,,,,,16.0,8.0,,,65.08689399993048,,66.0,8.0,74.0,101.0,96.1181080000415,37.604570388793945,3.0,8.0,2.0,8.0,34.12115900005119,61.99694899999031,8.0,0.0,2.0,64.86380599994845,64.86471799996707,3.0
good,tree_k8_b3,tree_async,gsm8k,7,2,,,,,,,,,,22.0,7.0,,,68.03189266671367,,75.0,8.0,83.0,200.0,97.63192200000503,40.84968566894531,3.0,0.0,2.0,7.0,34.13446499996553,63.4974570000395,14.0,0.0,2.0,67.7907790000063,67.79163099997731,0.0
good,tree_k8_b3,tree_async,gsm8k,7,3,,,,,,,,,,20.0,7.0,,,67.36455600002171,,83.0,8.0,91.0,300.0,108.3726959999467,40.68398475646973,3.0,0.0,2.0,7.0,41.5308520000508,66.8418439998959,12.0,0.0,2.0,66.80528300000788,66.80636500004766,0.0
good,tree_k8_b3,tree_async,gsm8k,7,4,,,,,,,,,,20.0,8.0,,,72.10076800001613,,91.0,8.0,99.0,401.0,109.10741500026688,45.073747634887695,3.0,8.0,2.0,8.0,40.55108499994731,68.55633000031958,12.0,0.0,2.0,71.51517399995555,71.51596599999266,5.0
good,tree_k8_b3,tree_async,gsm8k,7,5,,,,,,,,,,24.0,2.0,,,72.99971566668253,,100.0,8.0,108.0,500.0,95.12153000025592,46.19765281677246,3.0,0.0,2.0,2.0,23.837176000029103,71.28435400022681,16.0,0.0,2.0,72.55145900001025,72.55225100004736,0.0
good,tree_k8_b3,tree_async,gsm8k,7,6,,,,,,,,,,24.0,8.0,,,74.39885299993085,,103.0,8.0,111.0,601.0,105.73162799994407,47.293663024902344,3.0,8.0,2.0,8.0,37.03744099993855,68.69418700000551,16.0,0.0,2.0,73.99114899999404,73.99216199996772,7.0
good,tree_k8_b3,tree_async,gsm8k,7,7,,,,,,,,,,24.0,8.0,,,79.40332500004708,,112.0,8.0,120.0,701.0,86.66801599997598,52.289485931396484,3.0,8.0,2.0,8.0,7.702201999904901,78.96581400007108,16.0,0.0,2.0,79.11000599995077,79.1110379999509,7.0
good,tree_k8_b3,tree_async,gsm8k,7,8,,,,,,,,,,24.0,8.0,,,82.13604166666231,,121.0,8.0,129.0,801.0,77.70908199995574,55.307626724243164,3.0,8.0,2.0,8.0,7.895919000020513,69.81316299993523,16.0,0.0,2.0,81.23087100000248,81.23220400000264,7.0
good,tree_k8_b3,tree_async,gsm8k,7,9,,,,,,,,,,24.0,8.0,,,83.0994386666592,,130.0,8.0,138.0,901.0,91.63567899997815,56.20098114013672,3.0,8.0,2.0,8.0,8.400069000003896,83.23560999997426,16.0,0.0,2.0,82.99782899996444,82.99897199992756,7.0
good,tree_k8_b3,tree_async,gsm8k,7,10,,,,,,,,,,24.0,8.0,,,87.9009220000263,,139.0,8.0,147.0,1001.0,92.48774699983642,60.76455116271973,3.0,8.0,2.0,8.0,7.139145999985885,85.34860099985053,16.0,0.0,2.0,87.79622099996232,87.79772299999422,7.0
good,tree_k8_b3,tree_async,gsm8k,7,11,,,,,,,,,,22.0,8.0,,,88.63897766670536,,148.0,8.0,156.0,1101.0,86.96613699999034,62.12592124938965,3.0,8.0,2.0,8.0,7.098303000020678,79.86783399996966,14.0,0.0,2.0,88.38513600005626,88.38768099997196,6.0
good,tree_k8_b3,tree_async,gsm8k,7,12,,,,,,,,,,24.0,8.0,,,93.33694066674548,,157.0,8.0,165.0,1201.0,102.2104930000296,66.57695770263672,3.0,8.0,2.0,8.0,14.324385000008988,87.88610800002061,16.0,0.0,2.0,93.03974800002379,93.04093000002922,7.0
good,tree_k8_b3,tree_async,gsm8k,7,13,,,,,,,,,,24.0,8.0,,,95.42843433335331,,166.0,8.0,174.0,1301.0,92.47383800004627,68.62115859985352,3.0,8.0,2.0,8.0,7.11849300000722,85.35534500003905,16.0,0.0,2.0,95.18782500003908,95.18893699998898,7.0
good,tree_k8_b3,tree_async,gsm8k,7,14,,,,,,,,,,24.0,8.0,,,100.19769400001833,,175.0,8.0,183.0,1401.0,87.17397100008384,72.8769302368164,3.0,8.0,2.0,8.0,7.441581999955815,79.73238900012802,16.0,0.0,2.0,100.12309299997924,100.12412499997936,7.0
good,tree_k8_b3,tree_async,gsm8k,7,15,,,,,,,,,,24.0,8.0,,,102.48725766671029,,184.0,8.0,192.0,1501.0,105.04194800012101,74.86844062805176,3.0,8.0,2.0,8.0,8.976185000051373,96.06576300006964,16.0,0.0,2.0,101.8910100000312,101.89188200001809,7.0
good,direct,direct,gsm8k,8,0,128.0,2957.8956603333954,25.11273333333333,2930.835247039795,2932.782927000062,12.581333333333333,12.5314,,,,,,,,,,,,,,,,,,,,,,,,,,
good,sync_k8,sync_spec,gsm8k,8,0,,,,,,,,0.0,8.0,8.0,4.0,38.399457931518555,39.642333984375,67.38637366660436,28504.0,65.0,8.0,73.0,,,,,,,,,,,,,,,
good,sync_k8,sync_spec,gsm8k,8,1,,,,,,,,1.0,8.0,8.0,8.0,35.65645217895508,36.59510612487793,63.4960850000736,1184.0,70.0,8.0,78.0,,,,,,,,,,,,,,,
good,sync_k8,sync_spec,gsm8k,8,2,,,,,,,,2.0,8.0,8.0,8.0,38.74039649963379,39.95800018310547,66.60198733338406,47866.0,79.0,8.0,87.0,,,,,,,,,,,,,,,
good,sync_k8,sync_spec,gsm8k,8,3,,,,,,,,3.0,8.0,8.0,2.0,35.24422645568848,41.15629196166992,67.66040966666463,2783.0,88.0,8.0,96.0,,,,,,,,,,,,,,,
good,sync_k8,sync_spec,gsm8k,8,4,,,,,,,,4.0,8.0,8.0,8.0,35.056114196777344,45.74894905090332,72.49903266671974,512.0,91.0,8.0,99.0,,,,,,,,,,,,,,,
good,sync_k8,sync_spec,gsm8k,8,5,,,,,,,,5.0,8.0,8.0,8.0,34.29698944091797,46.964406967163086,73.32932833342565,481.0,100.0,8.0,108.0,,,,,,,,,,,,,,,
good,sync_k8,sync_spec,gsm8k,8,6,,,,,,,,6.0,8.0,8.0,8.0,33.94722938537598,51.12147331237793,78.21152833334206,198.0,109.0,8.0,117.0,,,,,,,,,,,,,,,
good,sync_k8,sync_spec,gsm8k,8,7,,,,,,,,7.0,8.0,8.0,8.0,34.769535064697266,51.717519760131836,78.24062166669573,220.0,118.0,8.0,126.0,,,,,,,,,,,,,,,
good,sync_k8,sync_spec,gsm8k,8,8,,,,,,,,8.0,8.0,8.0,8.0,34.4090461730957,55.8316707611084,82.15308899994916,8.0,127.0,8.0,135.0,,,,,,,,,,,,,,,
good,sync_k8,sync_spec,gsm8k,8,9,,,,,,,,9.0,8.0,8.0,5.0,34.1334342956543,57.982444763183594,85.17370199997166,35.0,136.0,8.0,144.0,,,,,,,,,,,,,,,
good,sync_k8,sync_spec,gsm8k,8,10,,,,,,,,10.0,8.0,8.0,2.0,35.40468215942383,63.39001655578613,91.0964089999835,12957.0,142.0,8.0,150.0,,,,,,,,,,,,,,,
good,sync_k8,sync_spec,gsm8k,8,11,,,,,,,,11.0,8.0,8.0,6.0,33.26559066772461,62.03579902648926,88.98730633344047,5624.0,145.0,8.0,153.0,,,,,,,,,,,,,,,
good,sync_k8,sync_spec,gsm8k,8,12,,,,,,,,12.0,8.0,8.0,8.0,35.66455841064453,63.87042999267578,90.72110633331543,198.0,152.0,8.0,160.0,,,,,,,,,,,,,,,
good,sync_k8,sync_spec,gsm8k,8,13,,,,,,,,13.0,8.0,8.0,8.0,35.08448600769043,67.93093681335449,95.42538366662608,13.0,161.0,8.0,169.0,,,,,,,,,,,,,,,
good,sync_k8,sync_spec,gsm8k,8,14,,,,,,,,14.0,8.0,8.0,8.0,34.82246398925781,72.23749160766602,99.37853633341584,25.0,170.0,8.0,178.0,,,,,,,,,,,,,,,
good,sync_k8,sync_spec,gsm8k,8,15,,,,,,,,15.0,8.0,8.0,8.0,34.67512130737305,73.0428695678711,100.2966653333572,13.0,179.0,8.0,187.0,,,,,,,,,,,,,,,
good,sync_k8,sync_spec,gsm8k,8,16,,,,,,,,16.0,8.0,8.0,8.0,34.84082221984863,78.0632495880127,106.53476633336932,11192.0,188.0,8.0,196.0,,,,,,,,,,,,,,,
good,tree_k8_b3,tree_async,gsm8k,8,0,,,,,,,,,,22.0,4.0,,,65.77404466660528,,65.0,8.0,73.0,0.0,89.9178260001463,37.732601165771484,3.0,0.0,2.0,4.0,33.52391200007787,56.393914000068435,14.0,0.0,2.0,65.51976599996578,65.52040700000816,0.0
good,tree_k8_b3,tree_async,gsm8k,8,1,,,,,,,,,,24.0,8.0,,,68.8848226666181,,70.0,8.0,78.0,101.0,106.82818600014343,41.21708869934082,3.0,8.0,2.0,8.0,38.80423600003269,68.02395000011074,16.0,0.0,2.0,68.5892579999745,68.58980899994549,7.0
good,tree_k8_b3,tree_async,gsm8k,8,2,,,,,,,,,,20.0,8.0,,,67.99073733331683,,79.0,8.0,87.0,201.0,66.87461599995004,41.00799560546875,3.0,8.0,2.0,8.0,8.04787699996723,58.82673899998281,12.0,0.0,2.0,67.84421100007876,67.84516300001542,5.0
good,tree_k8_b3,tree_async,gsm8k,8,3,,,,,,,,,,18.0,2.0,,,69.92098933334148,,88.0,8.0,96.0,300.0,85.52514499990593,42.88506507873535,3.0,0.0,2.0,2.0,19.622065000021394,65.90307999988454,10.0,0.0,2.0,69.51538700002402,69.5159079999712,0.0
good,tree_k8_b3,tree_async,gsm8k,8,4,,,,,,,,,,22.0,8.0,,,73.54535833334977,,91.0,8.0,99.0,401.0,113.43369400015035,46.59771919250488,3.0,8.0,2.0,8.0,43.1374010000809,70.29629300006945,14.0,0.0,2.0,73.46045699989645,73.46096799994939,6.0
good,tree_k8_b3,tree_async,gsm8k,8,5,,,,,,,,,,22.0,8.0,,,74.8648283333574,,100.0,8.0,108.0,501.0,86.16032399993401,47.68490791320801,3.0,8.0,2.0,8.0,14.472354999952586,71.68796899998142,14.0,0.0,2.0,74.73073899996052,74.73153099999763,6.0
good,tree_k8_b3,tree_async,gsm8k,8,6,,,,,,,,,,24.0,8.0,,,78.36486200002702,,109.0,8.0,117.0,601.0,87.76200400006928,51.605224609375,3.0,8.0,2.0,8.0,13.880158000006304,73.88184600006298,16.0,0.0,2.0,78.2746730000099,78.27540400000998,7.0
good,tree_k8_b3,tree_async,gsm8k,8,7,,,,,,,,,,24.0,8.0,,,79.1353610000484,,118.0,8.0,126.0,701.0,86.53747299979386,52.24871635437012,3.0,8.0,2.0,8.0,7.21783400001641,79.31963899977745,16.0,0.0,2.0,79.04286299992691,79.04506700003822,7.0
good,tree_k8_b3,tree_async,gsm8k,8,8,,,,,,,,,,24.0,8.0,,,84.04926766666985,,127.0,8.0,135.0,801.0,73.19017199984046,57.57308006286621,3.0,8.0,2.0,8.0,7.981677000088894,65.20849499975157,16.0,0.0,2.0,83.74063400003706,83.74261800008753,7.0
good,tree_k8_b3,tree_async,gsm8k,8,9,,,,,,,,,,22.0,5.0,,,87.06588533338764,,136.0,8.0,144.0,900.0,88.89361200010626,60.04643440246582,3.0,0.0,2.0,5.0,8.081701000037356,80.8119110000689,14.0,0.0,2.0,86.68316799992226,86.68421899994883,0.0
good,tree_k8_b3,tree_async,gsm8k,8,10,,,,,,,,,,18.0,2.0,,,88.92517599997073,,142.0,8.0,150.0,1000.0,110.72400100010782,61.81621551513672,3.0,0.0,2.0,2.0,34.12589599997773,76.59810500013009,10.0,1.1865839999245509,2.0,88.64032799999677,88.64133900010529,0.0
good,tree_k8_b3,tree_async,gsm8k,8,11,,,,,,,,,,20.0,6.0,,,90.79216966659487,,145.0,8.0,153.0,1100.0,114.43993999989743,63.16542625427246,3.0,0.0,2.0,6.0,31.154357999980675,83.28558199991676,12.0,0.0,2.0,90.61247600004663,90.61342699999386,0.0
good,tree_k8_b3,tree_async,gsm8k,8,12,,,,,,,,,,22.0,8.0,,,92.69737733341866,,152.0,8.0,160.0,1201.0,128.67280099999334,65.18864631652832,3.0,8.0,2.0,8.0,37.13165100009519,91.54114999989815,14.0,0.0,2.0,92.50985100004527,92.51095299998724,6.0
good,tree_k8_b3,tree_async,gsm8k,8,13,,,,,,,,,,24.0,8.0,,,94.21481366661406,,161.0,8.0,169.0,1301.0,89.16389100011202,67.61908531188965,3.0,8.0,2.0,8.0,16.331828000033966,72.83206300007805,16.0,0.0,2.0,93.73975699998027,93.74080899999626,7.0
good,tree_k8_b3,tree_async,gsm8k,8,14,,,,,,,,,,24.0,8.0,,,98.10922066667464,,170.0,8.0,178.0,1401.0,82.39753800012295,71.3188648223877,3.0,8.0,2.0,8.0,6.068752999908611,76.32878500021434,16.0,0.0,2.0,97.75238899999295,97.75411199996142,7.0
good,tree_k8_b3,tree_async,gsm8k,8,15,,,,,,,,,,24.0,8.0,,,99.62627633336459,,179.0,8.0,187.0,1501.0,79.22485200003848,73.27461242675781,3.0,8.0,2.0,8.0,7.6760790000207635,71.54877300001772,16.0,0.0,2.0,99.35751299997264,99.35974699999406,7.0
good,tree_k8_b3,tree_async,gsm8k,8,16,,,,,,,,,,24.0,8.0,,,103.85568199998387,,188.0,8.0,196.0,1601.0,106.28383799996755,77.30841636657715,3.0,8.0,2.0,8.0,7.755695000014384,98.52814299995316,16.0,0.0,2.0,103.20518000003176,103.20804599996336,7.0
good,direct,direct,gsm8k,9,0,128.0,2900.345202999957,25.1066,2873.1322288513184,2875.238602999957,12.571466666666666,12.535133333333333,,,,,,,,,,,,,,,,,,,,,,,,,,
good,sync_k8,sync_spec,gsm8k,9,0,,,,,,,,0.0,8.0,8.0,4.0,37.35637664794922,33.89334678649902,60.717282999972056,6177.0,56.0,8.0,64.0,,,,,,,,,,,,,,,
good,sync_k8,sync_spec,gsm8k,9,1,,,,,,,,1.0,8.0,8.0,8.0,38.13052177429199,37.10031509399414,64.54930866669247,1033.0,61.0,8.0,69.0,,,,,,,,,,,,,,,
good,sync_k8,sync_spec,gsm8k,9,2,,,,,,,,2.0,8.0,8.0,8.0,36.84210777282715,39.78586196899414,67.06858799995418,1795.0,70.0,8.0,78.0,,,,,,,,,,,,,,,
good,sync_k8,sync_spec,gsm8k,9,3,,,,,,,,3.0,8.0,8.0,8.0,35.24971008300781,41.95880889892578,69.00861966662828,1372.0,79.0,8.0,87.0,,,,,,,,,,,,,,,
good,sync_k8,sync_spec,gsm8k,9,4,,,,,,,,4.0,8.0,8.0,8.0,38.713932037353516,44.278621673583984,71.87802299996869,279.0,88.0,8.0,96.0,,,,,,,,,,,,,,,
good,sync_k8,sync_spec,gsm8k,9,5,,,,,,,,5.0,8.0,8.0,8.0,37.79149055480957,46.48900032043457,73.55278733330431,1251.0,97.0,8.0,105.0,,,,,,,,,,,,,,,
good,sync_k8,sync_spec,gsm8k,9,6,,,,,,,,6.0,8.0,8.0,8.0,40.46320915222168,49.283504486083984,76.1186216666509,1372.0,106.0,8.0,114.0,,,,,,,,,,,,,,,
good,sync_k8,sync_spec,gsm8k,9,7,,,,,,,,7.0,8.0,8.0,8.0,42.198896408081055,51.54252052307129,78.4397310000053,2701.0,115.0,8.0,123.0,,,,,,,,,,,,,,,
good,sync_k8,sync_spec,gsm8k,9,8,,,,,,,,8.0,8.0,8.0,8.0,37.08362579345703,54.84342575073242,81.98233700001072,12.0,124.0,8.0,132.0,,,,,,,,,,,,,,,
good,sync_k8,sync_spec,gsm8k,9,9,,,,,,,,9.0,8.0,8.0,8.0,35.21895408630371,56.25629425048828,83.333349666665,76304.0,133.0,8.0,141.0,,,,,,,,,,,,,,,
good,sync_k8,sync_spec,gsm8k,9,10,,,,,,,,10.0,8.0,8.0,8.0,34.73329544067383,60.54520606994629,87.31030433335181,220.0,142.0,8.0,150.0,,,,,,,,,,,,,,,
good,sync_k8,sync_spec,gsm8k,9,11,,,,,,,,11.0,8.0,8.0,8.0,34.68656539916992,62.29567527770996,89.35744133336145,633.0,151.0,8.0,159.0,,,,,,,,,,,,,,,
good,sync_k8,sync_spec,gsm8k,9,12,,,,,,,,12.0,8.0,8.0,8.0,35.17460823059082,67.54279136657715,94.37023933337554,488.0,160.0,8.0,168.0,,,,,,,,,,,,,,,
good,sync_k8,sync_spec,gsm8k,9,13,,,,,,,,13.0,8.0,8.0,8.0,35.80021858215332,71.1832046508789,97.73537333338115,19.0,169.0,8.0,177.0,,,,,,,,,,,,,,,
good,sync_k8,sync_spec,gsm8k,9,14,,,,,,,,14.0,8.0,8.0,4.0,39.86549377441406,72.05653190612793,98.94026999997298,1052.0,178.0,8.0,186.0,,,,,,,,,,,,,,,
good,sync_k8,sync_spec,gsm8k,9,15,,,,,,,,15.0,8.0,8.0,8.0,38.07425498962402,73.35519790649414,99.93100466668811,2790.0,183.0,8.0,191.0,,,,,,,,,,,,,,,
good,tree_k8_b3,tree_async,gsm8k,9,0,,,,,,,,,,18.0,4.0,,,59.5454710000334,,56.0,8.0,64.0,0.0,97.79644999991888,32.49335289001465,3.0,0.0,2.0,4.0,38.000712999973985,59.79573699994489,10.0,0.0,2.0,59.90290299996559,59.904426000002786,0.0
good,tree_k8_b3,tree_async,gsm8k,9,1,,,,,,,,,,16.0,8.0,,,62.26747666669826,,61.0,8.0,69.0,100.0,104.94443299990053,35.34078598022461,3.0,0.0,2.0,8.0,48.12735899997733,56.817073999923196,8.0,0.0,2.0,61.85355799993886,61.854639999978644,0.0
good,tree_k8_b3,tree_async,gsm8k,9,2,,,,,,,,,,14.0,8.0,,,63.71058533335811,,70.0,8.0,78.0,201.0,93.80586300005689,36.90695762634277,3.0,8.0,2.0,8.0,39.82375199996113,53.982111000095756,6.0,0.30980100007127476,2.0,63.32882799995332,63.32974899999044,2.0
good,tree_k8_b3,tree_async,gsm8k,9,3,,,,,,,,,,16.0,8.0,,,66.68840566667708,,79.0,8.0,87.0,301.0,88.49173700014035,40.10272026062012,3.0,8.0,2.0,8.0,24.086534000048232,64.40520300009211,8.0,0.0,2.0,66.20288999999957,66.20380200001819,3.0
good,tree_k8_b3,tree_async,gsm8k,9,4,,,,,,,,,,16.0,8.0,,,68.25003433333782,,88.0,8.0,96.0,401.0,97.87182300021868,41.66674613952637,3.0,8.0,2.0,8.0,36.023033999981635,61.84878900023705,8.0,0.0,2.0,67.93096900003093,67.93205099995703,3.0
good,tree_k8_b3,tree_async,gsm8k,9,5,,,,,,,,,,18.0,8.0,,,74.50358133342286,,97.0,8.0,105.0,501.0,94.97822199989514,47.18470573425293,3.0,8.0,2.0,8.0,28.48311599996123,66.49510599993391,10.0,0.0,2.0,73.96553799992489,73.9665400000149,4.0
good,tree_k8_b3,tree_async,gsm8k,9,6,,,,,,,,,,20.0,8.0,,,79.78037533340739,,106.0,8.0,114.0,601.0,99.84462900013114,52.506446838378906,3.0,8.0,2.0,8.0,22.36519699999917,77.47943200013196,12.0,0.0,2.0,79.65158000001793,79.65249200003655,5.0
good,tree_k8_b3,tree_async,gsm8k,9,7,,,,,,,,,,20.0,8.0,,,81.5160966666577,,115.0,8.0,123.0,700.0,96.0890950002522,54.18801307678223,3.0,0.0,2.0,8.0,23.050125000054322,73.03897000019788,12.0,1.2067600000591483,2.0,81.1867859999893,81.19014299995797,0.0
good,tree_k8_b3,tree_async,gsm8k,9,8,,,,,,,,,,24.0,8.0,,,85.47223166661985,,124.0,8.0,132.0,801.0,90.86120999995728,58.43091011047363,3.0,8.0,2.0,8.0,33.6296630000561,57.231546999901184,16.0,0.0,2.0,85.17685100002836,85.18041800004994,7.0
good,tree_k8_b3,tree_async,gsm8k,9,9,,,,,,,,,,22.0,8.0,,,85.5855166666028,,133.0,8.0,141.0,901.0,90.51195299991832,58.3493709564209,3.0,8.0,2.0,8.0,8.10378899996067,82.40816399995765,14.0,0.0,2.0,84.96462000005067,84.9681969999665,6.0
good,tree_k8_b3,tree_async,gsm8k,9,10,,,,,,,,,,24.0,8.0,,,88.77179899998897,,142.0,8.0,150.0,1001.0,98.63668700029393,61.91086769104004,3.0,8.0,2.0,8.0,16.008102999990115,82.62858400030382,16.0,0.0,2.0,88.31346300007681,88.31956599999558,7.0
good,tree_k8_b3,tree_async,gsm8k,9,11,,,,,,,,,,24.0,8.0,,,89.47681466669842,,151.0,8.0,159.0,1101.0,79.01118700010556,62.660932540893555,3.0,8.0,2.0,8.0,8.024954000006801,70.98623300009876,16.0,0.0,2.0,89.16727199994057,89.16978699994615,7.0
good,tree_k8_b3,tree_async,gsm8k,9,12,,,,,,,,,,24.0,8.0,,,94.9115733332523,,160.0,8.0,168.0,1201.0,93.15986100011742,67.66533851623535,3.0,8.0,2.0,8.0,8.589819000007992,84.57004200010942,16.0,0.0,2.0,94.39671699999508,94.39899099993454,7.0
good,tree_k8_b3,tree_async,gsm8k,9,13,,,,,,,,,,24.0,8.0,,,100.18003466666991,,169.0,8.0,177.0,1301.0,82.42356099981407,72.60251045227051,3.0,8.0,2.0,8.0,7.885572999953183,74.53798799986089,16.0,0.0,2.0,99.70319100000324,99.7054050000088,7.0
good,tree_k8_b3,tree_async,gsm8k,9,14,,,,,,,,,,24.0,4.0,,,101.22426466656805,,178.0,8.0,186.0,1400.0,98.14367999990736,73.6086368560791,3.0,0.0,2.0,4.0,8.453062999933536,89.69061699997383,16.0,0.0,2.0,100.49263100006556,100.49346200003129,0.0
good,tree_k8_b3,tree_async,gsm8k,9,15,,,,,,,,,,24.0,8.0,,,103.3105703334163,,183.0,8.0,191.0,1501.0,98.59171600010086,75.87385177612305,3.0,8.0,2.0,8.0,33.90914099998099,64.68257500011987,16.0,0.0,2.0,102.89315500006069,102.8943869999921,7.0
good,direct,direct,gsm8k,10,0,128.0,3016.8009746666776,25.119666666666667,2989.7141456604004,2991.681308000011,12.584533333333333,12.535133333333333,,,,,,,,,,,,,,,,,,,,,,,,,,
good,sync_k8,sync_spec,gsm8k,10,0,,,,,,,,0.0,8.0,8.0,8.0,37.10484504699707,38.27810287475586,65.19073033332978,89883.0,62.0,8.0,70.0,,,,,,,,,,,,,,,
good,sync_k8,sync_spec,gsm8k,10,1,,,,,,,,1.0,8.0,8.0,6.0,37.67728805541992,36.806583404541016,63.269351333242,220.0,71.0,8.0,79.0,,,,,,,,,,,,,,,
good,sync_k8,sync_spec,gsm8k,10,2,,,,,,,,2.0,8.0,8.0,8.0,37.1854305267334,40.03334045410156,66.68039366667918,1493.0,78.0,8.0,86.0,,,,,,,,,,,,,,,
good,sync_k8,sync_spec,gsm8k,10,3,,,,,,,,3.0,8.0,8.0,4.0,34.81149673461914,42.60993003845215,69.57795866672403,3070.0,87.0,8.0,95.0,,,,,,,,,,,,,,,
good,sync_k8,sync_spec,gsm8k,10,4,,,,,,,,4.0,8.0,8.0,3.0,35.70961952209473,46.24056816101074,73.39225500006928,46629.0,92.0,8.0,100.0,,,,,,,,,,,,,,,
good,sync_k8,sync_spec,gsm8k,10,5,,,,,,,,5.0,8.0,8.0,1.0,36.498069763183594,46.488046646118164,73.27648799991464,4379.0,96.0,8.0,104.0,,,,,,,,,,,,,,,
good,sync_k8,sync_spec,gsm8k,10,6,,,,,,,,6.0,8.0,8.0,4.0,37.372589111328125,45.1357364654541,71.43513799999376,646.0,98.0,8.0,106.0,,,,,,,,,,,,,,,
good,sync_k8,sync_spec,gsm8k,10,7,,,,,,,,7.0,8.0,8.0,8.0,37.76192665100098,46.355247497558594,72.84380633331948,304.0,103.0,8.0,111.0,,,,,,,,,,,,,,,
good,sync_k8,sync_spec,gsm8k,10,8,,,,,,,,8.0,8.0,8.0,8.0,37.98198699951172,51.038265228271484,77.58105666669744,5670.0,112.0,8.0,120.0,,,,,,,,,,,,,,,
good,sync_k8,sync_spec,gsm8k,10,9,,,,,,,,9.0,8.0,8.0,8.0,36.6666316986084,57.18088150024414,85.20667800004921,1318.0,121.0,8.0,129.0,,,,,,,,,,,,,,,
good,sync_k8,sync_spec,gsm8k,10,10,,,,,,,,10.0,8.0,8.0,5.0,37.55998611450195,58.686256408691406,86.11187266663444,4379.0,130.0,8.0,138.0,,,,,,,,,,,,,,,
good,sync_k8,sync_spec,gsm8k,10,11,,,,,,,,11.0,8.0,8.0,8.0,38.77997398376465,58.887481689453125,85.62310166664932,1124.0,136.0,8.0,144.0,,,,,,,,,,,,,,,
good,sync_k8,sync_spec,gsm8k,10,12,,,,,,,,12.0,8.0,8.0,8.0,36.24844551086426,62.0732307434082,89.18805633335313,90.0,145.0,8.0,153.0,,,,,,,,,,,,,,,
good,sync_k8,sync_spec,gsm8k,10,13,,,,,,,,13.0,8.0,8.0,8.0,36.40031814575195,67.39950180053711,94.55737833338581,90.0,154.0,8.0,162.0,,,,,,,,,,,,,,,
good,sync_k8,sync_spec,gsm8k,10,14,,,,,,,,14.0,8.0,8.0,8.0,36.055803298950195,68.3436393737793,95.2846646666853,13.0,163.0,8.0,171.0,,,,,,,,,,,,,,,
good,sync_k8,sync_spec,gsm8k,10,15,,,,,,,,15.0,8.0,8.0,8.0,35.0039005279541,71.57754898071289,98.6834696667051,25.0,172.0,8.0,180.0,,,,,,,,,,,,,,,
good,sync_k8,sync_spec,gsm8k,10,16,,,,,,,,16.0,8.0,8.0,8.0,35.80594062805176,76.64990425109863,105.1129333333507,90.0,181.0,8.0,189.0,,,,,,,,,,,,,,,
good,tree_k8_b3,tree_async,gsm8k,10,0,,,,,,,,,,18.0,8.0,,,67.68746800005857,,62.0,8.0,70.0,0.0,101.84216599998308,39.7489070892334,3.0,0.0,2.0,8.0,41.96689900004458,59.8752669999385,10.0,0.0,2.0,67.30687200001739,67.30929600007585,0.0
good,tree_k8_b3,tree_async,gsm8k,10,1,,,,,,,,,,18.0,6.0,,,64.02339799996678,,71.0,8.0,79.0,100.0,98.80161600005977,37.13583946228027,3.0,0.0,2.0,6.0,38.645308000013756,60.15630800004601,10.0,0.0,2.0,63.25914499996088,63.25983800002177,0.0
good,tree_k8_b3,tree_async,gsm8k,10,2,,,,,,,,,,20.0,8.0,,,70.2040216667182,,78.0,8.0,86.0,201.0,111.0723939999616,43.364763259887695,3.0,8.0,2.0,8.0,41.82498399995893,69.24741000000267,12.0,0.0,2.0,69.47454900000594,69.47575100002723,5.0
good,tree_k8_b3,tree_async,gsm8k,10,3,,,,,,,,,,22.0,4.0,,,71.39021266667027,,87.0,8.0,95.0,300.0,94.92338300015035,44.3115234375,3.0,0.0,2.0,4.0,26.434292000089954,68.4890910000604,14.0,0.0,2.0,71.0268929999529,71.02804500004822,0.0
good,tree_k8_b3,tree_async,gsm8k,10,4,,,,,,,,,,22.0,3.0,,,73.89178500002568,,92.0,8.0,100.0,400.0,97.27725599987025,46.93341255187988,3.0,0.0,2.0,3.0,36.84519700004785,60.4320589998224,14.0,1.0027209999634579,2.0,73.61197899990657,73.61614699993879,0.0
good,tree_k8_b3,tree_async,gsm8k,10,5,,,,,,,,,,20.0,1.0,,,73.5029599999231,,96.0,8.0,104.0,500.0,102.1502620000092,46.37742042541504,3.0,0.0,2.0,1.0,33.87711599998511,68.2731460000241,12.0,0.0,2.0,73.44432399997913,73.44532599995546,0.0
good,tree_k8_b3,tree_async,gsm8k,10,6,,,,,,,,,,18.0,4.0,,,73.23100333333214,,98.0,8.0,106.0,600.0,93.32762599990474,45.99928855895996,3.0,0.0,2.0,4.0,33.79868499996519,59.52894099993955,10.0,0.0,2.0,73.12350300003345,73.12457499995162,0.0
good,tree_k8_b3,tree_async,gsm8k,10,7,,,,,,,,,,22.0,8.0,,,76.03537199999886,,103.0,8.0,111.0,701.0,111.1908170003062,49.27206039428711,3.0,8.0,2.0,8.0,38.690221000024394,72.5005960002818,14.0,0.0,2.0,75.37531200000558,75.37639400004537,6.0
good,tree_k8_b3,tree_async,gsm8k,10,8,,,,,,,,,,22.0,8.0,,,82.38904600003244,,112.0,8.0,120.0,801.0,102.4631509997107,53.57861518859863,3.0,8.0,2.0,8.0,25.4649049999216,76.9982459997891,14.0,0.0,2.0,82.29693699991003,82.29797899991809,6.0
good,tree_k8_b3,tree_async,gsm8k,10,9,,,,,,,,,,18.0,8.0,,,84.464135000048,,121.0,8.0,129.0,901.0,99.818839000136,56.894779205322266,3.0,8.0,2.0,8.0,18.475676999969437,81.34316200016656,10.0,0.0,2.0,83.91338600006293,83.91436700003396,4.0
good,tree_k8_b3,tree_async,gsm8k,10,10,,,,,,,,,,24.0,5.0,,,84.25937300001414,,130.0,8.0,138.0,1000.0,86.04454200008149,56.65445327758789,3.0,0.0,2.0,5.0,23.643941000045743,62.40060100003575,16.0,0.0,2.0,83.9319209999303,83.93327399994632,0.0
good,tree_k8_b3,tree_async,gsm8k,10,11,,,,,,,,,,24.0,8.0,,,85.32101733333289,,136.0,8.0,144.0,1101.0,111.35419300001104,58.25448036193848,3.0,8.0,2.0,8.0,34.58182999997916,76.77236300003187,16.0,0.0,2.0,84.99682300009681,84.9974940000493,7.0
good,tree_k8_b3,tree_async,gsm8k,10,12,,,,,,,,,,24.0,8.0,,,89.55433433342318,,145.0,8.0,153.0,1201.0,88.67548899991107,62.534332275390625,3.0,8.0,2.0,8.0,7.633152999915183,81.04233599999588,16.0,0.0,2.0,88.45578700004353,88.45646899999338,7.0
good,tree_k8_b3,tree_async,gsm8k,10,13,,,,,,,,,,24.0,8.0,,,92.92265833330212,,154.0,8.0,162.0,1301.0,78.03429899990988,66.11490249633789,3.0,8.0,2.0,8.0,5.5671939999228925,72.46710499998699,16.0,0.0,2.0,92.93839700001172,92.93902800004616,7.0
good,tree_k8_b3,tree_async,gsm8k,10,14,,,,,,,,,,24.0,8.0,,,95.30095566663701,,163.0,8.0,171.0,1401.0,74.30022400012604,68.2363510131836,3.0,8.0,2.0,8.0,7.348680000063723,66.95154400006231,16.0,0.0,2.0,94.99163099997077,94.99251199997616,7.0
good,tree_k8_b3,tree_async,gsm8k,10,15,,,,,,,,,,24.0,8.0,,,99.77856833333828,,172.0,8.0,180.0,1501.0,89.87300700027845,71.72608375549316,3.0,8.0,2.0,8.0,8.062942000037765,81.81006500024068,16.0,0.0,2.0,99.10533100003249,99.10586199998761,7.0
good,tree_k8_b3,tree_async,gsm8k,10,16,,,,,,,,,,24.0,8.0,,,100.88013133330386,,181.0,8.0,189.0,1601.0,70.66838299988376,73.88496398925781,3.0,8.0,2.0,8.0,9.095470000033856,61.572912999849905,16.0,0.0,2.0,100.45912099997167,100.45968199995059,7.0
good,direct,direct,humaneval,1,0,128.0,2860.0420863332665,25.15553333333333,2833.0087661743164,2834.886552999933,12.619733333333333,12.5358,,,,,,,,,,,,,,,,,,,,,,,,,,
good,sync_k8,sync_spec,humaneval,1,0,,,,,,,,0.0,8.0,8.0,1.0,40.14873504638672,53.7264347076416,81.08749366657557,10615.0,119.0,8.0,127.0,,,,,,,,,,,,,,,
good,sync_k8,sync_spec,humaneval,1,1,,,,,,,,1.0,8.0,8.0,0.0,36.81802749633789,54.364919662475586,81.05597666662695,2019.0,121.0,8.0,129.0,,,,,,,,,,,,,,,
good,sync_k8,sync_spec,humaneval,1,2,,,,,,,,2.0,8.0,8.0,8.0,34.15679931640625,54.84127998352051,81.95493499995352,6189.0,122.0,8.0,130.0,,,,,,,,,,,,,,,
good,sync_k8,sync_spec,humaneval,1,3,,,,,,,,3.0,8.0,8.0,5.0,35.3395938873291,56.366682052612305,83.98233800000034,1932.0,131.0,8.0,139.0,,,,,,,,,,,,,,,
good,sync_k8,sync_spec,humaneval,1,4,,,,,,,,4.0,8.0,8.0,8.0,35.15124320983887,63.71712684631348,90.09029000000244,2057.0,137.0,8.0,145.0,,,,,,,,,,,,,,,
good,sync_k8,sync_spec,humaneval,1,5,,,,,,,,5.0,8.0,8.0,8.0,35.976409912109375,64.06283378601074,90.92070800009432,340.0,146.0,8.0,154.0,,,,,,,,,,,,,,,
good,sync_k8,sync_spec,humaneval,1,6,,,,,,,,6.0,8.0,8.0,1.0,36.712646484375,67.39449501037598,94.10521899996444,421.0,155.0,8.0,163.0,,,,,,,,,,,,,,,
good,sync_k8,sync_spec,humaneval,1,7,,,,,,,,7.0,8.0,8.0,8.0,35.704612731933594,66.82896614074707,94.20779099998686,340.0,157.0,8.0,165.0,,,,,,,,,,,,,,,
good,sync_k8,sync_spec,humaneval,1,8,,,,,,,,8.0,8.0,8.0,8.0,37.282705307006836,68.23873519897461,95.57334500006067,10615.0,166.0,8.0,174.0,,,,,,,,,,,,,,,
good,sync_k8,sync_spec,humaneval,1,9,,,,,,,,9.0,8.0,8.0,2.0,39.222002029418945,73.5929012298584,100.0104210000033,2.0,175.0,8.0,183.0,,,,,,,,,,,,,,,
good,sync_k8,sync_spec,humaneval,1,10,,,,,,,,10.0,8.0,8.0,0.0,42.16408729553223,72.54838943481445,99.5155206666951,4248.0,178.0,8.0,186.0,,,,,,,,,,,,,,,
good,sync_k8,sync_spec,humaneval,1,11,,,,,,,,11.0,8.0,8.0,1.0,35.530805587768555,73.26674461364746,100.50847966671546,311.0,179.0,8.0,187.0,,,,,,,,,,,,,,,
good,sync_k8,sync_spec,humaneval,1,12,,,,,,,,12.0,8.0,8.0,2.0,36.164045333862305,76.16710662841797,103.23347066662456,57323.0,181.0,8.0,189.0,,,,,,,,,,,,,,,
good,sync_k8,sync_spec,humaneval,1,13,,,,,,,,13.0,8.0,8.0,2.0,34.69228744506836,74.26095008850098,101.45049233330037,6291.0,184.0,8.0,192.0,,,,,,,,,,,,,,,
good,sync_k8,sync_spec,humaneval,1,14,,,,,,,,14.0,8.0,8.0,8.0,35.273075103759766,77.64530181884766,104.89712199992229,18435.0,187.0,8.0,195.0,,,,,,,,,,,,,,,
good,sync_k8,sync_spec,humaneval,1,15,,,,,,,,15.0,8.0,8.0,8.0,36.23700141906738,78.88340950012207,105.45996799997735,18.0,196.0,8.0,204.0,,,,,,,,,,,,,,,
good,sync_k8,sync_spec,humaneval,1,16,,,,,,,,16.0,8.0,8.0,8.0,35.95471382141113,83.84990692138672,111.9701500000615,220.0,205.0,8.0,213.0,,,,,,,,,,,,,,,
good,sync_k8,sync_spec,humaneval,1,17,,,,,,,,17.0,8.0,8.0,7.0,35.97760200500488,85.87980270385742,113.08344433331996,1125.0,214.0,8.0,222.0,,,,,,,,,,,,,,,
good,sync_k8,sync_spec,humaneval,1,18,,,,,,,,18.0,8.0,8.0,8.0,39.76893424987793,89.08343315124512,116.40183199997604,2060.0,222.0,8.0,230.0,,,,,,,,,,,,,,,
good,sync_k8,sync_spec,humaneval,1,19,,,,,,,,19.0,8.0,8.0,8.0,36.24892234802246,89.97201919555664,117.10887633333917,11.0,231.0,8.0,239.0,,,,,,,,,,,,,,,
good,sync_k8,sync_spec,humaneval,1,20,,,,,,,,20.0,8.0,8.0,8.0,37.20378875732422,94.53105926513672,122.08804033334138,20.0,240.0,8.0,248.0,,,,,,,,,,,,,,,
good,tree_k8_b3,tree_async,humaneval,1,0,,,,,,,,,,18.0,1.0,,,81.4405269999615,,119.0,8.0,127.0,0.0,107.41932099983842,53.685903549194336,3.0,0.0,2.0,1.0,37.786809999943216,69.6325109998952,10.0,0.0,2.0,80.85600799995518,80.85687999994207,0.0
good,tree_k8_b3,tree_async,humaneval,1,1,,,,,,,,,,22.0,0.0,,,82.47087633330617,,121.0,8.0,129.0,100.0,111.47344299990891,55.309295654296875,3.0,0.0,2.0,0.0,34.019499999999425,77.45394299990949,14.0,0.0,2.0,81.95324700000128,81.95388799992998,0.0
good,tree_k8_b3,tree_async,humaneval,1,2,,,,,,,,,,24.0,8.0,,,83.35372266660703,,122.0,8.0,130.0,201.0,112.49300299982679,56.546688079833984,3.0,8.0,2.0,8.0,34.81828399992537,77.67471899990142,16.0,0.0,2.0,82.69191499994122,82.69311899994136,7.0
good,tree_k8_b3,tree_async,humaneval,1,3,,,,,,,,,,22.0,5.0,,,83.45302766669121,,131.0,8.0,139.0,300.0,88.28515499999412,56.8089485168457,3.0,0.0,2.0,5.0,7.4444869999297225,80.8406680000644,14.0,0.0,2.0,82.96118500004468,82.96230799999194,0.0
good,tree_k8_b3,tree_async,humaneval,1,4,,,,,,,,,,24.0,8.0,,,87.79002299999281,,137.0,8.0,145.0,401.0,119.29013999986182,60.861825942993164,3.0,8.0,2.0,8.0,42.870674000027975,76.41946599983385,16.0,0.0,2.0,87.36303199998474,87.36427399992408,7.0
good,tree_k8_b3,tree_async,humaneval,1,5,,,,,,,,,,22.0,8.0,,,89.6214649999184,,146.0,8.0,154.0,501.0,92.1702399998594,62.000274658203125,3.0,8.0,2.0,8.0,7.157831999961672,85.01240799989773,14.0,0.0,2.0,89.39049000002797,89.39141200005452,6.0
good,tree_k8_b3,tree_async,humaneval,1,6,,,,,,,,,,24.0,1.0,,,94.72418999995885,,155.0,8.0,163.0,600.0,101.97815600008653,67.47126579284668,3.0,0.0,2.0,1.0,12.656958999968992,89.32119700011754,16.0,0.0,2.0,94.57156300004499,94.57220399997368,0.0
good,tree_k8_b3,tree_async,humaneval,1,7,,,,,,,,,,24.0,8.0,,,94.279202999998,,157.0,8.0,165.0,701.0,113.90605199983383,67.21019744873047,3.0,8.0,2.0,8.0,34.28898100003153,79.61707099980231,16.0,0.0,2.0,93.59117799999694,93.59226000003673,7.0
good,tree_k8_b3,tree_async,humaneval,1,8,,,,,,,,,,24.0,8.0,,,95.90499900003937,,166.0,8.0,174.0,801.0,89.0296729999136,68.23587417602539,3.0,8.0,2.0,8.0,7.375952999950641,81.65371999996296,16.0,0.0,2.0,95.66896800004088,95.67005000008066,7.0
good,tree_k8_b3,tree_async,humaneval,1,9,,,,,,,,,,20.0,2.0,,,98.93058966661272,,175.0,8.0,183.0,900.0,94.69981699987784,72.06940650939941,3.0,0.0,2.0,2.0,7.733761999929811,86.96605499994803,12.0,0.0,2.0,98.2565680000107,98.25791000002937,0.0
good,tree_k8_b3,tree_async,humaneval,1,10,,,,,,,,,,24.0,0.0,,,104.91122333336469,,178.0,8.0,186.0,1000.0,140.85144600005606,76.91740989685059,3.0,0.0,2.0,0.0,37.204029999998056,103.647416000058,16.0,0.0,2.0,103.61640200005695,103.6174740000888,0.0
good,tree_k8_b3,tree_async,humaneval,1,11,,,,,,,,,,22.0,1.0,,,103.36621300006402,,179.0,8.0,187.0,1100.0,127.37297399996805,75.36697387695312,3.0,0.0,2.0,1.0,33.59936599997582,93.77360799999224,14.0,0.0,2.0,102.75482899999133,102.75636100004704,0.0
good,tree_k8_b3,tree_async,humaneval,1,12,,,,,,,,,,24.0,2.0,,,105.033082666638,,181.0,8.0,189.0,1200.0,140.7037499997159,76.47991180419922,3.0,0.0,2.0,2.0,46.42120899995916,94.28254099975675,16.0,0.0,2.0,104.4629979999172,104.46380999997018,0.0
good,tree_k8_b3,tree_async,humaneval,1,13,,,,,,,,,,24.0,2.0,,,102.57861933331579,,184.0,8.0,192.0,1300.0,115.86846199998035,75.27351379394531,3.0,0.0,2.0,2.0,35.15354799992565,80.7149140000547,16.0,0.0,2.0,102.27394999992612,102.27498199992624,0.0
good,tree_k8_b3,tree_async,humaneval,1,14,,,,,,,,,,24.0,8.0,,,106.64146600006663,,187.0,8.0,195.0,1401.0,116.50120599972524,79.09464836120605,3.0,8.0,2.0,8.0,34.98397099997419,81.51723499975105,16.0,0.0,2.0,106.2802300000385,106.28132200008622,7.0
good,tree_k8_b3,tree_async,humaneval,1,15,,,,,,,,,,24.0,8.0,,,106.22972700001353,,196.0,8.0,204.0,1501.0,88.73250599992843,79.21457290649414,3.0,8.0,2.0,8.0,7.241159999921365,81.49134600000707,16.0,0.0,2.0,105.66435999999158,105.6651819999388,7.0
good,tree_k8_b3,tree_async,humaneval,1,16,,,,,,,,,,24.0,8.0,,,111.34741633337882,,205.0,8.0,213.0,1601.0,83.67587600002935,83.79793167114258,3.0,8.0,2.0,8.0,7.099005999975816,76.57687000005353,16.0,0.0,2.0,111.41234000001532,111.41324199991232,7.0
good,tree_k8_b3,tree_async,humaneval,1,17,,,,,,,,,,24.0,7.0,,,112.5189783333056,,214.0,8.0,222.0,1700.0,81.16858599987609,84.96451377868652,3.0,0.0,2.0,7.0,7.350288999987242,73.81829699988884,16.0,0.0,2.0,112.39362100002381,112.39424199993664,0.0
good,tree_k8_b3,tree_async,humaneval,1,18,,,,,,,,,,24.0,8.0,,,118.21347299999356,,222.0,8.0,230.0,1801.0,121.33183800051484,90.41762351989746,3.0,8.0,2.0,8.0,36.46172399999159,84.87011400052324,16.0,0.0,2.0,117.99875900010193,118.00046200005454,7.0
good,tree_k8_b3,tree_async,humaneval,1,19,,,,,,,,,,24.0,8.0,,,119.81065633339134,,231.0,8.0,239.0,1901.0,81.81998999998541,91.88342094421387,3.0,8.0,2.0,8.0,8.253011999954651,73.56697800003076,16.0,0.0,2.0,118.84727800008932,118.84825000004184,7.0
good,tree_k8_b3,tree_async,humaneval,1,20,,,,,,,,,,24.0,8.0,,,122.13972866674698,,240.0,8.0,248.0,2001.0,91.93785700028911,94.65408325195312,3.0,8.0,2.0,8.0,7.4845480000931275,84.45330900019599,16.0,0.0,2.0,121.97050199995374,121.97139399995649,7.0
good,direct,direct,humaneval,2,0,128.0,2962.973483000044,25.127,2933.9659214019775,2937.846483000044,12.599466666666666,12.527533333333333,,,,,,,,,,,,,,,,,,,,,,,,,,
good,sync_k8,sync_spec,humaneval,2,0,,,,,,,,0.0,8.0,8.0,8.0,39.21031951904297,47.48678207397461,74.88517566665438,470.0,101.0,8.0,109.0,,,,,,,,,,,,,,,
good,sync_k8,sync_spec,humaneval,2,1,,,,,,,,1.0,8.0,8.0,8.0,36.57245635986328,51.41448974609375,78.43723533325628,17.0,110.0,8.0,118.0,,,,,,,,,,,,,,,
good,sync_k8,sync_spec,humaneval,2,2,,,,,,,,2.0,8.0,8.0,1.0,34.967660903930664,52.993059158325195,79.64803599998118,526.0,119.0,8.0,127.0,,,,,,,,,,,,,,,
good,sync_k8,sync_spec,humaneval,2,3,,,,,,,,3.0,8.0,8.0,1.0,36.20648384094238,56.76007270812988,83.7051549999884,3070.0,121.0,8.0,129.0,,,,,,,,,,,,,,,
good,sync_k8,sync_spec,humaneval,2,4,,,,,,,,4.0,8.0,8.0,8.0,36.90981864929199,57.62529373168945,84.75752200002884,982.0,123.0,8.0,131.0,,,,,,,,,,,,,,,
good,sync_k8,sync_spec,humaneval,2,5,,,,,,,,5.0,8.0,8.0,8.0,38.064002990722656,58.042287826538086,85.55905699999599,510.0,132.0,8.0,140.0,,,,,,,,,,,,,,,
good,sync_k8,sync_spec,humaneval,2,6,,,,,,,,6.0,8.0,8.0,8.0,38.11764717102051,62.91627883911133,90.61853766661876,750.0,141.0,8.0,149.0,,,,,,,,,,,,,,,
good,sync_k8,sync_spec,humaneval,2,7,,,,,,,,7.0,8.0,8.0,0.0,38.71035575866699,65.93441963195801,93.66975900003894,1760.0,150.0,8.0,158.0,,,,,,,,,,,,,,,
good,sync_k8,sync_spec,humaneval,2,8,,,,,,,,8.0,8.0,8.0,0.0,41.641950607299805,64.78667259216309,92.28724033329999,24433.0,151.0,8.0,159.0,,,,,,,,,,,,,,,
good,sync_k8,sync_spec,humaneval,2,9,,,,,,,,9.0,8.0,8.0,0.0,37.247657775878906,66.8940544128418,94.71148400000412,47489.0,152.0,8.0,160.0,,,,,,,,,,,,,,,
good,sync_k8,sync_spec,humaneval,2,10,,,,,,,,10.0,8.0,8.0,2.0,35.65788269042969,67.70181655883789,94.91458533339576,3190.0,153.0,8.0,161.0,,,,,,,,,,,,,,,
good,sync_k8,sync_spec,humaneval,2,11,,,,,,,,11.0,8.0,8.0,3.0,37.99772262573242,68.93801689147949,96.799719999985,73040.0,156.0,8.0,164.0,,,,,,,,,,,,,,,
good,sync_k8,sync_spec,humaneval,2,12,,,,,,,,12.0,8.0,8.0,0.0,39.62588310241699,68.75419616699219,95.97306699998128,284.0,160.0,8.0,168.0,,,,,,,,,,,,,,,
good,sync_k8,sync_spec,humaneval,2,13,,,,,,,,13.0,8.0,8.0,4.0,32.756805419921875,70.67084312438965,98.40118933338131,11.0,161.0,8.0,169.0,,,,,,,,,,,,,,,
good,sync_k8,sync_spec,humaneval,2,14,,,,,,,,14.0,8.0,8.0,2.0,37.758588790893555,69.75030899047852,97.51841366667752,308.0,166.0,8.0,174.0,,,,,,,,,,,,,,,
good,sync_k8,sync_spec,humaneval,2,15,,,,,,,,15.0,8.0,8.0,8.0,39.116621017456055,73.13680648803711,100.51227166658941,1760.0,169.0,8.0,177.0,,,,,,,,,,,,,,,
good,sync_k8,sync_spec,humaneval,2,16,,,,,,,,16.0,8.0,8.0,2.0,37.68658638000488,77.04401016235352,104.78780966664262,17.0,178.0,8.0,186.0,,,,,,,,,,,,,,,
good,sync_k8,sync_spec,humaneval,2,17,,,,,,,,17.0,8.0,8.0,0.0,37.14609146118164,73.73642921447754,100.76917466668945,8.0,181.0,8.0,189.0,,,,,,,,,,,,,,,
good,sync_k8,sync_spec,humaneval,2,18,,,,,,,,18.0,8.0,8.0,2.0,35.280704498291016,75.23465156555176,102.60067866660614,16.0,182.0,8.0,190.0,,,,,,,,,,,,,,,
good,sync_k8,sync_spec,humaneval,2,19,,,,,,,,19.0,8.0,8.0,0.0,35.74776649475098,77.13079452514648,103.54263399995087,11.0,185.0,8.0,193.0,,,,,,,,,,,,,,,
good,sync_k8,sync_spec,humaneval,2,20,,,,,,,,20.0,8.0,8.0,2.0,37.18256950378418,78.07636260986328,104.3250209999355,198.0,186.0,8.0,194.0,,,,,,,,,,,,,,,
good,sync_k8,sync_spec,humaneval,2,21,,,,,,,,21.0,8.0,8.0,8.0,34.940481185913086,80.90949058532715,107.23588733334796,7.0,189.0,8.0,197.0,,,,,,,,,,,,,,,
good,sync_k8,sync_spec,humaneval,2,22,,,,,,,,22.0,8.0,8.0,8.0,39.61539268493652,80.39236068725586,107.48373466664883,11.0,198.0,8.0,206.0,,,,,,,,,,,,,,,
good,sync_k8,sync_spec,humaneval,2,23,,,,,,,,23.0,8.0,8.0,8.0,38.106441497802734,85.2653980255127,112.49175799996665,12109.0,207.0,8.0,215.0,,,,,,,,,,,,,,,
good,sync_k8,sync_spec,humaneval,2,24,,,,,,,,24.0,8.0,8.0,8.0,35.518646240234375,86.3959789276123,113.57303633329522,16.0,216.0,8.0,224.0,,,,,,,,,,,,,,,
good,sync_k8,sync_spec,humaneval,2,25,,,,,,,,25.0,8.0,8.0,8.0,34.980058670043945,91.08638763427734,118.56810000005069,19.0,225.0,8.0,233.0,,,,,,,,,,,,,,,
good,tree_k8_b3,tree_async,humaneval,2,0,,,,,,,,,,24.0,8.0,,,74.96310533336735,,101.0,8.0,109.0,1.0,110.5896130001156,47.92380332946777,3.0,8.0,2.0,8.0,37.474438999993254,73.11517400012235,16.0,0.0,2.0,74.29690399999345,74.29780600000413,7.0
good,tree_k8_b3,tree_async,humaneval,2,1,,,,,,,,,,20.0,8.0,,,79.43093133339316,,110.0,8.0,118.0,101.0,81.59722899995359,52.42347717285156,3.0,8.0,2.0,8.0,7.438859999979286,74.1583689999743,12.0,0.0,2.0,79.197888000067,79.1994710000381,5.0
good,tree_k8_b3,tree_async,humaneval,2,2,,,,,,,,,,24.0,1.0,,,81.09555933331245,,119.0,8.0,127.0,200.0,96.09002399974997,53.77697944641113,3.0,0.0,2.0,1.0,19.39938999998958,76.6906339997604,16.0,0.0,2.0,80.6852070001014,80.68630000002486,0.0
good,tree_k8_b3,tree_async,humaneval,2,3,,,,,,,,,,24.0,1.0,,,85.74346900004878,,121.0,8.0,129.0,300.0,108.58883399998831,57.979583740234375,3.0,0.0,2.0,1.0,33.87540400001399,74.71342999997432,16.0,0.0,2.0,85.2609940000093,85.26200500000414,0.0
good,tree_k8_b3,tree_async,humaneval,2,4,,,,,,,,,,24.0,8.0,,,83.20890400001358,,123.0,8.0,131.0,401.0,92.04272700014826,55.937767028808594,3.0,8.0,2.0,8.0,33.646861999955036,58.395865000193226,16.0,0.0,2.0,82.89067099997283,82.8918340000655,7.0
good,tree_k8_b3,tree_async,humaneval,2,5,,,,,,,,,,24.0,8.0,,,85.71983400001514,,132.0,8.0,140.0,501.0,78.01911500018832,58.466196060180664,3.0,8.0,2.0,8.0,7.29018200001974,70.72893300016858,16.0,0.0,2.0,85.45610099997702,85.45834500000637,7.0
good,tree_k8_b3,tree_async,humaneval,2,6,,,,,,,,,,24.0,8.0,,,89.483696666666,,141.0,8.0,149.0,601.0,67.48486499998307,62.600135803222656,3.0,8.0,2.0,8.0,7.887815000003684,59.59704999997939,16.0,0.0,2.0,89.2259129999502,89.22701500000585,7.0
good,tree_k8_b3,tree_async,humaneval,2,7,,,,,,,,,,24.0,0.0,,,90.51825999997021,,150.0,8.0,158.0,700.0,87.73535599971183,63.60507011413574,3.0,0.0,2.0,0.0,9.388549999926,78.34680599978583,16.0,0.0,2.0,90.19444000000476,90.19525199994405,0.0
good,tree_k8_b3,tree_async,humaneval,2,8,,,,,,,,,,24.0,0.0,,,91.33516633330291,,151.0,8.0,159.0,800.0,106.91193499997098,63.88092041015625,3.0,0.0,2.0,0.0,33.30704699999387,73.60488799997711,16.0,0.0,2.0,90.79692299997077,90.79788500002905,0.0
good,tree_k8_b3,tree_async,humaneval,2,9,,,,,,,,,,24.0,0.0,,,92.05687300009241,,152.0,8.0,160.0,900.0,117.6277450000498,64.6672248840332,3.0,0.0,2.0,0.0,33.693642999992335,83.93410200005746,16.0,0.0,2.0,91.51541400001406,91.51681600008033,0.0
good,tree_k8_b3,tree_async,humaneval,2,10,,,,,,,,,,24.0,2.0,,,93.9078893334054,,153.0,8.0,161.0,1000.0,114.39664900012758,66.47038459777832,3.0,0.0,2.0,2.0,33.773115000030884,80.6235340000967,16.0,0.0,2.0,93.40498199992453,93.40588399993521,0.0
good,tree_k8_b3,tree_async,humaneval,2,11,,,,,,,,,,24.0,3.0,,,94.88029199992027,,156.0,8.0,164.0,1100.0,114.21490500015352,67.78430938720703,3.0,0.0,2.0,3.0,38.60333099999025,75.61157400016327,16.0,0.0,2.0,94.65814899999714,94.6594310000819,0.0
good,tree_k8_b3,tree_async,humaneval,2,12,,,,,,,,,,24.0,0.0,,,101.76275900010253,,160.0,8.0,168.0,1200.0,121.81451499975537,73.91571998596191,3.0,0.0,2.0,0.0,33.377212000004874,88.4373029997505,16.0,0.0,2.0,101.28113300004316,101.2820550000697,0.0
good,tree_k8_b3,tree_async,humaneval,2,13,,,,,,,,,,24.0,4.0,,,97.02405533327278,,161.0,8.0,169.0,1300.0,106.25985999979548,69.89407539367676,3.0,0.0,2.0,4.0,31.558894999989207,74.70096499980627,16.0,0.0,2.0,96.26313499995831,96.2641869999743,0.0
good,tree_k8_b3,tree_async,humaneval,2,14,,,,,,,,,,22.0,2.0,,,95.8363599999136,,166.0,8.0,174.0,1400.0,124.23875599995426,68.9096450805664,3.0,0.0,2.0,2.0,33.89276699999755,90.34598899995672,14.0,0.0,2.0,95.40050100008557,95.40135300005659,0.0
good,tree_k8_b3,tree_async,humaneval,2,15,,,,,,,,,,24.0,8.0,,,102.0724113333203,,169.0,8.0,177.0,1501.0,139.87031599981492,74.21016693115234,3.0,8.0,2.0,8.0,40.1460660000339,99.72424999978102,16.0,0.0,2.0,101.62788100001308,101.62884200008193,7.0
good,tree_k8_b3,tree_async,humaneval,2,16,,,,,,,,,,24.0,2.0,,,102.6988296667031,,178.0,8.0,186.0,1600.0,80.80274699989332,75.68001747131348,3.0,0.0,2.0,2.0,9.815289000016492,70.98745799987682,16.0,0.0,2.0,101.96826699996109,101.96916899997177,0.0
good,tree_k8_b3,tree_async,humaneval,2,17,,,,,,,,,,24.0,0.0,,,102.07391400003016,,181.0,8.0,189.0,1700.0,118.7299080000912,74.8288631439209,3.0,0.0,2.0,0.0,35.85499299992989,82.87491500016131,16.0,0.0,2.0,101.63776700005656,101.64846700001817,0.0
good,tree_k8_b3,tree_async,humaneval,2,18,,,,,,,,,,24.0,2.0,,,101.50720000000751,,182.0,8.0,190.0,1800.0,113.80612100003873,74.0809440612793,3.0,0.0,2.0,2.0,33.957508999947095,79.84861200009163,16.0,0.0,2.0,101.18930100009038,101.19010300002174,0.0
good,tree_k8_b3,tree_async,humaneval,2,19,,,,,,,,,,24.0,0.0,,,105.23444200009688,,185.0,8.0,193.0,1900.0,122.32083099991087,77.50558853149414,3.0,0.0,2.0,0.0,33.82111600001281,88.49971499989806,16.0,0.0,2.0,104.36455400008526,104.36529600008271,0.0
good,tree_k8_b3,tree_async,humaneval,2,20,,,,,,,,,,24.0,2.0,,,105.2938453333393,,186.0,8.0,194.0,2000.0,102.7421440002172,77.98433303833008,3.0,0.0,2.0,2.0,33.69809900004839,69.04404500016881,16.0,0.0,2.0,104.89191200008463,104.89238299999215,0.0
good,tree_k8_b3,tree_async,humaneval,2,21,,,,,,,,,,24.0,8.0,,,106.14155133329692,,189.0,8.0,197.0,2101.0,123.80866700016213,78.88317108154297,3.0,8.0,2.0,8.0,33.65021600006912,90.15845100009301,16.0,0.0,2.0,105.54398899989792,105.54487999991125,7.0
good,tree_k8_b3,tree_async,humaneval,2,22,,,,,,,,,,24.0,8.0,,,108.55138366664117,,198.0,8.0,206.0,2201.0,88.64981099998204,81.12668991088867,3.0,8.0,2.0,8.0,7.222437999985232,81.4273729999968,16.0,0.0,2.0,108.26309099991249,108.2658679999895,7.0
good,tree_k8_b3,tree_async,humaneval,2,23,,,,,,,,,,24.0,8.0,,,110.55096000000249,,207.0,8.0,215.0,2301.0,99.30787499979488,83.5716724395752,3.0,8.0,2.0,8.0,11.49224999994658,87.8156249998483,16.0,0.0,2.0,110.14626300004693,110.14723499999945,7.0
good,tree_k8_b3,tree_async,humaneval,2,24,,,,,,,,,,24.0,8.0,,,111.32315799994504,,216.0,8.0,224.0,2401.0,74.95576600001641,84.87892150878906,3.0,8.0,2.0,8.0,7.413815999939288,67.54195000007712,16.0,0.0,2.0,110.85616100001516,110.85701199999676,7.0
good,tree_k8_b3,tree_async,humaneval,2,25,,,,,,,,,,24.0,8.0,,,117.71792700004724,,225.0,8.0,233.0,2501.0,85.20226899986483,90.43455123901367,3.0,8.0,2.0,8.0,7.5332229999958145,77.66904599986901,16.0,0.0,2.0,117.50340100002177,117.50630599999567,7.0
good,direct,direct,humaneval,3,0,128.0,2918.80843033336,25.186933333333332,2889.7807598114014,2893.6214970000265,12.6488,12.538133333333333,,,,,,,,,,,,,,,,,,,,,,,,,,
good,sync_k8,sync_spec,humaneval,3,0,,,,,,,,0.0,8.0,8.0,1.0,41.029930114746094,58.61377716064453,85.76623966667412,671.0,136.0,8.0,144.0,,,,,,,,,,,,,,,
good,sync_k8,sync_spec,humaneval,3,1,,,,,,,,1.0,8.0,8.0,0.0,36.54050827026367,62.24393844604492,89.34195800003394,697.0,138.0,8.0,146.0,,,,,,,,,,,,,,,
good,sync_k8,sync_spec,humaneval,3,2,,,,,,,,2.0,8.0,8.0,4.0,37.750959396362305,64.37921524047852,91.43178833334376,1494.0,139.0,8.0,147.0,,,,,,,,,,,,,,,
good,sync_k8,sync_spec,humaneval,3,3,,,,,,,,3.0,8.0,8.0,1.0,35.593271255493164,62.43586540222168,88.89025533329654,2.0,144.0,8.0,152.0,,,,,,,,,,,,,,,
good,sync_k8,sync_spec,humaneval,3,4,,,,,,,,4.0,8.0,8.0,0.0,35.17270088195801,64.0707015991211,92.33630466668855,13383.0,146.0,8.0,154.0,,,,,,,,,,,,,,,
good,sync_k8,sync_spec,humaneval,3,5,,,,,,,,5.0,8.0,8.0,1.0,37.13083267211914,63.66324424743652,90.61314433338481,510.0,147.0,8.0,155.0,,,,,,,,,,,,,,,
good,sync_k8,sync_spec,humaneval,3,6,,,,,,,,6.0,8.0,8.0,7.0,35.45498847961426,64.02945518493652,91.07352199995005,2761.0,149.0,8.0,157.0,,,,,,,,,,,,,,,
good,sync_k8,sync_spec,humaneval,3,7,,,,,,,,7.0,8.0,8.0,8.0,36.229610443115234,67.09432601928711,93.6924959999407,14615.0,157.0,8.0,165.0,,,,,,,,,,,,,,,
good,sync_k8,sync_spec,humaneval,3,8,,,,,,,,8.0,8.0,8.0,8.0,36.72146797180176,68.73798370361328,95.11998999999281,14615.0,166.0,8.0,174.0,,,,,,,,,,,,,,,
good,sync_k8,sync_spec,humaneval,3,9,,,,,,,,9.0,8.0,8.0,8.0,34.69562530517578,76.60102844238281,103.6452300000206,497.0,175.0,8.0,183.0,,,,,,,,,,,,,,,
good,sync_k8,sync_spec,humaneval,3,10,,,,,,,,10.0,8.0,8.0,8.0,38.83624076843262,76.96175575256348,103.8848743333835,41202.0,184.0,8.0,192.0,,,,,,,,,,,,,,,
good,sync_k8,sync_spec,humaneval,3,11,,,,,,,,11.0,8.0,8.0,1.0,37.25123405456543,80.88254928588867,108.41096166665429,286.0,193.0,8.0,201.0,,,,,,,,,,,,,,,
good,sync_k8,sync_spec,humaneval,3,12,,,,,,,,12.0,8.0,8.0,5.0,37.217140197753906,80.91068267822266,108.13729966664256,198.0,195.0,8.0,203.0,,,,,,,,,,,,,,,
good,sync_k8,sync_spec,humaneval,3,13,,,,,,,,13.0,8.0,8.0,2.0,39.05439376831055,85.93034744262695,113.7833776667085,71703.0,201.0,8.0,209.0,,,,,,,,,,,,,,,
good,sync_k8,sync_spec,humaneval,3,14,,,,,,,,14.0,8.0,8.0,3.0,38.08474540710449,83.81295204162598,110.75535133335231,279.0,204.0,8.0,212.0,,,,,,,,,,,,,,,
good,sync_k8,sync_spec,humaneval,3,15,,,,,,,,15.0,8.0,8.0,6.0,36.21053695678711,84.04231071472168,110.73368166665063,2326.0,208.0,8.0,216.0,,,,,,,,,,,,,,,
good,sync_k8,sync_spec,humaneval,3,16,,,,,,,,16.0,8.0,8.0,7.0,36.731719970703125,85.26110649108887,112.23784766655888,1565.0,215.0,8.0,223.0,,,,,,,,,,,,,,,
good,sync_k8,sync_spec,humaneval,3,17,,,,,,,,17.0,8.0,8.0,6.0,36.611318588256836,89.93148803710938,117.22294500003792,279.0,223.0,8.0,231.0,,,,,,,,,,,,,,,
good,sync_k8,sync_spec,humaneval,3,18,,,,,,,,18.0,8.0,8.0,8.0,36.420345306396484,90.64579010009766,118.15268133324552,36372.0,230.0,8.0,238.0,,,,,,,,,,,,,,,
good,sync_k8,sync_spec,humaneval,3,19,,,,,,,,19.0,8.0,8.0,6.0,37.175893783569336,94.59280967712402,121.48501000001676,1558.0,239.0,8.0,247.0,,,,,,,,,,,,,,,
good,sync_k8,sync_spec,humaneval,3,20,,,,,,,,20.0,8.0,8.0,8.0,37.23406791687012,94.78998184204102,121.21617633331948,279.0,246.0,8.0,254.0,,,,,,,,,,,,,,,
good,sync_k8,sync_spec,humaneval,3,21,,,,,,,,21.0,8.0,8.0,8.0,36.28993034362793,153.05209159851074,179.52955866661796,914.0,255.0,8.0,263.0,,,,,,,,,,,,,,,
good,tree_k8_b3,tree_async,humaneval,3,0,,,,,,,,,,20.0,1.0,,,84.2421020000136,,136.0,8.0,144.0,0.0,113.5990310001489,57.791709899902344,3.0,0.0,2.0,1.0,35.431181000035394,78.1678500001135,12.0,0.0,2.0,83.6250199999995,83.62572100008947,0.0
good,tree_k8_b3,tree_async,humaneval,3,1,,,,,,,,,,20.0,0.0,,,88.29266566659678,,138.0,8.0,146.0,100.0,124.0508480001381,60.5924129486084,3.0,0.0,2.0,0.0,40.91363899999578,83.13720900014232,12.0,0.0,2.0,88.13388299995495,88.13466499998412,0.0
good,tree_k8_b3,tree_async,humaneval,3,2,,,,,,,,,,24.0,4.0,,,89.67516899998888,,139.0,8.0,147.0,200.0,120.33212000005733,62.564849853515625,3.0,0.0,2.0,4.0,34.91671100005078,85.41540900000655,16.0,0.0,2.0,89.07231000000593,89.07326200005627,0.0
good,tree_k8_b3,tree_async,humaneval,3,3,,,,,,,,,,20.0,1.0,,,92.2860643333362,,144.0,8.0,152.0,300.0,116.02532300014445,64.12768363952637,3.0,0.0,2.0,1.0,34.777823000013086,81.24750000013137,12.0,0.0,2.0,91.84883500006435,91.84990699998252,0.0
good,tree_k8_b3,tree_async,humaneval,3,4,,,,,,,,,,24.0,0.0,,,90.65401833326321,,146.0,8.0,154.0,400.0,97.54986399991594,63.06862831115723,3.0,0.0,2.0,0.0,36.8827259999307,60.66713799998524,16.0,0.0,2.0,90.32266700000946,90.32371000000694,0.0
good,tree_k8_b3,tree_async,humaneval,3,5,,,,,,,,,,24.0,1.0,,,90.18193233341805,,147.0,8.0,155.0,500.0,97.68160100009027,63.27962875366211,3.0,0.0,2.0,1.0,33.36646499997187,64.3151360001184,16.0,0.0,2.0,90.03513300001487,90.03568400009954,0.0
good,tree_k8_b3,tree_async,humaneval,3,6,,,,,,,,,,20.0,7.0,,,90.8712176666164,,149.0,8.0,157.0,600.0,113.19565500002682,63.895463943481445,3.0,0.0,2.0,7.0,36.43839100004698,76.75726399997984,12.0,0.0,2.0,90.76003699999546,90.76116900007491,0.0
good,tree_k8_b3,tree_async,humaneval,3,7,,,,,,,,,,22.0,8.0,,,98.3665843332492,,157.0,8.0,165.0,701.0,126.60568000012518,69.9625015258789,3.0,8.0,2.0,8.0,36.05016100004832,90.55551900007686,14.0,0.0,2.0,98.15412800003287,98.15470900002765,6.0
good,tree_k8_b3,tree_async,humaneval,3,8,,,,,,,,,,24.0,8.0,,,96.15914399994739,,166.0,8.0,174.0,801.0,105.82221400011349,69.03934478759766,3.0,8.0,2.0,8.0,16.504438999959348,89.31777500015414,16.0,0.0,2.0,95.59070199998132,95.5915140000343,7.0
good,tree_k8_b3,tree_async,humaneval,3,9,,,,,,,,,,22.0,8.0,,,100.35811300000711,,175.0,8.0,183.0,901.0,101.6267750002271,73.19879531860352,3.0,8.0,2.0,8.0,7.150608000074499,94.4761670001526,14.0,0.0,2.0,100.42559300006815,100.42680499998369,6.0
good,tree_k8_b3,tree_async,humaneval,3,10,,,,,,,,,,24.0,8.0,,,101.53986633324956,,184.0,8.0,192.0,1001.0,94.11727399992742,74.98526573181152,3.0,8.0,2.0,8.0,19.348433999994086,74.76883999993333,16.0,0.0,2.0,100.69181400001526,100.69242600002326,7.0
good,tree_k8_b3,tree_async,humaneval,3,11,,,,,,,,,,24.0,1.0,,,105.96333166664826,,193.0,8.0,201.0,1100.0,88.61162599998806,79.21361923217773,3.0,0.0,2.0,1.0,7.1639239999967685,81.4477019999913,16.0,0.0,2.0,105.80608300006134,105.80717499999537,0.0
good,tree_k8_b3,tree_async,humaneval,3,12,,,,,,,,,,24.0,5.0,,,106.94948566665177,,195.0,8.0,203.0,1200.0,127.06017399989378,80.10721206665039,3.0,0.0,2.0,5.0,36.46542199999203,90.59475199990175,16.0,0.0,2.0,106.80287100001351,106.80353200007175,0.0
good,tree_k8_b3,tree_async,humaneval,3,13,,,,,,,,,,24.0,2.0,,,111.06504966669402,,201.0,8.0,209.0,1300.0,118.51210800000445,83.49847793579102,3.0,0.0,2.0,2.0,36.30628500002331,82.20582299998114,16.0,0.0,2.0,110.9039269999812,110.90475899993635,0.0
good,tree_k8_b3,tree_async,humaneval,3,14,,,,,,,,,,24.0,3.0,,,111.3125243332997,,204.0,8.0,212.0,1400.0,114.71876600012365,83.71782302856445,3.0,0.0,2.0,3.0,34.47460899997168,80.24415700015197,16.0,0.0,2.0,111.12015999992764,111.12113199999385,0.0
good,tree_k8_b3,tree_async,humaneval,3,15,,,,,,,,,,24.0,6.0,,,112.45793799994614,,208.0,8.0,216.0,1500.0,114.7946950000005,85.46757698059082,3.0,0.0,2.0,6.0,33.383536999963326,81.41115800003718,16.0,0.0,2.0,111.75005299992335,111.75183699992886,0.0
good,tree_k8_b3,tree_async,humaneval,3,16,,,,,,,,,,24.0,7.0,,,115.26039066660167,,215.0,8.0,223.0,1600.0,97.6957789998778,87.70084381103516,3.0,0.0,2.0,7.0,33.75554399997327,63.94023499990453,16.0,0.0,2.0,114.63695999998436,114.63809199995012,0.0
good,tree_k8_b3,tree_async,humaneval,3,17,,,,,,,,,,24.0,6.0,,,118.98060399988773,,223.0,8.0,231.0,1700.0,94.71841600043263,91.52722358703613,3.0,0.0,2.0,6.0,34.84790700008489,59.87050900034774,16.0,0.0,2.0,118.5355460000892,118.53616700000202,0.0
good,tree_k8_b3,tree_async,humaneval,3,18,,,,,,,,,,24.0,8.0,,,120.20418099993184,,230.0,8.0,238.0,1801.0,138.76056999981756,92.54002571105957,3.0,8.0,2.0,8.0,35.91836800001147,102.8422019998061,16.0,0.0,2.0,119.46080600000641,119.46171800002503,7.0
good,tree_k8_b3,tree_async,humaneval,3,19,,,,,,,,,,24.0,6.0,,,123.39392599995068,,239.0,8.0,247.0,1900.0,110.89383299986366,95.89552879333496,3.0,0.0,2.0,6.0,7.304112000042551,103.58972099982111,16.0,0.0,2.0,123.365433999993,123.36638499994024,0.0
good,tree_k8_b3,tree_async,humaneval,3,20,,,,,,,,,,24.0,8.0,,,124.48560133330443,,246.0,8.0,254.0,2001.0,111.71497700001964,97.27239608764648,3.0,8.0,2.0,8.0,33.07449299995824,78.6404840000614,16.0,0.0,2.0,124.25317200006702,124.25409400009357,7.0
good,tree_k8_b3,tree_async,humaneval,3,21,,,,,,,,,,24.0,8.0,,,187.13141599997908,,255.0,8.0,263.0,2101.0,93.85679599995456,158.3390235900879,3.0,8.0,2.0,8.0,8.016462999989926,85.84033299996463,16.0,0.0,2.0,186.63790899995547,186.63992299991605,7.0
good,direct,direct,humaneval,4,0,128.0,2964.2567389999817,25.1342,2936.552047729492,2939.1225389999818,12.601333333333333,12.532866666666667,,,,,,,,,,,,,,,,,,,,,,,,,,
good,sync_k8,sync_spec,humaneval,4,0,,,,,,,,0.0,8.0,8.0,1.0,38.55013847351074,50.22549629211426,77.32827800002646,671.0,94.0,8.0,102.0,,,,,,,,,,,,,,,
good,sync_k8,sync_spec,humaneval,4,1,,,,,,,,1.0,8.0,8.0,0.0,37.596702575683594,46.369075775146484,73.37128266659408,4248.0,96.0,8.0,104.0,,,,,,,,,,,,,,,
good,sync_k8,sync_spec,humaneval,4,2,,,,,,,,2.0,8.0,8.0,3.0,32.39083290100098,48.009634017944336,75.56184166668308,7046.0,97.0,8.0,105.0,,,,,,,,,,,,,,,
good,sync_k8,sync_spec,humaneval,4,3,,,,,,,,3.0,8.0,8.0,8.0,35.38370132446289,47.54281044006348,74.48633499998546,510.0,101.0,8.0,109.0,,,,,,,,,,,,,,,
good,sync_k8,sync_spec,humaneval,4,4,,,,,,,,4.0,8.0,8.0,8.0,36.62872314453125,51.96046829223633,78.83596233333317,421.0,110.0,8.0,118.0,,,,,,,,,,,,,,,
good,sync_k8,sync_spec,humaneval,4,5,,,,,,,,5.0,8.0,8.0,0.0,35.7363224029541,52.91867256164551,80.21253633323391,379.0,119.0,8.0,127.0,,,,,,,,,,,,,,,
good,sync_k8,sync_spec,humaneval,4,6,,,,,,,,6.0,8.0,8.0,8.0,36.58580780029297,52.10375785827637,78.71660299999719,17.0,120.0,8.0,128.0,,,,,,,,,,,,,,,
good,sync_k8,sync_spec,humaneval,4,7,,,,,,,,7.0,8.0,8.0,8.0,35.833120346069336,58.586835861206055,85.99465099999296,262.0,129.0,8.0,137.0,,,,,,,,,,,,,,,
good,sync_k8,sync_spec,humaneval,4,8,,,,,,,,8.0,8.0,8.0,8.0,34.50584411621094,61.89537048339844,89.15938166670993,421.0,138.0,8.0,146.0,,,,,,,,,,,,,,,
good,sync_k8,sync_spec,humaneval,4,9,,,,,,,,9.0,8.0,8.0,8.0,38.12384605407715,62.61396408081055,89.3999983333272,286.0,147.0,8.0,155.0,,,,,,,,,,,,,,,
good,sync_k8,sync_spec,humaneval,4,10,,,,,,,,10.0,8.0,8.0,5.0,35.50457954406738,70.94478607177734,98.08801366664966,1416.0,156.0,8.0,164.0,,,,,,,,,,,,,,,
good,sync_k8,sync_spec,humaneval,4,11,,,,,,,,11.0,8.0,8.0,0.0,37.37282752990723,69.5033073425293,96.29243300001394,6857.0,162.0,8.0,170.0,,,,,,,,,,,,,,,
good,sync_k8,sync_spec,humaneval,4,12,,,,,,,,12.0,8.0,8.0,8.0,34.966230392456055,68.8331127166748,95.32964566672969,279.0,163.0,8.0,171.0,,,,,,,,,,,,,,,
good,sync_k8,sync_spec,humaneval,4,13,,,,,,,,13.0,8.0,8.0,3.0,34.6682071685791,71.8233585357666,98.66711733338524,2686.0,172.0,8.0,180.0,,,,,,,,,,,,,,,
good,sync_k8,sync_spec,humaneval,4,14,,,,,,,,14.0,8.0,8.0,8.0,34.2249870300293,71.95687294006348,98.82990166669234,16.0,176.0,8.0,184.0,,,,,,,,,,,,,,,
good,sync_k8,sync_spec,humaneval,4,15,,,,,,,,15.0,8.0,8.0,0.0,35.97760200500488,76.34139060974121,102.75682733335731,421.0,185.0,8.0,193.0,,,,,,,,,,,,,,,
good,sync_k8,sync_spec,humaneval,4,16,,,,,,,,16.0,8.0,8.0,0.0,34.894466400146484,77.29959487915039,103.59337199997555,320.0,186.0,8.0,194.0,,,,,,,,,,,,,,,
good,sync_k8,sync_spec,humaneval,4,17,,,,,,,,17.0,8.0,8.0,8.0,34.542083740234375,77.14319229125977,104.36598033340877,621.0,187.0,8.0,195.0,,,,,,,,,,,,,,,
good,sync_k8,sync_spec,humaneval,4,18,,,,,,,,18.0,8.0,8.0,7.0,36.94725036621094,80.33299446105957,107.29811766657973,271.0,196.0,8.0,204.0,,,,,,,,,,,,,,,
good,sync_k8,sync_spec,humaneval,4,19,,,,,,,,19.0,8.0,8.0,8.0,35.752296447753906,82.22436904907227,108.9769226666594,279.0,204.0,8.0,212.0,,,,,,,,,,,,,,,
good,sync_k8,sync_spec,humaneval,4,20,,,,,,,,20.0,8.0,8.0,4.0,35.7666015625,84.08522605895996,110.89053433336207,50274.0,213.0,8.0,221.0,,,,,,,,,,,,,,,
good,sync_k8,sync_spec,humaneval,4,21,,,,,,,,21.0,8.0,8.0,2.0,35.36701202392578,90.51084518432617,117.87296733332045,2060.0,218.0,8.0,226.0,,,,,,,,,,,,,,,
good,sync_k8,sync_spec,humaneval,4,22,,,,,,,,22.0,8.0,8.0,8.0,34.62529182434082,88.88649940490723,115.8285479999469,20.0,221.0,8.0,229.0,,,,,,,,,,,,,,,
good,tree_k8_b3,tree_async,humaneval,4,0,,,,,,,,,,18.0,1.0,,,75.2093996665729,,94.0,8.0,102.0,0.0,111.51900499976364,48.03586006164551,3.0,0.0,2.0,1.0,40.210475999970186,71.30852899979345,10.0,0.0,2.0,74.83220400001755,74.83295600002293,0.0
good,tree_k8_b3,tree_async,humaneval,4,1,,,,,,,,,,18.0,0.0,,,73.05605166664907,,96.0,8.0,104.0,100.0,106.70559900006538,46.35357856750488,3.0,0.0,2.0,0.0,41.744415000039226,64.96118400002615,10.0,0.0,2.0,72.87741499999356,72.87836699993022,0.0
good,tree_k8_b3,tree_async,humaneval,4,2,,,,,,,,,,22.0,3.0,,,75.3039560000042,,97.0,8.0,105.0,200.0,104.07628300015404,48.22254180908203,3.0,0.0,2.0,3.0,34.62938400002713,69.4468990001269,14.0,0.0,2.0,75.2411820000134,75.24192400001084,0.0
good,tree_k8_b3,tree_async,humaneval,4,3,,,,,,,,,,22.0,8.0,,,76.79122733327611,,101.0,8.0,109.0,301.0,104.95257600007335,49.17788505554199,3.0,8.0,2.0,8.0,38.5403039999801,66.41227200009325,14.0,0.0,2.0,76.69170000008307,76.69244200008052,6.0
good,tree_k8_b3,tree_async,humaneval,4,4,,,,,,,,,,24.0,8.0,,,78.21715533330969,,110.0,8.0,118.0,401.0,84.09157899973252,51.32603645324707,3.0,8.0,2.0,8.0,12.095466999994642,71.99611199973788,16.0,0.0,2.0,78.10678099997403,78.10735199996088,7.0
good,tree_k8_b3,tree_async,humaneval,4,5,,,,,,,,,,24.0,0.0,,,79.04043633338512,,119.0,8.0,127.0,500.0,78.04276999991089,52.23345756530762,3.0,0.0,2.0,0.0,7.043984000006276,70.99878599990461,16.0,0.0,2.0,78.91361200006486,78.91413300001204,0.0
good,tree_k8_b3,tree_async,humaneval,4,6,,,,,,,,,,22.0,8.0,,,78.81842300005162,,120.0,8.0,128.0,601.0,101.13219200013646,52.088022232055664,3.0,8.0,2.0,8.0,32.985073000077136,68.14711900005932,14.0,0.0,2.0,78.51908300006016,78.51986399998623,6.0
good,tree_k8_b3,tree_async,humaneval,4,7,,,,,,,,,,24.0,8.0,,,83.51533533335086,,129.0,8.0,137.0,701.0,79.56382400004713,56.595563888549805,3.0,8.0,2.0,8.0,14.573971999993773,64.98985200005336,16.0,0.0,2.0,83.33704800008945,83.33754900002077,7.0
good,tree_k8_b3,tree_async,humaneval,4,8,,,,,,,,,,24.0,8.0,,,87.44452200002407,,138.0,8.0,146.0,801.0,76.40988900004686,61.10024452209473,3.0,8.0,2.0,8.0,5.675723000081234,70.73416599996563,16.0,0.0,2.0,87.27064200002133,87.27143300006901,7.0
good,tree_k8_b3,tree_async,humaneval,4,9,,,,,,,,,,24.0,8.0,,,90.04413433333255,,147.0,8.0,155.0,901.0,88.55668500007141,62.46447563171387,3.0,8.0,2.0,8.0,8.262044999924,80.29464000014741,16.0,0.0,2.0,89.84845700001642,89.8501499999611,7.0
good,tree_k8_b3,tree_async,humaneval,4,10,,,,,,,,,,22.0,5.0,,,95.59560566656955,,156.0,8.0,164.0,1000.0,94.10520800020095,68.02630424499512,3.0,0.0,2.0,5.0,7.756341000003886,86.34886700019706,14.0,0.0,2.0,95.41537400002653,95.41624600001342,0.0
good,tree_k8_b3,tree_async,humaneval,4,11,,,,,,,,,,24.0,0.0,,,95.28600700001039,,162.0,8.0,170.0,1100.0,130.04386799991607,67.7952766418457,3.0,0.0,2.0,0.0,36.01702200001,94.02684599990607,16.0,0.0,2.0,95.02827000005709,95.02915200005191,0.0
good,tree_k8_b3,tree_async,humaneval,4,12,,,,,,,,,,24.0,8.0,,,95.60526133326262,,163.0,8.0,171.0,1200.0,128.44237899992095,68.23849678039551,3.0,0.0,2.0,8.0,33.09404300000551,95.34833599991543,16.0,0.0,2.0,95.77533699996366,95.77633899993998,0.0
good,tree_k8_b3,tree_async,humaneval,4,13,,,,,,,,,,24.0,3.0,,,100.90525200004883,,172.0,8.0,180.0,1300.0,120.9685910001781,73.40121269226074,3.0,0.0,2.0,3.0,33.146283000064614,87.82230800011348,16.0,0.0,2.0,100.93228000005183,100.93326200001229,0.0
good,tree_k8_b3,tree_async,humaneval,4,14,,,,,,,,,,24.0,8.0,,,102.0098083333888,,176.0,8.0,184.0,1401.0,115.0771809999469,74.51987266540527,3.0,8.0,2.0,8.0,33.32004699996105,81.75713399998585,16.0,0.0,2.0,101.3490410000486,101.34969199998523,7.0
good,tree_k8_b3,tree_async,humaneval,4,15,,,,,,,,,,24.0,0.0,,,105.82508833331036,,185.0,8.0,193.0,1500.0,69.47426600027029,78.59635353088379,3.0,0.0,2.0,0.0,7.604680000099506,61.869586000170784,16.0,0.0,2.0,105.45448499999566,105.45530699994288,0.0
good,tree_k8_b3,tree_async,humaneval,4,16,,,,,,,,,,24.0,0.0,,,104.59189400000724,,186.0,8.0,194.0,1600.0,107.7313820001109,77.40592956542969,3.0,0.0,2.0,0.0,33.32911500001501,74.40226700009589,16.0,0.0,2.0,104.04840200010312,104.04926400008208,0.0
good,tree_k8_b3,tree_async,humaneval,4,17,,,,,,,,,,24.0,8.0,,,106.19098166675857,,187.0,8.0,195.0,1701.0,96.8135229999234,79.04911041259766,3.0,8.0,2.0,8.0,33.35756899991793,63.45595400000548,16.0,0.0,2.0,105.94214299999294,105.94341499995608,7.0
good,tree_k8_b3,tree_async,humaneval,4,18,,,,,,,,,,24.0,7.0,,,108.94079466664321,,196.0,8.0,204.0,1800.0,77.09763599996222,81.17341995239258,3.0,0.0,2.0,7.0,9.677653000039754,67.41998299992247,16.0,0.0,2.0,108.42155800003184,108.42269099998703,0.0
good,tree_k8_b3,tree_async,humaneval,4,19,,,,,,,,,,24.0,8.0,,,110.97935066662826,,204.0,8.0,212.0,1901.0,112.54546699979073,84.07425880432129,3.0,8.0,2.0,8.0,38.86402499995256,73.68144199983817,16.0,0.0,2.0,110.48104799999692,110.48197900004197,7.0
good,tree_k8_b3,tree_async,humaneval,4,20,,,,,,,,,,24.0,4.0,,,112.78558333328905,,213.0,8.0,221.0,2000.0,80.14567700001862,85.45207977294922,3.0,0.0,2.0,4.0,7.409514000073614,72.73616299994501,16.0,0.0,2.0,112.43422099994405,112.43519300001026,0.0
good,tree_k8_b3,tree_async,humaneval,4,21,,,,,,,,,,24.0,2.0,,,117.94435533335803,,218.0,8.0,226.0,2100.0,116.71915899989926,90.5001163482666,3.0,0.0,2.0,2.0,33.762017000071864,82.9571419998274,16.0,0.0,2.0,117.37514900005408,117.37583100000393,0.0
good,tree_k8_b3,tree_async,humaneval,4,22,,,,,,,,,,24.0,8.0,,,116.29210199996776,,221.0,8.0,229.0,2201.0,127.0412290002696,89.56027030944824,3.0,8.0,2.0,8.0,34.429291000037665,92.61193800023193,16.0,0.0,2.0,115.55137400000604,115.55226500001936,7.0
good,direct,direct,humaneval,5,0,128.0,2894.3585383333016,25.175533333333334,2866.550922393799,2869.183004999968,12.648,12.527533333333333,,,,,,,,,,,,,,,,,,,,,,,,,,
good,sync_k8,sync_spec,humaneval,5,0,,,,,,,,0.0,8.0,8.0,1.0,40.860652923583984,68.23897361755371,95.38147599994528,671.0,160.0,8.0,168.0,,,,,,,,,,,,,,,
good,sync_k8,sync_spec,humaneval,5,1,,,,,,,,1.0,8.0,8.0,7.0,34.95335578918457,67.6426887512207,94.45624699995388,2.0,162.0,8.0,170.0,,,,,,,,,,,,,,,
good,sync_k8,sync_spec,humaneval,5,2,,,,,,,,2.0,8.0,8.0,0.0,35.77446937561035,71.52891159057617,98.64612966672689,3393.0,170.0,8.0,178.0,,,,,,,,,,,,,,,
good,sync_k8,sync_spec,humaneval,5,3,,,,,,,,3.0,8.0,8.0,0.0,36.47184371948242,71.29383087158203,98.40490133332514,5048.0,171.0,8.0,179.0,,,,,,,,,,,,,,,
good,sync_k8,sync_spec,humaneval,5,4,,,,,,,,4.0,8.0,8.0,8.0,35.78972816467285,71.68197631835938,98.77748333335086,11.0,172.0,8.0,180.0,,,,,,,,,,,,,,,
good,sync_k8,sync_spec,humaneval,5,5,,,,,,,,5.0,8.0,8.0,8.0,35.85624694824219,73.61674308776855,100.5661603333221,11.0,181.0,8.0,189.0,,,,,,,,,,,,,,,
good,sync_k8,sync_spec,humaneval,5,6,,,,,,,,6.0,8.0,8.0,5.0,35.285234451293945,81.35223388671875,108.65806366669523,31021.0,190.0,8.0,198.0,,,,,,,,,,,,,,,
good,sync_k8,sync_spec,humaneval,5,7,,,,,,,,7.0,8.0,8.0,8.0,39.907217025756836,79.43248748779297,106.59727099992476,16.0,196.0,8.0,204.0,,,,,,,,,,,,,,,
good,sync_k8,sync_spec,humaneval,5,8,,,,,,,,8.0,8.0,8.0,8.0,35.58802604675293,82.48066902160645,109.22827499999634,18.0,205.0,8.0,213.0,,,,,,,,,,,,,,,
good,sync_k8,sync_spec,humaneval,5,9,,,,,,,,9.0,8.0,8.0,8.0,34.86752510070801,85.6633186340332,114.344639666605,19.0,214.0,8.0,222.0,,,,,,,,,,,,,,,
good,sync_k8,sync_spec,humaneval,5,10,,,,,,,,10.0,8.0,8.0,8.0,38.59353065490723,91.02439880371094,118.81586000003604,671.0,223.0,8.0,231.0,,,,,,,,,,,,,,,
good,sync_k8,sync_spec,humaneval,5,11,,,,,,,,11.0,8.0,8.0,8.0,40.57025909423828,90.76142311096191,118.03252333341462,2561.0,232.0,8.0,240.0,,,,,,,,,,,,,,,
good,sync_k8,sync_spec,humaneval,5,12,,,,,,,,12.0,8.0,8.0,8.0,40.48919677734375,95.94368934631348,123.03446866672917,220.0,241.0,8.0,249.0,,,,,,,,,,,,,,,
good,sync_k8,sync_spec,humaneval,5,13,,,,,,,,13.0,8.0,8.0,8.0,38.950443267822266,156.54683113098145,183.6019566666614,2550.0,250.0,8.0,258.0,,,,,,,,,,,,,,,
good,sync_k8,sync_spec,humaneval,5,14,,,,,,,,14.0,8.0,8.0,6.0,38.34128379821777,155.41720390319824,183.06954299994825,641.0,259.0,8.0,267.0,,,,,,,,,,,,,,,
good,sync_k8,sync_spec,humaneval,5,15,,,,,,,,15.0,8.0,8.0,1.0,39.90626335144043,155.03883361816406,182.0259733333015,3897.0,266.0,8.0,274.0,,,,,,,,,,,,,,,
good,sync_k8,sync_spec,humaneval,5,16,,,,,,,,16.0,8.0,8.0,7.0,38.38157653808594,154.58202362060547,181.41021866662467,374.0,268.0,8.0,276.0,,,,,,,,,,,,,,,
good,sync_k8,sync_spec,humaneval,5,17,,,,,,,,17.0,8.0,8.0,0.0,36.38935089111328,156.18610382080078,183.03617000005775,32143.0,276.0,8.0,284.0,,,,,,,,,,,,,,,
good,sync_k8,sync_spec,humaneval,5,18,,,,,,,,18.0,8.0,8.0,0.0,35.68673133850098,155.1513671875,182.06391433332269,323.0,277.0,8.0,285.0,,,,,,,,,,,,,,,
good,sync_k8,sync_spec,humaneval,5,19,,,,,,,,19.0,8.0,8.0,4.0,42.21653938293457,154.71267700195312,182.06480333338345,4092.0,278.0,8.0,286.0,,,,,,,,,,,,,,,
good,sync_k8,sync_spec,humaneval,5,20,,,,,,,,20.0,8.0,8.0,3.0,38.12122344970703,156.41546249389648,183.63332466658548,5114.0,283.0,8.0,291.0,,,,,,,,,,,,,,,
good,sync_k8,sync_spec,humaneval,5,21,,,,,,,,21.0,8.0,8.0,8.0,38.03825378417969,156.88204765319824,184.21818099997716,11.0,287.0,8.0,295.0,,,,,,,,,,,,,,,
good,tree_k8_b3,tree_async,humaneval,5,0,,,,,,,,,,24.0,1.0,,,95.31023400006899,,160.0,8.0,168.0,0.0,127.4809669998831,68.39919090270996,3.0,0.0,2.0,1.0,40.91763299993545,86.56333399994764,16.0,0.0,2.0,94.77356800005055,94.77423999999246,0.0
good,tree_k8_b3,tree_async,humaneval,5,1,,,,,,,,,,22.0,7.0,,,94.45268166671792,,162.0,8.0,170.0,100.0,126.88854800001081,67.33322143554688,3.0,0.0,2.0,7.0,34.44056700004694,92.44798099996387,14.0,0.0,2.0,93.707419999987,93.70791100002407,0.0
good,tree_k8_b3,tree_async,humaneval,5,2,,,,,,,,,,24.0,0.0,,,99.02238266673999,,170.0,8.0,178.0,200.0,122.39521200024228,71.71821594238281,3.0,0.0,2.0,0.0,38.422272000048,83.97294000019428,16.0,0.0,2.0,98.58416299994133,98.58525499998905,0.0
good,tree_k8_b3,tree_async,humaneval,5,3,,,,,,,,,,24.0,0.0,,,100.08086366666777,,171.0,8.0,179.0,300.0,118.4982620000028,72.38125801086426,3.0,0.0,2.0,0.0,33.05348399999275,85.44477800001005,16.0,0.0,2.0,99.71715000006043,99.71775100007108,0.0
good,tree_k8_b3,tree_async,humaneval,5,4,,,,,,,,,,24.0,8.0,,,99.20420533339376,,172.0,8.0,180.0,401.0,107.8857729999072,72.02434539794922,3.0,8.0,2.0,8.0,33.2296020000058,74.6561709999014,16.0,0.0,2.0,98.90048499994464,98.90131700001348,7.0
good,tree_k8_b3,tree_async,humaneval,5,5,,,,,,,,,,24.0,8.0,,,101.22780133328723,,181.0,8.0,189.0,501.0,92.036508000092,73.57501983642578,3.0,8.0,2.0,8.0,7.567397000002529,84.46911100008947,16.0,0.0,2.0,100.94086200001584,100.94179400005032,7.0
good,tree_k8_b3,tree_async,humaneval,5,6,,,,,,,,,,24.0,5.0,,,105.88266766663429,,190.0,8.0,198.0,600.0,87.59512200015251,78.68623733520508,3.0,0.0,2.0,5.0,7.436506999965786,80.15861500018673,16.0,0.0,2.0,105.39972200001557,105.40079400004743,0.0
good,tree_k8_b3,tree_async,humaneval,5,7,,,,,,,,,,24.0,8.0,,,105.99980033335349,,196.0,8.0,204.0,701.0,131.01042699997834,78.93109321594238,3.0,8.0,2.0,8.0,33.937111000000186,97.07331599997815,16.0,0.0,2.0,105.57124199999635,105.57190300005459,7.0
good,tree_k8_b3,tree_async,humaneval,5,8,,,,,,,,,,24.0,8.0,,,110.58053200000408,,205.0,8.0,213.0,801.0,106.97497900014241,83.33969116210938,3.0,8.0,2.0,8.0,7.481262000055722,99.49371700008669,16.0,0.0,2.0,110.28143500004717,110.28288700003941,7.0
good,tree_k8_b3,tree_async,humaneval,5,9,,,,,,,,,,24.0,8.0,,,112.54900433329043,,214.0,8.0,222.0,901.0,112.2313530000838,85.3109359741211,3.0,8.0,2.0,8.0,7.729889000074763,104.50146400000904,16.0,0.0,2.0,112.18024900006185,112.1822530000145,7.0
good,tree_k8_b3,tree_async,humaneval,5,10,,,,,,,,,,24.0,8.0,,,119.09475699996615,,223.0,8.0,231.0,1001.0,97.18757600023764,91.36676788330078,3.0,8.0,2.0,8.0,7.592975999955343,89.5946000002823,16.0,0.0,2.0,119.1114660000494,119.11267800007863,7.0
good,tree_k8_b3,tree_async,humaneval,5,11,,,,,,,,,,24.0,8.0,,,118.26144433333084,,232.0,8.0,240.0,1101.0,96.4403420000508,91.20869636535645,3.0,8.0,2.0,8.0,7.645238000009158,88.79510400004165,16.0,0.0,2.0,117.75591299999633,117.75678499998321,7.0
good,tree_k8_b3,tree_async,humaneval,5,12,,,,,,,,,,24.0,8.0,,,123.53420133336815,,241.0,8.0,249.0,1201.0,92.97559100002672,96.14372253417969,3.0,8.0,2.0,8.0,7.309843999905752,85.66574700012097,16.0,0.0,2.0,123.33423999996285,123.33517199999733,7.0
good,tree_k8_b3,tree_async,humaneval,5,13,,,,,,,,,,24.0,8.0,,,184.43079833327346,,250.0,8.0,258.0,1301.0,105.54507600022589,157.07755088806152,3.0,8.0,2.0,8.0,6.167097999991711,99.37797800023418,16.0,0.0,2.0,183.98619000004146,183.98973700004717,7.0
good,tree_k8_b3,tree_async,humaneval,5,14,,,,,,,,,,24.0,6.0,,,185.60556633331666,,259.0,8.0,267.0,1400.0,99.30495700007214,158.04791450500488,3.0,0.0,2.0,6.0,14.716288000045097,84.58866900002704,16.0,0.0,2.0,185.21169400003146,185.21446900001592,0.0
good,tree_k8_b3,tree_async,humaneval,5,15,,,,,,,,,,24.0,1.0,,,186.63306466663374,,266.0,8.0,274.0,1500.0,107.7182220000168,158.52737426757812,3.0,0.0,2.0,1.0,35.13429999998152,72.58392200003527,16.0,0.0,2.0,185.90573600010885,185.90831100004834,0.0
good,tree_k8_b3,tree_async,humaneval,5,16,,,,,,,,,,24.0,7.0,,,183.78050466671138,,268.0,8.0,276.0,1600.0,155.2170060001572,156.48388862609863,3.0,0.0,2.0,7.0,39.75624100007735,115.46076500007985,16.0,0.0,2.0,182.9984549999608,183.00168099995062,0.0
good,tree_k8_b3,tree_async,humaneval,5,17,,,,,,,,,,24.0,0.0,,,184.62647033329498,,276.0,8.0,284.0,1700.0,145.12854500003414,157.14359283447266,3.0,0.0,2.0,0.0,37.94354299998304,107.1850020000511,16.0,0.0,2.0,184.2149620000555,184.21620399999483,0.0
good,tree_k8_b3,tree_async,humaneval,5,18,,,,,,,,,,24.0,0.0,,,184.96082933334256,,277.0,8.0,285.0,1800.0,100.8177449998584,157.3781967163086,3.0,0.0,2.0,0.0,33.78903899999841,67.02870599986,16.0,0.0,2.0,184.2717709999988,184.27278299998306,0.0
good,tree_k8_b3,tree_async,humaneval,5,19,,,,,,,,,,24.0,4.0,,,183.01866933330143,,278.0,8.0,286.0,1900.0,105.78628199982631,155.94053268432617,3.0,0.0,2.0,4.0,34.7008689999484,71.08541299987792,16.0,0.0,2.0,182.47748900000715,182.47859099994912,0.0
good,tree_k8_b3,tree_async,humaneval,5,20,,,,,,,,,,24.0,3.0,,,183.893364333336,,283.0,8.0,291.0,2000.0,94.93842999984281,156.59332275390625,3.0,0.0,2.0,3.0,33.95760299997619,60.98082699986662,16.0,0.0,2.0,183.61371900004997,183.61532200003694,0.0
good,tree_k8_b3,tree_async,humaneval,5,21,,,,,,,,,,24.0,8.0,,,184.21560166665938,,287.0,8.0,295.0,2101.0,111.1527529999421,156.69941902160645,3.0,8.0,2.0,8.0,34.698224999942795,76.4545279999993,16.0,0.0,2.0,183.75668799990308,183.75753899999836,7.0
good,direct,direct,humaneval,6,0,128.0,2885.9252160000774,25.189,2857.7182292938232,2860.7362160000775,12.641066666666667,12.547933333333333,,,,,,,,,,,,,,,,,,,,,,,,,,
good,sync_k8,sync_spec,humaneval,6,0,,,,,,,,0.0,8.0,8.0,1.0,40.25673866271973,58.228254318237305,85.58216366671411,671.0,133.0,8.0,141.0,,,,,,,,,,,,,,,
good,sync_k8,sync_spec,humaneval,6,1,,,,,,,,1.0,8.0,8.0,0.0,35.97521781921387,57.897090911865234,84.77048500004823,9008.0,135.0,8.0,143.0,,,,,,,,,,,,,,,
good,sync_k8,sync_spec,humaneval,6,2,,,,,,,,2.0,8.0,8.0,8.0,35.70699691772461,57.08718299865723,83.785131999973,6785.0,136.0,8.0,144.0,,,,,,,,,,,,,,,
good,sync_k8,sync_spec,humaneval,6,3,,,,,,,,3.0,8.0,8.0,8.0,35.5682373046875,60.990095138549805,87.33051333329607,262.0,145.0,8.0,153.0,,,,,,,,,,,,,,,
good,sync_k8,sync_spec,humaneval,6,4,,,,,,,,4.0,8.0,8.0,8.0,34.26790237426758,67.27433204650879,94.16088399993399,1526.0,154.0,8.0,162.0,,,,,,,,,,,,,,,
good,sync_k8,sync_spec,humaneval,6,5,,,,,,,,5.0,8.0,8.0,2.0,34.48915481567383,68.31812858581543,95.58138066664137,311.0,163.0,8.0,171.0,,,,,,,,,,,,,,,
good,sync_k8,sync_spec,humaneval,6,6,,,,,,,,6.0,8.0,8.0,2.0,35.60447692871094,68.91989707946777,96.27451400001169,2567.0,166.0,8.0,174.0,,,,,,,,,,,,,,,
good,sync_k8,sync_spec,humaneval,6,7,,,,,,,,7.0,8.0,8.0,8.0,35.283803939819336,71.06947898864746,97.93890133337892,286.0,169.0,8.0,177.0,,,,,,,,,,,,,,,
good,sync_k8,sync_spec,humaneval,6,8,,,,,,,,8.0,8.0,8.0,0.0,36.109209060668945,74.73134994506836,102.51521433325894,421.0,178.0,8.0,186.0,,,,,,,,,,,,,,,
good,sync_k8,sync_spec,humaneval,6,9,,,,,,,,9.0,8.0,8.0,6.0,36.47112846374512,73.39668273925781,100.70667666663584,421.0,179.0,8.0,187.0,,,,,,,,,,,,,,,
good,sync_k8,sync_spec,humaneval,6,10,,,,,,,,10.0,8.0,8.0,8.0,35.841941833496094,78.23872566223145,105.78163633328973,53865.0,186.0,8.0,194.0,,,,,,,,,,,,,,,
good,sync_k8,sync_spec,humaneval,6,11,,,,,,,,11.0,8.0,8.0,8.0,35.07351875305176,80.4131031036377,108.21558599999356,4409.0,195.0,8.0,203.0,,,,,,,,,,,,,,,
good,sync_k8,sync_spec,humaneval,6,12,,,,,,,,12.0,8.0,8.0,8.0,37.87803649902344,83.66179466247559,111.25424366668754,54160.0,204.0,8.0,212.0,,,,,,,,,,,,,,,
good,sync_k8,sync_spec,humaneval,6,13,,,,,,,,13.0,8.0,8.0,8.0,36.7276668548584,86.02666854858398,113.06882433337833,394.0,213.0,8.0,221.0,,,,,,,,,,,,,,,
good,sync_k8,sync_spec,humaneval,6,14,,,,,,,,14.0,8.0,8.0,6.0,36.04555130004883,89.41292762756348,116.27077833329545,470.0,222.0,8.0,230.0,,,,,,,,,,,,,,,
good,sync_k8,sync_spec,humaneval,6,15,,,,,,,,15.0,8.0,8.0,8.0,35.65502166748047,90.31796455383301,117.06629333330433,2.0,229.0,8.0,237.0,,,,,,,,,,,,,,,
good,sync_k8,sync_spec,humaneval,6,16,,,,,,,,16.0,8.0,8.0,8.0,36.2238883972168,94.03395652770996,120.65511033337336,6291.0,238.0,8.0,246.0,,,,,,,,,,,,,,,
good,sync_k8,sync_spec,humaneval,6,17,,,,,,,,17.0,8.0,8.0,3.0,34.93356704711914,96.04692459106445,123.594970999992,9174.0,247.0,8.0,255.0,,,,,,,,,,,,,,,
good,sync_k8,sync_spec,humaneval,6,18,,,,,,,,18.0,8.0,8.0,8.0,35.279273986816406,156.6922664642334,184.79002199992297,2561.0,251.0,8.0,259.0,,,,,,,,,,,,,,,
good,sync_k8,sync_spec,humaneval,6,19,,,,,,,,19.0,8.0,8.0,8.0,37.966012954711914,156.0690402984619,183.96887600001952,220.0,260.0,8.0,268.0,,,,,,,,,,,,,,,
good,tree_k8_b3,tree_async,humaneval,6,0,,,,,,,,,,20.0,1.0,,,85.37833533328512,,133.0,8.0,141.0,0.0,118.825175999973,58.226585388183594,3.0,0.0,2.0,1.0,41.609655999991446,77.21551999998155,12.0,0.0,2.0,84.60411700002624,84.60503800006336,0.0
good,tree_k8_b3,tree_async,humaneval,6,1,,,,,,,,,,22.0,0.0,,,86.29459933330403,,135.0,8.0,143.0,100.0,120.3328189998274,58.741092681884766,3.0,0.0,2.0,0.0,37.98391399993761,82.34890499988978,14.0,0.0,2.0,85.51078499999676,85.5117370000471,0.0
good,tree_k8_b3,tree_async,humaneval,6,2,,,,,,,,,,22.0,8.0,,,87.18958433338932,,136.0,8.0,144.0,201.0,121.47938900000099,58.888912200927734,3.0,8.0,2.0,8.0,41.120969000076,80.35841999992499,14.0,0.0,2.0,86.70888200003901,86.70980299996245,6.0
good,tree_k8_b3,tree_async,humaneval,6,3,,,,,,,,,,24.0,8.0,,,92.04378866668853,,145.0,8.0,153.0,301.0,98.59639399985554,64.02730941772461,3.0,8.0,2.0,8.0,16.394632000015008,82.20176199984053,16.0,0.0,2.0,91.91355100006149,91.91517400006433,7.0
good,tree_k8_b3,tree_async,humaneval,6,4,,,,,,,,,,24.0,8.0,,,94.67119533332547,,154.0,8.0,162.0,401.0,86.42569300013747,67.56711006164551,3.0,8.0,2.0,8.0,6.4006510000353956,80.02504200010208,16.0,0.0,2.0,94.22698599996693,94.22781800003577,7.0
good,tree_k8_b3,tree_async,humaneval,6,5,,,,,,,,,,24.0,2.0,,,96.47491500000447,,163.0,8.0,171.0,500.0,66.6048480001109,69.2901611328125,3.0,0.0,2.0,2.0,7.693611000036071,58.911237000074834,16.0,0.0,2.0,96.12163799999962,96.1222490000182,0.0
good,tree_k8_b3,tree_async,humaneval,6,6,,,,,,,,,,24.0,2.0,,,95.90202266658375,,166.0,8.0,174.0,600.0,100.37178699985816,69.10443305969238,3.0,0.0,2.0,2.0,33.55928100006622,66.81250599979194,16.0,0.0,2.0,95.17988199991123,95.18048299992188,0.0
good,tree_k8_b3,tree_async,humaneval,6,7,,,,,,,,,,24.0,8.0,,,101.09153233329972,,169.0,8.0,177.0,701.0,96.157766000033,73.46463203430176,3.0,8.0,2.0,8.0,33.92178700005388,62.235978999979125,16.0,0.0,2.0,100.62348899998597,100.62568299997565,7.0
good,tree_k8_b3,tree_async,humaneval,6,8,,,,,,,,,,24.0,0.0,,,100.37157733335522,,178.0,8.0,186.0,800.0,73.14206199987439,73.06981086730957,3.0,0.0,2.0,0.0,7.73545100003048,65.4066109998439,16.0,0.0,2.0,99.84872300003644,99.8499060000313,0.0
good,tree_k8_b3,tree_async,humaneval,6,9,,,,,,,,,,24.0,6.0,,,100.18264566669504,,179.0,8.0,187.0,900.0,116.22160600006737,73.22287559509277,3.0,0.0,2.0,6.0,34.15595599994958,82.06565000011778,16.0,0.0,2.0,99.5864999999867,99.5879930000001,0.0
good,tree_k8_b3,tree_async,humaneval,6,10,,,,,,,,,,24.0,8.0,,,105.79537866667494,,186.0,8.0,194.0,1001.0,129.704812999762,78.40323448181152,3.0,8.0,2.0,8.0,33.53825199997118,96.16656099979082,16.0,0.0,2.0,105.34852399996453,105.34975699999904,7.0
good,tree_k8_b3,tree_async,humaneval,6,11,,,,,,,,,,24.0,8.0,,,107.49639366666709,,195.0,8.0,203.0,1101.0,107.5064009999096,80.09767532348633,3.0,8.0,2.0,8.0,7.476472999996986,100.02992799991262,16.0,0.0,2.0,107.20295800001622,107.20378899998195,7.0
good,tree_k8_b3,tree_async,humaneval,6,12,,,,,,,,,,24.0,8.0,,,112.34162233333566,,204.0,8.0,212.0,1201.0,114.112812000144,84.45119857788086,3.0,8.0,2.0,8.0,7.213889000013296,106.89892300013071,16.0,0.0,2.0,111.75806999995075,111.76098599992201,7.0
good,tree_k8_b3,tree_async,humaneval,6,13,,,,,,,,,,24.0,8.0,,,113.56472266673902,,213.0,8.0,221.0,1301.0,112.30936799995561,86.2579345703125,3.0,8.0,2.0,8.0,8.394942999984778,103.91442499997083,16.0,0.0,2.0,112.99602399992636,112.99774700000853,7.0
good,tree_k8_b3,tree_async,humaneval,6,14,,,,,,,,,,24.0,6.0,,,116.87636333331207,,222.0,8.0,230.0,1400.0,86.82062499974563,89.43605422973633,3.0,0.0,2.0,6.0,7.364166999991539,79.4564579997541,16.0,0.0,2.0,116.07317300001796,116.07484599994677,0.0
good,tree_k8_b3,tree_async,humaneval,6,15,,,,,,,,,,24.0,8.0,,,118.91730433328952,,229.0,8.0,237.0,1501.0,117.1770190001098,91.39800071716309,3.0,8.0,2.0,8.0,34.197607000010066,82.97941200009973,16.0,0.0,2.0,118.34789300007742,118.34909499998503,7.0
good,tree_k8_b3,tree_async,humaneval,6,16,,,,,,,,,,24.0,8.0,,,123.30303066663878,,238.0,8.0,246.0,1601.0,104.89747700012231,95.1082706451416,3.0,8.0,2.0,8.0,7.6661670000248705,97.23131000009744,16.0,0.0,2.0,122.74364999996124,122.74539300005927,7.0
good,tree_k8_b3,tree_async,humaneval,6,17,,,,,,,,,,24.0,3.0,,,123.39337399999178,,247.0,8.0,255.0,1700.0,69.0659990000313,96.11892700195312,3.0,0.0,2.0,3.0,7.999445999985255,61.06655300004604,16.0,0.0,2.0,123.1090009999889,123.11000299996522,0.0
good,tree_k8_b3,tree_async,humaneval,6,18,,,,,,,,,,24.0,8.0,,,181.83734800006565,,251.0,8.0,259.0,1801.0,110.28065100015283,154.29115295410156,3.0,8.0,2.0,8.0,33.01891900002829,77.26173200012454,16.0,0.0,2.0,180.89627400001973,180.8975270000701,7.0
good,tree_k8_b3,tree_async,humaneval,6,19,,,,,,,,,,24.0,8.0,,,181.5171896666268,,260.0,8.0,268.0,1901.0,98.49111600010474,153.87892723083496,3.0,8.0,2.0,8.0,9.456345000103283,89.03477100000146,16.0,0.0,2.0,180.46653200008222,180.46729299999242,7.0
good,direct,direct,humaneval,7,0,76.0,1717.964382333381,25.113933333333335,1689.2471313476562,1692.8504490000478,12.5936,12.520333333333333,,,,,,,,,,,,,,,,,,,,,,,,,,
good,sync_k8,sync_spec,humaneval,7,0,,,,,,,,0.0,8.0,8.0,1.0,40.21573066711426,42.96422004699707,70.77201500003333,470.0,86.0,8.0,94.0,,,,,,,,,,,,,,,
good,sync_k8,sync_spec,humaneval,7,1,,,,,,,,1.0,8.0,8.0,1.0,42.555809020996094,42.174339294433594,69.59353200000373,64.0,88.0,8.0,96.0,,,,,,,,,,,,,,,
good,sync_k8,sync_spec,humaneval,7,2,,,,,,,,2.0,8.0,8.0,1.0,36.31997108459473,45.3801155090332,72.75863766673247,6716.0,90.0,8.0,98.0,,,,,,,,,,,,,,,
good,sync_k8,sync_spec,humaneval,7,3,,,,,,,,3.0,8.0,8.0,8.0,36.13758087158203,47.467708587646484,74.4252013333143,353.0,92.0,8.0,100.0,,,,,,,,,,,,,,,
good,sync_k8,sync_spec,humaneval,7,4,,,,,,,,4.0,8.0,8.0,0.0,35.06875038146973,46.477317810058594,73.11740566665964,2422.0,101.0,8.0,109.0,,,,,,,,,,,,,,,
good,sync_k8,sync_spec,humaneval,7,5,,,,,,,,5.0,8.0,8.0,6.0,34.630775451660156,46.463727951049805,73.3793473333122,26049.0,102.0,8.0,110.0,,,,,,,,,,,,,,,
good,sync_k8,sync_spec,humaneval,7,6,,,,,,,,6.0,8.0,8.0,2.0,36.92626953125,51.09214782714844,78.13896500010051,488.0,109.0,8.0,117.0,,,,,,,,,,,,,,,
good,sync_k8,sync_spec,humaneval,7,7,,,,,,,,7.0,8.0,8.0,0.0,37.840843200683594,51.77497863769531,78.59277699997686,5109.0,112.0,8.0,120.0,,,,,,,,,,,,,,,
good,sync_k8,sync_spec,humaneval,7,8,,,,,,,,8.0,8.0,8.0,0.0,32.46760368347168,51.470041275024414,78.25012700009985,3447.0,113.0,8.0,121.0,,,,,,,,,,,,,,,
good,sync_k8,sync_spec,humaneval,7,9,,,,,,,,9.0,8.0,8.0,1.0,36.29660606384277,56.61129951477051,84.31981066668294,60.0,114.0,8.0,122.0,,,,,,,,,,,,,,,
good,sync_k8,sync_spec,humaneval,7,10,,,,,,,,10.0,8.0,8.0,0.0,36.97323799133301,53.57241630554199,81.52623366665398,421.0,116.0,8.0,124.0,,,,,,,,,,,,,,,
good,sync_k8,sync_spec,humaneval,7,11,,,,,,,,11.0,8.0,8.0,2.0,36.540985107421875,53.94124984741211,81.2648866666438,3056.0,117.0,8.0,125.0,,,,,,,,,,,,,,,
good,sync_k8,sync_spec,humaneval,7,12,,,,,,,,12.0,8.0,1.0,0.0,10.409116744995117,51.91659927368164,78.99681266665976,1022.0,120.0,1.0,121.0,,,,,,,,,,,,,,,
good,sync_k8,sync_spec,humaneval,7,13,,,,,,,,13.0,8.0,8.0,0.0,35.24327278137207,56.258201599121094,83.79705233325438,750.0,121.0,8.0,129.0,,,,,,,,,,,,,,,
good,sync_k8,sync_spec,humaneval,7,14,,,,,,,,14.0,8.0,8.0,0.0,36.57364845275879,55.61256408691406,83.02187333340243,1887.0,122.0,8.0,130.0,,,,,,,,,,,,,,,
good,sync_k8,sync_spec,humaneval,7,15,,,,,,,,15.0,8.0,8.0,6.0,35.55727005004883,54.88872528076172,81.90636766669266,40056.0,123.0,8.0,131.0,,,,,,,,,,,,,,,
good,sync_k8,sync_spec,humaneval,7,16,,,,,,,,16.0,8.0,8.0,8.0,34.899234771728516,55.750370025634766,82.74153099994705,2561.0,130.0,8.0,138.0,,,,,,,,,,,,,,,
good,sync_k8,sync_spec,humaneval,7,17,,,,,,,,17.0,8.0,8.0,8.0,35.66384315490723,60.86993217468262,88.1682626667142,220.0,139.0,8.0,147.0,,,,,,,,,,,,,,,
good,sync_k8,sync_spec,humaneval,7,18,,,,,,,,18.0,8.0,8.0,1.0,35.80164909362793,61.62834167480469,88.68010099999849,20356.0,148.0,8.0,156.0,,,,,,,,,,,,,,,
good,sync_k8,sync_spec,humaneval,7,19,,,,,,,,19.0,8.0,8.0,8.0,34.8665714263916,63.27033042907715,91.01805099997523,262.0,150.0,8.0,158.0,,,,,,,,,,,,,,,
good,sync_k8,sync_spec,humaneval,7,20,,,,,,,,20.0,8.0,3.0,3.0,16.957759857177734,67.96765327453613,95.86628066674544,2.0,159.0,3.0,162.0,,,,,,,,,,,,,,,
good,sync_k8,sync_spec,humaneval,7,21,,,,,,,,21.0,8.0,8.0,2.0,40.45224189758301,68.45831871032715,96.04194100000066,13.0,163.0,8.0,171.0,,,,,,,,,,,,,,,
good,sync_k8,sync_spec,humaneval,7,22,,,,,,,,22.0,8.0,8.0,8.0,35.167694091796875,67.97146797180176,95.08247200005223,25780.0,166.0,8.0,174.0,,,,,,,,,,,,,,,
good,sync_k8,sync_spec,humaneval,7,23,,,,,,,,23.0,8.0,8.0,1.0,35.2177619934082,72.07274436950684,98.90836166676328,458.0,175.0,8.0,183.0,,,,,,,,,,,,,,,
good,sync_k8,sync_spec,humaneval,7,24,,,,,,,,24.0,8.0,8.0,1.0,32.137155532836914,72.48878479003906,99.66585666671834,11.0,177.0,8.0,185.0,,,,,,,,,,,,,,,
good,sync_k8,sync_spec,humaneval,7,25,,,,,,,,25.0,8.0,8.0,1.0,34.845590591430664,71.93708419799805,98.4069520000493,80919.0,179.0,8.0,187.0,,,,,,,,,,,,,,,
good,sync_k8,sync_spec,humaneval,7,26,,,,,,,,26.0,8.0,8.0,8.0,34.85298156738281,72.49093055725098,100.24593900005382,5424.0,181.0,8.0,189.0,,,,,,,,,,,,,,,
good,sync_k8,sync_spec,humaneval,7,27,,,,,,,,27.0,8.0,8.0,3.0,41.75519943237305,79.30541038513184,106.28277566670036,13.0,190.0,8.0,198.0,,,,,,,,,,,,,,,
good,sync_k8,sync_spec,humaneval,7,28,,,,,,,,28.0,8.0,8.0,3.0,35.60781478881836,80.87873458862305,108.99706799997044,2661.0,194.0,8.0,202.0,,,,,,,,,,,,,,,
good,sync_k8,sync_spec,humaneval,7,29,,,,,,,,29.0,8.0,8.0,8.0,37.37950325012207,81.43925666809082,110.24965900007422,220.0,198.0,8.0,206.0,,,,,,,,,,,,,,,
good,sync_k8,sync_spec,humaneval,7,30,,,,,,,,30.0,8.0,8.0,8.0,42.449951171875,85.86764335632324,116.17542033343528,279.0,207.0,8.0,215.0,,,,,,,,,,,,,,,
good,tree_k8_b3,tree_async,humaneval,7,0,,,,,,,,,,18.0,1.0,,,69.00392699997077,,86.0,8.0,94.0,0.0,100.89437000021917,41.37253761291504,3.0,0.0,2.0,1.0,37.580150000053436,63.31422000016573,10.0,0.0,2.0,68.21027700004834,68.21168999999827,0.0
good,tree_k8_b3,tree_async,humaneval,7,1,,,,,,,,,,18.0,1.0,,,69.02303233332992,,88.0,8.0,96.0,100.0,102.7751280001894,41.899919509887695,3.0,0.0,2.0,1.0,40.65558100000999,62.11954700017941,10.0,1.3960850000103164,2.0,68.40856199994505,68.40957399992931,0.0
good,tree_k8_b3,tree_async,humaneval,7,2,,,,,,,,,,24.0,1.0,,,71.39027033337096,,90.0,8.0,98.0,200.0,104.20226400003685,44.3568229675293,3.0,0.0,2.0,1.0,33.88168900005439,70.32057499998245,16.0,0.0,2.0,71.090237999897,71.09102899994468,0.0
good,tree_k8_b3,tree_async,humaneval,7,3,,,,,,,,,,20.0,8.0,,,72.00044800003849,,92.0,8.0,100.0,301.0,104.22548500002904,44.66509819030762,3.0,8.0,2.0,8.0,33.862271000089095,70.36321399993994,12.0,0.0,2.0,71.70084799997767,71.70222999991438,5.0
good,tree_k8_b3,tree_async,humaneval,7,4,,,,,,,,,,22.0,0.0,,,73.4149573333591,,101.0,8.0,109.0,400.0,94.59780500026227,46.24819755554199,3.0,0.0,2.0,0.0,23.13949599999887,71.4583090002634,14.0,0.0,2.0,72.66608500003713,72.66695700002401,0.0
good,tree_k8_b3,tree_async,humaneval,7,5,,,,,,,,,,24.0,6.0,,,72.93768733333361,,102.0,8.0,110.0,500.0,112.72270999984357,45.923709869384766,3.0,0.0,2.0,6.0,39.55407199998717,73.1686379998564,16.0,0.36299499993219797,2.0,72.7764370000159,72.7794530000665,0.0
good,tree_k8_b3,tree_async,humaneval,7,6,,,,,,,,,,24.0,2.0,,,78.40613566669853,,109.0,8.0,117.0,600.0,110.18095200006428,51.22828483581543,3.0,0.0,2.0,2.0,34.5629230000668,75.61802899999748,16.0,0.0,2.0,78.11785599994892,78.11939900000198,0.0
good,tree_k8_b3,tree_async,humaneval,7,7,,,,,,,,,,20.0,0.0,,,80.48420566668112,,112.0,8.0,120.0,700.0,106.05985699987741,53.05743217468262,3.0,0.0,2.0,0.0,34.2637899999545,71.79606699992291,12.0,0.0,2.0,80.11481200003345,80.1165550000178,0.0
good,tree_k8_b3,tree_async,humaneval,7,8,,,,,,,,,,18.0,0.0,,,80.21872900001974,,113.0,8.0,121.0,800.0,107.08906799970919,53.095340728759766,3.0,0.0,2.0,0.0,35.8204909999813,71.26857699972788,10.0,0.0,2.0,79.37445299990031,79.3757359999745,0.0
good,tree_k8_b3,tree_async,humaneval,7,9,,,,,,,,,,20.0,1.0,,,84.6438310000972,,114.0,8.0,122.0,900.0,119.2686730001924,54.6574592590332,3.0,0.0,2.0,1.0,37.734436000050664,81.53423700014173,12.0,0.0,2.0,84.50788300001477,84.50916499998584,0.0
good,tree_k8_b3,tree_async,humaneval,7,10,,,,,,,,,,20.0,0.0,,,83.12680133330508,,116.0,8.0,124.0,1000.0,121.89812600001915,54.688453674316406,3.0,0.0,2.0,0.0,43.047343000012006,78.85078300000714,12.0,0.0,2.0,82.59994200000165,82.60178499995163,0.0
good,tree_k8_b3,tree_async,humaneval,7,11,,,,,,,,,,22.0,2.0,,,80.72040933327469,,117.0,8.0,125.0,1100.0,122.13710300000002,52.98161506652832,3.0,0.0,2.0,2.0,43.615309999950114,78.52179300004991,14.0,0.0,2.0,80.43004700004985,80.4308190000711,0.0
good,tree_k8_b3,tree_async,humaneval,7,12,,,,,,,,,,9.0,0.0,,,80.50513166664115,,120.0,1.0,121.0,1200.0,76.4916269998821,52.187442779541016,2.0,0.0,1.0,0.0,18.351952999978494,58.13967399990361,8.0,0.0,1.0,80.2201739999191,80.22125599995888,0.0
good,tree_k8_b3,tree_async,humaneval,7,13,,,,,,,,,,20.0,0.0,,,83.12899266672231,,121.0,8.0,129.0,1300.0,108.8209030000371,55.92465400695801,3.0,0.0,2.0,0.0,33.71722500003216,75.10367800000495,12.0,0.0,2.0,82.84510199996475,82.84589299989875,0.0
good,tree_k8_b3,tree_async,humaneval,7,14,,,,,,,,,,22.0,0.0,,,82.11994666657807,,122.0,8.0,130.0,1400.0,116.58521100002872,55.268287658691406,3.0,0.0,2.0,0.0,37.04159200003687,79.54361899999185,14.0,0.0,2.0,81.48797299998023,81.48970699994607,0.0
good,tree_k8_b3,tree_async,humaneval,7,15,,,,,,,,,,24.0,6.0,,,83.17778066673307,,123.0,8.0,131.0,1500.0,114.7757639998872,54.86249923706055,3.0,0.0,2.0,6.0,37.10006300002533,77.67570099986187,16.0,0.0,2.0,82.59597500000382,82.59697599999072,0.0
good,tree_k8_b3,tree_async,humaneval,7,16,,,,,,,,,,20.0,8.0,,,85.47128599996553,,130.0,8.0,138.0,1601.0,110.90708799997628,58.54225158691406,3.0,8.0,2.0,8.0,32.960737000053086,77.9463509999232,12.0,0.0,2.0,85.21621199997753,85.21721399995386,5.0
good,tree_k8_b3,tree_async,humaneval,7,17,,,,,,,,,,24.0,8.0,,,88.93117666672048,,139.0,8.0,147.0,1701.0,98.41521399982867,61.55991554260254,3.0,8.0,2.0,8.0,18.525244999977986,79.88996899985068,16.0,0.0,2.0,89.02669799999785,89.02723900007459,7.0
good,tree_k8_b3,tree_async,humaneval,7,18,,,,,,,,,,24.0,1.0,,,90.08134133336921,,148.0,8.0,156.0,1800.0,91.06025100004445,62.81924247741699,3.0,0.0,2.0,1.0,7.264260000056311,83.79599099998813,16.0,0.0,2.0,89.2917359999501,89.29305799995291,0.0
good,tree_k8_b3,tree_async,humaneval,7,19,,,,,,,,,,24.0,8.0,,,90.26409600003876,,150.0,8.0,158.0,1901.0,113.23958900027264,63.01259994506836,3.0,8.0,2.0,8.0,33.78496800007724,79.4546210001954,16.0,0.0,2.0,89.79265499999656,89.79465799995978,7.0
good,tree_k8_b3,tree_async,humaneval,7,20,,,,,,,,,,24.0,6.0,,,96.52736933343465,,159.0,8.0,167.0,2000.0,73.61309599991728,69.23103332519531,3.0,0.0,2.0,6.0,8.062006999921323,65.55108899999595,16.0,0.0,2.0,95.52606200008995,95.52729500001078,0.0
good,tree_k8_b3,tree_async,humaneval,7,21,,,,,,,,,,24.0,8.0,,,96.576218999979,,166.0,8.0,174.0,2101.0,102.57567999985895,69.0615177154541,3.0,8.0,2.0,8.0,33.60830899998746,68.96737099987149,16.0,0.0,2.0,95.69768100004694,95.69844300006025,7.0
good,tree_k8_b3,tree_async,humaneval,7,22,,,,,,,,,,24.0,1.0,,,99.65221066659544,,175.0,8.0,183.0,2200.0,88.69682900001408,72.30281829833984,3.0,0.0,2.0,1.0,7.113531000072726,81.58329799994135,16.0,0.0,2.0,99.57351299999573,99.57471500001702,0.0
good,tree_k8_b3,tree_async,humaneval,7,23,,,,,,,,,,22.0,1.0,,,99.7836733333435,,177.0,8.0,185.0,2300.0,122.1272579999777,72.34787940979004,3.0,0.0,2.0,1.0,31.65942799989807,90.46783000007963,14.0,0.0,2.0,98.95994800001517,98.96127000001798,0.0
good,tree_k8_b3,tree_async,humaneval,7,24,,,,,,,,,,24.0,1.0,,,101.58707266664268,,179.0,8.0,187.0,2400.0,130.57918900005916,74.22137260437012,3.0,0.0,2.0,1.0,35.78567900001417,94.79351000004499,16.0,0.0,2.0,100.87428299993917,100.875905999942,0.0
good,tree_k8_b3,tree_async,humaneval,7,25,,,,,,,,,,24.0,8.0,,,103.39740500001679,,181.0,8.0,189.0,2501.0,111.65273800020259,75.43706893920898,3.0,8.0,2.0,8.0,34.39893300003405,77.25380500016854,16.0,0.0,2.0,103.18194100000255,103.18298300001061,7.0
good,tree_k8_b3,tree_async,humaneval,7,26,,,,,,,,,,24.0,3.0,,,107.05952166674265,,190.0,8.0,198.0,2600.0,92.55870800018329,78.64093780517578,3.0,0.0,2.0,3.0,7.765047000020786,84.7936610001625,16.0,0.0,2.0,106.5486279999277,106.55016199996226,0.0
good,tree_k8_b3,tree_async,humaneval,7,27,,,,,,,,,,24.0,3.0,,,111.024254000048,,194.0,8.0,202.0,2700.0,130.7847819998642,82.38744735717773,3.0,0.0,2.0,3.0,34.805404000053386,95.97937799981082,16.0,0.0,2.0,110.10517300007905,110.10778800005028,0.0
good,tree_k8_b3,tree_async,humaneval,7,28,,,,,,,,,,24.0,8.0,,,109.4245230000711,,198.0,8.0,206.0,2801.0,133.50947100002486,81.62522315979004,3.0,8.0,2.0,8.0,35.06431999994675,98.44515100007811,16.0,0.0,2.0,109.13082700005816,109.1324800000848,7.0
good,tree_k8_b3,tree_async,humaneval,7,29,,,,,,,,,,24.0,8.0,,,111.92591099998172,,207.0,8.0,215.0,2901.0,116.3859160001266,84.12504196166992,3.0,8.0,2.0,8.0,7.6810650000425085,108.70485100008409,16.0,0.0,2.0,111.13210899998194,111.13310099995033,7.0
good,direct,direct,humaneval,8,0,128.0,2985.4079906666466,25.148466666666668,2957.8988552093506,2960.25952399998,12.609866666666667,12.5386,,,,,,,,,,,,,,,,,,,,,,,,,,
good,sync_k8,sync_spec,humaneval,8,0,,,,,,,,0.0,8.0,8.0,1.0,39.72959518432617,42.357683181762695,69.57762866672599,8172.0,87.0,8.0,95.0,,,,,,,,,,,,,,,
good,sync_k8,sync_spec,humaneval,8,1,,,,,,,,1.0,8.0,8.0,8.0,39.452314376831055,47.41859436035156,75.70516633338991,38929.0,89.0,8.0,97.0,,,,,,,,,,,,,,,
good,sync_k8,sync_spec,humaneval,8,2,,,,,,,,2.0,8.0,8.0,8.0,36.60845756530762,49.12400245666504,77.00022066673314,8172.0,98.0,8.0,106.0,,,,,,,,,,,,,,,
good,sync_k8,sync_spec,humaneval,8,3,,,,,,,,3.0,8.0,8.0,8.0,34.812211990356445,50.94099044799805,77.79117066661692,28957.0,107.0,8.0,115.0,,,,,,,,,,,,,,,
good,sync_k8,sync_spec,humaneval,8,4,,,,,,,,4.0,8.0,8.0,8.0,37.157535552978516,51.848411560058594,78.34221299994033,421.0,116.0,8.0,124.0,,,,,,,,,,,,,,,
good,sync_k8,sync_spec,humaneval,8,5,,,,,,,,5.0,8.0,8.0,8.0,37.938594818115234,56.35547637939453,84.75732600004208,198.0,125.0,8.0,133.0,,,,,,,,,,,,,,,
good,sync_k8,sync_spec,humaneval,8,6,,,,,,,,6.0,8.0,8.0,7.0,39.82377052307129,58.484792709350586,85.91238533324984,2.0,134.0,8.0,142.0,,,,,,,,,,,,,,,
good,sync_k8,sync_spec,humaneval,8,7,,,,,,,,7.0,8.0,8.0,1.0,36.25202178955078,61.509132385253906,88.52901933329568,279.0,142.0,8.0,150.0,,,,,,,,,,,,,,,
good,sync_k8,sync_spec,humaneval,8,8,,,,,,,,8.0,8.0,8.0,1.0,35.72249412536621,61.78164482116699,88.76843933335033,448.0,144.0,8.0,152.0,,,,,,,,,,,,,,,
good,sync_k8,sync_spec,humaneval,8,9,,,,,,,,9.0,8.0,8.0,0.0,34.59954261779785,64.43572044372559,91.6999656666624,279.0,146.0,8.0,154.0,,,,,,,,,,,,,,,
good,sync_k8,sync_spec,humaneval,8,10,,,,,,,,10.0,8.0,8.0,8.0,35.848140716552734,63.573598861694336,91.69376166658745,287.0,147.0,8.0,155.0,,,,,,,,,,,,,,,
good,sync_k8,sync_spec,humaneval,8,11,,,,,,,,11.0,8.0,8.0,8.0,37.468671798706055,67.51275062561035,94.9092853333659,198.0,156.0,8.0,164.0,,,,,,,,,,,,,,,
good,sync_k8,sync_spec,humaneval,8,12,,,,,,,,12.0,8.0,8.0,8.0,36.2391471862793,69.77701187133789,97.0701989999129,220.0,165.0,8.0,173.0,,,,,,,,,,,,,,,
good,sync_k8,sync_spec,humaneval,8,13,,,,,,,,13.0,8.0,8.0,8.0,34.914255142211914,76.27058029174805,103.67672733343407,17682.0,174.0,8.0,182.0,,,,,,,,,,,,,,,
good,sync_k8,sync_spec,humaneval,8,14,,,,,,,,14.0,8.0,8.0,8.0,39.01982307434082,74.94497299194336,102.66048066665527,671.0,183.0,8.0,191.0,,,,,,,,,,,,,,,
good,sync_k8,sync_spec,humaneval,8,15,,,,,,,,15.0,8.0,8.0,8.0,40.041446685791016,79.38909530639648,107.66854666660507,5709.0,192.0,8.0,200.0,,,,,,,,,,,,,,,
good,sync_k8,sync_spec,humaneval,8,16,,,,,,,,16.0,8.0,8.0,8.0,37.56451606750488,83.95695686340332,111.18066833333945,2550.0,201.0,8.0,209.0,,,,,,,,,,,,,,,
good,sync_k8,sync_spec,humaneval,8,17,,,,,,,,17.0,8.0,8.0,4.0,35.2778434753418,83.9996337890625,111.36644966666415,19324.0,210.0,8.0,218.0,,,,,,,,,,,,,,,
good,tree_k8_b3,tree_async,humaneval,8,0,,,,,,,,,,18.0,1.0,,,70.6246936665784,,87.0,8.0,95.0,0.0,106.52043200002481,42.601585388183594,3.0,0.0,2.0,1.0,37.92353500000445,68.59689700002036,10.0,0.0,2.0,70.1733639999702,70.17410499997823,0.0
good,tree_k8_b3,tree_async,humaneval,8,1,,,,,,,,,,18.0,8.0,,,72.68352333326527,,89.0,8.0,97.0,101.0,107.55095300009998,44.73757743835449,3.0,8.0,2.0,8.0,43.91676000000189,63.634193000098094,10.0,0.0,2.0,71.96675499994853,71.96862899991174,4.0
good,tree_k8_b3,tree_async,humaneval,8,2,,,,,,,,,,18.0,8.0,,,75.65813166662879,,98.0,8.0,106.0,201.0,90.96022299979722,47.69086837768555,3.0,8.0,2.0,8.0,22.513000999992983,68.44722199980424,10.0,0.0,2.0,75.06903099999818,75.07002299996657,4.0
good,tree_k8_b3,tree_async,humaneval,8,3,,,,,,,,,,22.0,8.0,,,79.75079466666793,,107.0,8.0,115.0,301.0,90.61139200014168,52.161455154418945,3.0,8.0,2.0,8.0,22.83126899999388,67.7801230001478,14.0,1.1109350000424456,2.0,79.59832000005918,79.59902100003546,6.0
good,tree_k8_b3,tree_async,humaneval,8,4,,,,,,,,,,20.0,8.0,,,80.37897500004283,,116.0,8.0,124.0,401.0,84.85558399991078,52.405357360839844,3.0,8.0,2.0,8.0,10.678817999973944,74.17676599993683,12.0,0.0,2.0,80.28188699995553,80.28270799991333,5.0
good,tree_k8_b3,tree_async,humaneval,8,5,,,,,,,,,,20.0,8.0,,,82.99092466656707,,125.0,8.0,133.0,501.0,99.34222800018233,55.845022201538086,3.0,8.0,2.0,8.0,21.231615000033344,78.11061300014899,12.0,0.0,2.0,82.70780700001978,82.70835799999077,5.0
good,tree_k8_b3,tree_async,humaneval,8,6,,,,,,,,,,24.0,7.0,,,84.30579533331228,,134.0,8.0,142.0,600.0,102.3969949998218,57.257890701293945,3.0,0.0,2.0,7.0,22.000658000024487,80.39633699979731,16.0,0.0,2.0,83.75372700004391,83.75442900000962,0.0
good,tree_k8_b3,tree_async,humaneval,8,7,,,,,,,,,,20.0,1.0,,,88.35764666665884,,142.0,8.0,150.0,700.0,111.14650900015022,61.37681007385254,3.0,0.0,2.0,1.0,33.57233300005191,77.5741760000983,12.0,0.0,2.0,88.12071200009086,88.12190399999054,0.0
good,tree_k8_b3,tree_async,humaneval,8,8,,,,,,,,,,20.0,1.0,,,88.89192600003963,,144.0,8.0,152.0,800.0,113.94254699996509,62.13188171386719,3.0,0.0,2.0,1.0,35.91345099994214,78.02909600002295,12.0,0.0,2.0,88.25824499990631,88.25871599992752,0.0
good,tree_k8_b3,tree_async,humaneval,8,9,,,,,,,,,,20.0,0.0,,,90.20604166667479,,146.0,8.0,154.0,900.0,118.6917929998117,62.69574165344238,3.0,0.0,2.0,0.0,34.09005399998932,84.60173899982237,12.0,0.0,2.0,90.3617489999533,90.36302200001955,0.0
good,tree_k8_b3,tree_async,humaneval,8,10,,,,,,,,,,22.0,8.0,,,92.99183999999875,,147.0,8.0,155.0,1001.0,126.698539999893,65.36984443664551,3.0,8.0,2.0,8.0,38.96081100003812,87.73772899985488,14.0,0.0,2.0,92.30149999996229,92.30277199992543,6.0
good,tree_k8_b3,tree_async,humaneval,8,11,,,,,,,,,,22.0,8.0,,,94.13899233340634,,156.0,8.0,164.0,1101.0,106.99852299990198,67.04378128051758,3.0,8.0,2.0,8.0,17.479256999990866,89.51926599991111,14.0,0.0,2.0,93.81958100004795,93.82145400002173,6.0
good,tree_k8_b3,tree_async,humaneval,8,12,,,,,,,,,,24.0,8.0,,,97.36606100005655,,165.0,8.0,173.0,1201.0,95.46075499997642,70.48845291137695,3.0,8.0,2.0,8.0,25.47023900001477,69.99051599996164,16.0,0.0,2.0,96.99203299999226,96.99302499996065,7.0
good,tree_k8_b3,tree_async,humaneval,8,13,,,,,,,,,,24.0,8.0,,,99.43674933333351,,174.0,8.0,182.0,1301.0,106.46148600017113,72.38125801086426,3.0,8.0,2.0,8.0,7.879250999963006,98.58223500020813,16.0,0.0,2.0,99.11986300005537,99.1206639999973,7.0
good,tree_k8_b3,tree_async,humaneval,8,14,,,,,,,,,,24.0,8.0,,,102.66028166671342,,183.0,8.0,191.0,1401.0,91.53758900015418,75.64496994018555,3.0,8.0,2.0,8.0,7.44826599998305,84.08932300017113,16.0,0.0,2.0,102.75210099996457,102.75287299998581,7.0
good,tree_k8_b3,tree_async,humaneval,8,15,,,,,,,,,,24.0,8.0,,,106.76759500008754,,192.0,8.0,200.0,1501.0,87.87410100001125,79.7581672668457,3.0,8.0,2.0,8.0,7.761675999972795,80.11242500003846,16.0,0.0,2.0,106.59582200003115,106.59692399997311,7.0
good,tree_k8_b3,tree_async,humaneval,8,16,,,,,,,,,,24.0,8.0,,,112.47100033327901,,201.0,8.0,209.0,1601.0,86.88998599996012,84.42997932434082,3.0,8.0,2.0,8.0,6.993187000034595,79.89679899992552,16.0,0.0,2.0,112.2897440000088,112.29089599999043,7.0
good,tree_k8_b3,tree_async,humaneval,8,17,,,,,,,,,,24.0,5.0,,,112.90418233334222,,210.0,8.0,218.0,1700.0,78.87289599966607,85.15310287475586,3.0,0.0,2.0,5.0,6.904806999955326,71.96808899971074,16.0,0.0,2.0,112.66921899994031,112.6702409999325,0.0
good,direct,direct,humaneval,9,0,128.0,2945.046292666611,25.194266666666664,2917.024612426758,2919.852025999944,12.650133333333333,12.544133333333333,,,,,,,,,,,,,,,,,,,,,,,,,,
good,sync_k8,sync_spec,humaneval,9,0,,,,,,,,0.0,8.0,8.0,1.0,40.9395694732666,64.2549991607666,91.79011433333869,671.0,146.0,8.0,154.0,,,,,,,,,,,,,,,
good,sync_k8,sync_spec,humaneval,9,1,,,,,,,,1.0,8.0,8.0,0.0,37.93978691101074,62.682390213012695,90.00777366668673,9008.0,148.0,8.0,156.0,,,,,,,,,,,,,,,
good,sync_k8,sync_spec,humaneval,9,2,,,,,,,,2.0,8.0,8.0,0.0,38.11168670654297,64.49127197265625,91.65092833341677,458.0,149.0,8.0,157.0,,,,,,,,,,,,,,,
good,sync_k8,sync_spec,humaneval,9,3,,,,,,,,3.0,8.0,8.0,5.0,34.902334213256836,63.80820274353027,90.54286499991687,6524.0,150.0,8.0,158.0,,,,,,,,,,,,,,,
good,sync_k8,sync_spec,humaneval,9,4,,,,,,,,4.0,8.0,8.0,8.0,35.69197654724121,66.43199920654297,92.8927413332646,262.0,156.0,8.0,164.0,,,,,,,,,,,,,,,
good,sync_k8,sync_spec,humaneval,9,5,,,,,,,,5.0,8.0,8.0,6.0,35.53581237792969,68.64738464355469,95.54823933333347,3842.0,165.0,8.0,173.0,,,,,,,,,,,,,,,
good,sync_k8,sync_spec,humaneval,9,6,,,,,,,,6.0,8.0,8.0,8.0,36.1332893371582,73.70352745056152,100.9860066667263,1066.0,172.0,8.0,180.0,,,,,,,,,,,,,,,
good,sync_k8,sync_spec,humaneval,9,7,,,,,,,,7.0,8.0,8.0,2.0,38.909196853637695,76.21574401855469,104.10054099999546,4504.0,181.0,8.0,189.0,,,,,,,,,,,,,,,
good,sync_k8,sync_spec,humaneval,9,8,,,,,,,,8.0,8.0,8.0,8.0,38.25640678405762,75.38795471191406,103.06792366657562,6524.0,184.0,8.0,192.0,,,,,,,,,,,,,,,
good,sync_k8,sync_spec,humaneval,9,9,,,,,,,,9.0,8.0,8.0,8.0,38.347721099853516,79.78439331054688,107.02037466666414,25977.0,193.0,8.0,201.0,,,,,,,,,,,,,,,
good,sync_k8,sync_spec,humaneval,9,10,,,,,,,,10.0,8.0,8.0,8.0,38.225412368774414,83.1139087677002,110.23738399992702,220.0,202.0,8.0,210.0,,,,,,,,,,,,,,,
good,sync_k8,sync_spec,humaneval,9,11,,,,,,,,11.0,8.0,8.0,8.0,41.22018814086914,85.27112007141113,112.50248333329867,58.0,211.0,8.0,219.0,,,,,,,,,,,,,,,
good,sync_k8,sync_spec,humaneval,9,12,,,,,,,,12.0,8.0,8.0,8.0,36.12923622131348,89.71691131591797,116.65451400005665,7379.0,220.0,8.0,228.0,,,,,,,,,,,,,,,
good,sync_k8,sync_spec,humaneval,9,13,,,,,,,,13.0,8.0,8.0,8.0,38.18678855895996,90.64865112304688,117.14031333329557,1932.0,229.0,8.0,237.0,,,,,,,,,,,,,,,
good,sync_k8,sync_spec,humaneval,9,14,,,,,,,,14.0,8.0,8.0,3.0,38.95735740661621,94.88558769226074,122.47482466664127,1507.0,238.0,8.0,246.0,,,,,,,,,,,,,,,
good,sync_k8,sync_spec,humaneval,9,15,,,,,,,,15.0,8.0,8.0,8.0,36.76605224609375,95.63970565795898,122.26013466664682,279.0,242.0,8.0,250.0,,,,,,,,,,,,,,,
good,sync_k8,sync_spec,humaneval,9,16,,,,,,,,16.0,8.0,8.0,8.0,37.50801086425781,154.00004386901855,180.41628566661683,1760.0,251.0,8.0,259.0,,,,,,,,,,,,,,,
good,sync_k8,sync_spec,humaneval,9,17,,,,,,,,17.0,8.0,8.0,8.0,36.20409965515137,154.70290184020996,181.55914666664304,369.0,260.0,8.0,268.0,,,,,,,,,,,,,,,
good,sync_k8,sync_spec,humaneval,9,18,,,,,,,,18.0,8.0,8.0,8.0,37.279367446899414,156.76045417785645,184.00287166666556,421.0,269.0,8.0,277.0,,,,,,,,,,,,,,,
good,tree_k8_b3,tree_async,humaneval,9,0,,,,,,,,,,24.0,1.0,,,91.23888466667245,,146.0,8.0,154.0,0.0,126.00844599990069,63.775062561035156,3.0,0.0,2.0,1.0,38.111103999995066,87.89734199990562,16.0,0.0,2.0,90.61104899990369,90.61185099994873,0.0
good,tree_k8_b3,tree_async,humaneval,9,1,,,,,,,,,,24.0,0.0,,,90.02716033337687,,148.0,8.0,156.0,100.0,96.3236400000369,63.13157081604004,3.0,0.0,2.0,0.0,34.272866999913276,62.05077300012363,16.0,0.0,2.0,89.4567029999962,89.45765500004654,0.0
good,tree_k8_b3,tree_async,humaneval,9,2,,,,,,,,,,24.0,0.0,,,89.8162090000658,,149.0,8.0,157.0,200.0,100.8102839998628,63.134193420410156,3.0,0.0,2.0,0.0,33.83861700001489,66.97166699984791,16.0,0.0,2.0,89.5164770000747,89.51757900001667,0.0
good,tree_k8_b3,tree_async,humaneval,9,3,,,,,,,,,,22.0,5.0,,,88.64453699999214,,150.0,8.0,158.0,300.0,116.78415499966377,62.08968162536621,3.0,0.0,2.0,5.0,33.35040399997524,83.43375099968853,14.0,0.0,2.0,88.32451900002525,88.32574200005183,0.0
good,tree_k8_b3,tree_async,humaneval,9,4,,,,,,,,,,22.0,8.0,,,95.71164633340474,,156.0,8.0,164.0,401.0,125.64733499982594,68.89677047729492,3.0,8.0,2.0,8.0,37.671385999942686,87.97594899988326,14.0,0.0,2.0,95.42440100005933,95.42516199996953,6.0
good,tree_k8_b3,tree_async,humaneval,9,5,,,,,,,,,,22.0,6.0,,,100.2351196666038,,165.0,8.0,173.0,500.0,104.79328599990367,73.4097957611084,3.0,0.0,2.0,6.0,16.886623000004874,87.9066629998988,14.0,0.0,2.0,100.01368300004287,100.01443400005883,0.0
good,tree_k8_b3,tree_async,humaneval,9,6,,,,,,,,,,22.0,8.0,,,100.97437066665881,,172.0,8.0,180.0,601.0,136.38466100019286,74.42951202392578,3.0,8.0,2.0,8.0,35.61645899992527,100.76820200026759,14.0,0.0,2.0,100.74680399998215,100.7475249999743,6.0
good,tree_k8_b3,tree_async,humaneval,9,7,,,,,,,,,,24.0,2.0,,,103.8277329999048,,181.0,8.0,189.0,700.0,87.60717100005877,76.26199722290039,3.0,0.0,2.0,2.0,24.643758000024718,62.96341300003405,16.0,0.0,2.0,103.53025299991714,103.53079399999388,0.0
good,tree_k8_b3,tree_async,humaneval,9,8,,,,,,,,,,24.0,8.0,,,102.56367566660545,,184.0,8.0,192.0,801.0,134.91662700016605,75.02055168151855,3.0,8.0,2.0,8.0,33.61369200001718,101.30293500014886,16.0,0.0,2.0,102.23305399995297,102.23424599996633,7.0
good,tree_k8_b3,tree_async,humaneval,9,9,,,,,,,,,,24.0,8.0,,,108.35272266666951,,193.0,8.0,201.0,901.0,100.89278899999954,81.32100105285645,3.0,8.0,2.0,8.0,7.797041000003446,93.09574799999609,16.0,0.0,2.0,108.10858299998927,108.10963500000526,7.0
good,tree_k8_b3,tree_async,humaneval,9,10,,,,,,,,,,24.0,8.0,,,117.87372366671018,,202.0,8.0,210.0,1001.0,68.9570580001373,90.53683280944824,3.0,8.0,2.0,8.0,5.724359999931039,63.232698000206256,16.0,0.0,2.0,117.65557900002932,117.65629000001354,7.0
good,tree_k8_b3,tree_async,humaneval,9,11,,,,,,,,,,24.0,8.0,,,113.06085166664829,,211.0,8.0,219.0,1101.0,72.17658199999732,85.1755142211914,3.0,8.0,2.0,8.0,7.38911200005532,64.787469999942,16.0,0.0,2.0,112.826956000049,112.82763700000942,7.0
good,tree_k8_b3,tree_async,humaneval,9,12,,,,,,,,,,24.0,8.0,,,118.18078900000316,,220.0,8.0,228.0,1201.0,79.47996300003979,90.71063995361328,3.0,8.0,2.0,8.0,7.368251000002601,72.11171200003719,16.0,0.0,2.0,117.65953299993726,117.66021400001136,7.0
good,tree_k8_b3,tree_async,humaneval,9,13,,,,,,,,,,24.0,8.0,,,121.46164633330271,,229.0,8.0,237.0,1301.0,105.68373900014194,93.98412704467773,3.0,8.0,2.0,8.0,11.61425500004043,94.06948400010151,16.0,0.0,2.0,120.87835400006952,120.87917500002732,7.0
good,tree_k8_b3,tree_async,humaneval,9,14,,,,,,,,,,24.0,3.0,,,122.02591066663803,,238.0,8.0,246.0,1400.0,81.68867200015484,94.84052658081055,3.0,0.0,2.0,3.0,9.344766000026539,72.3439060001283,16.0,0.0,2.0,121.48505400000431,121.48582499992244,0.0
good,tree_k8_b3,tree_async,humaneval,9,15,,,,,,,,,,24.0,8.0,,,123.85044666672258,,242.0,8.0,250.0,1501.0,92.55976000008559,96.59457206726074,3.0,8.0,2.0,8.0,33.814308999922105,58.745451000163484,16.0,0.0,2.0,123.34077000002708,123.34173199997167,7.0
good,tree_k8_b3,tree_async,humaneval,9,16,,,,,,,,,,24.0,8.0,,,182.88848166671568,,251.0,8.0,259.0,1601.0,103.41920100006519,155.4882526397705,3.0,8.0,2.0,8.0,10.741587000097752,92.67761399996743,16.0,0.0,2.0,182.23783999997067,182.23909199991795,7.0
good,tree_k8_b3,tree_async,humaneval,9,17,,,,,,,,,,24.0,8.0,,,182.960012666683,,260.0,8.0,268.0,1701.0,76.3370350000514,155.13205528259277,3.0,8.0,2.0,8.0,10.638448999998218,65.69858600005318,16.0,0.0,2.0,182.846402999985,182.8471940000327,7.0
good,tree_k8_b3,tree_async,humaneval,9,18,,,,,,,,,,24.0,8.0,,,184.1556656666388,,269.0,8.0,277.0,1801.0,69.34101300009843,156.8760871887207,3.0,8.0,2.0,8.0,8.003254000072957,61.33775900002547,16.0,0.0,2.0,183.49657599992497,183.4981089999701,7.0
good,direct,direct,humaneval,10,0,128.0,2888.611629666674,25.11306666666667,2860.687732696533,2863.4985630000074,12.5816,12.531466666666667,,,,,,,,,,,,,,,,,,,,,,,,,,
good,sync_k8,sync_spec,humaneval,10,0,,,,,,,,0.0,8.0,8.0,8.0,37.911176681518555,37.952423095703125,65.05213866664582,262.0,67.0,8.0,75.0,,,,,,,,,,,,,,,
good,sync_k8,sync_spec,humaneval,10,1,,,,,,,,1.0,8.0,8.0,0.0,34.85846519470215,42.0682430267334,68.94683900002923,470.0,76.0,8.0,84.0,,,,,,,,,,,,,,,
good,sync_k8,sync_spec,humaneval,10,2,,,,,,,,2.0,8.0,8.0,6.0,39.37482833862305,40.11392593383789,66.98513199999903,272.0,77.0,8.0,85.0,,,,,,,,,,,,,,,
good,sync_k8,sync_spec,humaneval,10,3,,,,,,,,3.0,8.0,8.0,8.0,35.155534744262695,41.82767868041992,68.42898633336574,17.0,84.0,8.0,92.0,,,,,,,,,,,,,,,
good,sync_k8,sync_spec,humaneval,10,4,,,,,,,,4.0,8.0,8.0,8.0,35.07518768310547,44.70634460449219,71.11674066661067,2.0,93.0,8.0,101.0,,,,,,,,,,,,,,,
good,sync_k8,sync_spec,humaneval,10,5,,,,,,,,5.0,8.0,8.0,8.0,38.21611404418945,45.86172103881836,72.3344116665929,6291.0,102.0,8.0,110.0,,,,,,,,,,,,,,,
good,sync_k8,sync_spec,humaneval,10,6,,,,,,,,6.0,8.0,8.0,3.0,35.09521484375,50.50230026245117,77.22753399993374,50274.0,111.0,8.0,119.0,,,,,,,,,,,,,,,
good,sync_k8,sync_spec,humaneval,10,7,,,,,,,,7.0,8.0,8.0,2.0,35.59398651123047,51.26214027404785,77.58795533330662,2060.0,115.0,8.0,123.0,,,,,,,,,,,,,,,
good,sync_k8,sync_spec,humaneval,10,8,,,,,,,,8.0,8.0,8.0,8.0,39.43991661071777,51.44381523132324,77.83664233331464,621.0,118.0,8.0,126.0,,,,,,,,,,,,,,,
good,sync_k8,sync_spec,humaneval,10,9,,,,,,,,9.0,8.0,8.0,8.0,36.41343116760254,56.505680084228516,83.47058366669373,4641.0,127.0,8.0,135.0,,,,,,,,,,,,,,,
good,sync_k8,sync_spec,humaneval,10,10,,,,,,,,10.0,8.0,8.0,8.0,36.24153137207031,57.54995346069336,84.46631300002245,863.0,136.0,8.0,144.0,,,,,,,,,,,,,,,
good,sync_k8,sync_spec,humaneval,10,11,,,,,,,,11.0,8.0,8.0,8.0,35.69197654724121,61.7372989654541,88.5580416666014,17.0,145.0,8.0,153.0,,,,,,,,,,,,,,,
good,sync_k8,sync_spec,humaneval,10,12,,,,,,,,12.0,8.0,8.0,8.0,34.73782539367676,66.09153747558594,92.8117396667047,10098.0,154.0,8.0,162.0,,,,,,,,,,,,,,,
good,sync_k8,sync_spec,humaneval,10,13,,,,,,,,13.0,8.0,8.0,8.0,35.03608703613281,67.64769554138184,94.19537300008774,1142.0,163.0,8.0,171.0,,,,,,,,,,,,,,,
good,sync_k8,sync_spec,humaneval,10,14,,,,,,,,14.0,8.0,8.0,8.0,39.157867431640625,71.85077667236328,98.68771266672482,492.0,172.0,8.0,180.0,,,,,,,,,,,,,,,
good,sync_k8,sync_spec,humaneval,10,15,,,,,,,,15.0,8.0,8.0,0.0,37.80484199523926,72.47471809387207,99.35632600008327,5830.0,181.0,8.0,189.0,,,,,,,,,,,,,,,
good,sync_k8,sync_spec,humaneval,10,16,,,,,,,,16.0,8.0,8.0,0.0,35.13789176940918,73.41504096984863,100.51933466670074,50730.0,182.0,8.0,190.0,,,,,,,,,,,,,,,
good,sync_k8,sync_spec,humaneval,10,17,,,,,,,,17.0,8.0,8.0,1.0,37.444114685058594,73.1050968170166,99.67423866669245,2124.0,183.0,8.0,191.0,,,,,,,,,,,,,,,
good,sync_k8,sync_spec,humaneval,10,18,,,,,,,,18.0,8.0,8.0,3.0,38.90419006347656,76.82991027832031,104.23545700005586,17.0,185.0,8.0,193.0,,,,,,,,,,,,,,,
good,sync_k8,sync_spec,humaneval,10,19,,,,,,,,19.0,8.0,8.0,8.0,36.23366355895996,77.1486759185791,103.59745033326496,262.0,189.0,8.0,197.0,,,,,,,,,,,,,,,
good,tree_k8_b3,tree_async,humaneval,10,0,,,,,,,,,,16.0,8.0,,,66.90236066667586,,67.0,8.0,75.0,1.0,98.18446700001005,38.22159767150879,3.0,8.0,2.0,8.0,39.570957000023554,58.61350999998649,8.0,0.0,2.0,66.27879900008793,66.27978100004839,3.0
good,tree_k8_b3,tree_async,humaneval,10,1,,,,,,,,,,18.0,0.0,,,68.35132566660116,,76.0,8.0,84.0,100.0,88.55632199981756,40.549278259277344,3.0,0.0,2.0,0.0,26.82807199994386,61.7282499998737,10.0,0.6172389998937433,2.0,68.0323579999822,68.03317900005368,0.0
good,tree_k8_b3,tree_async,humaneval,10,2,,,,,,,,,,20.0,6.0,,,68.3740110000455,,77.0,8.0,85.0,200.0,94.3640810000943,40.53354263305664,3.0,0.0,2.0,6.0,34.36809100003302,59.99599000006128,12.0,0.0,2.0,68.08899700001803,68.08994899995469,0.0
good,tree_k8_b3,tree_async,humaneval,10,3,,,,,,,,,,16.0,8.0,,,72.97935366660658,,84.0,8.0,92.0,301.0,99.97490399996423,44.846296310424805,3.0,8.0,2.0,8.0,36.09755299999051,63.877350999973714,8.0,0.0,2.0,72.81725600000755,72.81819700006054,3.0
good,tree_k8_b3,tree_async,humaneval,10,4,,,,,,,,,,22.0,8.0,,,71.32333766671195,,93.0,8.0,101.0,401.0,84.56076300001314,44.56639289855957,3.0,8.0,2.0,8.0,24.910681000051227,59.65008199996191,14.0,0.0,2.0,70.56201999989753,70.5635119999215,6.0
good,tree_k8_b3,tree_async,humaneval,10,5,,,,,,,,,,18.0,8.0,,,74.14800766662651,,102.0,8.0,110.0,501.0,77.21087599986731,47.31345176696777,3.0,8.0,2.0,8.0,12.831553999944845,64.37932199992247,10.0,0.0,2.0,73.7170040000592,73.71885700001712,4.0
good,tree_k8_b3,tree_async,humaneval,10,6,,,,,,,,,,22.0,3.0,,,80.27802100004331,,111.0,8.0,119.0,600.0,90.02440200015371,52.79207229614258,3.0,0.0,2.0,3.0,22.05212000001211,67.9722820001416,14.0,0.0,2.0,79.62016099997982,79.6212129999958,0.0
good,tree_k8_b3,tree_async,humaneval,10,7,,,,,,,,,,20.0,2.0,,,80.72429533327572,,115.0,8.0,123.0,700.0,106.41404499983764,52.605390548706055,3.0,0.0,2.0,2.0,34.22003200000745,72.19401299983019,12.0,1.0603849999597514,2.0,80.45221100007893,80.45354300008967,0.0
good,tree_k8_b3,tree_async,humaneval,10,8,,,,,,,,,,20.0,8.0,,,78.21414666666121,,118.0,8.0,126.0,801.0,109.79159399994387,51.456451416015625,3.0,8.0,2.0,8.0,33.56928899995637,76.2223049999875,12.0,0.0,2.0,77.98725400004969,77.98907799997323,5.0
good,tree_k8_b3,tree_async,humaneval,10,9,,,,,,,,,,20.0,8.0,,,85.5006786667029,,127.0,8.0,135.0,901.0,103.08606000000964,57.49702453613281,3.0,8.0,2.0,8.0,24.54672099997879,78.53933900003085,12.0,0.0,2.0,85.04384900004425,85.04508100008934,5.0
good,tree_k8_b3,tree_async,humaneval,10,10,,,,,,,,,,24.0,8.0,,,84.8345306667092,,136.0,8.0,144.0,1001.0,104.43093100002443,57.8465461730957,3.0,8.0,2.0,8.0,21.239357000013115,83.19157400001131,16.0,0.0,2.0,84.33823999996548,84.33923199993387,7.0
good,tree_k8_b3,tree_async,humaneval,10,11,,,,,,,,,,22.0,8.0,,,89.52375166666091,,145.0,8.0,153.0,1101.0,90.0406580001345,62.11519241333008,3.0,8.0,2.0,8.0,7.957134000093902,82.0835240000406,14.0,0.0,2.0,89.22213699997883,89.223097999934,6.0
good,tree_k8_b3,tree_async,humaneval,10,12,,,,,,,,,,22.0,8.0,,,92.74344699998495,,154.0,8.0,162.0,1201.0,102.78217999984918,66.09821319580078,3.0,8.0,2.0,8.0,16.356611999981396,86.42556799986778,14.0,0.0,2.0,92.47232300003816,92.47314399999595,6.0
good,tree_k8_b3,tree_async,humaneval,10,13,,,,,,,,,,24.0,8.0,,,95.12452200003186,,163.0,8.0,171.0,1301.0,105.48672400000214,68.02058219909668,3.0,8.0,2.0,8.0,16.717110999934448,88.7696130000677,16.0,0.0,2.0,94.93128900010106,94.93266100002984,7.0
good,tree_k8_b3,tree_async,humaneval,10,14,,,,,,,,,,24.0,8.0,,,97.57382966670846,,172.0,8.0,180.0,1401.0,98.45941399998992,70.95694541931152,3.0,8.0,2.0,8.0,7.595914000035009,90.86349999995491,16.0,0.0,2.0,96.90020799996546,96.90102000001843,7.0
good,tree_k8_b3,tree_async,humaneval,10,15,,,,,,,,,,24.0,0.0,,,99.1547483333027,,181.0,8.0,189.0,1500.0,83.9605290000236,72.81303405761719,3.0,0.0,2.0,0.0,7.081461999973726,76.87906700004987,16.0,0.0,2.0,98.81876899999043,98.81955999992442,0.0
good,tree_k8_b3,tree_async,humaneval,10,16,,,,,,,,,,24.0,0.0,,,101.14426666675139,,182.0,8.0,190.0,1600.0,107.58416200030751,74.17035102844238,3.0,0.0,2.0,0.0,33.71761800008244,73.86654400022508,16.0,0.0,2.0,100.79514699998526,100.79601799998272,0.0
good,tree_k8_b3,tree_async,humaneval,10,17,,,,,,,,,,24.0,1.0,,,100.42630599996201,,183.0,8.0,191.0,1700.0,111.05951399986225,73.51040840148926,3.0,0.0,2.0,1.0,33.727705999922364,77.33180799993988,16.0,0.0,2.0,99.83685700001388,99.8379190000378,0.0
good,tree_k8_b3,tree_async,humaneval,10,18,,,,,,,,,,24.0,3.0,,,103.61348500007959,,185.0,8.0,193.0,1800.0,94.28802299999006,76.88760757446289,3.0,0.0,2.0,3.0,34.07990799996696,60.2081150000231,16.0,0.0,2.0,103.29926899999009,103.3005309999453,0.0
good,tree_k8_b3,tree_async,humaneval,10,19,,,,,,,,,,24.0,8.0,,,105.67408999999921,,189.0,8.0,197.0,1901.0,112.80257199996413,78.02152633666992,3.0,8.0,2.0,8.0,33.737754999947356,79.06481700001677,16.0,0.0,2.0,105.42320299998664,105.42404500006342,7.0
medium,direct,direct,gsm8k,1,0,128.0,2882.0784587142984,55.26828571428571,2823.6172199249268,2826.8101730000126,27.6268,27.641485714285714,,,,,,,,,,,,,,,,,,,,,,,,,,
medium,sync_k8,sync_spec,gsm8k,1,0,,,,,,,,0.0,8.0,8.0,8.0,38.8033390045166,38.10763359069824,95.62490342858177,13.0,67.0,8.0,75.0,,,,,,,,,,,,,,,
medium,sync_k8,sync_spec,gsm8k,1,1,,,,,,,,1.0,8.0,8.0,8.0,35.85052490234375,40.31491279602051,97.16078042857484,582.0,76.0,8.0,84.0,,,,,,,,,,,,,,,
medium,sync_k8,sync_spec,gsm8k,1,2,,,,,,,,2.0,8.0,8.0,8.0,36.199092864990234,41.09811782836914,97.99443199991003,20517.0,85.0,8.0,93.0,,,,,,,,,,,,,,,
medium,sync_k8,sync_spec,gsm8k,1,3,,,,,,,,3.0,8.0,8.0,2.0,35.17508506774902,45.04704475402832,101.5592059999674,518.0,94.0,8.0,102.0,,,,,,,,,,,,,,,
medium,sync_k8,sync_spec,gsm8k,1,4,,,,,,,,4.0,8.0,8.0,8.0,32.346248626708984,47.948360443115234,105.99087585714565,17.0,97.0,8.0,105.0,,,,,,,,,,,,,,,
medium,sync_k8,sync_spec,gsm8k,1,5,,,,,,,,5.0,8.0,8.0,8.0,37.25433349609375,50.97317695617676,107.93693957134629,33367.0,106.0,8.0,114.0,,,,,,,,,,,,,,,
medium,sync_k8,sync_spec,gsm8k,1,6,,,,,,,,6.0,8.0,8.0,8.0,34.82675552368164,51.85532569885254,109.05916185704395,13.0,115.0,8.0,123.0,,,,,,,,,,,,,,,
medium,sync_k8,sync_spec,gsm8k,1,7,,,,,,,,7.0,8.0,8.0,3.0,35.1109504699707,57.76357650756836,115.60223299995357,504.0,124.0,8.0,132.0,,,,,,,,,,,,,,,
medium,sync_k8,sync_spec,gsm8k,1,8,,,,,,,,8.0,8.0,8.0,3.0,36.196231842041016,58.36009979248047,116.06174700003916,369.0,128.0,8.0,136.0,,,,,,,,,,,,,,,
medium,sync_k8,sync_spec,gsm8k,1,9,,,,,,,,9.0,8.0,8.0,0.0,34.42788124084473,57.73305892944336,115.44109699997222,4392.0,132.0,8.0,140.0,,,,,,,,,,,,,,,
medium,sync_k8,sync_spec,gsm8k,1,10,,,,,,,,10.0,8.0,8.0,4.0,35.268545150756836,58.22110176086426,115.7361764285732,624.0,133.0,8.0,141.0,,,,,,,,,,,,,,,
medium,sync_k8,sync_spec,gsm8k,1,11,,,,,,,,11.0,8.0,8.0,2.0,34.44719314575195,60.942649841308594,117.88277757140706,7169.0,138.0,8.0,146.0,,,,,,,,,,,,,,,
medium,sync_k8,sync_spec,gsm8k,1,12,,,,,,,,12.0,8.0,8.0,2.0,34.40117835998535,61.63191795349121,118.2996839999243,311.0,141.0,8.0,149.0,,,,,,,,,,,,,,,
medium,sync_k8,sync_spec,gsm8k,1,13,,,,,,,,13.0,8.0,8.0,2.0,35.78329086303711,61.99789047241211,118.9137274285604,315.0,144.0,8.0,152.0,,,,,,,,,,,,,,,
medium,sync_k8,sync_spec,gsm8k,1,14,,,,,,,,14.0,8.0,8.0,4.0,35.387277603149414,63.16518783569336,119.98069700000678,5338.0,147.0,8.0,155.0,,,,,,,,,,,,,,,
medium,sync_k8,sync_spec,gsm8k,1,15,,,,,,,,15.0,8.0,8.0,8.0,35.22849082946777,62.935829162597656,119.53736857149224,4392.0,152.0,8.0,160.0,,,,,,,,,,,,,,,
medium,sync_k8,sync_spec,gsm8k,1,16,,,,,,,,16.0,8.0,8.0,8.0,32.361507415771484,67.05188751220703,123.51027300004544,3349.0,161.0,8.0,169.0,,,,,,,,,,,,,,,
medium,sync_k8,sync_spec,gsm8k,1,17,,,,,,,,17.0,8.0,8.0,8.0,35.06827354431152,72.21317291259766,129.0528088571591,15.0,170.0,8.0,178.0,,,,,,,,,,,,,,,
medium,sync_k8,sync_spec,gsm8k,1,18,,,,,,,,18.0,8.0,8.0,8.0,35.393476486206055,72.60751724243164,129.09652985717807,20.0,179.0,8.0,187.0,,,,,,,,,,,,,,,
medium,sync_k8,sync_spec,gsm8k,1,19,,,,,,,,19.0,8.0,8.0,8.0,34.661054611206055,77.35013961791992,133.91884342851534,279.0,188.0,8.0,196.0,,,,,,,,,,,,,,,
medium,tree_k8_b3,tree_async,gsm8k,1,0,,,,,,,,,,20.0,8.0,,,95.35950885707668,,67.0,8.0,75.0,1.0,123.0060030001141,38.29312324523926,3.0,8.0,2.0,8.0,36.7232910000439,86.2827120000702,12.0,0.2889620000132709,2.0,94.27937099997052,94.28006300004199,5.0
medium,tree_k8_b3,tree_async,gsm8k,1,1,,,,,,,,,,22.0,8.0,,,96.6241610000928,,76.0,8.0,84.0,101.0,102.55865999999969,40.021657943725586,3.0,8.0,2.0,8.0,13.260402000014437,89.29825799998525,14.0,0.0,2.0,96.27154200006771,96.27232400009689,6.0
medium,tree_k8_b3,tree_async,gsm8k,1,2,,,,,,,,,,24.0,8.0,,,98.2695821429321,,85.0,8.0,93.0,201.0,100.74069699987831,41.085004806518555,3.0,8.0,2.0,8.0,16.07844800003022,84.66224899984809,16.0,0.0,2.0,97.89997999996558,97.90078099990751,7.0
medium,tree_k8_b3,tree_async,gsm8k,1,3,,,,,,,,,,24.0,2.0,,,101.36373757141496,,94.0,8.0,102.0,300.0,88.84235899995474,44.625282287597656,3.0,0.0,2.0,2.0,7.411662999970758,81.43069599998398,16.0,0.0,2.0,101.17645100001482,101.178023999978,0.0
medium,tree_k8_b3,tree_async,gsm8k,1,4,,,,,,,,,,24.0,8.0,,,102.34559528569267,,97.0,8.0,105.0,401.0,101.99190599996655,45.4254150390625,3.0,8.0,2.0,8.0,31.349676999980147,70.6422289999864,16.0,0.0,2.0,102.34053199997106,102.34198499995273,7.0
medium,tree_k8_b3,tree_async,gsm8k,1,5,,,,,,,,,,24.0,8.0,,,107.11014557136942,,106.0,8.0,114.0,501.0,76.9705300001533,50.40717124938965,3.0,8.0,2.0,8.0,5.864920000021812,71.10561000013149,16.0,0.0,2.0,106.7993019998994,106.80026399995768,7.0
medium,tree_k8_b3,tree_async,gsm8k,1,6,,,,,,,,,,24.0,8.0,,,109.59545442860247,,115.0,8.0,123.0,601.0,78.76668100004736,52.22892761230469,3.0,8.0,2.0,8.0,7.361745000025621,71.40493600002173,16.0,0.0,2.0,109.22475100005613,109.22610299996904,7.0
medium,tree_k8_b3,tree_async,gsm8k,1,7,,,,,,,,,,24.0,3.0,,,113.20331499991369,,124.0,8.0,132.0,700.0,105.16930100004629,56.01215362548828,3.0,0.0,2.0,3.0,8.337728000014977,96.83157300003131,16.0,0.0,2.0,112.8501260000121,112.85101700002542,0.0
medium,tree_k8_b3,tree_async,gsm8k,1,8,,,,,,,,,,24.0,3.0,,,112.2372779999881,,128.0,8.0,136.0,800.0,137.26654200024768,55.616140365600586,3.0,0.0,2.0,3.0,33.529952000094454,103.73659000015323,16.0,0.0,2.0,111.69359899997744,111.69444099994053,0.0
medium,tree_k8_b3,tree_async,gsm8k,1,9,,,,,,,,,,24.0,0.0,,,113.30022099997365,,132.0,8.0,140.0,900.0,146.083418999865,56.40268325805664,3.0,0.0,2.0,0.0,33.199020000097335,112.88439899976765,16.0,0.0,2.0,112.83783200008202,112.83868400005304,0.0
medium,tree_k8_b3,tree_async,gsm8k,1,10,,,,,,,,,,24.0,4.0,,,114.62601599998318,,133.0,8.0,141.0,1000.0,120.95642899987524,57.618141174316406,3.0,0.0,2.0,4.0,33.06974299994181,87.88668599993343,16.0,0.0,2.0,114.41374799994719,114.41458000001603,0.0
medium,tree_k8_b3,tree_async,gsm8k,1,11,,,,,,,,,,24.0,2.0,,,117.14914557141485,,138.0,8.0,146.0,1100.0,112.53631899990069,60.389041900634766,3.0,0.0,2.0,2.0,33.48816300001545,79.04815599988524,16.0,0.0,2.0,117.01315900006648,117.0139000000745,0.0
medium,tree_k8_b3,tree_async,gsm8k,1,12,,,,,,,,,,24.0,2.0,,,117.29099657143911,,141.0,8.0,149.0,1200.0,114.20786400037741,60.791015625,3.0,0.0,2.0,2.0,33.90461599997252,80.30324800040489,16.0,0.0,2.0,116.97359800007234,116.97447900007774,0.0
medium,tree_k8_b3,tree_async,gsm8k,1,13,,,,,,,,,,24.0,2.0,,,118.69707285718007,,144.0,8.0,152.0,1300.0,134.09995500012428,61.48386001586914,3.0,0.0,2.0,2.0,33.15783599998667,100.94211900013761,16.0,0.0,2.0,118.5434090000399,118.5442600000215,0.0
medium,tree_k8_b3,tree_async,gsm8k,1,14,,,,,,,,,,24.0,4.0,,,120.97512857144011,,147.0,8.0,155.0,1400.0,95.91972500004431,63.237905502319336,3.0,0.0,2.0,4.0,32.89839000001393,63.021335000030376,16.0,0.0,2.0,120.52725299997746,120.5280249999987,0.0
medium,tree_k8_b3,tree_async,gsm8k,1,15,,,,,,,,,,24.0,8.0,,,121.01823442852864,,152.0,8.0,160.0,1501.0,89.93782599986844,63.6134147644043,3.0,8.0,2.0,8.0,33.49621099994238,56.44161499992606,16.0,0.0,2.0,120.63653200004865,120.63717299997734,7.0
medium,tree_k8_b3,tree_async,gsm8k,1,16,,,,,,,,,,24.0,8.0,,,124.29665900000428,,161.0,8.0,169.0,1601.0,85.45664600001146,67.43097305297852,3.0,8.0,2.0,8.0,7.081197999923461,78.375448000088,16.0,0.0,2.0,124.18519099992409,124.18623299993214,7.0
medium,tree_k8_b3,tree_async,gsm8k,1,17,,,,,,,,,,24.0,8.0,,,128.8298768571167,,170.0,8.0,178.0,1701.0,69.47654200007491,71.76709175109863,3.0,8.0,2.0,8.0,5.842497000003277,63.63404500007164,16.0,0.0,2.0,128.5315239999818,128.5329659999661,7.0
medium,tree_k8_b3,tree_async,gsm8k,1,18,,,,,,,,,,24.0,8.0,,,130.3531198572035,,179.0,8.0,187.0,1801.0,94.28889999992407,73.30751419067383,3.0,8.0,2.0,8.0,10.577398999998877,83.71150099992519,16.0,0.0,2.0,130.0151850000475,130.01630700000533,7.0
medium,tree_k8_b3,tree_async,gsm8k,1,19,,,,,,,,,,24.0,8.0,,,134.79898242857524,,188.0,8.0,196.0,1901.0,68.48005500000909,77.96835899353027,3.0,8.0,2.0,8.0,8.329460000027211,60.15059499998188,16.0,0.0,2.0,134.42668000004687,134.4285340001079,7.0
medium,direct,direct,gsm8k,2,0,128.0,2887.1480434285936,55.30777142857143,2829.2508125305176,2831.840272000022,27.6848,27.62297142857143,,,,,,,,,,,,,,,,,,,,,,,,,,
medium,sync_k8,sync_spec,gsm8k,2,0,,,,,,,,0.0,8.0,8.0,2.0,40.349483489990234,47.06859588623047,104.85096442864675,279.0,93.0,8.0,101.0,,,,,,,,,,,,,,,
medium,sync_k8,sync_spec,gsm8k,2,1,,,,,,,,1.0,8.0,8.0,4.0,40.56811332702637,46.44036293029785,104.18421242849527,279.0,96.0,8.0,104.0,,,,,,,,,,,,,,,
medium,sync_k8,sync_spec,gsm8k,2,2,,,,,,,,2.0,8.0,8.0,8.0,36.41366958618164,46.666622161865234,103.90596557143417,1438.0,101.0,8.0,109.0,,,,,,,,,,,,,,,
medium,sync_k8,sync_spec,gsm8k,2,3,,,,,,,,3.0,8.0,8.0,8.0,38.88869285583496,52.260637283325195,110.07738342855374,13.0,110.0,8.0,118.0,,,,,,,,,,,,,,,
medium,sync_k8,sync_spec,gsm8k,2,4,,,,,,,,4.0,8.0,8.0,6.0,39.12663459777832,52.24013328552246,109.474565428543,481.0,119.0,8.0,127.0,,,,,,,,,,,,,,,
medium,sync_k8,sync_spec,gsm8k,2,5,,,,,,,,5.0,8.0,8.0,0.0,36.83280944824219,56.17070198059082,113.33913042857881,576.0,126.0,8.0,134.0,,,,,,,,,,,,,,,
medium,sync_k8,sync_spec,gsm8k,2,6,,,,,,,,6.0,8.0,8.0,2.0,35.32910346984863,56.54168128967285,113.57663400003517,2115.0,127.0,8.0,135.0,,,,,,,,,,,,,,,
medium,sync_k8,sync_spec,gsm8k,2,7,,,,,,,,7.0,8.0,8.0,0.0,35.00485420227051,57.160377502441406,114.20452999999563,400.0,130.0,8.0,138.0,,,,,,,,,,,,,,,
medium,sync_k8,sync_spec,gsm8k,2,8,,,,,,,,8.0,8.0,8.0,8.0,37.84346580505371,57.38377571105957,114.58058442863273,382.0,131.0,8.0,139.0,,,,,,,,,,,,,,,
medium,sync_k8,sync_spec,gsm8k,2,9,,,,,,,,9.0,8.0,8.0,8.0,39.594173431396484,62.50452995300293,119.68640342859615,256.0,140.0,8.0,148.0,,,,,,,,,,,,,,,
medium,sync_k8,sync_spec,gsm8k,2,10,,,,,,,,10.0,8.0,8.0,8.0,37.232160568237305,63.74979019165039,120.9756638571152,11.0,149.0,8.0,157.0,,,,,,,,,,,,,,,
medium,sync_k8,sync_spec,gsm8k,2,11,,,,,,,,11.0,8.0,8.0,8.0,39.287567138671875,66.39504432678223,123.49669928580762,15.0,158.0,8.0,166.0,,,,,,,,,,,,,,,
medium,sync_k8,sync_spec,gsm8k,2,12,,,,,,,,12.0,8.0,8.0,0.0,35.0801944732666,69.02384757995605,125.81253242855747,817.0,167.0,8.0,175.0,,,,,,,,,,,,,,,
medium,sync_k8,sync_spec,gsm8k,2,13,,,,,,,,13.0,8.0,8.0,8.0,40.123939514160156,71.02751731872559,127.81465357139638,17832.0,168.0,8.0,176.0,,,,,,,,,,,,,,,
medium,sync_k8,sync_spec,gsm8k,2,14,,,,,,,,14.0,8.0,8.0,2.0,32.460927963256836,73.5008716583252,130.8546492856666,220.0,177.0,8.0,185.0,,,,,,,,,,,,,,,
medium,sync_k8,sync_spec,gsm8k,2,15,,,,,,,,15.0,8.0,8.0,5.0,38.43402862548828,74.8445987701416,131.86961485716785,284.0,180.0,8.0,188.0,,,,,,,,,,,,,,,
medium,sync_k8,sync_spec,gsm8k,2,16,,,,,,,,16.0,8.0,8.0,8.0,37.567138671875,78.70316505432129,135.7615230000376,3070.0,186.0,8.0,194.0,,,,,,,,,,,,,,,
medium,sync_k8,sync_spec,gsm8k,2,17,,,,,,,,17.0,8.0,8.0,8.0,38.170814514160156,80.3990364074707,138.00025542855872,1817.0,195.0,8.0,203.0,,,,,,,,,,,,,,,
medium,sync_k8,sync_spec,gsm8k,2,18,,,,,,,,18.0,8.0,8.0,8.0,35.63809394836426,84.59782600402832,142.53909757142262,44486.0,204.0,8.0,212.0,,,,,,,,,,,,,,,
medium,sync_k8,sync_spec,gsm8k,2,19,,,,,,,,19.0,8.0,8.0,8.0,38.15269470214844,86.10248565673828,143.46494342848823,438.0,213.0,8.0,221.0,,,,,,,,,,,,,,,
medium,tree_k8_b3,tree_async,gsm8k,2,0,,,,,,,,,,22.0,2.0,,,103.9575904284901,,93.0,8.0,101.0,0.0,135.9370539998963,46.15283012390137,3.0,0.0,2.0,2.0,36.9616739999401,98.9753799999562,14.0,0.0,2.0,103.38558700004796,103.38683899999523,0.0
medium,tree_k8_b3,tree_async,gsm8k,2,1,,,,,,,,,,24.0,4.0,,,101.94089542864313,,96.0,8.0,104.0,100.0,115.81647699995301,45.0747013092041,3.0,0.0,2.0,4.0,37.47356999997464,78.34290699997837,16.0,0.0,2.0,101.69384200003151,101.69628599999214,0.0
medium,tree_k8_b3,tree_async,gsm8k,2,2,,,,,,,,,,24.0,8.0,,,102.05151100002794,,101.0,8.0,109.0,201.0,93.50782499984689,45.36843299865723,3.0,8.0,2.0,8.0,33.66584100001546,59.84198399983143,16.0,0.0,2.0,101.66142999992189,101.66231199991671,7.0
medium,tree_k8_b3,tree_async,gsm8k,2,3,,,,,,,,,,24.0,8.0,,,107.02193285718161,,110.0,8.0,118.0,301.0,64.82174100017346,50.18734931945801,3.0,8.0,2.0,8.0,7.388687000002392,57.43305400017107,16.0,0.0,2.0,106.76153400004296,106.76232499997695,7.0
medium,tree_k8_b3,tree_async,gsm8k,2,4,,,,,,,,,,24.0,6.0,,,108.03195842848484,,119.0,8.0,127.0,400.0,81.84102600012011,51.23305320739746,3.0,0.0,2.0,6.0,7.224283000027754,74.61674300009236,16.0,0.0,2.0,107.6093789999959,107.61041099999602,0.0
medium,tree_k8_b3,tree_async,gsm8k,2,5,,,,,,,,,,24.0,0.0,,,113.78268700008135,,126.0,8.0,134.0,500.0,107.92499000012867,56.74409866333008,3.0,0.0,2.0,0.0,33.75554199999442,74.16944800013425,16.0,0.0,2.0,113.5247070000105,113.52869499989993,0.0
medium,tree_k8_b3,tree_async,gsm8k,2,6,,,,,,,,,,24.0,2.0,,,113.15325699997416,,127.0,8.0,135.0,600.0,108.22089299995241,56.47444725036621,3.0,0.0,2.0,2.0,34.06002400004127,74.16086899991114,16.0,0.0,2.0,112.83151999998609,112.83317300001272,0.0
medium,tree_k8_b3,tree_async,gsm8k,2,7,,,,,,,,,,24.0,0.0,,,113.67572500006483,,130.0,8.0,138.0,700.0,132.76043799987747,56.433916091918945,3.0,0.0,2.0,0.0,33.306730999925094,99.45370699995237,16.0,0.0,2.0,113.01538700001856,113.01652899999226,0.0
medium,tree_k8_b3,tree_async,gsm8k,2,8,,,,,,,,,,24.0,8.0,,,114.3328492857012,,131.0,8.0,139.0,800.0,147.61010699999133,56.97941780090332,3.0,0.0,2.0,8.0,36.22168900005818,111.38841799993315,16.0,0.0,2.0,113.72443899995233,113.7261019999869,0.0
medium,tree_k8_b3,tree_async,gsm8k,2,9,,,,,,,,,,24.0,8.0,,,118.3814068572131,,140.0,8.0,148.0,901.0,141.56443899992155,61.35392189025879,3.0,8.0,2.0,8.0,35.15596700003698,106.40847199988457,16.0,0.0,2.0,117.75958199996239,117.76074399995196,7.0
medium,tree_k8_b3,tree_async,gsm8k,2,10,,,,,,,,,,24.0,8.0,,,119.09438785705237,,149.0,8.0,157.0,1001.0,102.13146899991443,62.30664253234863,3.0,8.0,2.0,8.0,6.869465000022501,95.26200399989193,16.0,0.0,2.0,118.90187900007732,118.90261999997165,7.0
medium,tree_k8_b3,tree_async,gsm8k,2,11,,,,,,,,,,24.0,8.0,,,125.08397085720846,,158.0,8.0,166.0,1101.0,71.23260100001971,67.62909889221191,3.0,8.0,2.0,8.0,7.372945000042819,63.859655999976894,16.0,0.0,2.0,125.00287899990781,125.00387099998989,7.0
medium,tree_k8_b3,tree_async,gsm8k,2,12,,,,,,,,,,24.0,0.0,,,126.11075885713538,,167.0,8.0,175.0,1200.0,95.28211400004238,68.8014030456543,3.0,0.0,2.0,0.0,8.013184999981604,87.26892900006078,16.0,0.0,2.0,125.88100299990401,125.88184499998079,0.0
medium,tree_k8_b3,tree_async,gsm8k,2,13,,,,,,,,,,24.0,8.0,,,125.57910457136273,,168.0,8.0,176.0,1301.0,137.0639660001416,68.39513778686523,3.0,8.0,2.0,8.0,33.546288000025015,103.51767800011658,16.0,0.0,2.0,125.3672779999988,125.36807000003591,7.0
medium,tree_k8_b3,tree_async,gsm8k,2,14,,,,,,,,,,24.0,2.0,,,129.74441242866112,,177.0,8.0,185.0,1400.0,81.34699499998987,72.43156433105469,3.0,0.0,2.0,2.0,7.303050000018629,74.04394499997125,16.0,0.0,2.0,129.63559000002078,129.6364720000156,0.0
medium,tree_k8_b3,tree_async,gsm8k,2,15,,,,,,,,,,24.0,5.0,,,130.58974342856555,,180.0,8.0,188.0,1500.0,123.07947499982674,73.02331924438477,3.0,0.0,2.0,5.0,34.258822000083455,88.82065299974329,16.0,0.0,2.0,130.18747299997813,130.1892559999942,0.0
medium,tree_k8_b3,tree_async,gsm8k,2,16,,,,,,,,,,24.0,8.0,,,136.91176042862182,,186.0,8.0,194.0,1601.0,125.92003700001442,78.9940357208252,3.0,8.0,2.0,8.0,33.37457700001778,92.54545999999664,16.0,0.0,2.0,136.52031300000544,136.5215559999342,7.0
medium,tree_k8_b3,tree_async,gsm8k,2,17,,,,,,,,,,24.0,8.0,,,139.24384500007986,,195.0,8.0,203.0,1700.0,86.08993899997586,81.61234855651855,3.0,0.0,2.0,8.0,7.602821999967091,78.48711700000877,16.0,0.0,2.0,138.70236299999306,138.70312399990326,0.0
medium,tree_k8_b3,tree_async,gsm8k,2,18,,,,,,,,,,24.0,8.0,,,141.90732157144518,,204.0,8.0,212.0,1801.0,116.1512449999691,84.18083190917969,3.0,8.0,2.0,8.0,33.62072499999158,82.53051999997751,16.0,0.0,2.0,141.24365700001817,141.2445089999892,7.0
medium,tree_k8_b3,tree_async,gsm8k,2,19,,,,,,,,,,24.0,8.0,,,142.64080242853547,,213.0,8.0,221.0,1901.0,72.50632600016615,85.49809455871582,3.0,8.0,2.0,8.0,7.352333999961047,65.15399200020511,16.0,0.0,2.0,142.24908300002426,142.24975399997675,7.0
medium,direct,direct,gsm8k,3,0,128.0,2919.1565037142605,55.26308571428571,2861.478090286255,2863.893417999975,27.644,27.619085714285713,,,,,,,,,,,,,,,,,,,,,,,,,,
medium,sync_k8,sync_spec,gsm8k,3,0,,,,,,,,0.0,8.0,8.0,7.0,37.98484802246094,44.429779052734375,101.71219914286806,74194.0,77.0,8.0,85.0,,,,,,,,,,,,,,,
medium,sync_k8,sync_spec,gsm8k,3,1,,,,,,,,1.0,8.0,8.0,8.0,34.902334213256836,41.864633560180664,98.69029799994482,220.0,85.0,8.0,93.0,,,,,,,,,,,,,,,
medium,sync_k8,sync_spec,gsm8k,3,2,,,,,,,,2.0,8.0,8.0,8.0,35.53318977355957,47.27983474731445,104.70743199990874,3880.0,94.0,8.0,102.0,,,,,,,,,,,,,,,
medium,sync_k8,sync_spec,gsm8k,3,3,,,,,,,,3.0,8.0,8.0,8.0,34.25884246826172,47.701358795166016,104.9435459999005,582.0,103.0,8.0,111.0,,,,,,,,,,,,,,,
medium,sync_k8,sync_spec,gsm8k,3,4,,,,,,,,4.0,8.0,8.0,7.0,34.258127212524414,51.99885368347168,108.94428800005747,3070.0,112.0,8.0,120.0,,,,,,,,,,,,,,,
medium,sync_k8,sync_spec,gsm8k,3,5,,,,,,,,5.0,8.0,8.0,8.0,34.93309020996094,52.12903022766113,109.38613842854193,17.0,120.0,8.0,128.0,,,,,,,,,,,,,,,
medium,sync_k8,sync_spec,gsm8k,3,6,,,,,,,,6.0,8.0,8.0,8.0,34.03639793395996,56.73527717590332,113.80755799997428,1697.0,129.0,8.0,137.0,,,,,,,,,,,,,,,
medium,sync_k8,sync_spec,gsm8k,3,7,,,,,,,,7.0,8.0,8.0,8.0,34.57808494567871,61.02108955383301,118.02760385710988,20.0,138.0,8.0,146.0,,,,,,,,,,,,,,,
medium,sync_k8,sync_spec,gsm8k,3,8,,,,,,,,8.0,8.0,8.0,2.0,34.57474708557129,62.01291084289551,118.64680299999878,74194.0,147.0,8.0,155.0,,,,,,,,,,,,,,,
medium,sync_k8,sync_spec,gsm8k,3,9,,,,,,,,9.0,8.0,8.0,4.0,37.32943534851074,63.92621994018555,121.0149888571111,16.0,150.0,8.0,158.0,,,,,,,,,,,,,,,
medium,sync_k8,sync_spec,gsm8k,3,10,,,,,,,,10.0,8.0,8.0,7.0,35.9959602355957,67.14200973510742,124.41569342854683,279.0,155.0,8.0,163.0,,,,,,,,,,,,,,,
medium,sync_k8,sync_spec,gsm8k,3,11,,,,,,,,11.0,8.0,8.0,3.0,36.71669960021973,67.67606735229492,124.45748700008133,3593.0,163.0,8.0,171.0,,,,,,,,,,,,,,,
medium,sync_k8,sync_spec,gsm8k,3,12,,,,,,,,12.0,8.0,8.0,8.0,37.416934967041016,68.49479675292969,125.16471557140795,26376.0,167.0,8.0,175.0,,,,,,,,,,,,,,,
medium,sync_k8,sync_spec,gsm8k,3,13,,,,,,,,13.0,8.0,8.0,8.0,37.607669830322266,75.00815391540527,132.13382099999586,1124.0,176.0,8.0,184.0,,,,,,,,,,,,,,,
medium,sync_k8,sync_spec,gsm8k,3,14,,,,,,,,14.0,8.0,8.0,8.0,37.566184997558594,77.85320281982422,134.46184100004882,1124.0,185.0,8.0,193.0,,,,,,,,,,,,,,,
medium,sync_k8,sync_spec,gsm8k,3,15,,,,,,,,15.0,8.0,8.0,8.0,37.29891777038574,80.57069778442383,137.8629578570896,16.0,194.0,8.0,202.0,,,,,,,,,,,,,,,
medium,sync_k8,sync_spec,gsm8k,3,16,,,,,,,,16.0,8.0,8.0,8.0,35.25376319885254,83.19568634033203,140.2067944285864,256.0,203.0,8.0,211.0,,,,,,,,,,,,,,,
medium,tree_k8_b3,tree_async,gsm8k,3,0,,,,,,,,,,24.0,7.0,,,99.1676925714801,,77.0,8.0,85.0,0.0,108.3230890002369,41.79835319519043,3.0,0.0,2.0,7.0,37.47925900006521,70.84383000017169,16.0,0.0,2.0,98.61376499998187,98.61460700005864,0.0
medium,tree_k8_b3,tree_async,gsm8k,3,1,,,,,,,,,,24.0,8.0,,,99.51263699996875,,85.0,8.0,93.0,101.0,112.29031000004852,42.18912124633789,3.0,8.0,2.0,8.0,34.209130000022014,78.0811800000265,16.0,0.0,2.0,99.03953700006696,99.04115000006186,7.0
medium,tree_k8_b3,tree_async,gsm8k,3,2,,,,,,,,,,24.0,8.0,,,101.86421400006974,,94.0,8.0,102.0,201.0,84.86593500003892,45.03655433654785,3.0,8.0,2.0,8.0,8.513477999940733,76.35245700009818,16.0,0.0,2.0,101.47089800000231,101.47255200001837,7.0
medium,tree_k8_b3,tree_async,gsm8k,3,3,,,,,,,,,,24.0,8.0,,,103.47206499994729,,103.0,8.0,111.0,301.0,103.45137900014834,46.599388122558594,3.0,8.0,2.0,8.0,8.80958200002624,94.6417970001221,16.0,0.0,2.0,103.3056439999882,103.30692599995928,7.0
medium,tree_k8_b3,tree_async,gsm8k,3,4,,,,,,,,,,24.0,7.0,,,109.39152957147054,,112.0,8.0,120.0,400.0,88.07351199993718,52.678823471069336,3.0,0.0,2.0,7.0,7.596863000003395,80.47664899993379,16.0,0.0,2.0,109.00043399999504,109.00157599996874,0.0
medium,tree_k8_b3,tree_async,gsm8k,3,5,,,,,,,,,,24.0,8.0,,,109.93826685706019,,120.0,8.0,128.0,501.0,99.06042400007209,52.83212661743164,3.0,8.0,2.0,8.0,34.150072999977965,64.91035100009412,16.0,0.0,2.0,109.58243599998241,109.58332699999573,7.0
medium,tree_k8_b3,tree_async,gsm8k,3,6,,,,,,,,,,24.0,8.0,,,113.72436399996172,,129.0,8.0,137.0,600.0,82.0774620000293,56.87904357910156,3.0,0.0,2.0,8.0,7.564649000073587,74.51281299995571,16.0,0.0,2.0,113.29747100000986,113.2992349999995,0.0
medium,tree_k8_b3,tree_async,gsm8k,3,7,,,,,,,,,,24.0,8.0,,,118.0532424285732,,138.0,8.0,146.0,700.0,114.79867100013053,61.22899055480957,3.0,0.0,2.0,8.0,33.98030999994717,80.81836100018336,16.0,0.0,2.0,117.74721899996621,117.74787000001652,0.0
medium,tree_k8_b3,tree_async,gsm8k,3,8,,,,,,,,,,24.0,2.0,,,120.77198057149013,,147.0,8.0,155.0,800.0,101.06082199990851,63.53950500488281,3.0,0.0,2.0,2.0,33.66346600000725,67.39735599990127,16.0,0.0,2.0,120.04547699996237,120.04619800006822,0.0
medium,tree_k8_b3,tree_async,gsm8k,3,9,,,,,,,,,,24.0,4.0,,,119.40941600002017,,150.0,8.0,158.0,900.0,141.63316200006193,62.348365783691406,3.0,0.0,2.0,4.0,34.72213300005933,106.9110290000026,16.0,0.0,2.0,118.96966599999814,118.97086900000886,0.0
medium,tree_k8_b3,tree_async,gsm8k,3,10,,,,,,,,,,24.0,7.0,,,123.5368794285717,,155.0,8.0,163.0,1000.0,144.58698700013883,66.35117530822754,3.0,0.0,2.0,7.0,33.92536600006224,110.6616210000766,16.0,0.0,2.0,122.86401500000466,122.86570799994934,0.0
medium,tree_k8_b3,tree_async,gsm8k,3,11,,,,,,,,,,24.0,3.0,,,125.5593374285593,,163.0,8.0,171.0,1100.0,111.3842420003266,68.1464672088623,3.0,0.0,2.0,3.0,33.47492800003238,77.90931400029422,16.0,0.0,2.0,125.23265300001185,125.23438599998826,0.0
medium,tree_k8_b3,tree_async,gsm8k,3,12,,,,,,,,,,24.0,8.0,,,126.50747257138283,,167.0,8.0,175.0,1200.0,106.65263000021241,68.92776489257812,3.0,0.0,2.0,8.0,34.16462500001671,72.4880050001957,16.0,0.0,2.0,126.18462200009617,126.18629500002498,0.0
medium,tree_k8_b3,tree_async,gsm8k,3,13,,,,,,,,,,24.0,8.0,,,129.83180399996223,,176.0,8.0,184.0,1301.0,110.25010399998791,72.04174995422363,3.0,8.0,2.0,8.0,37.385442000072544,72.86466199991537,16.0,0.0,2.0,129.18140099998254,129.18328499995368,7.0
medium,tree_k8_b3,tree_async,gsm8k,3,14,,,,,,,,,,24.0,8.0,,,133.47328400002095,,185.0,8.0,193.0,1401.0,82.40050299991708,75.82592964172363,3.0,8.0,2.0,8.0,8.155273999932433,74.24522899998465,16.0,0.0,2.0,132.9139199999645,132.91564400003608,7.0
medium,tree_k8_b3,tree_async,gsm8k,3,15,,,,,,,,,,24.0,8.0,,,135.5444382857233,,194.0,8.0,202.0,1501.0,92.21509799999694,78.2926082611084,3.0,8.0,2.0,8.0,7.456773000058092,84.75832499993885,16.0,0.0,2.0,135.45096199993623,135.45220399998925,7.0
medium,tree_k8_b3,tree_async,gsm8k,3,16,,,,,,,,,,24.0,8.0,,,139.88147285714288,,203.0,8.0,211.0,1601.0,86.14950299988777,81.85577392578125,3.0,8.0,2.0,8.0,7.505756999989899,78.64374599989787,16.0,0.0,2.0,139.7563140000102,139.75708600003145,7.0
medium,direct,direct,gsm8k,4,0,128.0,2888.839159857186,55.24594285714286,2830.7502269744873,2833.5932170000433,27.6136,27.632342857142856,,,,,,,,,,,,,,,,,,,,,,,,,,
medium,sync_k8,sync_spec,gsm8k,4,0,,,,,,,,0.0,8.0,8.0,8.0,36.797285079956055,32.91010856628418,89.93604500009562,7355.0,55.0,8.0,63.0,,,,,,,,,,,,,,,
medium,sync_k8,sync_spec,gsm8k,4,1,,,,,,,,1.0,8.0,8.0,8.0,34.98530387878418,36.87858581542969,93.8501928570863,11.0,64.0,8.0,72.0,,,,,,,,,,,,,,,
medium,sync_k8,sync_spec,gsm8k,4,2,,,,,,,,2.0,8.0,8.0,3.0,35.93325614929199,40.30466079711914,96.97045499992942,279.0,73.0,8.0,81.0,,,,,,,,,,,,,,,
medium,sync_k8,sync_spec,gsm8k,4,3,,,,,,,,3.0,8.0,8.0,8.0,34.479618072509766,40.37976264953613,96.97093057138088,3070.0,77.0,8.0,85.0,,,,,,,,,,,,,,,
medium,sync_k8,sync_spec,gsm8k,4,4,,,,,,,,4.0,8.0,8.0,2.0,34.48295593261719,41.49031639099121,98.69755699999945,7298.0,86.0,8.0,94.0,,,,,,,,,,,,,,,
medium,sync_k8,sync_spec,gsm8k,4,5,,,,,,,,5.0,8.0,8.0,8.0,36.76319122314453,44.81172561645508,102.1059989999473,8886.0,89.0,8.0,97.0,,,,,,,,,,,,,,,
medium,sync_k8,sync_spec,gsm8k,4,6,,,,,,,,6.0,8.0,8.0,8.0,37.26077079772949,45.56107521057129,102.48317457144734,15145.0,98.0,8.0,106.0,,,,,,,,,,,,,,,
medium,sync_k8,sync_spec,gsm8k,4,7,,,,,,,,7.0,8.0,8.0,8.0,38.63644599914551,50.5375862121582,107.44039842852526,1124.0,107.0,8.0,115.0,,,,,,,,,,,,,,,
medium,sync_k8,sync_spec,gsm8k,4,8,,,,,,,,8.0,8.0,8.0,2.0,37.59455680847168,51.529645919799805,108.38446257132047,220.0,116.0,8.0,124.0,,,,,,,,,,,,,,,
medium,sync_k8,sync_spec,gsm8k,4,9,,,,,,,,9.0,8.0,8.0,8.0,36.41653060913086,51.49340629577637,108.75550200004395,1124.0,119.0,8.0,127.0,,,,,,,,,,,,,,,
medium,sync_k8,sync_spec,gsm8k,4,10,,,,,,,,10.0,8.0,8.0,8.0,38.039445877075195,55.75680732727051,112.83854842857053,92.0,128.0,8.0,136.0,,,,,,,,,,,,,,,
medium,sync_k8,sync_spec,gsm8k,4,11,,,,,,,,11.0,8.0,8.0,8.0,39.10708427429199,60.42170524597168,117.40566314286666,44739.0,137.0,8.0,145.0,,,,,,,,,,,,,,,
medium,sync_k8,sync_spec,gsm8k,4,12,,,,,,,,12.0,8.0,8.0,8.0,39.362430572509766,61.91301345825195,119.20388600003896,279.0,146.0,8.0,154.0,,,,,,,,,,,,,,,
medium,sync_k8,sync_spec,gsm8k,4,13,,,,,,,,13.0,8.0,8.0,8.0,36.231040954589844,66.18499755859375,123.85139500007455,1019.0,155.0,8.0,163.0,,,,,,,,,,,,,,,
medium,sync_k8,sync_spec,gsm8k,4,14,,,,,,,,14.0,8.0,8.0,1.0,34.61933135986328,67.32892990112305,124.56410400001435,8704.0,164.0,8.0,172.0,,,,,,,,,,,,,,,
medium,sync_k8,sync_spec,gsm8k,4,15,,,,,,,,15.0,8.0,8.0,8.0,35.85362434387207,68.68362426757812,125.93438342852359,279.0,166.0,8.0,174.0,,,,,,,,,,,,,,,
medium,sync_k8,sync_spec,gsm8k,4,16,,,,,,,,16.0,8.0,8.0,8.0,35.81595420837402,71.60592079162598,128.490651428519,256.0,175.0,8.0,183.0,,,,,,,,,,,,,,,
medium,tree_k8_b3,tree_async,gsm8k,4,0,,,,,,,,,,22.0,8.0,,,89.893612571477,,55.0,8.0,63.0,1.0,124.67560800018873,32.71484375,3.0,8.0,2.0,8.0,35.91931300002216,88.75629500016657,14.0,0.0,2.0,89.68785699994442,89.68888899994454,6.0
medium,tree_k8_b3,tree_async,gsm8k,4,1,,,,,,,,,,22.0,8.0,,,93.31655185713906,,64.0,8.0,72.0,101.0,111.48394000019834,36.21625900268555,3.0,8.0,2.0,8.0,21.997607999992397,89.48633200020595,14.0,0.0,2.0,92.74508699991202,92.74780199996258,6.0
medium,tree_k8_b3,tree_async,gsm8k,4,2,,,,,,,,,,22.0,3.0,,,97.65597399998728,,73.0,8.0,81.0,200.0,107.30003800006216,40.01569747924805,3.0,0.0,2.0,3.0,19.300143000009484,87.99989500005267,14.0,0.0,2.0,96.92305099997611,96.92463399994722,0.0
medium,tree_k8_b3,tree_async,gsm8k,4,3,,,,,,,,,,24.0,8.0,,,98.90077657143362,,77.0,8.0,85.0,301.0,114.97349200010376,41.525840759277344,3.0,8.0,2.0,8.0,33.94680700000663,81.02668500009713,16.0,0.0,2.0,98.42002999994293,98.42149299993252,7.0
medium,tree_k8_b3,tree_async,gsm8k,4,4,,,,,,,,,,24.0,2.0,,,99.57225157145551,,86.0,8.0,94.0,400.0,99.02794999982234,42.229652404785156,3.0,0.0,2.0,2.0,7.68588199991882,91.34206799990352,16.0,0.0,2.0,99.09924300006878,99.10065600001872,0.0
medium,tree_k8_b3,tree_async,gsm8k,4,5,,,,,,,,,,22.0,8.0,,,103.70227600003699,,89.0,8.0,97.0,501.0,129.67504500022642,46.26154899597168,3.0,8.0,2.0,8.0,34.19066200001453,95.48438300021189,14.0,1.0441680000212727,2.0,103.12929600002008,103.1300070000043,6.0
medium,tree_k8_b3,tree_async,gsm8k,4,6,,,,,,,,,,24.0,8.0,,,102.86376757137899,,98.0,8.0,106.0,601.0,105.830468000363,46.11396789550781,3.0,8.0,2.0,8.0,11.003338000023177,94.82713000033982,16.0,0.0,2.0,102.31472500004202,102.31599700000515,7.0
medium,tree_k8_b3,tree_async,gsm8k,4,7,,,,,,,,,,24.0,8.0,,,106.88958314279286,,107.0,8.0,115.0,701.0,94.9548840000034,49.692630767822266,3.0,8.0,2.0,8.0,7.486030999984905,87.4688530000185,16.0,0.0,2.0,106.92176299994571,106.92285499999343,7.0
medium,tree_k8_b3,tree_async,gsm8k,4,8,,,,,,,,,,24.0,2.0,,,110.23380157136627,,116.0,8.0,124.0,800.0,103.36695999978929,52.660226821899414,3.0,0.0,2.0,2.0,7.544942999970772,95.82201699981852,16.0,0.0,2.0,109.90515100002085,109.90626300008444,0.0
medium,tree_k8_b3,tree_async,gsm8k,4,9,,,,,,,,,,24.0,8.0,,,109.38746299999761,,119.0,8.0,127.0,901.0,106.12881300005483,52.21724510192871,3.0,8.0,2.0,8.0,33.31921799997417,72.80959500008066,16.0,0.0,2.0,109.26588499989975,109.26893099997415,7.0
medium,tree_k8_b3,tree_async,gsm8k,4,10,,,,,,,,,,24.0,8.0,,,113.48539442856563,,128.0,8.0,136.0,1001.0,82.44583000009698,55.83667755126953,3.0,8.0,2.0,8.0,8.010140000010324,74.43569000008665,16.0,0.0,2.0,113.13864600003853,113.14019899998584,7.0
medium,tree_k8_b3,tree_async,gsm8k,4,11,,,,,,,,,,24.0,8.0,,,117.68432157147396,,137.0,8.0,145.0,1101.0,83.32097400011662,60.29176712036133,3.0,8.0,2.0,8.0,7.9067020000138655,75.41427200010276,16.0,0.0,2.0,117.45635600004789,117.45705700002418,7.0
medium,tree_k8_b3,tree_async,gsm8k,4,12,,,,,,,,,,24.0,8.0,,,120.08557742859384,,146.0,8.0,154.0,1201.0,79.75695299990093,62.82162666320801,3.0,8.0,2.0,8.0,7.916951999959565,71.84000099994137,16.0,0.0,2.0,119.8462349999545,119.84696599995459,7.0
medium,tree_k8_b3,tree_async,gsm8k,4,13,,,,,,,,,,24.0,8.0,,,124.38241599998975,,155.0,8.0,163.0,1301.0,71.18472299987388,66.95961952209473,3.0,8.0,2.0,8.0,7.287924000024759,63.896798999849125,16.0,0.0,2.0,124.21107499994832,124.21196699995107,7.0
medium,tree_k8_b3,tree_async,gsm8k,4,14,,,,,,,,,,24.0,1.0,,,125.76590199991163,,164.0,8.0,172.0,1400.0,105.87553900006696,68.41754913330078,3.0,0.0,2.0,1.0,7.569118999981583,98.30642000008538,16.0,0.0,2.0,125.48486599996522,125.48536699989654,0.0
medium,tree_k8_b3,tree_async,gsm8k,4,15,,,,,,,,,,24.0,8.0,,,126.25953342861784,,166.0,8.0,174.0,1501.0,115.01880200012238,69.06962394714355,3.0,8.0,2.0,8.0,33.50333399998817,81.5154680001342,16.0,0.0,2.0,125.90349900006004,125.9049520000417,7.0
medium,tree_k8_b3,tree_async,gsm8k,4,16,,,,,,,,,,24.0,8.0,,,130.26586142852423,,175.0,8.0,183.0,1601.0,103.15665300015553,73.36902618408203,3.0,8.0,2.0,8.0,7.225042999948528,95.931610000207,16.0,0.0,2.0,129.9804299999323,129.9825940000119,7.0
medium,direct,direct,gsm8k,5,0,128.0,2837.663778428564,55.23337142857143,2779.5779705047607,2782.4304069999926,27.612,27.62137142857143,,,,,,,,,,,,,,,,,,,,,,,,,,
medium,sync_k8,sync_spec,gsm8k,5,0,,,,,,,,0.0,8.0,8.0,8.0,38.41280937194824,36.2248420715332,93.7438399999692,93811.0,62.0,8.0,70.0,,,,,,,,,,,,,,,
medium,sync_k8,sync_spec,gsm8k,5,1,,,,,,,,1.0,8.0,8.0,4.0,35.68625450134277,37.766218185424805,95.19498157143339,1156.0,71.0,8.0,79.0,,,,,,,,,,,,,,,
medium,sync_k8,sync_spec,gsm8k,5,2,,,,,,,,2.0,8.0,8.0,8.0,35.25876998901367,41.08595848083496,98.56346457135737,4589.0,76.0,8.0,84.0,,,,,,,,,,,,,,,
medium,sync_k8,sync_spec,gsm8k,5,3,,,,,,,,3.0,8.0,8.0,1.0,35.51650047302246,41.634321212768555,98.81551742861768,13.0,85.0,8.0,93.0,,,,,,,,,,,,,,,
medium,sync_k8,sync_spec,gsm8k,5,4,,,,,,,,4.0,8.0,8.0,1.0,38.47479820251465,43.0605411529541,99.9805949999387,1414.0,87.0,8.0,95.0,,,,,,,,,,,,,,,
medium,sync_k8,sync_spec,gsm8k,5,5,,,,,,,,5.0,8.0,8.0,4.0,37.502288818359375,45.342206954956055,102.5156005714044,7460.0,89.0,8.0,97.0,,,,,,,,,,,,,,,
medium,sync_k8,sync_spec,gsm8k,5,6,,,,,,,,6.0,8.0,8.0,1.0,37.97173500061035,45.104026794433594,101.94375957142475,36153.0,94.0,8.0,102.0,,,,,,,,,,,,,,,
medium,sync_k8,sync_spec,gsm8k,5,7,,,,,,,,7.0,8.0,8.0,4.0,34.650325775146484,46.56171798706055,103.56380642855115,311.0,96.0,8.0,104.0,,,,,,,,,,,,,,,
medium,sync_k8,sync_spec,gsm8k,5,8,,,,,,,,8.0,8.0,8.0,3.0,37.09745407104492,46.46182060241699,103.86545942857522,369.0,101.0,8.0,109.0,,,,,,,,,,,,,,,
medium,sync_k8,sync_spec,gsm8k,5,9,,,,,,,,9.0,8.0,8.0,0.0,37.41168975830078,50.41074752807617,107.60129642852749,220.0,105.0,8.0,113.0,,,,,,,,,,,,,,,
medium,sync_k8,sync_spec,gsm8k,5,10,,,,,,,,10.0,8.0,8.0,1.0,35.20965576171875,51.98073387145996,110.02739457133492,1525.0,106.0,8.0,114.0,,,,,,,,,,,,,,,
medium,sync_k8,sync_spec,gsm8k,5,11,,,,,,,,11.0,8.0,8.0,1.0,37.962913513183594,50.36592483520508,107.66566642858463,382.0,108.0,8.0,116.0,,,,,,,,,,,,,,,
medium,sync_k8,sync_spec,gsm8k,5,12,,,,,,,,12.0,8.0,8.0,2.0,36.39078140258789,51.32460594177246,108.8427770000286,1077.0,110.0,8.0,118.0,,,,,,,,,,,,,,,
medium,sync_k8,sync_spec,gsm8k,5,13,,,,,,,,13.0,8.0,8.0,8.0,34.3937873840332,52.831172943115234,110.49575657136766,4362.0,113.0,8.0,121.0,,,,,,,,,,,,,,,
medium,sync_k8,sync_spec,gsm8k,5,14,,,,,,,,14.0,8.0,8.0,0.0,36.35668754577637,55.85217475891113,113.32313300002515,510.0,122.0,8.0,130.0,,,,,,,,,,,,,,,
medium,sync_k8,sync_spec,gsm8k,5,15,,,,,,,,15.0,8.0,8.0,1.0,37.04118728637695,56.84041976928711,114.48198499998591,8886.0,123.0,8.0,131.0,,,,,,,,,,,,,,,
medium,sync_k8,sync_spec,gsm8k,5,16,,,,,,,,16.0,8.0,8.0,8.0,39.50667381286621,55.898427963256836,112.75038257141918,1525.0,125.0,8.0,133.0,,,,,,,,,,,,,,,
medium,sync_k8,sync_spec,gsm8k,5,17,,,,,,,,17.0,8.0,8.0,4.0,36.01837158203125,58.31503868103027,116.19032442853064,6837.0,134.0,8.0,142.0,,,,,,,,,,,,,,,
medium,sync_k8,sync_spec,gsm8k,5,18,,,,,,,,18.0,8.0,8.0,1.0,36.35740280151367,61.56492233276367,118.95606400003884,8180.0,139.0,8.0,147.0,,,,,,,,,,,,,,,
medium,sync_k8,sync_spec,gsm8k,5,19,,,,,,,,19.0,8.0,8.0,8.0,36.065101623535156,61.2642765045166,118.56702128574341,16.0,141.0,8.0,149.0,,,,,,,,,,,,,,,
medium,sync_k8,sync_spec,gsm8k,5,20,,,,,,,,20.0,8.0,8.0,8.0,34.650325775146484,64.06235694885254,121.5780814284731,279.0,150.0,8.0,158.0,,,,,,,,,,,,,,,
medium,sync_k8,sync_spec,gsm8k,5,21,,,,,,,,21.0,8.0,8.0,8.0,34.48319435119629,68.83740425109863,126.98116785721798,11.0,159.0,8.0,167.0,,,,,,,,,,,,,,,
medium,sync_k8,sync_spec,gsm8k,5,22,,,,,,,,22.0,8.0,8.0,8.0,36.22078895568848,70.01161575317383,127.6269345714328,15136.0,168.0,8.0,176.0,,,,,,,,,,,,,,,
medium,sync_k8,sync_spec,gsm8k,5,23,,,,,,,,23.0,8.0,8.0,8.0,33.74457359313965,73.56381416320801,131.02821342860312,624.0,177.0,8.0,185.0,,,,,,,,,,,,,,,
medium,sync_k8,sync_spec,gsm8k,5,24,,,,,,,,24.0,8.0,8.0,8.0,38.11311721801758,78.26852798461914,135.92811700008164,4589.0,186.0,8.0,194.0,,,,,,,,,,,,,,,
medium,tree_k8_b3,tree_async,gsm8k,5,0,,,,,,,,,,20.0,8.0,,,95.15869571434406,,62.0,8.0,70.0,1.0,119.54838100007237,37.127017974853516,3.0,8.0,2.0,8.0,36.39415400004964,83.15422700002273,12.0,0.0,2.0,94.6822329999577,94.68310399995516,5.0
medium,tree_k8_b3,tree_async,gsm8k,5,1,,,,,,,,,,24.0,4.0,,,94.81875599989922,,71.0,8.0,79.0,100.0,99.17368100025215,37.18924522399902,3.0,0.0,2.0,4.0,15.949486000067736,83.22419500018441,16.0,0.0,2.0,94.12816700000803,94.12901899997905,0.0
medium,tree_k8_b3,tree_async,gsm8k,5,2,,,,,,,,,,24.0,8.0,,,97.42390357141198,,76.0,8.0,84.0,201.0,94.84254500000588,40.030717849731445,3.0,8.0,2.0,8.0,34.35741300006612,60.48513199993977,16.0,0.0,2.0,97.28507199997694,97.28618399992683,7.0
medium,tree_k8_b3,tree_async,gsm8k,5,3,,,,,,,,,,24.0,1.0,,,98.0446598571449,,85.0,8.0,93.0,300.0,103.69573999992099,40.86804389953613,3.0,0.0,2.0,1.0,7.440225000095779,96.25551499982521,16.0,0.0,2.0,97.82153300000118,97.82240499998807,0.0
medium,tree_k8_b3,tree_async,gsm8k,5,4,,,,,,,,,,24.0,1.0,,,98.87799642849778,,87.0,8.0,95.0,400.0,96.13595300015731,41.26739501953125,3.0,0.0,2.0,1.0,33.096604000093066,63.03934900006425,16.0,0.0,2.0,98.38159900004939,98.38277100004689,0.0
medium,tree_k8_b3,tree_async,gsm8k,5,5,,,,,,,,,,24.0,4.0,,,102.97758314290384,,89.0,8.0,97.0,500.0,134.96076900003118,45.675039291381836,3.0,0.0,2.0,4.0,33.799972999986494,101.16079600004468,16.0,0.0,2.0,102.77364499995656,102.77437599995665,0.0
medium,tree_k8_b3,tree_async,gsm8k,5,6,,,,,,,,,,22.0,1.0,,,101.91595257138707,,94.0,8.0,102.0,600.0,122.37642899992807,44.92950439453125,3.0,0.0,2.0,1.0,33.16265199998725,89.21377699994082,14.0,0.4009320000477601,2.0,101.61637300006987,101.61803600010444,0.0
medium,tree_k8_b3,tree_async,gsm8k,5,7,,,,,,,,,,24.0,4.0,,,101.56525799993992,,96.0,8.0,104.0,700.0,97.75137899998754,44.646501541137695,3.0,0.0,2.0,4.0,33.24782300001061,64.50355599997692,16.0,0.0,2.0,100.80944699996053,100.8104390000426,0.0
medium,tree_k8_b3,tree_async,gsm8k,5,8,,,,,,,,,,24.0,3.0,,,105.44308742863889,,101.0,8.0,109.0,800.0,96.45472400006838,47.41096496582031,3.0,0.0,2.0,3.0,33.62340800003949,62.83131600002889,16.0,0.0,2.0,104.77915899991785,104.78009099995234,0.0
medium,tree_k8_b3,tree_async,gsm8k,5,9,,,,,,,,,,24.0,0.0,,,110.87336542851804,,105.0,8.0,113.0,900.0,121.75366000019494,52.34408378601074,3.0,0.0,2.0,0.0,33.323687999995855,88.42997200019909,16.0,0.0,2.0,110.60272999998233,110.60372200006441,0.0
medium,tree_k8_b3,tree_async,gsm8k,5,10,,,,,,,,,,24.0,1.0,,,108.93430757149025,,106.0,8.0,114.0,1000.0,138.66541599986704,51.058053970336914,3.0,0.0,2.0,1.0,37.6593819999016,101.00603399996544,16.0,0.0,2.0,108.09180800004015,108.09276999998474,0.0
medium,tree_k8_b3,tree_async,gsm8k,5,11,,,,,,,,,,24.0,1.0,,,109.25278042848815,,108.0,8.0,116.0,1100.0,101.74303899998449,51.32484436035156,3.0,0.0,2.0,1.0,34.51637299997401,67.22666600001048,16.0,0.0,2.0,108.90335200008394,108.9049460000524,0.0
medium,tree_k8_b3,tree_async,gsm8k,5,12,,,,,,,,,,24.0,2.0,,,109.90769357149941,,110.0,8.0,118.0,1200.0,129.18225999987953,52.236080169677734,3.0,0.0,2.0,2.0,38.42351499997676,90.75874499990277,16.0,0.0,2.0,109.20967399999881,109.21117699990646,0.0
medium,tree_k8_b3,tree_async,gsm8k,5,13,,,,,,,,,,24.0,8.0,,,110.2875030000465,,113.0,8.0,121.0,1301.0,112.19249600014791,53.32207679748535,3.0,8.0,2.0,8.0,31.709622999983367,80.48287300016455,16.0,0.0,2.0,109.42485299995042,109.42589499995847,7.0
medium,tree_k8_b3,tree_async,gsm8k,5,14,,,,,,,,,,24.0,0.0,,,113.77786042859526,,122.0,8.0,130.0,1400.0,103.88987800013183,56.56695365905762,3.0,0.0,2.0,0.0,5.858745999944404,98.03113200018743,16.0,0.0,2.0,112.65853600002629,112.65928700004224,0.0
medium,tree_k8_b3,tree_async,gsm8k,5,15,,,,,,,,,,24.0,1.0,,,111.85064657143414,,123.0,8.0,131.0,1500.0,126.67146299997967,55.155277252197266,3.0,0.0,2.0,1.0,33.42578800004503,93.24567499993464,16.0,0.0,2.0,111.24314400001367,111.24442599998474,0.0
medium,tree_k8_b3,tree_async,gsm8k,5,16,,,,,,,,,,24.0,8.0,,,112.06769657141453,,125.0,8.0,133.0,1601.0,101.05183399980433,55.36651611328125,3.0,8.0,2.0,8.0,34.03649899996708,67.01533499983725,16.0,0.0,2.0,111.66617999992923,111.66713199997957,7.0
medium,tree_k8_b3,tree_async,gsm8k,5,17,,,,,,,,,,24.0,4.0,,,114.26545099998634,,134.0,8.0,142.0,1700.0,68.46794800014777,57.01923370361328,3.0,0.0,2.0,4.0,7.571000999973876,60.896947000173896,16.0,0.0,2.0,113.56053800000154,113.56132000003072,0.0
medium,tree_k8_b3,tree_async,gsm8k,5,18,,,,,,,,,,24.0,1.0,,,120.08532857153317,,139.0,8.0,147.0,1800.0,129.1479179998305,62.393903732299805,3.0,0.0,2.0,1.0,33.164615999908165,95.98330199992233,16.0,0.0,2.0,119.56440799997381,119.56529999997656,0.0
medium,tree_k8_b3,tree_async,gsm8k,5,19,,,,,,,,,,24.0,8.0,,,119.43209242856605,,141.0,8.0,149.0,1901.0,128.9031630002455,62.238216400146484,3.0,8.0,2.0,8.0,33.96087200007969,94.94229100016582,16.0,0.0,2.0,118.20088500007842,118.20165599999655,7.0
medium,tree_k8_b3,tree_async,gsm8k,5,20,,,,,,,,,,24.0,8.0,,,120.72469299994012,,150.0,8.0,158.0,2001.0,88.37828500008982,63.794851303100586,3.0,8.0,2.0,8.0,7.141173999912098,81.23711100017772,16.0,0.0,2.0,120.55879000001823,120.55923100001564,7.0
medium,tree_k8_b3,tree_async,gsm8k,5,21,,,,,,,,,,24.0,8.0,,,127.05951085714536,,159.0,8.0,167.0,2101.0,88.44134500009204,68.83883476257324,3.0,8.0,2.0,8.0,7.250933000022997,81.19041200006905,16.0,0.0,2.0,126.93991800006188,126.95319199997357,7.0
medium,tree_k8_b3,tree_async,gsm8k,5,22,,,,,,,,,,24.0,8.0,,,126.22339857143481,,168.0,8.0,176.0,2201.0,98.43118900016634,69.00429725646973,3.0,8.0,2.0,8.0,7.9432900000711015,90.48789900009524,16.0,0.0,2.0,125.922924000065,125.92373600000428,7.0
medium,tree_k8_b3,tree_async,gsm8k,5,23,,,,,,,,,,24.0,8.0,,,131.2479228571611,,177.0,8.0,185.0,2301.0,86.86769999997068,73.2572078704834,3.0,8.0,2.0,8.0,7.300186999941616,79.56751300002907,16.0,0.0,2.0,130.72094599999673,130.72234900005242,7.0
medium,tree_k8_b3,tree_async,gsm8k,5,24,,,,,,,,,,24.0,8.0,,,136.8021789999478,,186.0,8.0,194.0,2401.0,96.1710569998786,79.28919792175293,3.0,8.0,2.0,8.0,6.0459400000354435,90.12511699984316,16.0,0.0,2.0,136.03972100008832,136.04131400006736,7.0
medium,direct,direct,gsm8k,6,0,128.0,3176.026820714278,55.263485714285714,3117.6373958587646,3120.7633349999924,27.6332,27.630285714285716,,,,,,,,,,,,,,,,,,,,,,,,,,
medium,sync_k8,sync_spec,gsm8k,6,0,,,,,,,,0.0,8.0,8.0,8.0,35.06040573120117,38.23399543762207,96.45433300002688,504.0,65.0,8.0,73.0,,,,,,,,,,,,,,,
medium,sync_k8,sync_spec,gsm8k,6,1,,,,,,,,1.0,8.0,8.0,2.0,39.50762748718262,43.8840389251709,101.56208100000649,21357.0,74.0,8.0,82.0,,,,,,,,,,,,,,,
medium,sync_k8,sync_spec,gsm8k,6,2,,,,,,,,2.0,8.0,8.0,5.0,42.59443283081055,41.30244255065918,98.4704450000285,1795.0,77.0,8.0,85.0,,,,,,,,,,,,,,,
medium,sync_k8,sync_spec,gsm8k,6,3,,,,,,,,3.0,8.0,8.0,5.0,35.45999526977539,41.671037673950195,98.57247157139096,3070.0,83.0,8.0,91.0,,,,,,,,,,,,,,,
medium,sync_k8,sync_spec,gsm8k,6,4,,,,,,,,4.0,8.0,8.0,0.0,36.26728057861328,45.832157135009766,103.26098342847459,35.0,89.0,8.0,97.0,,,,,,,,,,,,,,,
medium,sync_k8,sync_spec,gsm8k,6,5,,,,,,,,5.0,8.0,8.0,8.0,36.67950630187988,45.05753517150879,102.63062857146267,4279.0,90.0,8.0,98.0,,,,,,,,,,,,,,,
medium,sync_k8,sync_spec,gsm8k,6,6,,,,,,,,6.0,8.0,8.0,0.0,37.988901138305664,46.169281005859375,103.18243200003407,315.0,99.0,8.0,107.0,,,,,,,,,,,,,,,
medium,sync_k8,sync_spec,gsm8k,6,7,,,,,,,,7.0,8.0,8.0,8.0,36.32092475891113,46.3407039642334,103.6905014284966,2790.0,100.0,8.0,108.0,,,,,,,,,,,,,,,
medium,sync_k8,sync_spec,gsm8k,6,8,,,,,,,,8.0,8.0,8.0,8.0,36.44919395446777,51.11217498779297,108.17308600008141,6801.0,109.0,8.0,117.0,,,,,,,,,,,,,,,
medium,sync_k8,sync_spec,gsm8k,6,9,,,,,,,,9.0,8.0,8.0,4.0,36.24725341796875,52.83212661743164,110.44709299997717,1105.0,118.0,8.0,126.0,,,,,,,,,,,,,,,
medium,sync_k8,sync_spec,gsm8k,6,10,,,,,,,,10.0,8.0,8.0,1.0,35.94636917114258,55.05180358886719,112.24052299995685,825.0,123.0,8.0,131.0,,,,,,,,,,,,,,,
medium,sync_k8,sync_spec,gsm8k,6,11,,,,,,,,11.0,8.0,8.0,6.0,34.4083309173584,56.41603469848633,113.45568542856934,264.0,125.0,8.0,133.0,,,,,,,,,,,,,,,
medium,sync_k8,sync_spec,gsm8k,6,12,,,,,,,,12.0,8.0,8.0,2.0,35.79831123352051,58.22324752807617,115.2380050000525,624.0,132.0,8.0,140.0,,,,,,,,,,,,,,,
medium,sync_k8,sync_spec,gsm8k,6,13,,,,,,,,13.0,8.0,8.0,8.0,34.9886417388916,58.54201316833496,115.24944542865617,315.0,135.0,8.0,143.0,,,,,,,,,,,,,,,
medium,sync_k8,sync_spec,gsm8k,6,14,,,,,,,,14.0,8.0,8.0,8.0,35.61592102050781,63.84420394897461,121.61023057138814,37018.0,144.0,8.0,152.0,,,,,,,,,,,,,,,
medium,sync_k8,sync_spec,gsm8k,6,15,,,,,,,,15.0,8.0,8.0,8.0,36.08560562133789,68.63188743591309,126.95067585714699,21.0,153.0,8.0,161.0,,,,,,,,,,,,,,,
medium,sync_k8,sync_spec,gsm8k,6,16,,,,,,,,16.0,8.0,8.0,8.0,36.7739200592041,69.96846199035645,128.00566442854299,279.0,162.0,8.0,170.0,,,,,,,,,,,,,,,
medium,sync_k8,sync_spec,gsm8k,6,17,,,,,,,,17.0,8.0,8.0,8.0,37.65463829040527,71.87724113464355,129.31419828570984,25.0,171.0,8.0,179.0,,,,,,,,,,,,,,,
medium,sync_k8,sync_spec,gsm8k,6,18,,,,,,,,18.0,8.0,8.0,3.0,38.15460205078125,73.75884056091309,131.40468957153325,25114.0,180.0,8.0,188.0,,,,,,,,,,,,,,,
medium,sync_k8,sync_spec,gsm8k,6,19,,,,,,,,19.0,8.0,8.0,8.0,37.49847412109375,72.80802726745605,129.84658342862437,369.0,184.0,8.0,192.0,,,,,,,,,,,,,,,
medium,tree_k8_b3,tree_async,gsm8k,6,0,,,,,,,,,,24.0,8.0,,,94.93009999997221,,65.0,8.0,73.0,0.0,127.47142599982908,37.679195404052734,3.0,0.0,2.0,8.0,34.15237299998353,93.31905299984555,16.0,0.0,2.0,94.22321300007752,94.22436500005915,0.0
medium,tree_k8_b3,tree_async,gsm8k,6,1,,,,,,,,,,20.0,2.0,,,98.8232870000821,,74.0,8.0,82.0,100.0,127.39981000004263,41.1074161529541,3.0,0.0,2.0,2.0,34.54072099998484,92.85908900005779,12.0,0.0,2.0,98.25527899999997,98.2559899999842,0.0
medium,tree_k8_b3,tree_async,gsm8k,6,2,,,,,,,,,,22.0,5.0,,,99.16972757139493,,77.0,8.0,85.0,200.0,128.2090369999196,41.642189025878906,3.0,0.0,2.0,5.0,37.52465399998073,90.68438299993886,14.0,0.0,2.0,98.66504700005407,98.66588900001716,0.0
medium,tree_k8_b3,tree_async,gsm8k,6,3,,,,,,,,,,24.0,5.0,,,100.27930542864995,,83.0,8.0,91.0,300.0,108.90954499996042,42.8462028503418,3.0,0.0,2.0,5.0,36.926216999972894,71.98332799998752,16.0,0.0,2.0,99.72409099998458,99.72549400004027,0.0
medium,tree_k8_b3,tree_async,gsm8k,6,4,,,,,,,,,,24.0,0.0,,,101.79904028569187,,89.0,8.0,97.0,400.0,103.84383499979322,45.24517059326172,3.0,0.0,2.0,0.0,33.686357000078715,70.1574779997145,16.0,0.0,2.0,101.2354659999346,101.23691800004053,0.0
medium,tree_k8_b3,tree_async,gsm8k,6,5,,,,,,,,,,24.0,8.0,,,102.62444414284025,,90.0,8.0,98.0,501.0,120.3310450000572,45.790910720825195,3.0,8.0,2.0,8.0,36.72338100000161,83.60766400005559,16.0,0.0,2.0,102.36153799996828,102.36321100001078,7.0
medium,tree_k8_b3,tree_async,gsm8k,6,6,,,,,,,,,,24.0,0.0,,,102.62777357144148,,99.0,8.0,107.0,600.0,80.9946720003154,45.989036560058594,3.0,0.0,2.0,0.0,8.042109999905733,72.95256200040967,16.0,0.0,2.0,102.23129600001357,102.23418099997161,0.0
medium,tree_k8_b3,tree_async,gsm8k,6,7,,,,,,,,,,24.0,8.0,,,102.158457571425,,100.0,8.0,108.0,701.0,104.52413299981345,45.711517333984375,3.0,8.0,2.0,8.0,34.550445000036234,69.97368799977721,16.0,0.0,2.0,101.62285000001248,101.6254649999837,7.0
medium,tree_k8_b3,tree_async,gsm8k,6,8,,,,,,,,,,24.0,8.0,,,110.9144600000061,,109.0,8.0,117.0,800.0,105.25082900016969,52.034854888916016,3.0,0.0,2.0,8.0,8.792996000011044,96.45783300015864,16.0,0.0,2.0,110.22718700007772,110.2292010000383,0.0
medium,tree_k8_b3,tree_async,gsm8k,6,9,,,,,,,,,,24.0,4.0,,,109.9722609999682,,118.0,8.0,126.0,900.0,114.88499999995838,51.83720588684082,3.0,0.0,2.0,4.0,33.57750500003931,81.30749499991907,16.0,0.0,2.0,109.48985499999253,109.49161799999274,0.0
medium,tree_k8_b3,tree_async,gsm8k,6,10,,,,,,,,,,24.0,1.0,,,111.90696042858112,,123.0,8.0,131.0,1000.0,115.27724699976716,54.85796928405762,3.0,0.0,2.0,1.0,34.688236999954825,80.58900999981233,16.0,0.0,2.0,111.54054499991162,111.54146599994874,0.0
medium,tree_k8_b3,tree_async,gsm8k,6,11,,,,,,,,,,24.0,6.0,,,117.98665842855651,,125.0,8.0,133.0,1100.0,112.32580800015057,60.54496765136719,3.0,0.0,2.0,6.0,35.61504000003879,76.71076800011178,16.0,0.0,2.0,117.40855999994437,117.40933199996562,0.0
medium,tree_k8_b3,tree_async,gsm8k,6,12,,,,,,,,,,24.0,2.0,,,114.12008900005416,,132.0,8.0,140.0,1200.0,104.2124230001491,56.856632232666016,3.0,0.0,2.0,2.0,33.63309200005915,70.57933100008995,16.0,0.0,2.0,113.86104199993952,113.86182399996869,0.0
medium,tree_k8_b3,tree_async,gsm8k,6,13,,,,,,,,,,24.0,8.0,,,115.7874704285114,,135.0,8.0,143.0,1301.0,103.45298799984448,58.3648681640625,3.0,8.0,2.0,8.0,33.434690999911254,70.01829699993323,16.0,0.0,2.0,115.56861000008212,115.56938100000025,7.0
medium,tree_k8_b3,tree_async,gsm8k,6,14,,,,,,,,,,24.0,8.0,,,118.93618500000062,,144.0,8.0,152.0,1401.0,82.39754200019433,61.88058853149414,3.0,8.0,2.0,8.0,8.453801000086969,73.94374100010737,16.0,0.0,2.0,118.76026699997055,118.76102799999444,7.0
medium,tree_k8_b3,tree_async,gsm8k,6,15,,,,,,,,,,24.0,8.0,,,125.08207885714913,,153.0,8.0,161.0,1501.0,89.72468999991179,67.98768043518066,3.0,8.0,2.0,8.0,10.314127000015105,79.41056299989668,16.0,0.0,2.0,124.53528400010327,124.5361060000505,7.0
medium,tree_k8_b3,tree_async,gsm8k,6,16,,,,,,,,,,24.0,8.0,,,125.18929542864109,,162.0,8.0,170.0,1601.0,82.19079800005602,68.20273399353027,3.0,8.0,2.0,8.0,7.18237399996724,75.00842400008878,16.0,0.0,2.0,125.03171899993504,125.03279099996689,7.0
medium,tree_k8_b3,tree_async,gsm8k,6,17,,,,,,,,,,24.0,8.0,,,130.88196085708455,,171.0,8.0,179.0,1701.0,86.71202199991512,73.29511642456055,3.0,8.0,2.0,8.0,7.307573000048251,79.40444899986687,16.0,0.0,2.0,130.69478499994602,130.69570599998315,7.0
medium,tree_k8_b3,tree_async,gsm8k,6,18,,,,,,,,,,24.0,3.0,,,131.17322257137084,,180.0,8.0,188.0,1800.0,108.30824399988614,74.10955429077148,3.0,0.0,2.0,3.0,7.432017999917662,100.87622599996848,16.0,0.0,2.0,130.8367350000026,130.83728599997357,0.0
medium,tree_k8_b3,tree_async,gsm8k,6,19,,,,,,,,,,24.0,8.0,,,130.69933985713348,,184.0,8.0,192.0,1901.0,121.97559799994906,73.8372802734375,3.0,8.0,2.0,8.0,33.19825000005494,88.77734799989412,16.0,0.0,2.0,130.35534599998755,130.35624799999823,7.0
medium,direct,direct,gsm8k,7,0,128.0,2938.255202857159,55.26354285714285,2880.4771900177,2882.991660000016,27.6424,27.621142857142857,,,,,,,,,,,,,,,,,,,,,,,,,,
medium,sync_k8,sync_spec,gsm8k,7,0,,,,,,,,0.0,8.0,8.0,7.0,38.95378112792969,36.981821060180664,93.8760690000124,279.0,58.0,8.0,66.0,,,,,,,,,,,,,,,
medium,sync_k8,sync_spec,gsm8k,7,1,,,,,,,,1.0,8.0,8.0,8.0,41.350364685058594,37.409305572509766,93.85602514287298,7354.0,66.0,8.0,74.0,,,,,,,,,,,,,,,
medium,sync_k8,sync_spec,gsm8k,7,2,,,,,,,,2.0,8.0,8.0,7.0,41.037797927856445,41.7485237121582,98.50343485710184,369.0,75.0,8.0,83.0,,,,,,,,,,,,,,,
medium,sync_k8,sync_spec,gsm8k,7,3,,,,,,,,3.0,8.0,8.0,7.0,37.15777397155762,42.938947677612305,100.09438614279472,19879.0,83.0,8.0,91.0,,,,,,,,,,,,,,,
medium,sync_k8,sync_spec,gsm8k,7,4,,,,,,,,4.0,8.0,8.0,8.0,39.44516181945801,47.410011291503906,104.95409914285607,1372.0,91.0,8.0,99.0,,,,,,,,,,,,,,,
medium,sync_k8,sync_spec,gsm8k,7,5,,,,,,,,5.0,8.0,8.0,2.0,36.36670112609863,48.03729057312012,105.54133342855076,320.0,100.0,8.0,108.0,,,,,,,,,,,,,,,
medium,sync_k8,sync_spec,gsm8k,7,6,,,,,,,,6.0,8.0,8.0,8.0,38.13624382019043,48.14291000366211,105.38718742858978,525.0,103.0,8.0,111.0,,,,,,,,,,,,,,,
medium,sync_k8,sync_spec,gsm8k,7,7,,,,,,,,7.0,8.0,8.0,8.0,37.09220886230469,51.20420455932617,108.21024085707771,23.0,112.0,8.0,120.0,,,,,,,,,,,,,,,
medium,sync_k8,sync_spec,gsm8k,7,8,,,,,,,,8.0,8.0,8.0,8.0,34.98268127441406,55.539608001708984,112.7938720000555,220.0,121.0,8.0,129.0,,,,,,,,,,,,,,,
medium,sync_k8,sync_spec,gsm8k,7,9,,,,,,,,9.0,8.0,8.0,8.0,35.737037658691406,57.42597579956055,114.68461942856696,685.0,130.0,8.0,138.0,,,,,,,,,,,,,,,
medium,sync_k8,sync_spec,gsm8k,7,10,,,,,,,,10.0,8.0,8.0,8.0,36.415815353393555,61.16294860839844,118.07641242853781,582.0,139.0,8.0,147.0,,,,,,,,,,,,,,,
medium,sync_k8,sync_spec,gsm8k,7,11,,,,,,,,11.0,8.0,8.0,8.0,34.86490249633789,63.99202346801758,121.17352385715606,23.0,148.0,8.0,156.0,,,,,,,,,,,,,,,
medium,sync_k8,sync_spec,gsm8k,7,12,,,,,,,,12.0,8.0,8.0,8.0,36.78393363952637,68.88961791992188,126.05505842855077,284.0,157.0,8.0,165.0,,,,,,,,,,,,,,,
medium,sync_k8,sync_spec,gsm8k,7,13,,,,,,,,13.0,8.0,8.0,8.0,34.61313247680664,70.37973403930664,127.96606085708088,220.0,166.0,8.0,174.0,,,,,,,,,,,,,,,
medium,sync_k8,sync_spec,gsm8k,7,14,,,,,,,,14.0,8.0,8.0,3.0,37.22238540649414,73.80962371826172,131.0816212856751,18.0,175.0,8.0,183.0,,,,,,,,,,,,,,,
medium,sync_k8,sync_spec,gsm8k,7,15,,,,,,,,15.0,8.0,8.0,8.0,38.47503662109375,74.51510429382324,132.20812142848555,279.0,179.0,8.0,187.0,,,,,,,,,,,,,,,
medium,tree_k8_b3,tree_async,gsm8k,7,0,,,,,,,,,,22.0,7.0,,,97.04973942857325,,58.0,8.0,66.0,0.0,133.7178879999783,38.78021240234375,3.0,0.0,2.0,7.0,38.22198099999241,95.49590699998589,14.0,0.0,2.0,96.50482300003205,96.5058049999925,0.0
medium,tree_k8_b3,tree_async,gsm8k,7,1,,,,,,,,,,20.0,8.0,,,94.53848814296221,,66.0,8.0,74.0,101.0,122.80636000002687,37.706613540649414,3.0,8.0,2.0,8.0,44.19651399996383,78.60984600006304,12.0,0.0,2.0,93.93824599999334,93.9407810000148,5.0
medium,tree_k8_b3,tree_async,gsm8k,7,2,,,,,,,,,,20.0,7.0,,,99.43417357132121,,75.0,8.0,83.0,200.0,119.08327499997995,42.357683181762695,3.0,0.0,2.0,7.0,29.57140299997718,89.51187200000277,12.0,0.0,2.0,99.0577029999713,99.05883500005075,0.0
medium,tree_k8_b3,tree_async,gsm8k,7,3,,,,,,,,,,24.0,7.0,,,99.94757899991485,,83.0,8.0,91.0,300.0,118.96652599989466,42.7553653717041,3.0,0.0,2.0,7.0,36.205188999929305,82.76133699996535,16.0,0.0,2.0,99.76622099998167,99.7670819999712,0.0
medium,tree_k8_b3,tree_async,gsm8k,7,4,,,,,,,,,,24.0,8.0,,,102.32240957146301,,91.0,8.0,99.0,401.0,105.41912200005754,44.928550720214844,3.0,8.0,2.0,8.0,33.48464900000181,71.93447300005573,16.0,0.0,2.0,102.12233799995829,102.12274799994248,7.0
medium,tree_k8_b3,tree_async,gsm8k,7,5,,,,,,,,,,24.0,2.0,,,102.79508899997735,,100.0,8.0,108.0,500.0,75.35495299975992,46.12159729003906,3.0,0.0,2.0,2.0,7.3897629999919445,67.96518999976797,16.0,0.0,2.0,102.07932100001926,102.08007300002464,0.0
medium,tree_k8_b3,tree_async,gsm8k,7,6,,,,,,,,,,24.0,8.0,,,103.6985734286583,,103.0,8.0,111.0,601.0,107.26121100003638,47.16777801513672,3.0,8.0,2.0,8.0,33.515734000047814,73.74547699998857,16.0,0.0,2.0,103.39193899994825,103.39253099994039,7.0
medium,tree_k8_b3,tree_async,gsm8k,7,7,,,,,,,,,,24.0,8.0,,,114.08078785716364,,112.0,8.0,120.0,701.0,86.5760159998672,56.52666091918945,3.0,8.0,2.0,8.0,7.936400999938087,78.63961499992911,16.0,0.0,2.0,113.80303099997491,113.80380200000673,7.0
medium,tree_k8_b3,tree_async,gsm8k,7,8,,,,,,,,,,24.0,8.0,,,115.97503699994269,,121.0,8.0,129.0,801.0,78.62486800013357,58.052778244018555,3.0,8.0,2.0,8.0,7.860917000016343,70.76395100011723,16.0,0.0,2.0,115.54844800002684,115.55095300002449,7.0
medium,tree_k8_b3,tree_async,gsm8k,7,9,,,,,,,,,,24.0,8.0,,,117.15497442858099,,130.0,8.0,138.0,901.0,86.75374500023736,59.24820899963379,3.0,8.0,2.0,8.0,7.661086999974032,79.09265800026333,16.0,0.0,2.0,116.64653499997257,116.64770699997007,7.0
medium,tree_k8_b3,tree_async,gsm8k,7,10,,,,,,,,,,24.0,8.0,,,121.07194899994775,,139.0,8.0,147.0,1001.0,86.06294999981401,63.390493392944336,3.0,8.0,2.0,8.0,7.8128249999736,78.25012499984041,16.0,0.0,2.0,120.65833799999837,120.65888900008304,7.0
medium,tree_k8_b3,tree_async,gsm8k,7,11,,,,,,,,,,24.0,8.0,,,122.12877685707156,,148.0,8.0,156.0,1101.0,68.55043299981389,64.50366973876953,3.0,8.0,2.0,8.0,7.633815000076538,60.916617999737355,16.0,0.0,2.0,121.76551100003508,121.76744500004588,7.0
medium,tree_k8_b3,tree_async,gsm8k,7,12,,,,,,,,,,24.0,8.0,,,127.55228514290654,,157.0,8.0,165.0,1201.0,92.84216400010337,69.4580078125,3.0,8.0,2.0,8.0,11.687047000009443,81.15511700009392,16.0,0.0,2.0,126.74642599995423,126.74734699999135,7.0
medium,tree_k8_b3,tree_async,gsm8k,7,13,,,,,,,,,,24.0,8.0,,,125.33782242860084,,166.0,8.0,174.0,1301.0,72.28268399967419,68.37153434753418,3.0,8.0,2.0,8.0,8.028174000060062,64.25450999961413,16.0,0.0,2.0,124.91040700001577,124.91098800001055,7.0
medium,tree_k8_b3,tree_async,gsm8k,7,14,,,,,,,,,,24.0,8.0,,,132.14934099997689,,175.0,8.0,183.0,1401.0,99.25841400013269,74.39136505126953,3.0,8.0,2.0,8.0,7.511932999932469,91.74648100020022,16.0,0.0,2.0,131.81729600000835,131.81864900002438,7.0
medium,tree_k8_b3,tree_async,gsm8k,7,15,,,,,,,,,,24.0,8.0,,,134.00023142855497,,184.0,8.0,192.0,1501.0,94.15136999984952,76.62558555603027,3.0,8.0,2.0,8.0,7.492846999980429,86.65852299986909,16.0,0.0,2.0,133.63359799996033,133.6345809999102,7.0
medium,direct,direct,gsm8k,8,0,128.0,2976.0991771428535,55.22965714285714,2917.3851013183594,2920.8695199999966,27.622,27.607657142857143,,,,,,,,,,,,,,,,,,,,,,,,,,
medium,sync_k8,sync_spec,gsm8k,8,0,,,,,,,,0.0,8.0,8.0,4.0,33.94150733947754,37.789106369018555,95.03365214281015,28504.0,65.0,8.0,73.0,,,,,,,,,,,,,,,
medium,sync_k8,sync_spec,gsm8k,8,1,,,,,,,,1.0,8.0,8.0,8.0,34.85989570617676,37.610530853271484,94.72333357145973,1184.0,70.0,8.0,78.0,,,,,,,,,,,,,,,
medium,sync_k8,sync_spec,gsm8k,8,2,,,,,,,,2.0,8.0,8.0,8.0,35.49361228942871,42.4802303314209,100.37059357141891,47866.0,79.0,8.0,87.0,,,,,,,,,,,,,,,
medium,sync_k8,sync_spec,gsm8k,8,3,,,,,,,,3.0,8.0,8.0,2.0,40.40646553039551,42.5105094909668,100.23522799999283,2783.0,88.0,8.0,96.0,,,,,,,,,,,,,,,
medium,sync_k8,sync_spec,gsm8k,8,4,,,,,,,,4.0,8.0,8.0,8.0,34.859657287597656,45.83406448364258,103.15160700009633,512.0,91.0,8.0,99.0,,,,,,,,,,,,,,,
medium,sync_k8,sync_spec,gsm8k,8,5,,,,,,,,5.0,8.0,8.0,8.0,38.29622268676758,47.136783599853516,104.27131899995251,481.0,100.0,8.0,108.0,,,,,,,,,,,,,,,
medium,sync_k8,sync_spec,gsm8k,8,6,,,,,,,,6.0,8.0,8.0,8.0,35.373687744140625,51.306724548339844,108.08962357142376,198.0,109.0,8.0,117.0,,,,,,,,,,,,,,,
medium,sync_k8,sync_spec,gsm8k,8,7,,,,,,,,7.0,8.0,8.0,8.0,35.17746925354004,51.95760726928711,108.93448042853005,220.0,118.0,8.0,126.0,,,,,,,,,,,,,,,
medium,sync_k8,sync_spec,gsm8k,8,8,,,,,,,,8.0,8.0,8.0,8.0,37.80198097229004,56.17403984069824,112.5907118571014,8.0,127.0,8.0,135.0,,,,,,,,,,,,,,,
medium,sync_k8,sync_spec,gsm8k,8,9,,,,,,,,9.0,8.0,8.0,5.0,35.9034538269043,59.60822105407715,117.52638085712391,35.0,136.0,8.0,144.0,,,,,,,,,,,,,,,
medium,sync_k8,sync_spec,gsm8k,8,10,,,,,,,,10.0,8.0,8.0,2.0,35.567522048950195,61.727046966552734,118.55367871429765,12957.0,142.0,8.0,150.0,,,,,,,,,,,,,,,
medium,sync_k8,sync_spec,gsm8k,8,11,,,,,,,,11.0,8.0,8.0,6.0,32.49025344848633,62.103271484375,119.3088984286171,5624.0,145.0,8.0,153.0,,,,,,,,,,,,,,,
medium,sync_k8,sync_spec,gsm8k,8,12,,,,,,,,12.0,8.0,8.0,8.0,36.2544059753418,63.50564956665039,120.45439742855623,198.0,152.0,8.0,160.0,,,,,,,,,,,,,,,
medium,sync_k8,sync_spec,gsm8k,8,13,,,,,,,,13.0,8.0,8.0,8.0,32.301902770996094,69.49901580810547,127.00947828578781,13.0,161.0,8.0,169.0,,,,,,,,,,,,,,,
medium,sync_k8,sync_spec,gsm8k,8,14,,,,,,,,14.0,8.0,8.0,8.0,36.0567569732666,72.0527172088623,128.9587182856741,25.0,170.0,8.0,178.0,,,,,,,,,,,,,,,
medium,sync_k8,sync_spec,gsm8k,8,15,,,,,,,,15.0,8.0,8.0,8.0,37.86182403564453,73.25220108032227,130.94540485720495,13.0,179.0,8.0,187.0,,,,,,,,,,,,,,,
medium,sync_k8,sync_spec,gsm8k,8,16,,,,,,,,16.0,8.0,8.0,8.0,35.32552719116211,77.32367515563965,134.0619085713629,11192.0,188.0,8.0,196.0,,,,,,,,,,,,,,,
medium,tree_k8_b3,tree_async,gsm8k,8,0,,,,,,,,,,22.0,4.0,,,101.36581257140357,,65.0,8.0,73.0,0.0,126.93461699996078,44.18587684631348,3.0,0.0,2.0,4.0,33.97180500007835,92.96281199988243,14.0,0.0,2.0,100.82652999994934,100.82755199994153,0.0
medium,tree_k8_b3,tree_async,gsm8k,8,1,,,,,,,,,,24.0,8.0,,,93.32993657144445,,70.0,8.0,78.0,101.0,130.9667239999044,36.56482696533203,3.0,8.0,2.0,8.0,37.87023099994258,93.09649299996181,16.0,0.0,2.0,92.74539399996229,92.74596499994914,7.0
medium,tree_k8_b3,tree_async,gsm8k,8,2,,,,,,,,,,24.0,8.0,,,99.20819257143114,,79.0,8.0,87.0,201.0,102.59927300000982,42.35124588012695,3.0,8.0,2.0,8.0,7.201206999980059,95.39806600002976,16.0,0.0,2.0,98.20004200003041,98.20135400002528,7.0
medium,tree_k8_b3,tree_async,gsm8k,8,3,,,,,,,,,,24.0,2.0,,,99.31286057141196,,88.0,8.0,96.0,300.0,104.89320399994995,41.820526123046875,3.0,0.0,2.0,2.0,7.580437000001439,97.31276699994851,16.0,0.0,2.0,98.27180800004953,98.27264000000469,0.0
medium,tree_k8_b3,tree_async,gsm8k,8,4,,,,,,,,,,24.0,8.0,,,103.63909042854871,,91.0,8.0,99.0,401.0,109.83537200013416,46.19860649108887,3.0,8.0,2.0,8.0,33.353699000031156,76.481673000103,16.0,0.0,2.0,102.99063899992689,102.99148099988997,7.0
medium,tree_k8_b3,tree_async,gsm8k,8,5,,,,,,,,,,24.0,8.0,,,105.26102442854139,,100.0,8.0,108.0,501.0,72.15069400012908,46.94366455078125,3.0,8.0,2.0,8.0,7.0596979999209,65.09099600020818,16.0,0.0,2.0,104.97958700000254,104.9803979999524,7.0
medium,tree_k8_b3,tree_async,gsm8k,8,6,,,,,,,,,,24.0,8.0,,,108.97380942862969,,109.0,8.0,117.0,601.0,91.74669399965296,51.54228210449219,3.0,8.0,2.0,8.0,7.087881999950696,84.65881199970227,16.0,0.0,2.0,108.71750800004065,108.71919100009109,7.0
medium,tree_k8_b3,tree_async,gsm8k,8,7,,,,,,,,,,24.0,8.0,,,109.25643699997579,,118.0,8.0,126.0,701.0,97.35369700001684,52.216291427612305,3.0,8.0,2.0,8.0,10.436011000024337,86.9176859999925,16.0,0.0,2.0,108.63932899997053,108.64023999999972,7.0
medium,tree_k8_b3,tree_async,gsm8k,8,8,,,,,,,,,,24.0,8.0,,,114.30164128582115,,127.0,8.0,135.0,801.0,86.32222199992157,57.05595016479492,3.0,8.0,2.0,8.0,7.968645000005381,78.35357699991619,16.0,0.0,2.0,114.0417689999822,114.04474500000106,7.0
medium,tree_k8_b3,tree_async,gsm8k,8,9,,,,,,,,,,24.0,5.0,,,118.08916785704554,,136.0,8.0,144.0,900.0,76.75405699990279,59.59296226501465,3.0,0.0,2.0,5.0,8.219551000024694,68.53450599987809,16.0,0.0,2.0,117.19376499991085,117.19507699990572,0.0
medium,tree_k8_b3,tree_async,gsm8k,8,10,,,,,,,,,,24.0,2.0,,,122.07252699991827,,142.0,8.0,150.0,1000.0,117.44351700019706,63.46297264099121,3.0,0.0,2.0,2.0,33.300233000090884,84.14328400010618,16.0,0.0,2.0,121.1019170000327,121.10369000004084,0.0
medium,tree_k8_b3,tree_async,gsm8k,8,11,,,,,,,,,,22.0,6.0,,,121.5592300000969,,145.0,8.0,153.0,1100.0,146.76701000007597,64.02397155761719,3.0,0.0,2.0,6.0,32.15533000002324,114.61168000005273,14.0,0.0,2.0,120.79058500000883,120.79222800002754,0.0
medium,tree_k8_b3,tree_async,gsm8k,8,12,,,,,,,,,,24.0,8.0,,,121.33587242858457,,152.0,8.0,160.0,1201.0,121.89535300001353,63.48371505737305,3.0,8.0,2.0,8.0,35.07056599994485,86.82478700006868,16.0,0.0,2.0,120.74390699990545,120.74522899990825,7.0
medium,tree_k8_b3,tree_async,gsm8k,8,13,,,,,,,,,,24.0,8.0,,,124.73743228564406,,161.0,8.0,169.0,1301.0,98.55412199999591,67.2006607055664,3.0,8.0,2.0,8.0,7.62513199993009,90.92899000006582,16.0,0.0,2.0,123.25746999999865,123.2591829999592,7.0
medium,tree_k8_b3,tree_async,gsm8k,8,14,,,,,,,,,,24.0,8.0,,,132.23599485707533,,170.0,8.0,178.0,1401.0,116.8592979998948,73.71187210083008,3.0,8.0,2.0,8.0,7.433948999960194,109.42534899993461,16.0,0.0,2.0,131.56196199997794,131.56333500000983,7.0
medium,tree_k8_b3,tree_async,gsm8k,8,15,,,,,,,,,,24.0,8.0,,,132.34555785716816,,179.0,8.0,187.0,1501.0,84.73123000010219,74.71823692321777,3.0,8.0,2.0,8.0,9.551389999955973,75.17984000014621,16.0,0.0,2.0,132.02400000000125,132.02517199999875,7.0
medium,tree_k8_b3,tree_async,gsm8k,8,16,,,,,,,,,,24.0,8.0,,,137.09968057144715,,188.0,8.0,196.0,1601.0,113.17831899975772,79.23126220703125,3.0,8.0,2.0,8.0,9.64915600002314,103.52916299973458,16.0,0.0,2.0,136.87017900008414,136.87173200003144,7.0
medium,direct,direct,gsm8k,9,0,128.0,3046.6001641427943,55.22765714285714,2988.074541091919,2991.3725069999373,27.6072,27.62045714285714,,,,,,,,,,,,,,,,,,,,,,,,,,
medium,sync_k8,sync_spec,gsm8k,9,0,,,,,,,,0.0,8.0,8.0,4.0,40.35496711730957,33.59174728393555,90.37355400003702,6177.0,56.0,8.0,64.0,,,,,,,,,,,,,,,
medium,sync_k8,sync_spec,gsm8k,9,1,,,,,,,,1.0,8.0,8.0,8.0,36.325693130493164,35.75778007507324,92.29740457147402,1033.0,61.0,8.0,69.0,,,,,,,,,,,,,,,
medium,sync_k8,sync_spec,gsm8k,9,2,,,,,,,,2.0,8.0,8.0,8.0,36.58556938171387,41.60118103027344,98.5209415713934,1795.0,70.0,8.0,78.0,,,,,,,,,,,,,,,
medium,sync_k8,sync_spec,gsm8k,9,3,,,,,,,,3.0,8.0,8.0,8.0,37.08291053771973,53.276777267456055,111.10354257140668,1372.0,79.0,8.0,87.0,,,,,,,,,,,,,,,
medium,sync_k8,sync_spec,gsm8k,9,4,,,,,,,,4.0,8.0,8.0,8.0,36.44585609436035,44.289350509643555,101.06187100005126,279.0,88.0,8.0,96.0,,,,,,,,,,,,,,,
medium,sync_k8,sync_spec,gsm8k,9,5,,,,,,,,5.0,8.0,8.0,8.0,33.90836715698242,46.38481140136719,102.71017342856022,1251.0,97.0,8.0,105.0,,,,,,,,,,,,,,,
medium,sync_k8,sync_spec,gsm8k,9,6,,,,,,,,6.0,8.0,8.0,8.0,35.964250564575195,52.47068405151367,108.84039499996054,1372.0,106.0,8.0,114.0,,,,,,,,,,,,,,,
medium,sync_k8,sync_spec,gsm8k,9,7,,,,,,,,7.0,8.0,8.0,8.0,36.060333251953125,51.81407928466797,108.06296000000297,2701.0,115.0,8.0,123.0,,,,,,,,,,,,,,,
medium,sync_k8,sync_spec,gsm8k,9,8,,,,,,,,8.0,8.0,8.0,8.0,37.61744499206543,56.2894344329834,112.93349628574003,12.0,124.0,8.0,132.0,,,,,,,,,,,,,,,
medium,sync_k8,sync_spec,gsm8k,9,9,,,,,,,,9.0,8.0,8.0,8.0,34.626007080078125,58.606863021850586,115.93052571427486,76304.0,133.0,8.0,141.0,,,,,,,,,,,,,,,
medium,sync_k8,sync_spec,gsm8k,9,10,,,,,,,,10.0,8.0,8.0,8.0,35.84933280944824,63.260793685913086,121.05767900000284,220.0,142.0,8.0,150.0,,,,,,,,,,,,,,,
medium,sync_k8,sync_spec,gsm8k,9,11,,,,,,,,11.0,8.0,8.0,8.0,36.56411170959473,65.68431854248047,122.90324842857765,633.0,151.0,8.0,159.0,,,,,,,,,,,,,,,
medium,sync_k8,sync_spec,gsm8k,9,12,,,,,,,,12.0,8.0,8.0,8.0,39.76297378540039,68.87221336364746,126.09962342850157,488.0,160.0,8.0,168.0,,,,,,,,,,,,,,,
medium,sync_k8,sync_spec,gsm8k,9,13,,,,,,,,13.0,8.0,8.0,8.0,35.76827049255371,74.13911819458008,132.62847985717193,19.0,169.0,8.0,177.0,,,,,,,,,,,,,,,
medium,sync_k8,sync_spec,gsm8k,9,14,,,,,,,,14.0,8.0,8.0,4.0,37.00518608093262,73.10914993286133,130.38967900000063,1052.0,178.0,8.0,186.0,,,,,,,,,,,,,,,
medium,sync_k8,sync_spec,gsm8k,9,15,,,,,,,,15.0,8.0,8.0,8.0,36.679983139038086,73.78792762756348,130.89045400002732,2790.0,183.0,8.0,191.0,,,,,,,,,,,,,,,
medium,tree_k8_b3,tree_async,gsm8k,9,0,,,,,,,,,,24.0,4.0,,,91.10710700006888,,56.0,8.0,64.0,0.0,125.80192799998713,33.73861312866211,3.0,0.0,2.0,4.0,38.11785699997472,87.68407100001241,16.0,0.0,2.0,90.55327700002636,90.55407799996829,0.0
medium,tree_k8_b3,tree_async,gsm8k,9,1,,,,,,,,,,24.0,8.0,,,91.82047957143043,,61.0,8.0,69.0,100.0,94.8198669999556,35.26806831359863,3.0,0.0,2.0,8.0,33.94324200007759,60.876624999878004,16.0,0.0,2.0,91.31969099996695,91.32068299993534,0.0
medium,tree_k8_b3,tree_async,gsm8k,9,2,,,,,,,,,,22.0,8.0,,,93.55207100008414,,70.0,8.0,78.0,201.0,116.6949849998673,37.13655471801758,3.0,8.0,2.0,8.0,35.272716000008586,81.42226899985872,14.0,0.6408859999282868,2.0,93.1924970000182,93.19359900007385,6.0
medium,tree_k8_b3,tree_async,gsm8k,9,3,,,,,,,,,,24.0,8.0,,,97.14303999992259,,79.0,8.0,87.0,301.0,79.36060700001235,40.59100151062012,3.0,8.0,2.0,8.0,11.08670799999345,68.2738990000189,16.0,0.0,2.0,96.71308000008594,96.71416200001204,7.0
medium,tree_k8_b3,tree_async,gsm8k,9,4,,,,,,,,,,24.0,8.0,,,98.02095799998777,,88.0,8.0,96.0,401.0,71.13877899985255,41.61357879638672,3.0,8.0,2.0,8.0,7.1167720000175905,64.02200699983496,16.0,0.0,2.0,97.80416299997796,97.80518499997015,7.0
medium,tree_k8_b3,tree_async,gsm8k,9,5,,,,,,,,,,24.0,8.0,,,103.63145800002712,,97.0,8.0,105.0,501.0,81.50877900004616,46.59461975097656,3.0,8.0,2.0,8.0,7.093736999991052,74.41504200005511,16.0,0.0,2.0,102.85005299999739,102.85108499999751,7.0
medium,tree_k8_b3,tree_async,gsm8k,9,6,,,,,,,,,,24.0,8.0,,,109.69328657143515,,106.0,8.0,114.0,601.0,88.53769500001363,51.180124282836914,3.0,8.0,2.0,8.0,5.972229000008156,82.56546600000547,16.0,0.0,2.0,109.14968099996258,109.15098400005263,7.0
medium,tree_k8_b3,tree_async,gsm8k,9,7,,,,,,,,,,24.0,8.0,,,111.38164357143026,,115.0,8.0,123.0,700.0,102.57704399975864,53.96676063537598,3.0,0.0,2.0,8.0,7.375882000019374,95.20116199973927,16.0,0.0,2.0,110.87565799994081,110.87634900002286,0.0
medium,tree_k8_b3,tree_async,gsm8k,9,8,,,,,,,,,,24.0,8.0,,,113.66152085714691,,124.0,8.0,132.0,801.0,106.20477200006917,56.33807182312012,3.0,8.0,2.0,8.0,33.43898100001752,72.76579100005165,16.0,0.0,2.0,113.2916760000171,113.29243800003042,7.0
medium,tree_k8_b3,tree_async,gsm8k,9,9,,,,,,,,,,24.0,8.0,,,115.60795271432633,,133.0,8.0,141.0,901.0,74.62052000005315,58.295488357543945,3.0,8.0,2.0,8.0,7.468066999990697,67.15245300006245,16.0,0.0,2.0,115.0231620000568,115.02382399999078,7.0
medium,tree_k8_b3,tree_async,gsm8k,9,10,,,,,,,,,,24.0,8.0,,,124.37379585714154,,142.0,8.0,150.0,1001.0,88.2376929999964,66.26367568969727,3.0,8.0,2.0,8.0,7.575761999987662,80.66193100000874,16.0,0.0,2.0,124.15392600007635,124.15506800005005,7.0
medium,tree_k8_b3,tree_async,gsm8k,9,11,,,,,,,,,,24.0,8.0,,,121.24813585714496,,151.0,8.0,159.0,1101.0,94.13994800002001,63.7669563293457,3.0,8.0,2.0,8.0,8.18605100005243,85.95389699996758,16.0,0.0,2.0,120.71192099995187,120.71319299991501,7.0
medium,tree_k8_b3,tree_async,gsm8k,9,12,,,,,,,,,,24.0,8.0,,,123.73523142861121,,160.0,8.0,168.0,1201.0,103.05180500017741,66.83802604675293,3.0,8.0,2.0,8.0,8.605376000105025,94.44642900007238,16.0,0.0,2.0,123.45234399992933,123.452895000014,7.0
medium,tree_k8_b3,tree_async,gsm8k,9,13,,,,,,,,,,24.0,8.0,,,129.08786928564683,,169.0,8.0,177.0,1301.0,110.87344399993526,71.9301700592041,3.0,8.0,2.0,8.0,10.479834999955528,100.39360899997973,16.0,0.0,2.0,128.71612499998264,128.71690700001182,7.0
medium,tree_k8_b3,tree_async,gsm8k,9,14,,,,,,,,,,24.0,4.0,,,134.61284499997493,,178.0,8.0,186.0,1400.0,114.69661199998882,76.42507553100586,3.0,0.0,2.0,4.0,8.677400999999918,106.0192109999889,16.0,0.0,2.0,133.87642000009237,133.87797300003967,0.0
medium,tree_k8_b3,tree_async,gsm8k,9,15,,,,,,,,,,24.0,8.0,,,131.919423428568,,183.0,8.0,191.0,1501.0,136.17515400028424,75.0112533569336,3.0,8.0,2.0,8.0,34.339005999981964,101.83614800030227,16.0,0.0,2.0,131.36500400003115,131.365575000018,7.0
medium,direct,direct,gsm8k,10,0,128.0,3081.348877142934,55.24725714285714,3023.393392562866,3026.1016200000768,27.6268,27.62045714285714,,,,,,,,,,,,,,,,,,,,,,,,,,
medium,sync_k8,sync_spec,gsm8k,10,0,,,,,,,,0.0,8.0,8.0,8.0,37.358760833740234,39.943695068359375,97.18341471433942,89883.0,62.0,8.0,70.0,,,,,,,,,,,,,,,
medium,sync_k8,sync_spec,gsm8k,10,1,,,,,,,,1.0,8.0,8.0,6.0,38.7263298034668,39.134979248046875,96.25323500001448,220.0,71.0,8.0,79.0,,,,,,,,,,,,,,,
medium,sync_k8,sync_spec,gsm8k,10,2,,,,,,,,2.0,8.0,8.0,8.0,37.186622619628906,42.08111763000488,99.08327757139253,1493.0,78.0,8.0,86.0,,,,,,,,,,,,,,,
medium,sync_k8,sync_spec,gsm8k,10,3,,,,,,,,3.0,8.0,8.0,4.0,35.70914268493652,45.580148696899414,103.21893057146775,3070.0,87.0,8.0,95.0,,,,,,,,,,,,,,,
medium,sync_k8,sync_spec,gsm8k,10,4,,,,,,,,4.0,8.0,8.0,3.0,37.290334701538086,48.13957214355469,105.53874157148097,46629.0,92.0,8.0,100.0,,,,,,,,,,,,,,,
medium,sync_k8,sync_spec,gsm8k,10,5,,,,,,,,5.0,8.0,8.0,1.0,35.269975662231445,47.762155532836914,104.5741449999893,4379.0,96.0,8.0,104.0,,,,,,,,,,,,,,,
medium,sync_k8,sync_spec,gsm8k,10,6,,,,,,,,6.0,8.0,8.0,4.0,34.890174865722656,46.973466873168945,104.73915399994237,646.0,98.0,8.0,106.0,,,,,,,,,,,,,,,
medium,sync_k8,sync_spec,gsm8k,10,7,,,,,,,,7.0,8.0,8.0,8.0,35.55703163146973,46.75602912902832,103.6207624286093,304.0,103.0,8.0,111.0,,,,,,,,,,,,,,,
medium,sync_k8,sync_spec,gsm8k,10,8,,,,,,,,8.0,8.0,8.0,8.0,36.50951385498047,51.946163177490234,108.60071414283816,5670.0,112.0,8.0,120.0,,,,,,,,,,,,,,,
medium,sync_k8,sync_spec,gsm8k,10,9,,,,,,,,9.0,8.0,8.0,8.0,35.03584861755371,55.42469024658203,111.80665299991378,1318.0,121.0,8.0,129.0,,,,,,,,,,,,,,,
medium,sync_k8,sync_spec,gsm8k,10,10,,,,,,,,10.0,8.0,8.0,5.0,35.36486625671387,57.0068359375,113.4442592857072,4379.0,130.0,8.0,138.0,,,,,,,,,,,,,,,
medium,sync_k8,sync_spec,gsm8k,10,11,,,,,,,,11.0,8.0,8.0,8.0,36.524057388305664,58.707237243652344,116.02606957135475,1124.0,136.0,8.0,144.0,,,,,,,,,,,,,,,
medium,sync_k8,sync_spec,gsm8k,10,12,,,,,,,,12.0,8.0,8.0,8.0,32.37152099609375,62.502384185791016,119.31842542855439,90.0,145.0,8.0,153.0,,,,,,,,,,,,,,,
medium,sync_k8,sync_spec,gsm8k,10,13,,,,,,,,13.0,8.0,8.0,8.0,35.82954406738281,68.85218620300293,126.30893528574526,90.0,154.0,8.0,162.0,,,,,,,,,,,,,,,
medium,sync_k8,sync_spec,gsm8k,10,14,,,,,,,,14.0,8.0,8.0,8.0,36.25941276550293,70.50228118896484,128.29295185713818,13.0,163.0,8.0,171.0,,,,,,,,,,,,,,,
medium,sync_k8,sync_spec,gsm8k,10,15,,,,,,,,15.0,8.0,8.0,8.0,35.36701202392578,74.8741626739502,132.8267562856549,25.0,172.0,8.0,180.0,,,,,,,,,,,,,,,
medium,sync_k8,sync_spec,gsm8k,10,16,,,,,,,,16.0,8.0,8.0,8.0,35.89892387390137,74.34821128845215,131.74973985719583,90.0,181.0,8.0,189.0,,,,,,,,,,,,,,,
medium,tree_k8_b3,tree_async,gsm8k,10,0,,,,,,,,,,22.0,8.0,,,100.26828057141886,,62.0,8.0,70.0,0.0,126.53259200010325,42.39225387573242,3.0,0.0,2.0,8.0,38.30470399998376,88.22788800011949,14.0,0.2834079999729511,2.0,100.02851299998383,100.02914400001828,0.0
medium,tree_k8_b3,tree_async,gsm8k,10,1,,,,,,,,,,24.0,6.0,,,96.6207714285504,,71.0,8.0,79.0,100.0,111.20232800021768,39.63971138000488,3.0,0.0,2.0,6.0,33.571860000051856,77.63046800016582,16.0,0.0,2.0,96.45822700008466,96.45910900007948,0.0
medium,tree_k8_b3,tree_async,gsm8k,10,2,,,,,,,,,,24.0,8.0,,,99.14768857143193,,78.0,8.0,86.0,201.0,104.98702299980778,42.168617248535156,3.0,8.0,2.0,8.0,33.28646799991475,71.70055499989303,16.0,0.0,2.0,98.81050199999208,98.81144399992081,7.0
medium,tree_k8_b3,tree_async,gsm8k,10,3,,,,,,,,,,24.0,4.0,,,101.17801642858963,,87.0,8.0,95.0,300.0,89.09860300013861,44.2805290222168,3.0,0.0,2.0,4.0,10.768224999992526,78.33037800014608,16.0,0.0,2.0,100.77291599998262,100.77448900005948,0.0
medium,tree_k8_b3,tree_async,gsm8k,10,4,,,,,,,,,,24.0,3.0,,,101.19532699991045,,92.0,8.0,100.0,400.0,104.39999899972463,44.6164608001709,3.0,0.0,2.0,3.0,33.25085999995281,71.14913899977182,16.0,0.0,2.0,101.09624899996561,101.09721999992871,0.0
medium,tree_k8_b3,tree_async,gsm8k,10,5,,,,,,,,,,24.0,1.0,,,102.82916899993478,,96.0,8.0,104.0,500.0,112.56218100004389,46.07725143432617,3.0,0.0,2.0,1.0,33.2462610000448,79.3159199999991,16.0,0.0,2.0,102.56638800001383,102.56824200007486,0.0
medium,tree_k8_b3,tree_async,gsm8k,10,6,,,,,,,,,,24.0,4.0,,,103.98357057140518,,98.0,8.0,106.0,600.0,118.75691000000188,47.261953353881836,3.0,0.0,2.0,4.0,33.20279800004755,85.55411199995433,16.0,0.0,2.0,103.77564400005213,103.77708700002586,0.0
medium,tree_k8_b3,tree_async,gsm8k,10,7,,,,,,,,,,24.0,8.0,,,103.5592235713533,,103.0,8.0,111.0,701.0,101.16967799979193,46.819448471069336,3.0,8.0,2.0,8.0,33.030040999960875,68.13963699983105,16.0,0.0,2.0,103.28804599998875,103.28874800006815,7.0
medium,tree_k8_b3,tree_async,gsm8k,10,8,,,,,,,,,,24.0,8.0,,,108.2855111428244,,112.0,8.0,120.0,801.0,79.3148879997716,51.491498947143555,3.0,8.0,2.0,8.0,7.054546999938793,72.2603409998328,16.0,0.0,2.0,108.13218099997357,108.13332400005038,7.0
medium,tree_k8_b3,tree_async,gsm8k,10,9,,,,,,,,,,24.0,8.0,,,115.49090099992699,,121.0,8.0,129.0,901.0,77.94430399997054,58.046817779541016,3.0,8.0,2.0,8.0,8.005581000020356,69.93872299995019,16.0,0.0,2.0,115.22085399997195,115.22197599992978,7.0
medium,tree_k8_b3,tree_async,gsm8k,10,10,,,,,,,,,,24.0,5.0,,,114.33524899998793,,130.0,8.0,138.0,1000.0,83.86499099992761,57.60478973388672,3.0,0.0,2.0,5.0,7.112686999903417,76.7523040000242,16.0,0.0,2.0,113.88604900002974,113.88674099998752,0.0
medium,tree_k8_b3,tree_async,gsm8k,10,11,,,,,,,,,,24.0,8.0,,,115.6163780000572,,136.0,8.0,144.0,1101.0,114.73485099975278,58.79044532775879,3.0,8.0,2.0,8.0,33.43051799993191,81.30433299982087,16.0,0.0,2.0,115.08992500000659,115.09071600005427,7.0
medium,tree_k8_b3,tree_async,gsm8k,10,12,,,,,,,,,,24.0,8.0,,,119.14431600001772,,145.0,8.0,153.0,1201.0,97.84463100004359,62.450408935546875,3.0,8.0,2.0,8.0,7.096797000031074,90.74783400001252,16.0,0.0,2.0,118.89543600000252,118.89636799992331,7.0
medium,tree_k8_b3,tree_async,gsm8k,10,13,,,,,,,,,,24.0,8.0,,,122.92161185712457,,154.0,8.0,162.0,1301.0,112.9910409998729,66.35212898254395,3.0,8.0,2.0,8.0,5.767934999994395,107.2231059998785,16.0,0.0,2.0,122.71360199997616,122.71435299999212,7.0
medium,tree_k8_b3,tree_async,gsm8k,10,14,,,,,,,,,,24.0,8.0,,,123.86158228565502,,163.0,8.0,171.0,1401.0,102.33624299985422,67.3527717590332,3.0,8.0,2.0,8.0,7.053494999922805,95.28274799993142,16.0,0.0,2.0,123.45570100001169,123.45652199996948,7.0
medium,tree_k8_b3,tree_async,gsm8k,10,15,,,,,,,,,,24.0,8.0,,,128.33068828578823,,172.0,8.0,180.0,1501.0,108.9986399999816,71.39468193054199,3.0,8.0,2.0,8.0,7.1335170000565995,101.865122999925,16.0,0.0,2.0,127.96877799996764,127.97031100001277,7.0
medium,tree_k8_b3,tree_async,gsm8k,10,16,,,,,,,,,,24.0,8.0,,,133.483739857138,,181.0,8.0,189.0,1601.0,85.70784199991976,75.79946517944336,3.0,8.0,2.0,8.0,7.3545650000141904,78.35327699990557,16.0,0.0,2.0,132.98634199998105,132.98753499998384,7.0
medium,direct,direct,humaneval,1,0,128.0,3084.7133378571775,55.30234285714286,3026.7481803894043,3029.4109950000347,27.6796,27.622742857142857,,,,,,,,,,,,,,,,,,,,,,,,,,
medium,sync_k8,sync_spec,humaneval,1,0,,,,,,,,0.0,8.0,8.0,1.0,37.56308555603027,55.193424224853516,112.40761857147147,10615.0,119.0,8.0,127.0,,,,,,,,,,,,,,,
medium,sync_k8,sync_spec,humaneval,1,1,,,,,,,,1.0,8.0,8.0,0.0,35.93778610229492,55.97734451293945,112.78544400005299,2019.0,121.0,8.0,129.0,,,,,,,,,,,,,,,
medium,sync_k8,sync_spec,humaneval,1,2,,,,,,,,2.0,8.0,8.0,8.0,34.416913986206055,55.87434768676758,112.61603999998235,6189.0,122.0,8.0,130.0,,,,,,,,,,,,,,,
medium,sync_k8,sync_spec,humaneval,1,3,,,,,,,,3.0,8.0,8.0,5.0,35.14266014099121,58.947086334228516,115.44673757136485,1932.0,131.0,8.0,139.0,,,,,,,,,,,,,,,
medium,sync_k8,sync_spec,humaneval,1,4,,,,,,,,4.0,8.0,8.0,8.0,34.208059310913086,61.53392791748047,117.95465199994788,2057.0,137.0,8.0,145.0,,,,,,,,,,,,,,,
medium,sync_k8,sync_spec,humaneval,1,5,,,,,,,,5.0,8.0,8.0,8.0,36.538124084472656,63.41218948364258,120.81859685714645,340.0,146.0,8.0,154.0,,,,,,,,,,,,,,,
medium,sync_k8,sync_spec,humaneval,1,6,,,,,,,,6.0,8.0,8.0,1.0,34.140825271606445,67.35515594482422,124.11274642855781,421.0,155.0,8.0,163.0,,,,,,,,,,,,,,,
medium,sync_k8,sync_spec,humaneval,1,7,,,,,,,,7.0,8.0,8.0,8.0,35.55774688720703,67.83914566040039,125.28458342851705,340.0,157.0,8.0,165.0,,,,,,,,,,,,,,,
medium,sync_k8,sync_spec,humaneval,1,8,,,,,,,,8.0,8.0,8.0,8.0,34.636497497558594,68.57776641845703,125.64622857148093,10615.0,166.0,8.0,174.0,,,,,,,,,,,,,,,
medium,sync_k8,sync_spec,humaneval,1,9,,,,,,,,9.0,8.0,8.0,2.0,36.82208061218262,72.06130027770996,128.87127528574922,2.0,175.0,8.0,183.0,,,,,,,,,,,,,,,
medium,sync_k8,sync_spec,humaneval,1,10,,,,,,,,10.0,8.0,8.0,0.0,35.26711463928223,74.08690452575684,131.60051400007103,4248.0,178.0,8.0,186.0,,,,,,,,,,,,,,,
medium,sync_k8,sync_spec,humaneval,1,11,,,,,,,,11.0,8.0,8.0,1.0,41.115522384643555,74.27859306335449,131.8414014284701,311.0,179.0,8.0,187.0,,,,,,,,,,,,,,,
medium,sync_k8,sync_spec,humaneval,1,12,,,,,,,,12.0,8.0,8.0,2.0,35.50577163696289,74.67246055603027,132.3347935714197,57323.0,181.0,8.0,189.0,,,,,,,,,,,,,,,
medium,sync_k8,sync_spec,humaneval,1,13,,,,,,,,13.0,8.0,8.0,2.0,35.32862663269043,75.31523704528809,132.24688900003275,6291.0,184.0,8.0,192.0,,,,,,,,,,,,,,,
medium,sync_k8,sync_spec,humaneval,1,14,,,,,,,,14.0,8.0,8.0,8.0,34.58690643310547,78.99665832519531,136.34336599996732,18435.0,187.0,8.0,195.0,,,,,,,,,,,,,,,
medium,sync_k8,sync_spec,humaneval,1,15,,,,,,,,15.0,8.0,8.0,8.0,35.753488540649414,79.89215850830078,137.01257585716667,18.0,196.0,8.0,204.0,,,,,,,,,,,,,,,
medium,sync_k8,sync_spec,humaneval,1,16,,,,,,,,16.0,8.0,8.0,8.0,36.36932373046875,83.58049392700195,140.12447642859115,220.0,205.0,8.0,213.0,,,,,,,,,,,,,,,
medium,sync_k8,sync_spec,humaneval,1,17,,,,,,,,17.0,8.0,8.0,7.0,35.09879112243652,87.82243728637695,145.55087799999265,1125.0,214.0,8.0,222.0,,,,,,,,,,,,,,,
medium,sync_k8,sync_spec,humaneval,1,18,,,,,,,,18.0,8.0,8.0,8.0,37.645578384399414,90.47555923461914,147.85203999997125,2060.0,222.0,8.0,230.0,,,,,,,,,,,,,,,
medium,sync_k8,sync_spec,humaneval,1,19,,,,,,,,19.0,8.0,8.0,8.0,36.197662353515625,92.03410148620605,149.6396598570419,11.0,231.0,8.0,239.0,,,,,,,,,,,,,,,
medium,sync_k8,sync_spec,humaneval,1,20,,,,,,,,20.0,8.0,8.0,8.0,37.02545166015625,96.03333473205566,153.79901028578956,20.0,240.0,8.0,248.0,,,,,,,,,,,,,,,
medium,tree_k8_b3,tree_async,humaneval,1,0,,,,,,,,,,24.0,1.0,,,113.78879057139541,,119.0,8.0,127.0,0.0,148.75425799982622,55.86099624633789,3.0,0.0,2.0,1.0,42.103135999923325,106.6511219999029,16.0,0.0,2.0,113.10955999999805,113.11040099997172,0.0
medium,tree_k8_b3,tree_async,humaneval,1,1,,,,,,,,,,24.0,0.0,,,114.91200642864776,,121.0,8.0,129.0,100.0,119.75282100002005,57.28912353515625,3.0,0.0,2.0,0.0,34.43308600003547,85.31973499998458,16.0,0.0,2.0,114.68593899996904,114.6866599999612,0.0
medium,tree_k8_b3,tree_async,humaneval,1,2,,,,,,,,,,24.0,8.0,,,112.20016199996982,,122.0,8.0,130.0,201.0,108.94905500003915,55.41086196899414,3.0,8.0,2.0,8.0,35.917358999995486,73.03169600004367,16.0,0.0,2.0,111.83397100001002,111.83466300008149,7.0
medium,tree_k8_b3,tree_async,humaneval,1,3,,,,,,,,,,24.0,5.0,,,115.0899019999784,,131.0,8.0,139.0,300.0,70.76351499995326,57.901620864868164,3.0,0.0,2.0,5.0,7.250441999985924,63.513072999967335,16.0,0.0,2.0,114.95759599995381,114.95944900002542,0.0
medium,tree_k8_b3,tree_async,humaneval,1,4,,,,,,,,,,24.0,8.0,,,119.77504399996116,,137.0,8.0,145.0,401.0,120.03425399996104,62.20054626464844,3.0,8.0,2.0,8.0,33.19265099992208,86.84160300003896,16.0,0.0,2.0,119.61061199997403,119.61176399995566,7.0
medium,tree_k8_b3,tree_async,humaneval,1,5,,,,,,,,,,24.0,8.0,,,124.63952042863357,,146.0,8.0,154.0,501.0,68.01315099994554,66.80727005004883,3.0,8.0,2.0,8.0,7.1019319999550135,60.911218999990524,16.0,0.0,2.0,124.50827200007097,124.5092440000235,7.0
medium,tree_k8_b3,tree_async,humaneval,1,6,,,,,,,,,,24.0,1.0,,,126.47115642861402,,155.0,8.0,163.0,600.0,83.22435399998085,68.76683235168457,3.0,0.0,2.0,1.0,9.027102999993986,74.19725099998686,16.0,0.0,2.0,125.71543199999269,125.71679400002722,0.0
medium,tree_k8_b3,tree_async,humaneval,1,7,,,,,,,,,,24.0,8.0,,,126.00706985714021,,157.0,8.0,165.0,701.0,113.37486500019622,68.7563419342041,3.0,8.0,2.0,8.0,34.16289100005088,79.21197400014535,16.0,0.0,2.0,125.6104909999749,125.61160400002791,7.0
medium,tree_k8_b3,tree_async,humaneval,1,8,,,,,,,,,,24.0,8.0,,,127.50691157138532,,166.0,8.0,174.0,801.0,74.57433800004765,70.57833671569824,3.0,8.0,2.0,8.0,7.353629000022011,67.22070900002564,16.0,0.0,2.0,127.62362099999791,127.625643999977,7.0
medium,tree_k8_b3,tree_async,humaneval,1,9,,,,,,,,,,24.0,2.0,,,131.95494928573055,,175.0,8.0,183.0,900.0,77.28710399987904,74.10144805908203,3.0,0.0,2.0,2.0,8.86168900001394,68.4254149998651,16.0,0.0,2.0,131.38715900004172,131.3896440000235,0.0
medium,tree_k8_b3,tree_async,humaneval,1,10,,,,,,,,,,24.0,0.0,,,130.88936100007356,,178.0,8.0,186.0,1000.0,120.53453000009995,73.86159896850586,3.0,0.0,2.0,0.0,34.66143299999658,85.87309700010337,16.0,0.0,2.0,129.96092299999873,129.96200499992483,0.0
medium,tree_k8_b3,tree_async,humaneval,1,11,,,,,,,,,,24.0,1.0,,,130.6407994285439,,179.0,8.0,187.0,1100.0,105.37965799971971,73.50015640258789,3.0,0.0,2.0,1.0,33.70868699994389,71.67097099977582,16.0,0.0,2.0,130.29223099999854,130.29363400005423,0.0
medium,tree_k8_b3,tree_async,humaneval,1,12,,,,,,,,,,24.0,2.0,,,133.32792300006452,,181.0,8.0,189.0,1200.0,110.28369099994961,75.90985298156738,3.0,0.0,2.0,2.0,36.97741700000279,73.30627399994682,16.0,0.0,2.0,133.1683470000371,133.17016999997122,0.0
medium,tree_k8_b3,tree_async,humaneval,1,13,,,,,,,,,,24.0,2.0,,,134.69167799995648,,184.0,8.0,192.0,1300.0,106.3535960003037,77.20589637756348,3.0,0.0,2.0,2.0,34.28757400001814,72.06602200028556,16.0,0.0,2.0,134.33807599994907,134.33899799997562,0.0
medium,tree_k8_b3,tree_async,humaneval,1,14,,,,,,,,,,24.0,8.0,,,134.75979157137908,,187.0,8.0,195.0,1401.0,111.83432299981177,77.89826393127441,3.0,8.0,2.0,8.0,36.01681500003906,75.81750799977272,16.0,0.0,2.0,134.11946099995475,134.1206829999919,7.0
medium,tree_k8_b3,tree_async,humaneval,1,15,,,,,,,,,,24.0,8.0,,,135.96660485711345,,196.0,8.0,204.0,1501.0,98.39262200023313,78.65476608276367,3.0,8.0,2.0,8.0,11.052875000018503,87.33974700021463,16.0,0.0,2.0,135.7255080000641,135.7263200000034,7.0
medium,tree_k8_b3,tree_async,humaneval,1,16,,,,,,,,,,24.0,8.0,,,141.00902542862514,,205.0,8.0,213.0,1601.0,107.67952300000161,83.36424827575684,3.0,8.0,2.0,8.0,7.562863999964975,100.11665900003663,16.0,0.0,2.0,140.63840400001482,140.63923599996997,7.0
medium,tree_k8_b3,tree_async,humaneval,1,17,,,,,,,,,,24.0,7.0,,,143.4802620000236,,214.0,8.0,222.0,1700.0,94.54408900023736,85.47735214233398,3.0,0.0,2.0,7.0,7.528729000000567,87.0153600002368,16.0,0.0,2.0,143.21229699999094,143.2131079999408,0.0
medium,tree_k8_b3,tree_async,humaneval,1,18,,,,,,,,,,24.0,8.0,,,150.72253499999593,,222.0,8.0,230.0,1801.0,123.45315999982631,92.74768829345703,3.0,8.0,2.0,8.0,34.101558999964254,89.35160099986206,16.0,0.0,2.0,150.93283999999585,150.93428200009384,7.0
medium,tree_k8_b3,tree_async,humaneval,1,19,,,,,,,,,,24.0,8.0,,,150.20748285713861,,231.0,8.0,239.0,1901.0,87.71750999994765,92.03767776489258,3.0,8.0,2.0,8.0,8.14323500003411,79.57427499991354,16.0,0.0,2.0,150.04126899998482,150.04233099989506,7.0
medium,tree_k8_b3,tree_async,humaneval,1,20,,,,,,,,,,24.0,8.0,,,155.57850228564462,,240.0,8.0,248.0,2001.0,105.71085000026414,97.1825122833252,3.0,8.0,2.0,8.0,8.417135000058806,97.29371500020534,16.0,0.0,2.0,155.05309399998168,155.05443600000035,7.0
medium,direct,direct,humaneval,2,0,128.0,3085.076406999934,55.2436,3026.4101028442383,3029.8328069999343,27.6492,27.5944,,,,,,,,,,,,,,,,,,,,,,,,,,
medium,sync_k8,sync_spec,humaneval,2,0,,,,,,,,0.0,8.0,8.0,8.0,40.12107849121094,47.26552963256836,104.07203542860202,470.0,101.0,8.0,109.0,,,,,,,,,,,,,,,
medium,sync_k8,sync_spec,humaneval,2,1,,,,,,,,1.0,8.0,8.0,8.0,36.420345306396484,51.53918266296387,108.12613842857783,17.0,110.0,8.0,118.0,,,,,,,,,,,,,,,
medium,sync_k8,sync_spec,humaneval,2,2,,,,,,,,2.0,8.0,8.0,1.0,34.94524955749512,54.964303970336914,111.60930699994067,526.0,119.0,8.0,127.0,,,,,,,,,,,,,,,
medium,sync_k8,sync_spec,humaneval,2,3,,,,,,,,3.0,8.0,8.0,1.0,37.11867332458496,56.60247802734375,113.26289600000257,3070.0,121.0,8.0,129.0,,,,,,,,,,,,,,,
medium,sync_k8,sync_spec,humaneval,2,4,,,,,,,,4.0,8.0,8.0,8.0,36.17525100708008,56.433677673339844,113.03692900000691,982.0,123.0,8.0,131.0,,,,,,,,,,,,,,,
medium,sync_k8,sync_spec,humaneval,2,5,,,,,,,,5.0,8.0,8.0,8.0,36.63182258605957,56.03456497192383,112.37236742859223,510.0,132.0,8.0,140.0,,,,,,,,,,,,,,,
medium,sync_k8,sync_spec,humaneval,2,6,,,,,,,,6.0,8.0,8.0,8.0,37.84990310668945,61.48838996887207,117.78076500002034,750.0,141.0,8.0,149.0,,,,,,,,,,,,,,,
medium,sync_k8,sync_spec,humaneval,2,7,,,,,,,,7.0,8.0,8.0,0.0,34.729957580566406,63.99059295654297,120.4450690000682,1760.0,150.0,8.0,158.0,,,,,,,,,,,,,,,
medium,sync_k8,sync_spec,humaneval,2,8,,,,,,,,8.0,8.0,8.0,0.0,35.58850288391113,63.143014907836914,120.02136814280588,24433.0,151.0,8.0,159.0,,,,,,,,,,,,,,,
medium,sync_k8,sync_spec,humaneval,2,9,,,,,,,,9.0,8.0,8.0,0.0,34.99865531921387,62.493085861206055,119.02247514283737,47489.0,152.0,8.0,160.0,,,,,,,,,,,,,,,
medium,sync_k8,sync_spec,humaneval,2,10,,,,,,,,10.0,8.0,8.0,2.0,34.432172775268555,68.16792488098145,125.76310499996589,3190.0,153.0,8.0,161.0,,,,,,,,,,,,,,,
medium,sync_k8,sync_spec,humaneval,2,11,,,,,,,,11.0,8.0,8.0,3.0,34.609079360961914,67.95144081115723,124.80051457142962,73040.0,156.0,8.0,164.0,,,,,,,,,,,,,,,
medium,sync_k8,sync_spec,humaneval,2,12,,,,,,,,12.0,8.0,8.0,0.0,34.24477577209473,67.14367866516113,123.4518584285011,284.0,160.0,8.0,168.0,,,,,,,,,,,,,,,
medium,sync_k8,sync_spec,humaneval,2,13,,,,,,,,13.0,8.0,8.0,4.0,32.25970268249512,67.8560733795166,124.28575428573205,11.0,161.0,8.0,169.0,,,,,,,,,,,,,,,
medium,sync_k8,sync_spec,humaneval,2,14,,,,,,,,14.0,8.0,8.0,2.0,35.43376922607422,67.61670112609863,124.0215224285381,308.0,166.0,8.0,174.0,,,,,,,,,,,,,,,
medium,sync_k8,sync_spec,humaneval,2,15,,,,,,,,15.0,8.0,8.0,8.0,34.674644470214844,70.37639617919922,127.05926299993108,1760.0,169.0,8.0,177.0,,,,,,,,,,,,,,,
medium,sync_k8,sync_spec,humaneval,2,16,,,,,,,,16.0,8.0,8.0,2.0,38.431406021118164,72.1435546875,128.70784700007007,17.0,178.0,8.0,186.0,,,,,,,,,,,,,,,
medium,sync_k8,sync_spec,humaneval,2,17,,,,,,,,17.0,8.0,8.0,0.0,35.14289855957031,72.56579399108887,129.28214428574074,8.0,181.0,8.0,189.0,,,,,,,,,,,,,,,
medium,sync_k8,sync_spec,humaneval,2,18,,,,,,,,18.0,8.0,8.0,2.0,37.682294845581055,73.24910163879395,129.69842085725048,16.0,182.0,8.0,190.0,,,,,,,,,,,,,,,
medium,sync_k8,sync_spec,humaneval,2,19,,,,,,,,19.0,8.0,8.0,0.0,37.13798522949219,76.71499252319336,133.17698785717258,11.0,185.0,8.0,193.0,,,,,,,,,,,,,,,
medium,sync_k8,sync_spec,humaneval,2,20,,,,,,,,20.0,8.0,8.0,2.0,36.32974624633789,78.9804458618164,136.64312685707498,198.0,186.0,8.0,194.0,,,,,,,,,,,,,,,
medium,sync_k8,sync_spec,humaneval,2,21,,,,,,,,21.0,8.0,8.0,8.0,39.078474044799805,78.42707633972168,135.98049228569613,7.0,189.0,8.0,197.0,,,,,,,,,,,,,,,
medium,sync_k8,sync_spec,humaneval,2,22,,,,,,,,22.0,8.0,8.0,8.0,36.90600395202637,79.41484451293945,136.29456685713387,11.0,198.0,8.0,206.0,,,,,,,,,,,,,,,
medium,sync_k8,sync_spec,humaneval,2,23,,,,,,,,23.0,8.0,8.0,8.0,37.047386169433594,83.7254524230957,140.62745700002392,12109.0,207.0,8.0,215.0,,,,,,,,,,,,,,,
medium,sync_k8,sync_spec,humaneval,2,24,,,,,,,,24.0,8.0,8.0,8.0,35.35032272338867,85.31999588012695,142.24708685718053,16.0,216.0,8.0,224.0,,,,,,,,,,,,,,,
medium,sync_k8,sync_spec,humaneval,2,25,,,,,,,,25.0,8.0,8.0,8.0,32.3331356048584,90.55876731872559,147.3500538571679,19.0,225.0,8.0,233.0,,,,,,,,,,,,,,,
medium,tree_k8_b3,tree_async,humaneval,2,0,,,,,,,,,,24.0,8.0,,,108.77448142849858,,101.0,8.0,109.0,1.0,120.24716400003399,50.64964294433594,3.0,8.0,2.0,8.0,37.23419400000694,83.01297000002705,16.0,0.0,2.0,107.7952360000154,107.79604799995468,7.0
medium,tree_k8_b3,tree_async,humaneval,2,1,,,,,,,,,,24.0,8.0,,,108.84662342856583,,110.0,8.0,118.0,101.0,87.30200299999069,51.56302452087402,3.0,8.0,2.0,8.0,7.643211999948107,79.65879100004258,16.0,0.0,2.0,107.93160399998669,107.93228499994711,7.0
medium,tree_k8_b3,tree_async,humaneval,2,2,,,,,,,,,,24.0,1.0,,,108.4622614284968,,119.0,8.0,127.0,200.0,67.23708100014392,51.58185958862305,3.0,0.0,2.0,1.0,7.541289000073448,59.69579200007047,16.0,0.0,2.0,107.94245599993246,107.94297699999333,0.0
medium,tree_k8_b3,tree_async,humaneval,2,3,,,,,,,,,,24.0,1.0,,,114.23858657147332,,121.0,8.0,129.0,300.0,97.74964000030195,56.308746337890625,3.0,0.0,2.0,1.0,34.46659799999452,63.28304200030743,16.0,0.0,2.0,113.86562500001673,113.86680800001159,0.0
medium,tree_k8_b3,tree_async,humaneval,2,4,,,,,,,,,,24.0,8.0,,,114.69203100009302,,123.0,8.0,131.0,401.0,109.06401499983076,57.228803634643555,3.0,8.0,2.0,8.0,34.580884999968475,74.48312999986229,16.0,0.0,2.0,114.39152200000535,114.39242400001604,7.0
medium,tree_k8_b3,tree_async,humaneval,2,5,,,,,,,,,,24.0,8.0,,,113.23030642854901,,132.0,8.0,140.0,501.0,88.90419899989865,56.40578269958496,3.0,8.0,2.0,8.0,15.138309999997546,73.76588899990111,16.0,0.0,2.0,112.42706899997756,112.42783000000145,7.0
medium,tree_k8_b3,tree_async,humaneval,2,6,,,,,,,,,,24.0,8.0,,,119.19458599993494,,141.0,8.0,149.0,601.0,74.88661400009278,62.01910972595215,3.0,8.0,2.0,8.0,7.5200279999307895,67.36658600016199,16.0,0.0,2.0,118.9663530000189,118.96753500002433,7.0
medium,tree_k8_b3,tree_async,humaneval,2,7,,,,,,,,,,24.0,0.0,,,122.90239199999871,,150.0,8.0,158.0,700.0,88.1934149999779,65.39154052734375,3.0,0.0,2.0,0.0,7.755592999956207,80.4378220000217,16.0,0.0,2.0,122.66701400005786,122.66786600002888,0.0
medium,tree_k8_b3,tree_async,humaneval,2,8,,,,,,,,,,24.0,0.0,,,121.84948157144441,,151.0,8.0,159.0,800.0,101.04240600003322,64.46194648742676,3.0,0.0,2.0,0.0,34.31717099999787,66.72523500003535,16.0,0.0,2.0,121.74384299999019,121.7475309999827,0.0
medium,tree_k8_b3,tree_async,humaneval,2,9,,,,,,,,,,24.0,0.0,,,123.29305457140991,,152.0,8.0,160.0,900.0,124.50757399994927,65.26899337768555,3.0,0.0,2.0,0.0,40.4816899999787,84.02588399997057,16.0,0.0,2.0,122.93104399998356,122.9320560000815,0.0
medium,tree_k8_b3,tree_async,humaneval,2,10,,,,,,,,,,24.0,2.0,,,126.64901200007671,,153.0,8.0,161.0,1000.0,110.73161699982847,68.51315498352051,3.0,0.0,2.0,2.0,35.73728399999254,74.99433299983593,16.0,0.0,2.0,126.49851800006218,126.50029100007032,0.0
medium,tree_k8_b3,tree_async,humaneval,2,11,,,,,,,,,,24.0,3.0,,,125.74086557136978,,156.0,8.0,164.0,1100.0,122.57986800000253,68.46928596496582,3.0,0.0,2.0,3.0,34.26720699997077,88.31266100003177,16.0,0.0,2.0,125.50922200000514,125.51053499998943,0.0
medium,tree_k8_b3,tree_async,humaneval,2,12,,,,,,,,,,24.0,0.0,,,126.9843378571523,,160.0,8.0,168.0,1200.0,122.56371899991336,69.5796012878418,3.0,0.0,2.0,0.0,36.30084299993541,86.26287599997795,16.0,0.0,2.0,126.49691599995094,126.49829800000134,0.0
medium,tree_k8_b3,tree_async,humaneval,2,13,,,,,,,,,,24.0,4.0,,,125.23433485718371,,161.0,8.0,169.0,1300.0,108.49783099979504,68.11881065368652,3.0,0.0,2.0,4.0,32.66842400000769,75.82940699978735,16.0,0.0,2.0,124.58052200008751,124.58153400007177,0.0
medium,tree_k8_b3,tree_async,humaneval,2,14,,,,,,,,,,24.0,2.0,,,126.00593842856563,,166.0,8.0,174.0,1400.0,135.20275999985643,68.68577003479004,3.0,0.0,2.0,2.0,34.93459900005291,100.26816099980351,16.0,0.0,2.0,125.51765899991096,125.51869099991109,0.0
medium,tree_k8_b3,tree_async,humaneval,2,15,,,,,,,,,,24.0,8.0,,,128.15910500007533,,169.0,8.0,177.0,1501.0,138.4912159999203,71.06804847717285,3.0,8.0,2.0,8.0,33.73342099996535,104.75779499995497,16.0,0.0,2.0,127.65990000002603,127.66080200003671,7.0
medium,tree_k8_b3,tree_async,humaneval,2,16,,,,,,,,,,24.0,2.0,,,129.9223078571539,,178.0,8.0,186.0,1600.0,85.38609700008237,72.82280921936035,3.0,0.0,2.0,2.0,7.417211999950268,77.9688850001321,16.0,0.0,2.0,129.9548299999742,129.95554199994785,0.0
medium,tree_k8_b3,tree_async,humaneval,2,17,,,,,,,,,,24.0,0.0,,,131.96779328562707,,181.0,8.0,189.0,1700.0,133.35323299986612,73.91667366027832,3.0,0.0,2.0,0.0,35.98448900004314,97.36874399982298,16.0,0.0,2.0,132.2986249999758,132.29969700000765,0.0
medium,tree_k8_b3,tree_async,humaneval,2,18,,,,,,,,,,24.0,2.0,,,131.420020857133,,182.0,8.0,190.0,1800.0,111.92542000014782,74.02777671813965,3.0,0.0,2.0,2.0,36.628941999993,75.29647800015482,16.0,0.0,2.0,130.87177900001734,130.87283100003333,0.0
medium,tree_k8_b3,tree_async,humaneval,2,19,,,,,,,,,,24.0,0.0,,,135.85349285724024,,185.0,8.0,193.0,1900.0,111.15922099997988,78.01437377929688,3.0,0.0,2.0,0.0,34.24897900003998,76.9102419999399,16.0,0.0,2.0,135.33525299999383,135.33662600002572,0.0
medium,tree_k8_b3,tree_async,humaneval,2,20,,,,,,,,,,24.0,2.0,,,135.71544542864416,,186.0,8.0,194.0,2000.0,116.06481100011479,78.17983627319336,3.0,0.0,2.0,2.0,33.877434000032736,82.18737700008205,16.0,0.0,2.0,134.43354100002125,134.43569599996863,0.0
medium,tree_k8_b3,tree_async,humaneval,2,21,,,,,,,,,,24.0,8.0,,,135.95802428569874,,189.0,8.0,197.0,2101.0,118.75170399980561,78.14741134643555,3.0,8.0,2.0,8.0,36.19945599996299,82.55224799984262,16.0,0.0,2.0,135.25483900002655,135.25578999997379,7.0
medium,tree_k8_b3,tree_async,humaneval,2,22,,,,,,,,,,24.0,8.0,,,137.22086885705914,,198.0,8.0,206.0,2201.0,75.97070000008443,79.63228225708008,3.0,8.0,2.0,8.0,7.344493999994484,68.62620600008995,16.0,0.0,2.0,136.74924299994018,136.75041499993768,7.0
medium,tree_k8_b3,tree_async,humaneval,2,23,,,,,,,,,,24.0,8.0,,,142.20241457136513,,207.0,8.0,215.0,2301.0,90.12917100017148,84.50508117675781,3.0,8.0,2.0,8.0,11.106506000032823,79.02266500013866,16.0,0.0,2.0,141.51518699998178,141.51629900004536,7.0
medium,tree_k8_b3,tree_async,humaneval,2,24,,,,,,,,,,24.0,8.0,,,142.01655485713457,,216.0,8.0,224.0,2401.0,97.99347700004546,84.87272262573242,3.0,8.0,2.0,8.0,8.540920999962509,89.45255600008295,16.0,0.0,2.0,141.71689900001638,141.71873199995844,7.0
medium,tree_k8_b3,tree_async,humaneval,2,25,,,,,,,,,,24.0,8.0,,,148.00456385717183,,225.0,8.0,233.0,2501.0,101.92965199973969,90.09861946105957,3.0,8.0,2.0,8.0,8.909500000072512,93.02015199966718,16.0,0.0,2.0,147.4474479999799,147.44845999996414,7.0
medium,direct,direct,humaneval,3,0,128.0,2868.4487998571526,55.353942857142854,2809.7755908966064,2813.09485700001,27.7232,27.630742857142856,,,,,,,,,,,,,,,,,,,,,,,,,,
medium,sync_k8,sync_spec,humaneval,3,0,,,,,,,,0.0,8.0,8.0,1.0,38.22922706604004,58.561086654663086,116.06750899994937,671.0,136.0,8.0,144.0,,,,,,,,,,,,,,,
medium,sync_k8,sync_spec,humaneval,3,1,,,,,,,,1.0,8.0,8.0,0.0,35.88724136352539,60.692787170410156,117.95277800003873,697.0,138.0,8.0,146.0,,,,,,,,,,,,,,,
medium,sync_k8,sync_spec,humaneval,3,2,,,,,,,,2.0,8.0,8.0,4.0,35.093069076538086,61.68842315673828,119.68655100008908,1494.0,139.0,8.0,147.0,,,,,,,,,,,,,,,
medium,sync_k8,sync_spec,humaneval,3,3,,,,,,,,3.0,8.0,8.0,1.0,37.31274604797363,63.80295753479004,121.35448028580507,2.0,144.0,8.0,152.0,,,,,,,,,,,,,,,
medium,sync_k8,sync_spec,humaneval,3,4,,,,,,,,4.0,8.0,8.0,0.0,37.59884834289551,63.78769874572754,121.46887657137134,13383.0,146.0,8.0,154.0,,,,,,,,,,,,,,,
medium,sync_k8,sync_spec,humaneval,3,5,,,,,,,,5.0,8.0,8.0,1.0,38.34939002990723,62.67690658569336,120.38695942848253,510.0,147.0,8.0,155.0,,,,,,,,,,,,,,,
medium,sync_k8,sync_spec,humaneval,3,6,,,,,,,,6.0,8.0,8.0,7.0,35.9804630279541,63.718557357788086,121.12667957145375,2761.0,149.0,8.0,157.0,,,,,,,,,,,,,,,
medium,sync_k8,sync_spec,humaneval,3,7,,,,,,,,7.0,8.0,8.0,8.0,39.16454315185547,68.11165809631348,125.47354557146713,14615.0,157.0,8.0,165.0,,,,,,,,,,,,,,,
medium,sync_k8,sync_spec,humaneval,3,8,,,,,,,,8.0,8.0,8.0,8.0,39.26515579223633,69.27728652954102,126.69193800002002,14615.0,166.0,8.0,174.0,,,,,,,,,,,,,,,
medium,sync_k8,sync_spec,humaneval,3,9,,,,,,,,9.0,8.0,8.0,8.0,40.459394454956055,73.7159252166748,131.39181585715198,497.0,175.0,8.0,183.0,,,,,,,,,,,,,,,
medium,sync_k8,sync_spec,humaneval,3,10,,,,,,,,10.0,8.0,8.0,8.0,40.37666320800781,74.92780685424805,132.53892657139997,41202.0,184.0,8.0,192.0,,,,,,,,,,,,,,,
medium,sync_k8,sync_spec,humaneval,3,11,,,,,,,,11.0,8.0,8.0,1.0,33.21957588195801,81.5129280090332,138.93235185710424,286.0,193.0,8.0,201.0,,,,,,,,,,,,,,,
medium,sync_k8,sync_spec,humaneval,3,12,,,,,,,,12.0,8.0,8.0,5.0,35.47263145446777,79.75363731384277,136.82698342855122,198.0,195.0,8.0,203.0,,,,,,,,,,,,,,,
medium,sync_k8,sync_spec,humaneval,3,13,,,,,,,,13.0,8.0,8.0,2.0,35.433053970336914,82.40532875061035,139.04535657144078,71703.0,201.0,8.0,209.0,,,,,,,,,,,,,,,
medium,sync_k8,sync_spec,humaneval,3,14,,,,,,,,14.0,8.0,8.0,3.0,35.59446334838867,83.13465118408203,139.6950584285307,279.0,204.0,8.0,212.0,,,,,,,,,,,,,,,
medium,sync_k8,sync_spec,humaneval,3,15,,,,,,,,15.0,8.0,8.0,6.0,35.44139862060547,84.02895927429199,141.28581799994674,2326.0,208.0,8.0,216.0,,,,,,,,,,,,,,,
medium,sync_k8,sync_spec,humaneval,3,16,,,,,,,,16.0,8.0,8.0,7.0,36.43083572387695,88.09256553649902,146.33346399996714,1565.0,215.0,8.0,223.0,,,,,,,,,,,,,,,
medium,sync_k8,sync_spec,humaneval,3,17,,,,,,,,17.0,8.0,8.0,6.0,35.622358322143555,90.81053733825684,148.57323942858926,279.0,223.0,8.0,231.0,,,,,,,,,,,,,,,
medium,sync_k8,sync_spec,humaneval,3,18,,,,,,,,18.0,8.0,8.0,8.0,38.65790367126465,90.4390811920166,148.06309400000023,36372.0,230.0,8.0,238.0,,,,,,,,,,,,,,,
medium,sync_k8,sync_spec,humaneval,3,19,,,,,,,,19.0,8.0,8.0,6.0,35.78329086303711,95.02434730529785,153.2508189999549,1558.0,239.0,8.0,247.0,,,,,,,,,,,,,,,
medium,sync_k8,sync_spec,humaneval,3,20,,,,,,,,20.0,8.0,8.0,8.0,36.2091064453125,98.46782684326172,156.25206099995364,279.0,246.0,8.0,254.0,,,,,,,,,,,,,,,
medium,sync_k8,sync_spec,humaneval,3,21,,,,,,,,21.0,8.0,8.0,8.0,38.29312324523926,155.14421463012695,212.7530215714691,914.0,255.0,8.0,263.0,,,,,,,,,,,,,,,
medium,tree_k8_b3,tree_async,humaneval,3,0,,,,,,,,,,24.0,1.0,,,117.84317942862924,,136.0,8.0,144.0,0.0,143.75206700015042,60.205936431884766,3.0,0.0,2.0,1.0,43.63002700006291,100.12204000008751,16.0,0.0,2.0,116.89255199996751,116.89380400002847,0.0
medium,tree_k8_b3,tree_async,humaneval,3,1,,,,,,,,,,24.0,0.0,,,118.57484042850979,,138.0,8.0,146.0,100.0,104.98227699997642,61.33890151977539,3.0,0.0,2.0,0.0,36.0016889999315,68.98058800004492,16.0,0.0,2.0,118.14517700008764,118.14679000008255,0.0
medium,tree_k8_b3,tree_async,humaneval,3,2,,,,,,,,,,24.0,4.0,,,118.82144899994108,,139.0,8.0,147.0,200.0,122.98779600007492,61.21945381164551,3.0,0.0,2.0,4.0,33.70051600006718,89.28728000000774,16.0,0.0,2.0,118.36544599998433,118.36641799993686,0.0
medium,tree_k8_b3,tree_async,humaneval,3,3,,,,,,,,,,24.0,1.0,,,118.75921285709366,,144.0,8.0,152.0,300.0,120.83156999983657,61.748504638671875,3.0,0.0,2.0,1.0,33.55793599996559,87.27363399987098,16.0,0.0,2.0,118.39173500004563,118.3923370000457,0.0
medium,tree_k8_b3,tree_async,humaneval,3,4,,,,,,,,,,24.0,0.0,,,119.56168257153016,,146.0,8.0,154.0,400.0,108.82613700005095,62.69025802612305,3.0,0.0,2.0,0.0,32.93175999999676,75.89437700005419,16.0,0.0,2.0,119.04356099989855,119.04441299998325,0.0
medium,tree_k8_b3,tree_async,humaneval,3,5,,,,,,,,,,24.0,1.0,,,119.19790642852067,,147.0,8.0,155.0,500.0,112.52486700004738,62.59512901306152,3.0,0.0,2.0,1.0,33.693482999979096,78.83138400006828,16.0,0.0,2.0,118.6791400000402,118.6797509999451,0.0
medium,tree_k8_b3,tree_async,humaneval,3,6,,,,,,,,,,24.0,7.0,,,120.85073857141295,,149.0,8.0,157.0,600.0,126.96666600004392,63.985347747802734,3.0,0.0,2.0,7.0,33.26943999991272,93.6972260001312,16.0,0.0,2.0,120.41639299991402,120.41743499992208,0.0
medium,tree_k8_b3,tree_async,humaneval,3,7,,,,,,,,,,24.0,8.0,,,123.96231257149333,,157.0,8.0,165.0,701.0,104.80945599999814,66.98870658874512,3.0,8.0,2.0,8.0,33.54444000001422,71.26501599998392,16.0,0.0,2.0,123.74754500001472,123.74807599996984,7.0
medium,tree_k8_b3,tree_async,humaneval,3,8,,,,,,,,,,24.0,8.0,,,124.08142999993113,,166.0,8.0,174.0,801.0,75.97123299979103,67.30365753173828,3.0,8.0,2.0,8.0,7.44469799997205,68.52653499981898,16.0,0.0,2.0,123.95352199996523,123.95408299994415,7.0
medium,tree_k8_b3,tree_async,humaneval,3,9,,,,,,,,,,24.0,8.0,,,130.54681628566243,,175.0,8.0,183.0,901.0,76.12346700000217,73.1813907623291,3.0,8.0,2.0,8.0,7.563083000036386,68.56038399996578,16.0,0.0,2.0,129.75096399998165,129.7518049999553,7.0
medium,tree_k8_b3,tree_async,humaneval,3,10,,,,,,,,,,24.0,8.0,,,133.71833957144528,,184.0,8.0,192.0,1001.0,96.45388499995988,76.22814178466797,3.0,8.0,2.0,8.0,8.040737999976955,88.41314699998293,16.0,0.0,2.0,133.14466500003164,133.1457070000397,7.0
medium,tree_k8_b3,tree_async,humaneval,3,11,,,,,,,,,,24.0,1.0,,,138.88016985711388,,193.0,8.0,201.0,1100.0,76.17327099978866,81.3133716583252,3.0,0.0,2.0,1.0,7.888659999935044,68.28461099985361,16.0,0.0,2.0,138.65261199998713,138.65345399995022,0.0
medium,tree_k8_b3,tree_async,humaneval,3,12,,,,,,,,,,24.0,5.0,,,139.19800585712224,,195.0,8.0,203.0,1200.0,107.85190300009617,81.4521312713623,3.0,0.0,2.0,5.0,34.28188600003068,73.57001700006549,16.0,0.0,2.0,139.0986259999636,139.0996279999399,0.0
medium,tree_k8_b3,tree_async,humaneval,3,13,,,,,,,,,,24.0,2.0,,,144.74061557148997,,201.0,8.0,209.0,1300.0,139.23947500040867,86.97342872619629,3.0,0.0,2.0,2.0,36.372317000086696,102.86715800032198,16.0,0.0,2.0,144.2134310000256,144.2160660000127,0.0
medium,tree_k8_b3,tree_async,humaneval,3,14,,,,,,,,,,24.0,3.0,,,145.23598442851127,,204.0,8.0,212.0,1400.0,107.42839099987123,87.26000785827637,3.0,0.0,2.0,3.0,33.60601499991844,73.82237599995278,16.0,0.0,2.0,144.7571709999238,144.75909399993725,0.0
medium,tree_k8_b3,tree_async,humaneval,3,15,,,,,,,,,,24.0,6.0,,,141.63337300002252,,208.0,8.0,216.0,1500.0,124.22750799987625,84.18703079223633,3.0,0.0,2.0,6.0,33.77760799992302,90.44989999995323,16.0,0.0,2.0,141.14132800000334,141.14213999994263,0.0
medium,tree_k8_b3,tree_async,humaneval,3,16,,,,,,,,,,24.0,7.0,,,145.2159420000085,,215.0,8.0,223.0,1600.0,127.00376800000868,87.78238296508789,3.0,0.0,2.0,7.0,36.865197999986776,90.1385700000219,16.0,0.0,2.0,144.9418809999088,144.94316399998297,0.0
medium,tree_k8_b3,tree_async,humaneval,3,17,,,,,,,,,,24.0,6.0,,,147.518034428646,,223.0,8.0,231.0,1700.0,138.09812199986027,90.06810188293457,3.0,0.0,2.0,6.0,37.133036000000175,100.9650859998601,16.0,0.0,2.0,147.1984170000269,147.19912800001111,0.0
medium,tree_k8_b3,tree_async,humaneval,3,18,,,,,,,,,,24.0,8.0,,,147.48873857143704,,230.0,8.0,238.0,1801.0,122.87809199995081,90.11173248291016,3.0,8.0,2.0,8.0,33.39204700000664,89.48604499994417,16.0,0.0,2.0,146.98472200007018,146.98785800010228,7.0
medium,tree_k8_b3,tree_async,humaneval,3,19,,,,,,,,,,24.0,6.0,,,150.86477900003553,,239.0,8.0,247.0,1900.0,95.6994369998938,93.80936622619629,3.0,0.0,2.0,6.0,7.804980000059913,87.89445699983389,16.0,0.0,2.0,150.5693850000398,150.57009600002402,0.0
medium,tree_k8_b3,tree_async,humaneval,3,20,,,,,,,,,,24.0,8.0,,,152.32775385711818,,246.0,8.0,254.0,2001.0,121.1008339998898,94.9711799621582,3.0,8.0,2.0,8.0,35.10802899995724,85.99280499993256,16.0,0.0,2.0,152.17618400004085,152.17684600008852,7.0
medium,tree_k8_b3,tree_async,humaneval,3,21,,,,,,,,,,24.0,8.0,,,212.00486642855725,,255.0,8.0,263.0,2101.0,86.93971400009559,154.433012008667,3.0,8.0,2.0,8.0,7.718496000052255,79.22121800004334,16.0,0.0,2.0,211.86714800001027,211.8681800000104,7.0
medium,direct,direct,humaneval,4,0,128.0,3007.8182577142284,55.26468571428572,2949.3794441223145,2952.5535719999425,27.652,27.612685714285714,,,,,,,,,,,,,,,,,,,,,,,,,,
medium,sync_k8,sync_spec,humaneval,4,0,,,,,,,,0.0,8.0,8.0,1.0,38.25569152832031,47.92904853820801,105.74222242854417,671.0,94.0,8.0,102.0,,,,,,,,,,,,,,,
medium,sync_k8,sync_spec,humaneval,4,1,,,,,,,,1.0,8.0,8.0,0.0,36.86070442199707,48.01678657531738,105.49514100000079,4248.0,96.0,8.0,104.0,,,,,,,,,,,,,,,
medium,sync_k8,sync_spec,humaneval,4,2,,,,,,,,2.0,8.0,8.0,3.0,33.50329399108887,46.34857177734375,103.79282399999086,7046.0,97.0,8.0,105.0,,,,,,,,,,,,,,,
medium,sync_k8,sync_spec,humaneval,4,3,,,,,,,,3.0,8.0,8.0,8.0,36.91577911376953,46.39387130737305,103.32584442862995,510.0,101.0,8.0,109.0,,,,,,,,,,,,,,,
medium,sync_k8,sync_spec,humaneval,4,4,,,,,,,,4.0,8.0,8.0,8.0,36.75270080566406,50.66847801208496,107.27071299997634,421.0,110.0,8.0,118.0,,,,,,,,,,,,,,,
medium,sync_k8,sync_spec,humaneval,4,5,,,,,,,,5.0,8.0,8.0,0.0,38.211822509765625,51.03039741516113,107.32099542856741,379.0,119.0,8.0,127.0,,,,,,,,,,,,,,,
medium,sync_k8,sync_spec,humaneval,4,6,,,,,,,,6.0,8.0,8.0,8.0,36.39483451843262,52.98757553100586,109.40675485712006,17.0,120.0,8.0,128.0,,,,,,,,,,,,,,,
medium,sync_k8,sync_spec,humaneval,4,7,,,,,,,,7.0,8.0,8.0,8.0,33.301591873168945,58.805227279663086,116.11796100001047,262.0,129.0,8.0,137.0,,,,,,,,,,,,,,,
medium,sync_k8,sync_spec,humaneval,4,8,,,,,,,,8.0,8.0,8.0,8.0,36.50236129760742,62.4842643737793,120.11886785705138,421.0,138.0,8.0,146.0,,,,,,,,,,,,,,,
medium,sync_k8,sync_spec,humaneval,4,9,,,,,,,,9.0,8.0,8.0,8.0,35.03537178039551,63.04597854614258,120.9551264285748,286.0,147.0,8.0,155.0,,,,,,,,,,,,,,,
medium,sync_k8,sync_spec,humaneval,4,10,,,,,,,,10.0,8.0,8.0,5.0,35.77160835266113,70.29461860656738,127.54903300001726,1416.0,156.0,8.0,164.0,,,,,,,,,,,,,,,
medium,sync_k8,sync_spec,humaneval,4,11,,,,,,,,11.0,8.0,8.0,0.0,34.818172454833984,67.84415245056152,124.5755149999153,6857.0,162.0,8.0,170.0,,,,,,,,,,,,,,,
medium,sync_k8,sync_spec,humaneval,4,12,,,,,,,,12.0,8.0,8.0,8.0,40.91811180114746,69.03314590454102,126.11592142857482,279.0,163.0,8.0,171.0,,,,,,,,,,,,,,,
medium,sync_k8,sync_spec,humaneval,4,13,,,,,,,,13.0,8.0,8.0,3.0,36.03100776672363,71.46644592285156,128.46050499999748,2686.0,172.0,8.0,180.0,,,,,,,,,,,,,,,
medium,sync_k8,sync_spec,humaneval,4,14,,,,,,,,14.0,8.0,8.0,8.0,37.16611862182617,75.26564598083496,132.62369385714618,16.0,176.0,8.0,184.0,,,,,,,,,,,,,,,
medium,sync_k8,sync_spec,humaneval,4,15,,,,,,,,15.0,8.0,8.0,0.0,38.21611404418945,79.08439636230469,136.17781942862834,421.0,185.0,8.0,193.0,,,,,,,,,,,,,,,
medium,sync_k8,sync_spec,humaneval,4,16,,,,,,,,16.0,8.0,8.0,0.0,37.076473236083984,79.75244522094727,136.76750885716953,320.0,186.0,8.0,194.0,,,,,,,,,,,,,,,
medium,sync_k8,sync_spec,humaneval,4,17,,,,,,,,17.0,8.0,8.0,8.0,35.7053279876709,79.90241050720215,137.72248342857955,621.0,187.0,8.0,195.0,,,,,,,,,,,,,,,
medium,sync_k8,sync_spec,humaneval,4,18,,,,,,,,18.0,8.0,8.0,7.0,36.856651306152344,81.18557929992676,139.4694594286507,271.0,196.0,8.0,204.0,,,,,,,,,,,,,,,
medium,sync_k8,sync_spec,humaneval,4,19,,,,,,,,19.0,8.0,8.0,8.0,37.21189498901367,84.50031280517578,142.86932642860955,279.0,204.0,8.0,212.0,,,,,,,,,,,,,,,
medium,sync_k8,sync_spec,humaneval,4,20,,,,,,,,20.0,8.0,8.0,4.0,38.3152961730957,87.2642993927002,144.68003400000288,50274.0,213.0,8.0,221.0,,,,,,,,,,,,,,,
medium,sync_k8,sync_spec,humaneval,4,21,,,,,,,,21.0,8.0,8.0,2.0,36.40031814575195,91.83955192565918,150.06056600001318,2060.0,218.0,8.0,226.0,,,,,,,,,,,,,,,
medium,sync_k8,sync_spec,humaneval,4,22,,,,,,,,22.0,8.0,8.0,8.0,35.77423095703125,89.3239974975586,147.13919028569381,20.0,221.0,8.0,229.0,,,,,,,,,,,,,,,
medium,tree_k8_b3,tree_async,humaneval,4,0,,,,,,,,,,24.0,1.0,,,106.98218742851209,,94.0,8.0,102.0,0.0,142.82674500009307,48.95615577697754,3.0,0.0,2.0,1.0,36.8077920001042,106.01895299998887,16.0,0.0,2.0,106.72085299995615,106.7217149999351,0.0
medium,tree_k8_b3,tree_async,humaneval,4,1,,,,,,,,,,22.0,0.0,,,105.30430314282191,,96.0,8.0,104.0,100.0,129.79821899989474,47.965049743652344,3.0,0.0,2.0,0.0,33.844304000012926,95.95391499988182,14.0,0.0,2.0,104.98266800004785,104.9834490000876,0.0
medium,tree_k8_b3,tree_async,humaneval,4,2,,,,,,,,,,20.0,3.0,,,105.79756000010805,,97.0,8.0,105.0,200.0,131.5467010000475,47.74022102355957,3.0,0.0,2.0,3.0,36.226456999997936,95.32024400004957,12.0,0.0,2.0,104.95005500001753,104.95189899995694,0.0
medium,tree_k8_b3,tree_async,humaneval,4,3,,,,,,,,,,24.0,8.0,,,105.77642300006222,,101.0,8.0,109.0,301.0,139.92933800000174,48.58565330505371,3.0,8.0,2.0,8.0,36.77877300003729,103.15056499996444,16.0,0.0,2.0,105.42483500000799,105.42547600005037,7.0
medium,tree_k8_b3,tree_async,humaneval,4,4,,,,,,,,,,24.0,8.0,,,108.40607242867247,,110.0,8.0,118.0,401.0,82.17165600012777,51.38683319091797,3.0,8.0,2.0,8.0,7.298665999996956,74.87299000013081,16.0,0.0,2.0,108.35037700007888,108.35126900008163,7.0
medium,tree_k8_b3,tree_async,humaneval,4,5,,,,,,,,,,24.0,0.0,,,108.41628400000745,,119.0,8.0,127.0,500.0,82.67599800001335,51.53536796569824,3.0,0.0,2.0,0.0,7.076454999946691,75.59954300006666,16.0,0.0,2.0,108.31082300001071,108.31185500001084,0.0
medium,tree_k8_b3,tree_async,humaneval,4,6,,,,,,,,,,24.0,8.0,,,108.57611685709514,,120.0,8.0,128.0,601.0,98.88506599997982,51.90587043762207,3.0,8.0,2.0,8.0,33.823234000010416,65.0618319999694,16.0,0.0,2.0,108.10530200001267,108.1062439999414,7.0
medium,tree_k8_b3,tree_async,humaneval,4,7,,,,,,,,,,24.0,8.0,,,112.35833742860733,,129.0,8.0,137.0,701.0,67.51009999982216,55.70721626281738,3.0,8.0,2.0,8.0,7.6649599999427664,59.84513999987939,16.0,0.0,2.0,111.98781799998869,111.98889000002055,7.0
medium,tree_k8_b3,tree_async,humaneval,4,8,,,,,,,,,,24.0,8.0,,,117.2507840000242,,138.0,8.0,146.0,801.0,108.6040379999531,60.072898864746094,3.0,8.0,2.0,8.0,6.1783939999031645,102.42564400004994,16.0,0.0,2.0,117.03896000005898,117.04154400001698,7.0
medium,tree_k8_b3,tree_async,humaneval,4,9,,,,,,,,,,24.0,8.0,,,120.23272242864473,,147.0,8.0,155.0,901.0,122.08964700016622,63.32588195800781,3.0,8.0,2.0,8.0,10.0085299999364,112.08111700022982,16.0,0.0,2.0,119.44046900009653,119.44305400004396,7.0
medium,tree_k8_b3,tree_async,humaneval,4,10,,,,,,,,,,24.0,5.0,,,129.3328330000156,,156.0,8.0,164.0,1000.0,102.05963199996404,71.80213928222656,3.0,0.0,2.0,5.0,8.22417899996708,93.83545299999696,16.0,0.0,2.0,129.4012669999347,129.40336099995875,0.0
medium,tree_k8_b3,tree_async,humaneval,4,11,,,,,,,,,,24.0,0.0,,,125.182067000051,,162.0,8.0,170.0,1100.0,102.87636100019881,68.04347038269043,3.0,0.0,2.0,0.0,34.0640680000206,68.81229300017822,16.0,0.0,2.0,124.99018100004378,124.99120300003597,0.0
medium,tree_k8_b3,tree_async,humaneval,4,12,,,,,,,,,,24.0,8.0,,,125.07807028579504,,163.0,8.0,171.0,1200.0,106.1234340000965,67.8102970123291,3.0,0.0,2.0,8.0,33.136872999989464,72.98656100010703,16.0,0.0,2.0,124.85471499996947,124.85633799997231,0.0
medium,tree_k8_b3,tree_async,humaneval,4,13,,,,,,,,,,24.0,3.0,,,127.98442400000951,,172.0,8.0,180.0,1300.0,96.10247500029345,71.17891311645508,3.0,0.0,2.0,3.0,34.4375659999514,61.66490900034205,16.0,0.0,2.0,127.84431800002949,127.84546099999261,0.0
medium,tree_k8_b3,tree_async,humaneval,4,14,,,,,,,,,,24.0,8.0,,,130.08851585712972,,176.0,8.0,184.0,1401.0,102.56219600012173,73.08578491210938,3.0,8.0,2.0,8.0,33.931448000089404,68.63074800003233,16.0,0.0,2.0,129.84118899998975,129.84242099992116,7.0
medium,tree_k8_b3,tree_async,humaneval,4,15,,,,,,,,,,24.0,0.0,,,134.6970744285339,,185.0,8.0,193.0,1500.0,69.9519979998513,77.49795913696289,3.0,0.0,2.0,0.0,8.226382999964699,61.7256149998866,16.0,0.0,2.0,134.11467799994625,134.11542000005738,0.0
medium,tree_k8_b3,tree_async,humaneval,4,16,,,,,,,,,,24.0,0.0,,,135.57670942849057,,186.0,8.0,194.0,1600.0,112.76001799990354,78.27329635620117,3.0,0.0,2.0,0.0,38.34560699999656,74.41441099990698,16.0,0.0,2.0,135.2872090000119,135.28916300003857,0.0
medium,tree_k8_b3,tree_async,humaneval,4,17,,,,,,,,,,24.0,8.0,,,139.74505542856667,,187.0,8.0,195.0,1701.0,118.45207799990476,81.79068565368652,3.0,8.0,2.0,8.0,33.48981800002093,84.96225999988383,16.0,0.0,2.0,139.66504200004692,139.66573300001528,7.0
medium,tree_k8_b3,tree_async,humaneval,4,18,,,,,,,,,,24.0,7.0,,,138.13521242849177,,196.0,8.0,204.0,1800.0,83.40737600008197,81.03799819946289,3.0,0.0,2.0,7.0,6.962759999964874,76.4446160001171,16.0,0.0,2.0,137.8023239999493,137.80302500003927,0.0
medium,tree_k8_b3,tree_async,humaneval,4,19,,,,,,,,,,24.0,8.0,,,140.85289842856236,,204.0,8.0,212.0,1901.0,95.16138200001478,83.42480659484863,3.0,8.0,2.0,8.0,33.04321199993865,62.118170000076134,16.0,0.0,2.0,140.4850249999754,140.48705899995184,7.0
medium,tree_k8_b3,tree_async,humaneval,4,20,,,,,,,,,,24.0,4.0,,,142.19748357138423,,213.0,8.0,221.0,2000.0,113.91107899999042,84.92183685302734,3.0,0.0,2.0,4.0,7.963366000012684,105.94771299997774,16.0,0.0,2.0,141.7434189999085,141.7447709999351,0.0
medium,tree_k8_b3,tree_async,humaneval,4,21,,,,,,,,,,24.0,2.0,,,148.0470089999584,,218.0,8.0,226.0,2100.0,123.06189400010226,89.82682228088379,3.0,0.0,2.0,2.0,34.58464000004824,88.47725400005402,16.0,0.0,2.0,147.54466900001262,147.54548000007617,0.0
medium,tree_k8_b3,tree_async,humaneval,4,22,,,,,,,,,,24.0,8.0,,,148.3825208572255,,221.0,8.0,229.0,2201.0,102.10630799997489,90.23022651672363,3.0,8.0,2.0,8.0,36.21185300005436,65.89445499992053,16.0,0.0,2.0,147.86667800001396,147.86771000001409,7.0
medium,direct,direct,humaneval,5,0,128.0,3048.8793459999974,55.3164,2990.4375076293945,2993.5629459999973,27.722,27.5944,,,,,,,,,,,,,,,,,,,,,,,,,,
medium,sync_k8,sync_spec,humaneval,5,0,,,,,,,,0.0,8.0,8.0,1.0,38.1932258605957,70.79100608825684,128.66143785713277,671.0,160.0,8.0,168.0,,,,,,,,,,,,,,,
medium,sync_k8,sync_spec,humaneval,5,1,,,,,,,,1.0,8.0,8.0,7.0,37.689208984375,68.76540184020996,126.3329862856698,2.0,162.0,8.0,170.0,,,,,,,,,,,,,,,
medium,sync_k8,sync_spec,humaneval,5,2,,,,,,,,2.0,8.0,8.0,0.0,36.6213321685791,71.87008857727051,129.73324600001465,3393.0,170.0,8.0,178.0,,,,,,,,,,,,,,,
medium,sync_k8,sync_spec,humaneval,5,3,,,,,,,,3.0,8.0,8.0,0.0,38.229942321777344,76.07793807983398,133.54980399996424,5048.0,171.0,8.0,179.0,,,,,,,,,,,,,,,
medium,sync_k8,sync_spec,humaneval,5,4,,,,,,,,4.0,8.0,8.0,8.0,38.07711601257324,74.20039176940918,131.58964985715102,11.0,172.0,8.0,180.0,,,,,,,,,,,,,,,
medium,sync_k8,sync_spec,humaneval,5,5,,,,,,,,5.0,8.0,8.0,8.0,35.803794860839844,73.63080978393555,130.18493228570134,11.0,181.0,8.0,189.0,,,,,,,,,,,,,,,
medium,sync_k8,sync_spec,humaneval,5,6,,,,,,,,6.0,8.0,8.0,5.0,35.45188903808594,79.91290092468262,137.07198057139308,31021.0,190.0,8.0,198.0,,,,,,,,,,,,,,,
medium,sync_k8,sync_spec,humaneval,5,7,,,,,,,,7.0,8.0,8.0,8.0,39.102792739868164,82.00788497924805,139.49697385714086,16.0,196.0,8.0,204.0,,,,,,,,,,,,,,,
medium,sync_k8,sync_spec,humaneval,5,8,,,,,,,,8.0,8.0,8.0,8.0,35.75778007507324,84.7928524017334,142.17904428568625,18.0,205.0,8.0,213.0,,,,,,,,,,,,,,,
medium,sync_k8,sync_spec,humaneval,5,9,,,,,,,,9.0,8.0,8.0,8.0,38.574934005737305,87.21137046813965,144.74822885713607,19.0,214.0,8.0,222.0,,,,,,,,,,,,,,,
medium,sync_k8,sync_spec,humaneval,5,10,,,,,,,,10.0,8.0,8.0,8.0,36.73505783081055,89.84899520874023,147.0792724285654,671.0,223.0,8.0,231.0,,,,,,,,,,,,,,,
medium,sync_k8,sync_spec,humaneval,5,11,,,,,,,,11.0,8.0,8.0,8.0,37.76860237121582,91.03655815124512,147.64537899999556,2561.0,232.0,8.0,240.0,,,,,,,,,,,,,,,
medium,sync_k8,sync_spec,humaneval,5,12,,,,,,,,12.0,8.0,8.0,8.0,33.04910659790039,96.18878364562988,153.48090142867068,220.0,241.0,8.0,249.0,,,,,,,,,,,,,,,
medium,sync_k8,sync_spec,humaneval,5,13,,,,,,,,13.0,8.0,8.0,8.0,39.4289493560791,157.21416473388672,215.4801891429051,2550.0,250.0,8.0,258.0,,,,,,,,,,,,,,,
medium,sync_k8,sync_spec,humaneval,5,14,,,,,,,,14.0,8.0,8.0,6.0,37.90688514709473,154.85382080078125,212.4640005714427,641.0,259.0,8.0,267.0,,,,,,,,,,,,,,,
medium,sync_k8,sync_spec,humaneval,5,15,,,,,,,,15.0,8.0,8.0,1.0,38.1317138671875,156.41212463378906,214.21167957141648,3897.0,266.0,8.0,274.0,,,,,,,,,,,,,,,
medium,sync_k8,sync_spec,humaneval,5,16,,,,,,,,16.0,8.0,8.0,7.0,38.762569427490234,157.9141616821289,216.476998000067,374.0,268.0,8.0,276.0,,,,,,,,,,,,,,,
medium,sync_k8,sync_spec,humaneval,5,17,,,,,,,,17.0,8.0,8.0,0.0,37.82963752746582,157.79685974121094,216.0381577142242,32143.0,276.0,8.0,284.0,,,,,,,,,,,,,,,
medium,sync_k8,sync_spec,humaneval,5,18,,,,,,,,18.0,8.0,8.0,0.0,40.70782661437988,156.97121620178223,214.02954600004801,323.0,277.0,8.0,285.0,,,,,,,,,,,,,,,
medium,sync_k8,sync_spec,humaneval,5,19,,,,,,,,19.0,8.0,8.0,4.0,37.91451454162598,156.99505805969238,214.70730914294336,4092.0,278.0,8.0,286.0,,,,,,,,,,,,,,,
medium,sync_k8,sync_spec,humaneval,5,20,,,,,,,,20.0,8.0,8.0,3.0,38.76233100891113,159.60025787353516,217.34900414277817,5114.0,283.0,8.0,291.0,,,,,,,,,,,,,,,
medium,sync_k8,sync_spec,humaneval,5,21,,,,,,,,21.0,8.0,8.0,8.0,38.18917274475098,159.02209281921387,217.2010509999684,11.0,287.0,8.0,295.0,,,,,,,,,,,,,,,
medium,tree_k8_b3,tree_async,humaneval,5,0,,,,,,,,,,24.0,1.0,,,126.57910342851685,,160.0,8.0,168.0,0.0,107.44915899977059,68.96686553955078,3.0,0.0,2.0,1.0,36.68555199999446,70.76360699977613,16.0,0.0,2.0,125.9448020000491,125.94593400001486,0.0
medium,tree_k8_b3,tree_async,humaneval,5,1,,,,,,,,,,24.0,7.0,,,124.54053128568366,,162.0,8.0,170.0,100.0,102.99807399985639,67.29531288146973,3.0,0.0,2.0,7.0,36.88138200004687,66.11669199980952,16.0,0.0,2.0,124.1620310000826,124.16318300006424,0.0
medium,tree_k8_b3,tree_async,humaneval,5,2,,,,,,,,,,24.0,0.0,,,131.579982000076,,170.0,8.0,178.0,200.0,140.3192579999768,73.92096519470215,3.0,0.0,2.0,0.0,34.21980099994926,106.09945700002754,16.0,0.0,2.0,130.9804229999827,130.98202599996966,0.0
medium,tree_k8_b3,tree_async,humaneval,5,3,,,,,,,,,,24.0,0.0,,,130.1559339999962,,171.0,8.0,179.0,300.0,107.77458100005788,72.78227806091309,3.0,0.0,2.0,0.0,34.59765699994932,73.17692400010856,16.0,0.0,2.0,129.87027199994827,129.87177399998018,0.0
medium,tree_k8_b3,tree_async,humaneval,5,4,,,,,,,,,,24.0,8.0,,,129.56455528566633,,172.0,8.0,180.0,401.0,127.94089800024722,72.2653865814209,3.0,8.0,2.0,8.0,33.518403000016406,94.42249500023081,16.0,0.0,2.0,129.07758999995167,129.07847200006017,7.0
medium,tree_k8_b3,tree_async,humaneval,5,5,,,,,,,,,,24.0,8.0,,,130.449280857127,,181.0,8.0,189.0,501.0,88.60594099985519,73.45008850097656,3.0,8.0,2.0,8.0,7.4655180000036125,81.14042299985158,16.0,0.0,2.0,130.09341300005417,130.09438400001727,7.0
medium,tree_k8_b3,tree_async,humaneval,5,6,,,,,,,,,,24.0,5.0,,,135.34888857148658,,190.0,8.0,198.0,600.0,72.1511480001027,78.42183113098145,3.0,0.0,2.0,5.0,7.436552000058327,64.71459600004437,16.0,0.0,2.0,134.7913999999264,134.79309299998476,0.0
medium,tree_k8_b3,tree_async,humaneval,5,7,,,,,,,,,,24.0,8.0,,,137.2137158572205,,196.0,8.0,204.0,701.0,144.45217700028934,80.22761344909668,3.0,8.0,2.0,8.0,34.220101000073555,110.23207600021578,16.0,0.0,2.0,136.68996800004152,136.69145100004698,7.0
medium,tree_k8_b3,tree_async,humaneval,5,8,,,,,,,,,,24.0,8.0,,,140.60450828577893,,205.0,8.0,213.0,801.0,71.26704399991013,83.1751823425293,3.0,8.0,2.0,8.0,7.854714000018248,63.41232999989188,16.0,0.0,2.0,140.0725620000003,140.07322299994485,7.0
medium,tree_k8_b3,tree_async,humaneval,5,9,,,,,,,,,,24.0,8.0,,,142.04980485717684,,214.0,8.0,222.0,901.0,67.02447800000755,84.48362350463867,3.0,8.0,2.0,8.0,7.5504779999846505,59.4740000000229,16.0,0.0,2.0,141.73644300001342,141.73788599998716,7.0
medium,tree_k8_b3,tree_async,humaneval,5,10,,,,,,,,,,24.0,8.0,,,146.36116342857503,,223.0,8.0,231.0,1001.0,72.0098180001969,88.58036994934082,3.0,8.0,2.0,8.0,9.454183000002558,62.55563500019434,16.0,0.0,2.0,145.52870399995754,145.52980700000262,7.0
medium,tree_k8_b3,tree_async,humaneval,5,11,,,,,,,,,,24.0,8.0,,,149.56014200005444,,232.0,8.0,240.0,1101.0,68.48336399980326,91.98522567749023,3.0,8.0,2.0,8.0,8.631665000052635,59.851698999750624,16.0,0.0,2.0,149.10202099997605,149.10330299994712,7.0
medium,tree_k8_b3,tree_async,humaneval,5,12,,,,,,,,,,24.0,8.0,,,152.52874885713663,,241.0,8.0,249.0,1201.0,76.49087400000099,95.01099586486816,3.0,8.0,2.0,8.0,7.96081500004675,68.53005899995424,16.0,0.0,2.0,152.07642300003954,152.07741500000793,7.0
medium,tree_k8_b3,tree_async,humaneval,5,13,,,,,,,,,,24.0,8.0,,,210.81698657137844,,250.0,8.0,258.0,1301.0,94.82047999983934,153.4593105316162,3.0,8.0,2.0,8.0,6.470071999956417,88.35040799988292,16.0,0.0,2.0,210.07455000005848,210.0754920001009,7.0
medium,tree_k8_b3,tree_async,humaneval,5,14,,,,,,,,,,24.0,6.0,,,212.89883957136496,,259.0,8.0,267.0,1400.0,85.14892300013344,155.11512756347656,3.0,0.0,2.0,6.0,10.908004000043547,74.24091900008989,16.0,0.0,2.0,212.52091899998504,212.52213100001427,0.0
medium,tree_k8_b3,tree_async,humaneval,5,15,,,,,,,,,,24.0,1.0,,,215.2918325713918,,266.0,8.0,274.0,1500.0,133.00405799986947,156.97860717773438,3.0,0.0,2.0,1.0,39.35438900009558,93.6496689997739,16.0,0.0,2.0,214.521598000033,214.522149000004,0.0
medium,tree_k8_b3,tree_async,humaneval,5,16,,,,,,,,,,24.0,7.0,,,213.1588075714572,,268.0,8.0,276.0,1600.0,119.73242999999911,155.54285049438477,3.0,0.0,2.0,7.0,33.558204000087244,86.17422599991187,16.0,0.0,2.0,212.82237100001566,212.82409400009783,0.0
medium,tree_k8_b3,tree_async,humaneval,5,17,,,,,,,,,,24.0,0.0,,,213.75437171431702,,276.0,8.0,284.0,1700.0,115.81424399980733,156.03899955749512,3.0,0.0,2.0,0.0,33.82694399999764,81.9872999998097,16.0,0.0,2.0,213.18687400003,213.18773500001953,0.0
medium,tree_k8_b3,tree_async,humaneval,5,18,,,,,,,,,,24.0,0.0,,,214.49441242848712,,277.0,8.0,285.0,1800.0,120.99774099976912,156.7552089691162,3.0,0.0,2.0,0.0,34.1252569999142,86.87248399985492,16.0,0.0,2.0,214.18864500003565,214.19178100006775,0.0
medium,tree_k8_b3,tree_async,humaneval,5,19,,,,,,,,,,24.0,4.0,,,215.44430457149156,,278.0,8.0,286.0,1900.0,154.6166269998821,157.35292434692383,3.0,0.0,2.0,4.0,35.37414999993871,119.24247699994339,16.0,0.0,2.0,215.01426899999387,215.0171449999334,0.0
medium,tree_k8_b3,tree_async,humaneval,5,20,,,,,,,,,,24.0,3.0,,,214.76785014285142,,283.0,8.0,291.0,2000.0,143.53993299971535,156.92830085754395,3.0,0.0,2.0,3.0,36.204193000003215,107.33573999971213,16.0,0.0,2.0,214.45233399992958,214.45385699996677,0.0
medium,tree_k8_b3,tree_async,humaneval,5,21,,,,,,,,,,24.0,8.0,,,215.17100300003062,,287.0,8.0,295.0,2101.0,113.505251000106,157.26637840270996,3.0,8.0,2.0,8.0,33.88585300001523,79.61939800009077,16.0,0.0,2.0,214.93425899996055,214.9349409999104,7.0
medium,direct,direct,humaneval,6,0,128.0,2933.3763768571434,55.37594285714286,2875.814914703369,2878.0004340000005,27.7116,27.664342857142856,,,,,,,,,,,,,,,,,,,,,,,,,,
medium,sync_k8,sync_spec,humaneval,6,0,,,,,,,,0.0,8.0,8.0,1.0,37.50872611999512,60.01710891723633,117.50984742862556,671.0,133.0,8.0,141.0,,,,,,,,,,,,,,,
medium,sync_k8,sync_spec,humaneval,6,1,,,,,,,,1.0,8.0,8.0,0.0,35.42065620422363,58.25209617614746,115.23586199990697,9008.0,135.0,8.0,143.0,,,,,,,,,,,,,,,
medium,sync_k8,sync_spec,humaneval,6,2,,,,,,,,2.0,8.0,8.0,8.0,36.263465881347656,57.70683288574219,114.5665679999354,6785.0,136.0,8.0,144.0,,,,,,,,,,,,,,,
medium,sync_k8,sync_spec,humaneval,6,3,,,,,,,,3.0,8.0,8.0,8.0,32.56964683532715,64.27001953125,121.82465771436685,262.0,145.0,8.0,153.0,,,,,,,,,,,,,,,
medium,sync_k8,sync_spec,humaneval,6,4,,,,,,,,4.0,8.0,8.0,8.0,37.03188896179199,67.20280647277832,124.65847642860422,1526.0,154.0,8.0,162.0,,,,,,,,,,,,,,,
medium,sync_k8,sync_spec,humaneval,6,5,,,,,,,,5.0,8.0,8.0,2.0,35.536766052246094,67.95978546142578,125.05091142852169,311.0,163.0,8.0,171.0,,,,,,,,,,,,,,,
medium,sync_k8,sync_spec,humaneval,6,6,,,,,,,,6.0,8.0,8.0,2.0,35.59994697570801,68.85552406311035,126.13411642864183,2567.0,166.0,8.0,174.0,,,,,,,,,,,,,,,
medium,sync_k8,sync_spec,humaneval,6,7,,,,,,,,7.0,8.0,8.0,8.0,34.73305702209473,72.40438461303711,129.52594842855345,286.0,169.0,8.0,177.0,,,,,,,,,,,,,,,
medium,sync_k8,sync_spec,humaneval,6,8,,,,,,,,8.0,8.0,8.0,0.0,34.3477725982666,73.80223274230957,131.30358242862013,421.0,178.0,8.0,186.0,,,,,,,,,,,,,,,
medium,sync_k8,sync_spec,humaneval,6,9,,,,,,,,9.0,8.0,8.0,6.0,34.78717803955078,73.61054420471191,131.1924204285248,421.0,179.0,8.0,187.0,,,,,,,,,,,,,,,
medium,sync_k8,sync_spec,humaneval,6,10,,,,,,,,10.0,8.0,8.0,8.0,35.31455993652344,78.97067070007324,137.02782457146174,53865.0,186.0,8.0,194.0,,,,,,,,,,,,,,,
medium,sync_k8,sync_spec,humaneval,6,11,,,,,,,,11.0,8.0,8.0,8.0,34.946441650390625,79.46610450744629,136.75206500005078,4409.0,195.0,8.0,203.0,,,,,,,,,,,,,,,
medium,sync_k8,sync_spec,humaneval,6,12,,,,,,,,12.0,8.0,8.0,8.0,34.80172157287598,85.18218994140625,142.71329257144953,54160.0,204.0,8.0,212.0,,,,,,,,,,,,,,,
medium,sync_k8,sync_spec,humaneval,6,13,,,,,,,,13.0,8.0,8.0,8.0,37.13822364807129,86.18044853210449,143.97904242855824,394.0,213.0,8.0,221.0,,,,,,,,,,,,,,,
medium,sync_k8,sync_spec,humaneval,6,14,,,,,,,,14.0,8.0,8.0,6.0,36.253929138183594,90.05308151245117,147.5637778570599,470.0,222.0,8.0,230.0,,,,,,,,,,,,,,,
medium,sync_k8,sync_spec,humaneval,6,15,,,,,,,,15.0,8.0,8.0,8.0,36.39483451843262,92.80586242675781,149.89884028570398,2.0,229.0,8.0,237.0,,,,,,,,,,,,,,,
medium,sync_k8,sync_spec,humaneval,6,16,,,,,,,,16.0,8.0,8.0,8.0,34.68513488769531,94.24376487731934,151.329394000052,6291.0,238.0,8.0,246.0,,,,,,,,,,,,,,,
medium,sync_k8,sync_spec,humaneval,6,17,,,,,,,,17.0,8.0,8.0,3.0,35.024404525756836,96.55070304870605,154.03907499997837,9174.0,247.0,8.0,255.0,,,,,,,,,,,,,,,
medium,sync_k8,sync_spec,humaneval,6,18,,,,,,,,18.0,8.0,8.0,8.0,36.82994842529297,153.30815315246582,210.38287957135972,2561.0,251.0,8.0,259.0,,,,,,,,,,,,,,,
medium,sync_k8,sync_spec,humaneval,6,19,,,,,,,,19.0,8.0,8.0,8.0,35.482168197631836,155.00926971435547,212.658738571465,220.0,260.0,8.0,268.0,,,,,,,,,,,,,,,
medium,tree_k8_b3,tree_async,humaneval,6,0,,,,,,,,,,24.0,1.0,,,115.59528185718047,,133.0,8.0,141.0,0.0,143.6517540001887,57.75880813598633,3.0,0.0,2.0,1.0,39.87652800003616,103.77522600015254,16.0,0.0,2.0,115.2605360000507,115.26124700003493,0.0
medium,tree_k8_b3,tree_async,humaneval,6,1,,,,,,,,,,24.0,0.0,,,115.72740142855284,,135.0,8.0,143.0,100.0,129.01263100013693,57.891845703125,3.0,0.0,2.0,0.0,35.23536399995919,93.77726700017774,16.0,0.0,2.0,115.2097589999812,115.21074100005535,0.0
medium,tree_k8_b3,tree_async,humaneval,6,2,,,,,,,,,,24.0,8.0,,,115.70397100007882,,136.0,8.0,144.0,201.0,106.13874899968323,58.18653106689453,3.0,8.0,2.0,8.0,34.60632199994507,71.53242699973816,16.0,0.0,2.0,115.06569599998784,115.06669800007785,7.0
medium,tree_k8_b3,tree_async,humaneval,6,3,,,,,,,,,,24.0,8.0,,,119.89102642858872,,145.0,8.0,153.0,301.0,78.95157799998742,62.41154670715332,3.0,8.0,2.0,8.0,7.924462000005406,71.02711599998202,16.0,0.0,2.0,119.58494600003178,119.58613799993145,7.0
medium,tree_k8_b3,tree_async,humaneval,6,4,,,,,,,,,,24.0,8.0,,,124.57522200000699,,154.0,8.0,162.0,401.0,118.59906799998043,66.61748886108398,3.0,8.0,2.0,8.0,7.8479159999460535,110.75115200003438,16.0,0.0,2.0,124.36108700001114,124.3638619999956,7.0
medium,tree_k8_b3,tree_async,humaneval,6,5,,,,,,,,,,24.0,2.0,,,125.2141254285755,,163.0,8.0,171.0,500.0,108.91612999989775,67.87800788879395,3.0,0.0,2.0,2.0,7.858265999971081,101.05786399992667,16.0,0.0,2.0,124.66981199997917,124.67227599995567,0.0
medium,tree_k8_b3,tree_async,humaneval,6,6,,,,,,,,,,24.0,2.0,,,124.73056500003801,,166.0,8.0,174.0,600.0,109.46868199982873,67.46649742126465,3.0,0.0,2.0,2.0,33.78636800005097,75.68231399977776,16.0,0.0,2.0,124.2380140000705,124.2401480000126,0.0
medium,tree_k8_b3,tree_async,humaneval,6,7,,,,,,,,,,24.0,8.0,,,127.88747142863852,,169.0,8.0,177.0,701.0,96.75335499991888,70.71733474731445,3.0,8.0,2.0,8.0,33.56544999996913,63.18790499994975,16.0,0.0,2.0,127.45933100006823,127.46088400001554,7.0
medium,tree_k8_b3,tree_async,humaneval,6,8,,,,,,,,,,24.0,0.0,,,128.77024642856423,,178.0,8.0,186.0,800.0,83.66246599973692,71.98262214660645,3.0,0.0,2.0,0.0,10.966370000005554,72.69609599973137,16.0,0.0,2.0,128.38447399997222,128.38696900007562,0.0
medium,tree_k8_b3,tree_async,humaneval,6,9,,,,,,,,,,24.0,6.0,,,132.72034142857197,,179.0,8.0,187.0,900.0,125.98847700019178,74.91016387939453,3.0,0.0,2.0,6.0,37.64610400003221,88.34237300015957,16.0,0.0,2.0,132.20908200003123,132.2111260000156,0.0
medium,tree_k8_b3,tree_async,humaneval,6,10,,,,,,,,,,24.0,8.0,,,135.91786799995913,,186.0,8.0,194.0,1001.0,124.7402700001885,78.52983474731445,3.0,8.0,2.0,8.0,33.76787100000911,90.9723990001794,16.0,0.0,2.0,135.33399100003862,135.3347729999541,7.0
medium,tree_k8_b3,tree_async,humaneval,6,11,,,,,,,,,,24.0,8.0,,,136.33454799997725,,195.0,8.0,203.0,1101.0,95.56678399997054,79.15329933166504,3.0,8.0,2.0,8.0,7.624964000001455,87.94181999996908,16.0,0.0,2.0,135.78186899997036,135.78297200001543,7.0
medium,tree_k8_b3,tree_async,humaneval,6,12,,,,,,,,,,24.0,8.0,,,141.61762057143005,,204.0,8.0,212.0,1201.0,108.15814800025692,83.95695686340332,3.0,8.0,2.0,8.0,8.368088999986867,99.79005900027005,16.0,0.0,2.0,140.95704499993644,140.95844799999213,7.0
medium,tree_k8_b3,tree_async,humaneval,6,13,,,,,,,,,,24.0,8.0,,,141.29816985717787,,213.0,8.0,221.0,1301.0,93.58524400010992,84.25569534301758,3.0,8.0,2.0,8.0,7.644742000024962,85.94050200008496,16.0,0.0,2.0,140.79418799997256,140.79523999998855,7.0
medium,tree_k8_b3,tree_async,humaneval,6,14,,,,,,,,,,24.0,6.0,,,145.6345784285627,,222.0,8.0,230.0,1400.0,82.21293600013269,88.74773979187012,3.0,0.0,2.0,6.0,7.284269000024324,74.92866700010836,16.0,0.0,2.0,145.32497400000466,145.32618600003389,0.0
medium,tree_k8_b3,tree_async,humaneval,6,15,,,,,,,,,,24.0,8.0,,,148.01863428580785,,229.0,8.0,237.0,1501.0,111.14950300009241,90.48295021057129,3.0,8.0,2.0,8.0,34.34513400009109,76.80436900000132,16.0,0.0,2.0,147.22997000001214,147.23234500002036,7.0
medium,tree_k8_b3,tree_async,humaneval,6,16,,,,,,,,,,24.0,8.0,,,151.94662399992723,,238.0,8.0,246.0,1601.0,107.51007900000786,94.14386749267578,3.0,8.0,2.0,8.0,8.977443999924617,98.53263500008325,16.0,0.0,2.0,150.94339399990986,150.94456599990735,7.0
medium,tree_k8_b3,tree_async,humaneval,6,17,,,,,,,,,,24.0,3.0,,,153.26182400004706,,247.0,8.0,255.0,1700.0,74.22580200011453,95.56889533996582,3.0,0.0,2.0,3.0,9.122007000087251,65.10379500002728,16.0,0.0,2.0,152.6911299999938,152.69409600000472,0.0
medium,tree_k8_b3,tree_async,humaneval,6,18,,,,,,,,,,24.0,8.0,,,212.1375985713784,,251.0,8.0,259.0,1801.0,104.79373499993017,154.4034481048584,3.0,8.0,2.0,8.0,35.481473999993796,69.31226099993637,16.0,0.0,2.0,211.63306200003262,211.63470500005133,7.0
medium,tree_k8_b3,tree_async,humaneval,6,19,,,,,,,,,,24.0,8.0,,,212.051158428599,,260.0,8.0,268.0,1901.0,86.17077400015205,154.4632911682129,3.0,8.0,2.0,8.0,8.911538999996083,77.25923500015597,16.0,0.0,2.0,211.92763999999897,211.92906199996742,7.0
medium,direct,direct,humaneval,7,0,76.0,1754.2103492857993,55.21011428571428,1696.1114406585693,1699.000235000085,27.6404,27.569714285714287,,,,,,,,,,,,,,,,,,,,,,,,,,
medium,sync_k8,sync_spec,humaneval,7,0,,,,,,,,0.0,8.0,8.0,1.0,37.05453872680664,41.913747787475586,98.8051849999501,470.0,86.0,8.0,94.0,,,,,,,,,,,,,,,
medium,sync_k8,sync_spec,humaneval,7,1,,,,,,,,1.0,8.0,8.0,1.0,37.22667694091797,41.69487953186035,99.0192978571948,64.0,88.0,8.0,96.0,,,,,,,,,,,,,,,
medium,sync_k8,sync_spec,humaneval,7,2,,,,,,,,2.0,8.0,8.0,1.0,34.24072265625,44.18158531188965,100.70448499993749,6716.0,90.0,8.0,98.0,,,,,,,,,,,,,,,
medium,sync_k8,sync_spec,humaneval,7,3,,,,,,,,3.0,8.0,8.0,8.0,34.38830375671387,45.13812065124512,101.6900124285913,353.0,92.0,8.0,100.0,,,,,,,,,,,,,,,
medium,sync_k8,sync_spec,humaneval,7,4,,,,,,,,4.0,8.0,8.0,0.0,34.55543518066406,47.66535758972168,106.0061235714184,2422.0,101.0,8.0,109.0,,,,,,,,,,,,,,,
medium,sync_k8,sync_spec,humaneval,7,5,,,,,,,,5.0,8.0,8.0,6.0,35.49909591674805,46.736717224121094,104.03281814282286,26049.0,102.0,8.0,110.0,,,,,,,,,,,,,,,
medium,sync_k8,sync_spec,humaneval,7,6,,,,,,,,6.0,8.0,8.0,2.0,41.16225242614746,50.56285858154297,107.46331642858456,488.0,109.0,8.0,117.0,,,,,,,,,,,,,,,
medium,sync_k8,sync_spec,humaneval,7,7,,,,,,,,7.0,8.0,8.0,0.0,38.980960845947266,51.32484436035156,108.63988899997261,5109.0,112.0,8.0,120.0,,,,,,,,,,,,,,,
medium,sync_k8,sync_spec,humaneval,7,8,,,,,,,,8.0,8.0,8.0,0.0,33.15901756286621,51.917076110839844,109.61877657147004,3447.0,113.0,8.0,121.0,,,,,,,,,,,,,,,
medium,sync_k8,sync_spec,humaneval,7,9,,,,,,,,9.0,8.0,8.0,1.0,35.64453125,52.09469795227051,109.72464685713847,60.0,114.0,8.0,122.0,,,,,,,,,,,,,,,
medium,sync_k8,sync_spec,humaneval,7,10,,,,,,,,10.0,8.0,8.0,0.0,34.89255905151367,50.917863845825195,107.89941200003689,421.0,116.0,8.0,124.0,,,,,,,,,,,,,,,
medium,sync_k8,sync_spec,humaneval,7,11,,,,,,,,11.0,8.0,8.0,2.0,34.67416763305664,51.3300895690918,108.6259029999751,3056.0,117.0,8.0,125.0,,,,,,,,,,,,,,,
medium,sync_k8,sync_spec,humaneval,7,12,,,,,,,,12.0,8.0,1.0,0.0,8.779764175415039,50.882577896118164,108.01726257144573,1022.0,120.0,1.0,121.0,,,,,,,,,,,,,,,
medium,sync_k8,sync_spec,humaneval,7,13,,,,,,,,13.0,8.0,8.0,0.0,34.76905822753906,55.357933044433594,112.28580142856096,750.0,121.0,8.0,129.0,,,,,,,,,,,,,,,
medium,sync_k8,sync_spec,humaneval,7,14,,,,,,,,14.0,8.0,8.0,0.0,34.44027900695801,55.71460723876953,112.67005099998735,1887.0,122.0,8.0,130.0,,,,,,,,,,,,,,,
medium,sync_k8,sync_spec,humaneval,7,15,,,,,,,,15.0,8.0,8.0,6.0,34.32321548461914,55.36818504333496,112.32098557138474,40056.0,123.0,8.0,131.0,,,,,,,,,,,,,,,
medium,sync_k8,sync_spec,humaneval,7,16,,,,,,,,16.0,8.0,8.0,8.0,35.775184631347656,56.932926177978516,114.77890514278158,2561.0,130.0,8.0,138.0,,,,,,,,,,,,,,,
medium,sync_k8,sync_spec,humaneval,7,17,,,,,,,,17.0,8.0,8.0,8.0,35.65025329589844,61.90180778503418,119.48419442856269,220.0,139.0,8.0,147.0,,,,,,,,,,,,,,,
medium,sync_k8,sync_spec,humaneval,7,18,,,,,,,,18.0,8.0,8.0,1.0,40.63153266906738,63.61651420593262,121.60275257142123,20356.0,148.0,8.0,156.0,,,,,,,,,,,,,,,
medium,sync_k8,sync_spec,humaneval,7,19,,,,,,,,19.0,8.0,8.0,8.0,34.80386734008789,63.50827217102051,121.28798385715835,262.0,150.0,8.0,158.0,,,,,,,,,,,,,,,
medium,sync_k8,sync_spec,humaneval,7,20,,,,,,,,20.0,8.0,3.0,3.0,21.54541015625,72.30806350708008,130.89798128568106,2.0,159.0,3.0,162.0,,,,,,,,,,,,,,,
medium,sync_k8,sync_spec,humaneval,7,21,,,,,,,,21.0,8.0,8.0,2.0,42.733192443847656,69.39291954040527,126.94767628568455,13.0,163.0,8.0,171.0,,,,,,,,,,,,,,,
medium,sync_k8,sync_spec,humaneval,7,22,,,,,,,,22.0,8.0,8.0,8.0,40.47060012817383,69.27967071533203,126.10989757145128,25780.0,166.0,8.0,174.0,,,,,,,,,,,,,,,
medium,sync_k8,sync_spec,humaneval,7,23,,,,,,,,23.0,8.0,8.0,1.0,35.407304763793945,72.97587394714355,130.81450742856265,458.0,175.0,8.0,183.0,,,,,,,,,,,,,,,
medium,sync_k8,sync_spec,humaneval,7,24,,,,,,,,24.0,8.0,8.0,1.0,32.541751861572266,74.4788646697998,131.4990282857205,11.0,177.0,8.0,185.0,,,,,,,,,,,,,,,
medium,sync_k8,sync_spec,humaneval,7,25,,,,,,,,25.0,8.0,8.0,1.0,35.108327865600586,78.69625091552734,137.04837500003197,80919.0,179.0,8.0,187.0,,,,,,,,,,,,,,,
medium,sync_k8,sync_spec,humaneval,7,26,,,,,,,,26.0,8.0,8.0,8.0,35.088539123535156,74.25165176391602,131.89808400002596,5424.0,181.0,8.0,189.0,,,,,,,,,,,,,,,
medium,sync_k8,sync_spec,humaneval,7,27,,,,,,,,27.0,8.0,8.0,3.0,35.0489616394043,78.53221893310547,136.12151185711699,13.0,190.0,8.0,198.0,,,,,,,,,,,,,,,
medium,sync_k8,sync_spec,humaneval,7,28,,,,,,,,28.0,8.0,8.0,3.0,35.0031852722168,78.47332954406738,135.822260428665,2661.0,194.0,8.0,202.0,,,,,,,,,,,,,,,
medium,sync_k8,sync_spec,humaneval,7,29,,,,,,,,29.0,8.0,8.0,8.0,35.25114059448242,78.79257202148438,135.78167242865678,220.0,198.0,8.0,206.0,,,,,,,,,,,,,,,
medium,sync_k8,sync_spec,humaneval,7,30,,,,,,,,30.0,8.0,8.0,8.0,35.34293174743652,83.4510326385498,141.08294485716505,279.0,207.0,8.0,215.0,,,,,,,,,,,,,,,
medium,tree_k8_b3,tree_async,humaneval,7,0,,,,,,,,,,24.0,1.0,,,103.48023100005226,,86.0,8.0,94.0,0.0,115.6262039999092,45.23658752441406,3.0,0.0,2.0,1.0,37.098077999985435,78.52812599992376,16.0,0.0,2.0,103.29752099994494,103.29855299994506,0.0
medium,tree_k8_b3,tree_async,humaneval,7,1,,,,,,,,,,24.0,1.0,,,101.32798442852558,,88.0,8.0,96.0,100.0,105.06371299993589,44.09956932067871,3.0,0.0,2.0,1.0,34.07358499998736,70.99012799994853,16.0,0.0,2.0,101.00741699989157,101.00876899991817,0.0
medium,tree_k8_b3,tree_async,humaneval,7,2,,,,,,,,,,24.0,1.0,,,106.98851699999072,,90.0,8.0,98.0,200.0,105.85900799992487,49.52096939086914,3.0,0.0,2.0,1.0,33.33931500003473,72.51969299989014,16.0,0.0,2.0,106.72875499994916,106.73019700004716,0.0
medium,tree_k8_b3,tree_async,humaneval,7,3,,,,,,,,,,24.0,8.0,,,101.96936699991565,,92.0,8.0,100.0,301.0,99.64952799998628,45.236825942993164,3.0,8.0,2.0,8.0,33.332413000039196,66.31711499994708,16.0,0.0,2.0,101.66181500005678,101.66291699999874,7.0
medium,tree_k8_b3,tree_async,humaneval,7,4,,,,,,,,,,24.0,0.0,,,103.21499000000637,,101.0,8.0,109.0,400.0,70.96983399992496,46.01311683654785,3.0,0.0,2.0,0.0,6.955965999964064,64.0138679999609,16.0,0.0,2.0,103.0435509999279,103.04461299995182,0.0
medium,tree_k8_b3,tree_async,humaneval,7,5,,,,,,,,,,24.0,6.0,,,102.7053655714292,,102.0,8.0,110.0,500.0,95.64221499988435,46.19622230529785,3.0,0.0,2.0,6.0,33.16387400002441,62.47834099985994,16.0,0.0,2.0,102.38698800003476,102.38806999996086,0.0
medium,tree_k8_b3,tree_async,humaneval,7,6,,,,,,,,,,24.0,2.0,,,107.55258999999465,,109.0,8.0,117.0,600.0,114.72105600012128,50.666093826293945,3.0,0.0,2.0,2.0,32.87460599995029,81.84645000017099,16.0,0.0,2.0,106.97393600003124,106.97473700008686,0.0
medium,tree_k8_b3,tree_async,humaneval,7,7,,,,,,,,,,24.0,0.0,,,108.5375595714207,,112.0,8.0,120.0,700.0,115.01676399996086,51.355838775634766,3.0,0.0,2.0,0.0,32.65492700006689,82.36183699989397,16.0,0.0,2.0,107.99854399999731,108.00092800002403,0.0
medium,tree_k8_b3,tree_async,humaneval,7,8,,,,,,,,,,24.0,0.0,,,111.97847857139156,,113.0,8.0,121.0,800.0,117.96188899973004,54.47077751159668,3.0,0.0,2.0,0.0,31.770072999961485,86.19181599976855,16.0,0.0,2.0,111.67339799999354,111.67471999999634,0.0
medium,tree_k8_b3,tree_async,humaneval,7,9,,,,,,,,,,24.0,1.0,,,111.18596642857716,,114.0,8.0,122.0,900.0,95.14741399993909,53.682565689086914,3.0,0.0,2.0,1.0,33.87293299999783,61.27448099994126,16.0,0.0,2.0,110.74952900003154,110.7506910000211,0.0
medium,tree_k8_b3,tree_async,humaneval,7,10,,,,,,,,,,24.0,0.0,,,110.88072342855898,,116.0,8.0,124.0,1000.0,95.68202499986,53.49278450012207,3.0,0.0,2.0,0.0,33.990054000014425,61.69197099984558,16.0,0.0,2.0,110.40944599994873,110.41029800003344,0.0
medium,tree_k8_b3,tree_async,humaneval,7,11,,,,,,,,,,24.0,2.0,,,110.39403842853244,,117.0,8.0,125.0,1100.0,102.56218599977274,52.886962890625,3.0,0.0,2.0,2.0,33.27574299999014,69.2864429997826,16.0,0.0,2.0,110.06096699998125,110.06175899990467,0.0
medium,tree_k8_b3,tree_async,humaneval,7,12,,,,,,,,,,9.0,0.0,,,108.13569699998371,,120.0,1.0,121.0,1200.0,63.19865399996161,51.48482322692871,2.0,0.0,1.0,0.0,8.291632000009486,54.90702199995212,8.0,0.0,1.0,107.82239999991816,107.82316099994205,0.0
medium,tree_k8_b3,tree_async,humaneval,7,13,,,,,,,,,,24.0,0.0,,,112.76068399994824,,121.0,8.0,129.0,1300.0,135.14907200021753,55.718183517456055,3.0,0.0,2.0,0.0,33.19600200006789,101.95307000014964,16.0,0.0,2.0,112.3883070000602,112.3898299999837,0.0
medium,tree_k8_b3,tree_async,humaneval,7,14,,,,,,,,,,24.0,0.0,,,113.26518157140482,,122.0,8.0,130.0,1400.0,115.39609799990558,55.80782890319824,3.0,0.0,2.0,0.0,33.91923999993196,81.47685799997362,16.0,0.0,2.0,113.04467699994802,113.04542799996398,0.0
medium,tree_k8_b3,tree_async,humaneval,7,15,,,,,,,,,,24.0,6.0,,,114.53169314285455,,123.0,8.0,131.0,1500.0,116.87272999995457,56.542158126831055,3.0,0.0,2.0,6.0,33.06118500006505,83.81154499988952,16.0,0.0,2.0,114.2886620000354,114.28982400002496,0.0
medium,tree_k8_b3,tree_async,humaneval,7,16,,,,,,,,,,24.0,8.0,,,117.66096799999549,,130.0,8.0,138.0,1601.0,129.25262999999632,60.25981903076172,3.0,8.0,2.0,8.0,34.40039099996284,94.85223900003348,16.0,0.0,2.0,117.18865000000278,117.19066299997394,7.0
medium,tree_k8_b3,tree_async,humaneval,7,17,,,,,,,,,,24.0,8.0,,,121.3632520000115,,139.0,8.0,147.0,1701.0,79.63892799978112,63.368797302246094,3.0,8.0,2.0,8.0,8.504112999958124,71.13481499982299,16.0,0.0,2.0,120.88459500000681,120.8853260000069,7.0
medium,tree_k8_b3,tree_async,humaneval,7,18,,,,,,,,,,24.0,1.0,,,124.00848857143549,,148.0,8.0,156.0,1800.0,104.16406100000586,66.29657745361328,3.0,0.0,2.0,1.0,9.445865999964553,94.7181950000413,16.0,0.0,2.0,123.7080869999545,123.70882899995195,0.0
medium,tree_k8_b3,tree_async,humaneval,7,19,,,,,,,,,,24.0,8.0,,,121.2155184286047,,150.0,8.0,158.0,1901.0,104.9196619999293,63.28415870666504,3.0,8.0,2.0,8.0,33.91980900005365,70.99985299987566,16.0,0.0,2.0,120.83465000000615,120.8356920000142,7.0
medium,tree_k8_b3,tree_async,humaneval,7,20,,,,,,,,,,24.0,6.0,,,126.61059385721124,,159.0,8.0,167.0,2000.0,76.25237100000959,68.67218017578125,3.0,0.0,2.0,6.0,7.99694299996645,68.25542800004314,16.0,0.0,2.0,126.41241200003606,126.41371400002299,0.0
medium,tree_k8_b3,tree_async,humaneval,7,21,,,,,,,,,,24.0,8.0,,,130.0227455714785,,166.0,8.0,174.0,2101.0,130.95281800008252,71.51651382446289,3.0,8.0,2.0,8.0,34.878151000043545,96.07466700003897,16.0,0.0,2.0,129.2019080000273,129.2033210000909,7.0
medium,tree_k8_b3,tree_async,humaneval,7,22,,,,,,,,,,24.0,1.0,,,132.88071085712642,,175.0,8.0,183.0,2200.0,110.30773499987845,75.05488395690918,3.0,0.0,2.0,1.0,7.485535999990134,102.82219899988831,16.0,0.0,2.0,132.26314100006675,132.26369200003774,0.0
medium,tree_k8_b3,tree_async,humaneval,7,23,,,,,,,,,,24.0,1.0,,,131.22824585715378,,177.0,8.0,185.0,2300.0,114.2980060001264,73.81057739257812,3.0,0.0,2.0,1.0,31.403247000071133,82.89475900005527,16.0,0.0,2.0,130.1416750000044,130.1422660000071,0.0
medium,tree_k8_b3,tree_async,humaneval,7,24,,,,,,,,,,24.0,1.0,,,132.02642100006034,,179.0,8.0,187.0,2400.0,119.94520000007469,74.01013374328613,3.0,0.0,2.0,1.0,33.52436099999068,86.42083900008402,16.0,0.0,2.0,131.51215000004868,131.5129209999668,0.0
medium,tree_k8_b3,tree_async,humaneval,7,25,,,,,,,,,,24.0,8.0,,,131.97354585715144,,181.0,8.0,189.0,2501.0,123.21551900015493,74.1586685180664,3.0,8.0,2.0,8.0,33.504302999972424,89.7112160001825,16.0,0.0,2.0,131.64069200001904,131.64171400001123,7.0
medium,tree_k8_b3,tree_async,humaneval,7,26,,,,,,,,,,24.0,3.0,,,136.50414085711762,,190.0,8.0,198.0,2600.0,89.5562220003967,79.17022705078125,3.0,0.0,2.0,3.0,7.603057000096669,81.95316500030003,16.0,0.0,2.0,136.71800899999198,136.7198829999552,0.0
medium,tree_k8_b3,tree_async,humaneval,7,27,,,,,,,,,,24.0,3.0,,,138.976558000041,,194.0,8.0,202.0,2700.0,111.8995880001421,81.28786087036133,3.0,0.0,2.0,3.0,35.12631900002816,76.77326900011394,16.0,0.0,2.0,138.19564999994327,138.19664200002535,0.0
medium,tree_k8_b3,tree_async,humaneval,7,28,,,,,,,,,,24.0,8.0,,,142.61268614282568,,198.0,8.0,206.0,2801.0,119.46757100020022,84.16748046875,3.0,8.0,2.0,8.0,38.954524000018864,80.51304700018136,16.0,0.0,2.0,141.7150300000003,141.71604299997398,7.0
medium,tree_k8_b3,tree_async,humaneval,7,29,,,,,,,,,,24.0,8.0,,,144.183099428598,,207.0,8.0,215.0,2901.0,76.11166700007743,85.62731742858887,3.0,8.0,2.0,8.0,8.048752000036075,68.06291500004136,16.0,0.0,2.0,143.52059599991662,143.5218789999908,7.0
medium,direct,direct,humaneval,8,0,128.0,3103.2080078570916,55.29714285714286,3044.9185371398926,3047.910864999949,27.6648,27.632342857142856,,,,,,,,,,,,,,,,,,,,,,,,,,
medium,sync_k8,sync_spec,humaneval,8,0,,,,,,,,0.0,8.0,8.0,1.0,37.39428520202637,46.59390449523926,104.43893257145614,8172.0,87.0,8.0,95.0,,,,,,,,,,,,,,,
medium,sync_k8,sync_spec,humaneval,8,1,,,,,,,,1.0,8.0,8.0,8.0,41.979312896728516,47.65725135803223,105.2864495714773,38929.0,89.0,8.0,97.0,,,,,,,,,,,,,,,
medium,sync_k8,sync_spec,humaneval,8,2,,,,,,,,2.0,8.0,8.0,8.0,36.30495071411133,46.99516296386719,104.53636157141989,8172.0,98.0,8.0,106.0,,,,,,,,,,,,,,,
medium,sync_k8,sync_spec,humaneval,8,3,,,,,,,,3.0,8.0,8.0,8.0,35.07733345031738,50.23527145385742,106.80022957144664,28957.0,107.0,8.0,115.0,,,,,,,,,,,,,,,
medium,sync_k8,sync_spec,humaneval,8,4,,,,,,,,4.0,8.0,8.0,8.0,34.79790687561035,51.787376403808594,108.25311299996675,421.0,116.0,8.0,124.0,,,,,,,,,,,,,,,
medium,sync_k8,sync_spec,humaneval,8,5,,,,,,,,5.0,8.0,8.0,8.0,34.4696044921875,56.86783790588379,114.38280442852854,198.0,125.0,8.0,133.0,,,,,,,,,,,,,,,
medium,sync_k8,sync_spec,humaneval,8,6,,,,,,,,6.0,8.0,8.0,7.0,35.07280349731445,60.84322929382324,117.92005828563859,2.0,134.0,8.0,142.0,,,,,,,,,,,,,,,
medium,sync_k8,sync_spec,humaneval,8,7,,,,,,,,7.0,8.0,8.0,1.0,34.43765640258789,63.88354301452637,120.61118942862899,279.0,142.0,8.0,150.0,,,,,,,,,,,,,,,
medium,sync_k8,sync_spec,humaneval,8,8,,,,,,,,8.0,8.0,8.0,1.0,34.2555046081543,62.72625923156738,119.08683799993099,448.0,144.0,8.0,152.0,,,,,,,,,,,,,,,
medium,sync_k8,sync_spec,humaneval,8,9,,,,,,,,9.0,8.0,8.0,0.0,34.76452827453613,63.58456611633301,122.06771042858205,279.0,146.0,8.0,154.0,,,,,,,,,,,,,,,
medium,sync_k8,sync_spec,humaneval,8,10,,,,,,,,10.0,8.0,8.0,8.0,35.04347801208496,62.19148635864258,119.10601342865466,287.0,147.0,8.0,155.0,,,,,,,,,,,,,,,
medium,sync_k8,sync_spec,humaneval,8,11,,,,,,,,11.0,8.0,8.0,8.0,34.24501419067383,68.28689575195312,125.76967242856037,198.0,156.0,8.0,164.0,,,,,,,,,,,,,,,
medium,sync_k8,sync_spec,humaneval,8,12,,,,,,,,12.0,8.0,8.0,8.0,35.086870193481445,68.00103187561035,125.3330054286275,220.0,165.0,8.0,173.0,,,,,,,,,,,,,,,
medium,sync_k8,sync_spec,humaneval,8,13,,,,,,,,13.0,8.0,8.0,8.0,35.44306755065918,72.01385498046875,129.70990600005152,17682.0,174.0,8.0,182.0,,,,,,,,,,,,,,,
medium,sync_k8,sync_spec,humaneval,8,14,,,,,,,,14.0,8.0,8.0,8.0,40.38882255554199,73.21739196777344,130.59376042856715,671.0,183.0,8.0,191.0,,,,,,,,,,,,,,,
medium,sync_k8,sync_spec,humaneval,8,15,,,,,,,,15.0,8.0,8.0,8.0,36.00025177001953,78.24993133544922,135.28257900000443,5709.0,192.0,8.0,200.0,,,,,,,,,,,,,,,
medium,sync_k8,sync_spec,humaneval,8,16,,,,,,,,16.0,8.0,8.0,8.0,37.28795051574707,84.75923538208008,141.62868942862082,2550.0,201.0,8.0,209.0,,,,,,,,,,,,,,,
medium,sync_k8,sync_spec,humaneval,8,17,,,,,,,,17.0,8.0,8.0,4.0,35.0039005279541,84.00869369506836,141.07404557145423,19324.0,210.0,8.0,218.0,,,,,,,,,,,,,,,
medium,tree_k8_b3,tree_async,humaneval,8,0,,,,,,,,,,24.0,1.0,,,101.36782757133882,,87.0,8.0,95.0,0.0,111.7099440000402,43.894052505493164,3.0,0.0,2.0,1.0,38.87238700008311,72.83755699995709,16.0,0.0,2.0,100.81526200008284,100.81612400006179,0.0
medium,tree_k8_b3,tree_async,humaneval,8,1,,,,,,,,,,24.0,8.0,,,106.53060757144044,,89.0,8.0,97.0,101.0,104.52178399998502,48.51388931274414,3.0,8.0,2.0,8.0,34.3956070000786,70.12617699990642,16.0,0.0,2.0,106.56941000002007,106.57048200005192,7.0
medium,tree_k8_b3,tree_async,humaneval,8,2,,,,,,,,,,24.0,8.0,,,107.49080557143077,,98.0,8.0,106.0,201.0,81.23055799990198,50.03976821899414,3.0,8.0,2.0,8.0,7.232683999973233,73.99787399992874,16.0,0.0,2.0,107.58414899999025,107.58466000004319,7.0
medium,tree_k8_b3,tree_async,humaneval,8,3,,,,,,,,,,24.0,8.0,,,109.73257814295746,,107.0,8.0,115.0,301.0,85.05637600035243,52.677154541015625,3.0,8.0,2.0,8.0,7.14459700009229,77.91177900026014,16.0,0.0,2.0,109.55402699994465,109.55469900000026,7.0
medium,tree_k8_b3,tree_async,humaneval,8,4,,,,,,,,,,24.0,8.0,,,108.87441100002225,,116.0,8.0,124.0,401.0,68.44546099989657,51.985740661621094,3.0,8.0,2.0,8.0,6.692692000001443,61.752768999895125,16.0,0.0,2.0,108.7123340000744,108.71299500001896,7.0
medium,tree_k8_b3,tree_async,humaneval,8,5,,,,,,,,,,24.0,8.0,,,112.72010000003664,,125.0,8.0,133.0,501.0,99.55102799995075,55.88579177856445,3.0,8.0,2.0,8.0,6.832437000070968,92.71859099987978,16.0,0.0,2.0,112.49357400004101,112.4942750000173,7.0
medium,tree_k8_b3,tree_async,humaneval,8,6,,,,,,,,,,24.0,7.0,,,115.7657157142601,,134.0,8.0,142.0,600.0,105.2167070000678,58.7308406829834,3.0,0.0,2.0,7.0,6.659890000037194,98.5568170000306,16.0,0.0,2.0,115.65619599991805,115.65804999997908,0.0
medium,tree_k8_b3,tree_async,humaneval,8,7,,,,,,,,,,24.0,1.0,,,120.60011000004563,,142.0,8.0,150.0,700.0,134.7261990001698,62.958717346191406,3.0,0.0,2.0,1.0,33.525710000049,101.2004890001208,16.0,0.0,2.0,120.22744600005808,120.22856800001591,0.0
medium,tree_k8_b3,tree_async,humaneval,8,8,,,,,,,,,,24.0,1.0,,,121.49235042857748,,144.0,8.0,152.0,800.0,111.91458600035276,63.93122673034668,3.0,0.0,2.0,1.0,33.34610900003554,78.56847700031722,16.0,0.0,2.0,121.03846100001192,121.03959300009137,0.0
medium,tree_k8_b3,tree_async,humaneval,8,9,,,,,,,,,,24.0,0.0,,,119.07331642859813,,146.0,8.0,154.0,900.0,102.50697899982697,61.91706657409668,3.0,0.0,2.0,0.0,34.206316999984665,68.3006619998423,16.0,0.0,2.0,118.66616199995406,118.66918800001258,0.0
medium,tree_k8_b3,tree_async,humaneval,8,10,,,,,,,,,,24.0,8.0,,,121.87544442858798,,147.0,8.0,155.0,1001.0,99.87858800013782,64.11170959472656,3.0,8.0,2.0,8.0,34.42581199999495,65.45277600014288,16.0,0.0,2.0,121.45247399996606,121.45480799995312,7.0
medium,tree_k8_b3,tree_async,humaneval,8,11,,,,,,,,,,24.0,8.0,,,126.8102234285204,,156.0,8.0,164.0,1101.0,82.60474400003659,68.27974319458008,3.0,8.0,2.0,8.0,8.427384000015081,74.17736000002151,16.0,0.0,2.0,126.33259699998689,126.33481099999244,7.0
medium,tree_k8_b3,tree_async,humaneval,8,12,,,,,,,,,,24.0,8.0,,,127.61522585714827,,165.0,8.0,173.0,1201.0,97.98458600016602,69.8249340057373,3.0,8.0,2.0,8.0,10.264239999969504,87.72034600019651,16.0,0.0,2.0,127.05633900009161,127.05884400008927,7.0
medium,tree_k8_b3,tree_async,humaneval,8,13,,,,,,,,,,24.0,8.0,,,129.1222415713783,,174.0,8.0,182.0,1301.0,95.97315300004539,71.72179222106934,3.0,8.0,2.0,8.0,10.784522999983892,85.1886300000615,16.0,0.0,2.0,128.5382840000011,128.53919600001973,7.0
medium,tree_k8_b3,tree_async,humaneval,8,14,,,,,,,,,,24.0,8.0,,,133.7371874286217,,183.0,8.0,191.0,1401.0,84.39186100019924,75.88434219360352,3.0,8.0,2.0,8.0,7.884476000072027,76.50738500012721,16.0,0.0,2.0,133.14555099998415,133.14678400001867,7.0
medium,tree_k8_b3,tree_async,humaneval,8,15,,,,,,,,,,24.0,8.0,,,136.52886599996253,,192.0,8.0,200.0,1501.0,82.96820900011426,79.23507690429688,3.0,8.0,2.0,8.0,8.474723000063022,74.49348600005123,16.0,0.0,2.0,135.83745300002192,135.83845499999825,7.0
medium,tree_k8_b3,tree_async,humaneval,8,16,,,,,,,,,,24.0,8.0,,,141.50059399993364,,201.0,8.0,209.0,1601.0,73.91807200008316,84.29622650146484,3.0,8.0,2.0,8.0,8.574781999982406,65.34329000010075,16.0,0.0,2.0,141.1693599999353,141.17023200003587,7.0
medium,tree_k8_b3,tree_async,humaneval,8,17,,,,,,,,,,24.0,5.0,,,141.66082799997145,,210.0,8.0,218.0,1700.0,75.2309490000016,84.63048934936523,3.0,0.0,2.0,5.0,8.055238999986614,67.17571000001499,16.0,0.0,2.0,141.0058520000348,141.00725399998737,0.0
medium,direct,direct,humaneval,9,0,128.0,2925.9031522857154,55.376514285714286,2867.9466247558594,2870.526638000001,27.7252,27.651314285714285,,,,,,,,,,,,,,,,,,,,,,,,,,
medium,sync_k8,sync_spec,humaneval,9,0,,,,,,,,0.0,8.0,8.0,1.0,38.97261619567871,63.93933296203613,121.72919442863655,671.0,146.0,8.0,154.0,,,,,,,,,,,,,,,
medium,sync_k8,sync_spec,humaneval,9,1,,,,,,,,1.0,8.0,8.0,0.0,37.544965744018555,66.2233829498291,123.8969064286061,9008.0,148.0,8.0,156.0,,,,,,,,,,,,,,,
medium,sync_k8,sync_spec,humaneval,9,2,,,,,,,,2.0,8.0,8.0,0.0,37.21499443054199,63.4770393371582,120.95550885709656,458.0,149.0,8.0,157.0,,,,,,,,,,,,,,,
medium,sync_k8,sync_spec,humaneval,9,3,,,,,,,,3.0,8.0,8.0,5.0,35.44211387634277,62.88552284240723,120.35636942850104,6524.0,150.0,8.0,158.0,,,,,,,,,,,,,,,
medium,sync_k8,sync_spec,humaneval,9,4,,,,,,,,4.0,8.0,8.0,8.0,34.96217727661133,67.73948669433594,125.31799442863826,262.0,156.0,8.0,164.0,,,,,,,,,,,,,,,
medium,sync_k8,sync_spec,humaneval,9,5,,,,,,,,5.0,8.0,8.0,6.0,37.239789962768555,70.85633277893066,127.78392342855685,3842.0,165.0,8.0,173.0,,,,,,,,,,,,,,,
medium,sync_k8,sync_spec,humaneval,9,6,,,,,,,,6.0,8.0,8.0,8.0,35.26496887207031,71.31648063659668,127.98716399997856,1066.0,172.0,8.0,180.0,,,,,,,,,,,,,,,
medium,sync_k8,sync_spec,humaneval,9,7,,,,,,,,7.0,8.0,8.0,2.0,34.57164764404297,73.42886924743652,130.12419900006154,4504.0,181.0,8.0,189.0,,,,,,,,,,,,,,,
medium,sync_k8,sync_spec,humaneval,9,8,,,,,,,,8.0,8.0,8.0,8.0,36.01694107055664,74.14698600769043,131.21415800005576,6524.0,184.0,8.0,192.0,,,,,,,,,,,,,,,
medium,sync_k8,sync_spec,humaneval,9,9,,,,,,,,9.0,8.0,8.0,8.0,33.37812423706055,78.88245582580566,136.43251157147697,25977.0,193.0,8.0,201.0,,,,,,,,,,,,,,,
medium,sync_k8,sync_spec,humaneval,9,10,,,,,,,,10.0,8.0,8.0,8.0,35.40444374084473,82.84735679626465,139.4892154285718,220.0,202.0,8.0,210.0,,,,,,,,,,,,,,,
medium,sync_k8,sync_spec,humaneval,9,11,,,,,,,,11.0,8.0,8.0,8.0,34.7437858581543,84.98549461364746,142.0684498571971,58.0,211.0,8.0,219.0,,,,,,,,,,,,,,,
medium,sync_k8,sync_spec,humaneval,9,12,,,,,,,,12.0,8.0,8.0,8.0,34.868717193603516,89.83492851257324,147.26663700003945,7379.0,220.0,8.0,228.0,,,,,,,,,,,,,,,
medium,sync_k8,sync_spec,humaneval,9,13,,,,,,,,13.0,8.0,8.0,8.0,36.64827346801758,90.55161476135254,147.58997242858885,1932.0,229.0,8.0,237.0,,,,,,,,,,,,,,,
medium,sync_k8,sync_spec,humaneval,9,14,,,,,,,,14.0,8.0,8.0,3.0,38.97523880004883,95.03507614135742,152.09167500009096,1507.0,238.0,8.0,246.0,,,,,,,,,,,,,,,
medium,sync_k8,sync_spec,humaneval,9,15,,,,,,,,15.0,8.0,8.0,8.0,36.284685134887695,96.08578681945801,153.8215404285265,279.0,242.0,8.0,250.0,,,,,,,,,,,,,,,
medium,sync_k8,sync_spec,humaneval,9,16,,,,,,,,16.0,8.0,8.0,8.0,36.36312484741211,156.38971328735352,213.98533314279047,1760.0,251.0,8.0,259.0,,,,,,,,,,,,,,,
medium,sync_k8,sync_spec,humaneval,9,17,,,,,,,,17.0,8.0,8.0,8.0,37.4143123626709,154.19363975524902,211.18106500001477,369.0,260.0,8.0,268.0,,,,,,,,,,,,,,,
medium,sync_k8,sync_spec,humaneval,9,18,,,,,,,,18.0,8.0,8.0,8.0,35.45808792114258,156.34918212890625,213.92292157146088,421.0,269.0,8.0,277.0,,,,,,,,,,,,,,,
medium,tree_k8_b3,tree_async,humaneval,9,0,,,,,,,,,,24.0,1.0,,,122.1937704285359,,146.0,8.0,154.0,0.0,124.58287900005871,64.66984748840332,3.0,0.0,2.0,1.0,37.78528400005143,86.79759500000728,16.0,0.0,2.0,121.69163999999455,121.69286300002113,0.0
medium,tree_k8_b3,tree_async,humaneval,9,1,,,,,,,,,,24.0,0.0,,,123.40624600010047,,148.0,8.0,156.0,100.0,141.6347729998506,65.46878814697266,3.0,0.0,2.0,0.0,34.86177399997814,106.77299899987247,16.0,0.0,2.0,122.84955999996328,122.850652000011,0.0
medium,tree_k8_b3,tree_async,humaneval,9,2,,,,,,,,,,24.0,0.0,,,124.25787442851663,,149.0,8.0,157.0,200.0,148.37587800013807,66.27583503723145,3.0,0.0,2.0,0.0,35.22916000008536,113.14671800005272,16.0,0.0,2.0,123.52991699992799,123.53123899993079,0.0
medium,tree_k8_b3,tree_async,humaneval,9,3,,,,,,,,,,24.0,5.0,,,120.64247900001126,,150.0,8.0,158.0,300.0,104.76634399981322,63.15732002258301,3.0,0.0,2.0,5.0,34.15102899998601,70.6153149998272,16.0,0.0,2.0,119.9834080000528,119.98450999999477,0.0
medium,tree_k8_b3,tree_async,humaneval,9,4,,,,,,,,,,24.0,8.0,,,124.02986142852183,,156.0,8.0,164.0,401.0,107.31445400006123,67.17538833618164,3.0,8.0,2.0,8.0,34.138106000000334,73.1763480000609,16.0,0.0,2.0,123.3612879999555,123.3629009999504,7.0
medium,tree_k8_b3,tree_async,humaneval,9,5,,,,,,,,,,24.0,6.0,,,126.06189342856058,,165.0,8.0,173.0,500.0,77.67487699982212,69.3216323852539,3.0,0.0,2.0,6.0,8.988942999963001,68.68593399985912,16.0,0.0,2.0,125.72478499998851,125.72579699997277,0.0
medium,tree_k8_b3,tree_async,humaneval,9,6,,,,,,,,,,24.0,8.0,,,128.66366200005388,,172.0,8.0,180.0,601.0,94.94194299998071,72.08132743835449,3.0,8.0,2.0,8.0,33.8872380000339,61.05470499994681,16.0,0.0,2.0,128.00689999994574,128.0080919999591,7.0
medium,tree_k8_b3,tree_async,humaneval,9,7,,,,,,,,,,24.0,2.0,,,130.1213820000665,,181.0,8.0,189.0,700.0,87.3912840002049,73.07267189025879,3.0,0.0,2.0,2.0,8.338002000073175,79.05328200013173,16.0,0.0,2.0,129.81281600002603,129.81458900003418,0.0
medium,tree_k8_b3,tree_async,humaneval,9,8,,,,,,,,,,24.0,8.0,,,132.5167199999201,,184.0,8.0,192.0,801.0,103.9173109999183,75.06585121154785,3.0,8.0,2.0,8.0,34.640983999906894,69.2763270000114,16.0,0.0,2.0,132.25528499992834,132.2569479999629,7.0
medium,tree_k8_b3,tree_async,humaneval,9,9,,,,,,,,,,24.0,8.0,,,138.65041499998742,,193.0,8.0,201.0,901.0,100.79443900019669,80.93547821044922,3.0,8.0,2.0,8.0,12.82683299996279,87.9676060002339,16.0,0.0,2.0,138.29023199991752,138.29180499999438,7.0
medium,tree_k8_b3,tree_async,humaneval,9,10,,,,,,,,,,24.0,8.0,,,140.39758342864036,,202.0,8.0,210.0,1001.0,84.42857199997889,82.93747901916504,3.0,8.0,2.0,8.0,6.009097000060137,78.41947499991875,16.0,0.0,2.0,140.04376800005502,140.04534200000762,7.0
medium,tree_k8_b3,tree_async,humaneval,9,11,,,,,,,,,,24.0,8.0,,,141.83011885709203,,211.0,8.0,219.0,1101.0,81.05749200001355,84.34319496154785,3.0,8.0,2.0,8.0,7.301511000036953,73.7559809999766,16.0,0.0,2.0,141.6943890000084,141.69670399996903,7.0
medium,tree_k8_b3,tree_async,humaneval,9,12,,,,,,,,,,24.0,8.0,,,147.95668700004234,,220.0,8.0,228.0,1201.0,95.89876400002595,90.32154083251953,3.0,8.0,2.0,8.0,8.143384000049991,87.75537999997596,16.0,0.0,2.0,147.79657700000826,147.79741799998192,7.0
medium,tree_k8_b3,tree_async,humaneval,9,13,,,,,,,,,,24.0,8.0,,,149.2003044285163,,229.0,8.0,237.0,1301.0,95.55001199998969,91.3388729095459,3.0,8.0,2.0,8.0,7.459608999965894,88.0904030000238,16.0,0.0,2.0,149.0562989999944,149.0582119999999,7.0
medium,tree_k8_b3,tree_async,humaneval,9,14,,,,,,,,,,24.0,3.0,,,153.17800071432376,,238.0,8.0,246.0,1400.0,80.26726300010978,94.57874298095703,3.0,0.0,2.0,3.0,8.126049999987117,72.14121300012266,16.0,0.0,2.0,152.97041299993452,152.9717260000325,0.0
medium,tree_k8_b3,tree_async,humaneval,9,15,,,,,,,,,,24.0,8.0,,,155.91993599994063,,242.0,8.0,250.0,1501.0,100.98478199995498,98.40965270996094,3.0,8.0,2.0,8.0,33.78020499997092,67.20457699998406,16.0,0.0,2.0,155.0707069999362,155.07137800000237,7.0
medium,tree_k8_b3,tree_async,humaneval,9,16,,,,,,,,,,24.0,8.0,,,211.7024265714469,,251.0,8.0,259.0,1601.0,69.3203570000378,154.26206588745117,3.0,8.0,2.0,8.0,7.650190000049406,61.670166999988396,16.0,0.0,2.0,211.42861699991045,211.42926799996076,7.0
medium,tree_k8_b3,tree_async,humaneval,9,17,,,,,,,,,,24.0,8.0,,,213.48644199998535,,260.0,8.0,268.0,1701.0,101.8050229996561,155.70569038391113,3.0,8.0,2.0,8.0,7.618229999934556,94.18679299972155,16.0,0.0,2.0,213.34972499994365,213.35211999996773,7.0
medium,tree_k8_b3,tree_async,humaneval,9,18,,,,,,,,,,24.0,8.0,,,217.50226700004626,,269.0,8.0,277.0,1801.0,85.1929990002418,158.9796543121338,3.0,8.0,2.0,8.0,13.22686799994699,71.96613100029481,16.0,0.0,2.0,216.67073399999026,216.673969999988,7.0
medium,direct,direct,humaneval,10,0,128.0,2911.293930714349,55.23028571428571,2850.874662399292,2856.063645000063,27.6224,27.607885714285715,,,,,,,,,,,,,,,,,,,,,,,,,,
medium,sync_k8,sync_spec,humaneval,10,0,,,,,,,,0.0,8.0,8.0,8.0,37.328481674194336,38.70511054992676,96.05723442850575,262.0,67.0,8.0,75.0,,,,,,,,,,,,,,,
medium,sync_k8,sync_spec,humaneval,10,1,,,,,,,,1.0,8.0,8.0,0.0,35.60900688171387,40.02976417541504,97.11003799999676,470.0,76.0,8.0,84.0,,,,,,,,,,,,,,,
medium,sync_k8,sync_spec,humaneval,10,2,,,,,,,,2.0,8.0,8.0,6.0,34.40451622009277,40.122032165527344,97.23821757135053,272.0,77.0,8.0,85.0,,,,,,,,,,,,,,,
medium,sync_k8,sync_spec,humaneval,10,3,,,,,,,,3.0,8.0,8.0,8.0,35.88271141052246,40.306806564331055,96.71413242855621,17.0,84.0,8.0,92.0,,,,,,,,,,,,,,,
medium,sync_k8,sync_spec,humaneval,10,4,,,,,,,,4.0,8.0,8.0,8.0,35.31146049499512,45.04275321960449,101.45600785706115,2.0,93.0,8.0,101.0,,,,,,,,,,,,,,,
medium,sync_k8,sync_spec,humaneval,10,5,,,,,,,,5.0,8.0,8.0,8.0,34.61050987243652,45.62020301818848,101.94776942855127,6291.0,102.0,8.0,110.0,,,,,,,,,,,,,,,
medium,sync_k8,sync_spec,humaneval,10,6,,,,,,,,6.0,8.0,8.0,3.0,34.3320369720459,50.64821243286133,106.93067157150242,50274.0,111.0,8.0,119.0,,,,,,,,,,,,,,,
medium,sync_k8,sync_spec,humaneval,10,7,,,,,,,,7.0,8.0,8.0,2.0,34.65700149536133,50.50086975097656,106.81910499992728,2060.0,115.0,8.0,123.0,,,,,,,,,,,,,,,
medium,sync_k8,sync_spec,humaneval,10,8,,,,,,,,8.0,8.0,8.0,8.0,34.630537033081055,51.651716232299805,108.06087857145545,621.0,118.0,8.0,126.0,,,,,,,,,,,,,,,
medium,sync_k8,sync_spec,humaneval,10,9,,,,,,,,9.0,8.0,8.0,8.0,34.296274185180664,56.74409866333008,113.17187442854677,4641.0,127.0,8.0,135.0,,,,,,,,,,,,,,,
medium,sync_k8,sync_spec,humaneval,10,10,,,,,,,,10.0,8.0,8.0,8.0,34.795522689819336,57.51919746398926,114.04611900006117,863.0,136.0,8.0,144.0,,,,,,,,,,,,,,,
medium,sync_k8,sync_spec,humaneval,10,11,,,,,,,,11.0,8.0,8.0,8.0,32.33790397644043,61.01107597351074,117.37674685714923,17.0,145.0,8.0,153.0,,,,,,,,,,,,,,,
medium,sync_k8,sync_spec,humaneval,10,12,,,,,,,,12.0,8.0,8.0,8.0,34.781694412231445,65.64188003540039,122.10654957144871,10098.0,154.0,8.0,162.0,,,,,,,,,,,,,,,
medium,sync_k8,sync_spec,humaneval,10,13,,,,,,,,13.0,8.0,8.0,8.0,34.331560134887695,67.95835494995117,124.49687000004896,1142.0,163.0,8.0,171.0,,,,,,,,,,,,,,,
medium,sync_k8,sync_spec,humaneval,10,14,,,,,,,,14.0,8.0,8.0,8.0,34.71684455871582,72.30710983276367,128.8353474286695,492.0,172.0,8.0,180.0,,,,,,,,,,,,,,,
medium,sync_k8,sync_spec,humaneval,10,15,,,,,,,,15.0,8.0,8.0,0.0,34.76214408874512,74.86486434936523,132.69820900000846,5830.0,181.0,8.0,189.0,,,,,,,,,,,,,,,
medium,sync_k8,sync_spec,humaneval,10,16,,,,,,,,16.0,8.0,8.0,0.0,35.63690185546875,75.18219947814941,133.00820357142368,50730.0,182.0,8.0,190.0,,,,,,,,,,,,,,,
medium,sync_k8,sync_spec,humaneval,10,17,,,,,,,,17.0,8.0,8.0,1.0,38.10238838195801,74.06187057495117,131.236501000072,2124.0,183.0,8.0,191.0,,,,,,,,,,,,,,,
medium,sync_k8,sync_spec,humaneval,10,18,,,,,,,,18.0,8.0,8.0,3.0,35.42184829711914,76.8585205078125,133.91399128572408,17.0,185.0,8.0,193.0,,,,,,,,,,,,,,,
medium,sync_k8,sync_spec,humaneval,10,19,,,,,,,,19.0,8.0,8.0,8.0,35.70556640625,78.36651802062988,135.1114788572097,262.0,189.0,8.0,197.0,,,,,,,,,,,,,,,
medium,tree_k8_b3,tree_async,humaneval,10,0,,,,,,,,,,22.0,8.0,,,96.3185724285924,,67.0,8.0,75.0,1.0,130.22310600013043,38.80190849304199,3.0,8.0,2.0,8.0,37.619656000060786,92.60345000006964,14.0,0.0,2.0,96.19838900005107,96.19892000000618,6.0
medium,tree_k8_b3,tree_async,humaneval,10,1,,,,,,,,,,22.0,0.0,,,97.5497435714116,,76.0,8.0,84.0,100.0,109.40251000045009,40.754079818725586,3.0,0.0,2.0,0.0,18.84116200005792,90.56134800039217,14.0,0.0,2.0,97.36177999991469,97.36226099994383,0.0
medium,tree_k8_b3,tree_async,humaneval,10,2,,,,,,,,,,22.0,6.0,,,97.92627842866796,,77.0,8.0,85.0,200.0,130.0525330000255,41.07046127319336,3.0,0.0,2.0,6.0,38.64476499995817,91.40776800006734,14.0,0.0,2.0,97.4080870000762,97.40898900008688,0.0
medium,tree_k8_b3,tree_async,humaneval,10,3,,,,,,,,,,24.0,8.0,,,103.62476885713657,,84.0,8.0,92.0,301.0,145.3168690001121,46.3557243347168,3.0,8.0,2.0,8.0,41.55153200008499,103.7653370000271,16.0,0.0,2.0,103.70008500001404,103.70096700000886,7.0
medium,tree_k8_b3,tree_async,humaneval,10,4,,,,,,,,,,24.0,8.0,,,101.54214685719303,,93.0,8.0,101.0,401.0,100.28774299996712,44.947147369384766,3.0,8.0,2.0,8.0,7.840807999969002,92.44693499999812,16.0,0.0,2.0,101.02318400004151,101.02518700000473,7.0
medium,tree_k8_b3,tree_async,humaneval,10,5,,,,,,,,,,24.0,8.0,,,105.62976599995838,,102.0,8.0,110.0,501.0,76.68140900000253,47.51324653625488,3.0,8.0,2.0,8.0,7.4942630000123245,69.18714599999021,16.0,0.0,2.0,105.11212699998396,105.11307799993119,7.0
medium,tree_k8_b3,tree_async,humaneval,10,6,,,,,,,,,,24.0,3.0,,,108.13339857135222,,111.0,8.0,119.0,600.0,73.28471700009231,51.30290985107422,3.0,0.0,2.0,3.0,8.103376000008211,65.1813410000841,16.0,0.0,2.0,107.77274699989903,107.77359799999431,0.0
medium,tree_k8_b3,tree_async,humaneval,10,7,,,,,,,,,,24.0,2.0,,,109.75366457147538,,115.0,8.0,123.0,700.0,100.738922000005,52.20651626586914,3.0,0.0,2.0,2.0,34.57893399991008,66.15998800009493,16.0,0.0,2.0,109.51234399999521,109.51373700004297,0.0
medium,tree_k8_b3,tree_async,humaneval,10,8,,,,,,,,,,24.0,8.0,,,110.03308300001859,,118.0,8.0,126.0,801.0,99.11141599980056,52.66284942626953,3.0,8.0,2.0,8.0,33.9103089999071,65.20110699989345,16.0,0.0,2.0,109.84396200001356,109.84487299992907,7.0
medium,tree_k8_b3,tree_async,humaneval,10,9,,,,,,,,,,24.0,8.0,,,114.73768085711438,,127.0,8.0,135.0,901.0,79.30345600027522,57.67822265625,3.0,8.0,2.0,8.0,7.9434730000684795,71.35998300020674,16.0,0.0,2.0,114.17165600005319,114.17270800006918,7.0
medium,tree_k8_b3,tree_async,humaneval,10,10,,,,,,,,,,24.0,8.0,,,114.20118642852154,,136.0,8.0,144.0,1001.0,66.63432399989233,57.46936798095703,3.0,8.0,2.0,8.0,7.77503299991622,58.85929099997611,16.0,0.0,2.0,113.56727300005787,113.57504800002971,7.0
medium,tree_k8_b3,tree_async,humaneval,10,11,,,,,,,,,,24.0,8.0,,,117.51106285710706,,145.0,8.0,153.0,1101.0,84.79589100011253,60.78195571899414,3.0,8.0,2.0,8.0,8.628577999957088,76.16731300015545,16.0,0.0,2.0,117.18986400001086,117.19118600001366,7.0
medium,tree_k8_b3,tree_async,humaneval,10,12,,,,,,,,,,24.0,8.0,,,123.85024342850322,,154.0,8.0,162.0,1201.0,67.27925599989248,66.2240982055664,3.0,8.0,2.0,8.0,6.187602000068182,61.0916539998243,16.0,0.0,2.0,123.05325099998754,123.05466400005116,7.0
medium,tree_k8_b3,tree_async,humaneval,10,13,,,,,,,,,,24.0,8.0,,,124.16481200002262,,163.0,8.0,171.0,1301.0,77.3612940000703,67.16418266296387,3.0,8.0,2.0,8.0,8.434692000037103,68.9266020000332,16.0,0.0,2.0,123.70095599999331,123.70207800006483,7.0
medium,tree_k8_b3,tree_async,humaneval,10,14,,,,,,,,,,24.0,8.0,,,128.71179242848294,,172.0,8.0,180.0,1401.0,70.15213599981962,71.72465324401855,3.0,8.0,2.0,8.0,7.247526000014659,62.90460999980496,16.0,0.0,2.0,128.38875799991456,128.38986999997815,7.0
medium,tree_k8_b3,tree_async,humaneval,10,15,,,,,,,,,,24.0,0.0,,,130.0966009999312,,181.0,8.0,189.0,1500.0,87.5820979999844,72.65901565551758,3.0,0.0,2.0,0.0,7.599872000014329,79.98222599997007,16.0,0.0,2.0,129.81247099992288,129.81413399995745,0.0
medium,tree_k8_b3,tree_async,humaneval,10,16,,,,,,,,,,24.0,0.0,,,129.2044529999968,,182.0,8.0,190.0,1600.0,128.83622399999695,71.9606876373291,3.0,0.0,2.0,0.0,33.99930700004461,94.83691699995234,16.0,0.0,2.0,128.97648900002423,128.97776099998737,0.0
medium,tree_k8_b3,tree_async,humaneval,10,17,,,,,,,,,,24.0,1.0,,,129.60862400003936,,183.0,8.0,191.0,1700.0,112.08728900010101,72.85690307617188,3.0,0.0,2.0,1.0,34.13172700004452,77.95556200005649,16.0,0.0,2.0,129.2017160000114,129.20311800007767,0.0
medium,tree_k8_b3,tree_async,humaneval,10,18,,,,,,,,,,24.0,3.0,,,133.36600728568789,,185.0,8.0,193.0,1800.0,122.15721399979884,76.45940780639648,3.0,0.0,2.0,3.0,39.35742900000605,82.79978499979279,16.0,0.0,2.0,132.89647200008403,132.89793500007363,0.0
medium,tree_k8_b3,tree_async,humaneval,10,19,,,,,,,,,,24.0,8.0,,,133.9922914285869,,189.0,8.0,197.0,1901.0,113.32773699996324,77.32868194580078,3.0,8.0,2.0,8.0,33.64239200004704,79.6853449999162,16.0,0.0,2.0,133.68987299998025,133.6910950000174,7.0
